sheet,channel,cycle,Q_plus_ml_min,Q_minus_ml_min,P_to_P_ml_min,symmetry_abs_Qp_over_abs_Qm
HTDPA_3h_140726,1,1,39.62835678652862,-48.43806613253634,88.06642291906496,0.8181242553758736
HTDPA_3h_140726,1,2,40.41529829934196,-48.43806613253634,88.8533644318783,0.8343705999483451
HTDPA_3h_140726,1,3,40.36833128187326,-48.11121942215619,88.47955070402945,0.8390627335311902
HTDPA_3h_140726,1,4,39.49273869812463,-48.11121942215619,87.60395812028082,0.8208633905449803
HTDPA_3h_140726,1,5,39.49679630797624,-48.293995301728984,87.79079160970522,0.8178407286705104
HTDPA_3h_140726,1,6,39.654184610538906,-48.293995301728984,87.94817991226789,0.8210996908164117
HTDPA_3h_140726,1,7,39.654184610538906,-48.37228589326015,88.02647050379906,0.8197707401721951
HTDPA_3h_140726,1,8,40.14450970698414,-48.37228589326015,88.51679560024428,0.829907228191951
HTDPA_3h_140726,1,9,40.10879100036992,-48.36218956205612,88.47098056242604,0.8293419169722284
HTDPA_3h_140726,1,10,39.61638940557385,-48.36218956205612,87.97857896762997,0.8191603764081015
HTDPA_3h_140726,1,11,39.62028559152541,-48.10472577890362,87.72501137042903,0.8236256407244905
HTDPA_3h_140726,1,12,39.71713993156398,-48.10472577890362,87.82186571046759,0.8256390466522932
HTDPA_3h_140726,1,13,39.71713993156398,-48.439680371536994,88.15682030310097,0.8199298514550407
HTDPA_3h_140726,1,14,40.552508614396594,-48.439680371536994,88.99218898593358,0.8371753963559413
HTDPA_3h_140726,1,15,40.552508614396594,-48.37833928951256,88.93084790390915,0.8382368888629369
HTDPA_3h_140726,1,16,39.494352937125264,-48.36588763685759,87.86024057398285,0.8165745500973354
HTDPA_3h_140726,1,17,39.494352937125264,-48.75629867661305,88.25065161373831,0.8100359134945888
HTDPA_3h_140726,1,18,39.713507893812526,-48.76131749241505,88.47482538622758,0.8144469824875028
HTDPA_3h_140726,1,19,39.713507893812526,-48.84969707770024,88.56320497151276,0.8129734731137491
HTDPA_3h_140726,1,20,39.58477233351127,-48.84969707770024,88.43446941121151,0.8103381331218451
HTDPA_3h_140726,1,21,39.58134574435991,-48.535382731925075,88.11672847628498,0.8155152698182911
HTDPA_3h_140726,1,22,39.54665428074609,-48.535382731925075,88.08203701267117,0.8148005033600677
HTDPA_3h_140726,1,23,39.55289111324857,-48.41748458527813,87.97037569852671,0.8169133826765355
HTDPA_3h_140726,1,24,39.71633281206365,-48.41748458527813,88.13381739734177,0.8202890578115625
HTDPA_3h_140726,1,25,39.71145340781171,-48.91669533367692,88.62814874148863,0.811817992546855
HTDPA_3h_140726,1,26,39.937483555151715,-48.93081258748254,88.86829614263425,0.8162031538664556
HTDPA_3h_140726,1,27,39.937483555151715,-48.53855251032635,88.47603606547807,0.822799228441252
HTDPA_3h_140726,1,28,39.85867200467032,-48.53159660772357,88.3902686123939,0.8212932355562974
HTDPA_3h_140726,1,29,39.874528234126636,-48.50465349131286,88.3791817254395,0.8220763445154418
HTDPA_3h_140726,1,30,39.57226198125628,-48.50465349131286,88.07691547256914,0.8158446485623001
HTDPA_3h_140726,1,31,39.57226198125628,-48.77140648616907,88.34366846742535,0.8113824232745565
HTDPA_3h_140726,1,32,39.5084995407309,-48.77140648616907,88.27990602689997,0.8100750498539547
HTDPA_3h_140726,1,33,39.50644505473009,-48.64946540457051,88.1559104593006,0.8120632924985552
HTDPA_3h_140726,1,34,39.65011232578728,-48.64946540457051,88.2995777303578,0.8150164034908848
HTDPA_3h_140726,1,35,39.653781050788744,-48.25283220721258,87.90661325800133,0.821791783754851
HTDPA_3h_140726,1,36,39.689697868553054,-48.25283220721258,87.94253007576563,0.822536130068246
HTDPA_3h_140726,1,37,39.689697868553054,-48.33233347799424,88.0220313465473,0.821183150336075
HTDPA_3h_140726,1,38,39.73207164231992,-48.33233347799424,88.06440512031416,0.8220598672400118
HTDPA_3h_140726,1,39,39.73207164231992,-48.73185763065331,88.46392927297323,0.815320276593102
HTDPA_3h_140726,1,40,40.26033135528024,-48.73185763065331,88.99218898593355,0.8261604074365451
HTDPA_3h_140726,1,41,40.22959477721801,-48.67934350098241,88.90893827820042,0.8264202407825432
HTDPA_3h_140726,1,42,39.627278181378195,-48.67934350098241,88.3066216823606,0.8140470953676371
HTDPA_3h_140726,1,43,39.635217302281355,-48.31820888673861,87.95342618901996,0.8202956652468054
HTDPA_3h_140726,1,44,39.68445159180096,-48.31820888673861,88.00266047853957,0.8213146245719537
HTDPA_3h_140726,1,45,39.68445159180096,-48.86140031045489,88.54585190225585,0.8121840827249002
HTDPA_3h_140726,1,46,40.07550098970666,-48.86140031045489,88.93690130016155,0.8201873203607652
HTDPA_3h_140726,1,47,40.03958417194236,-48.46952178069886,88.50910595264122,0.8260775576268754
HTDPA_3h_140726,1,48,39.76739412663398,-48.46952178069886,88.23691590733284,0.820461862746701
HTDPA_3h_140726,1,49,39.777673894088075,-47.87994299806412,87.65761689215219,0.8307794747311283
HTDPA_3h_140726,1,50,39.564594346003226,-47.87994299806412,87.44453734406734,0.8263291864738206
HTDPA_3h_140726,1,51,39.564594346003226,-48.328297880492634,87.89289222649586,0.8186631038370004
HTDPA_3h_140726,1,52,39.64732409478618,-48.328297880492634,87.97562197527881,0.820374932153146
HTDPA_3h_140726,1,53,39.64732409478618,-48.53169199457363,88.1790160893598,0.8169367781205564
HTDPA_3h_140726,1,54,40.00433506212833,-48.52305581592018,88.52739087804851,0.8244397305456409
HTDPA_3h_140726,1,55,40.00433506212833,-48.1963338421901,88.20066890431843,0.8300285908284032
HTDPA_3h_140726,1,56,39.58275453476046,-48.19714096169041,87.77989549645088,0.821267688185548
HTDPA_3h_140726,1,57,39.58275453476046,-48.5123211265659,88.09507566132636,0.8159319862574972
HTDPA_3h_140726,1,58,39.62351406952669,-48.5123211265659,88.13583519609259,0.816772175591252
HTDPA_3h_140726,1,59,39.62351406952669,-48.7104689638948,88.33398303342149,0.8134496528640784
HTDPA_3h_140726,1,60,39.596072006515776,-48.7104689638948,88.30654097041057,0.8128862819174498
HTDPA_3h_140726,1,61,39.596072006515776,-49.320651306137755,88.91672331265353,0.8028294630729705
HTDPA_3h_140726,1,62,39.766513632633625,-49.28835185122489,89.05486548385852,0.8068136210491966
HTDPA_3h_140726,1,63,39.766513632633625,-48.475274341501155,88.24178797413478,0.820346334762015
HTDPA_3h_140726,1,64,39.70180466105787,-48.48084346605337,88.18264812711124,0.818917366585368
HTDPA_3h_140726,1,65,39.70180466105787,-48.540570309077154,88.24237497013502,0.8179097280534748
HTDPA_3h_140726,1,66,39.7219826485659,-48.540570309077154,88.26255295764305,0.8183254213051104
HTDPA_3h_140726,1,67,39.7219826485659,-48.449365805540836,88.17134845410673,0.8198658947982175
HTDPA_3h_140726,1,68,40.178812285747796,-48.449365805540836,88.62817809128863,0.829294906501187
HTDPA_3h_140726,1,69,40.13828754938166,-48.53423808972463,88.67252563910628,0.8270097384691301
HTDPA_3h_140726,1,70,39.521061255135905,-48.53423808972463,88.05529934486054,0.814292400801138
HTDPA_3h_140726,1,71,39.5270632892383,-48.53169199457361,88.0587552838119,0.8144587931048822
HTDPA_3h_140726,1,72,39.63925289978295,-48.53169199457361,88.17094489435657,0.8167704704013836
HTDPA_3h_140726,1,73,39.63925289978295,-48.455015642043094,88.09426854182604,0.8180629471387283
HTDPA_3h_140726,1,74,39.65660596903987,-48.455015642043094,88.11162161108297,0.8184210745488011
HTDPA_3h_140726,1,75,39.652342910588175,-48.5720699819397,88.22441289252788,0.8163609853426445
HTDPA_3h_140726,1,76,39.53805478934267,-48.5720699819397,88.11012477128236,0.8140080256831528
HTDPA_3h_140726,1,77,39.544416358495205,-48.45945479929485,88.00387115779006,0.8160309793471021
HTDPA_3h_140726,1,78,39.55410179249906,-48.45945479929485,88.01355659179391,0.8162308461025984
HTDPA_3h_140726,1,79,39.55410179249906,-48.46631531504758,88.02041710754665,0.8161153067936753
HTDPA_3h_140726,1,80,39.51132445898203,-48.46631531504758,87.97763977402961,0.8152326869114135
HTDPA_3h_140726,1,81,39.50867563953097,-48.29709170563021,87.80576734516117,0.8180342592952707
HTDPA_3h_140726,1,82,40.08886248616198,-48.29709170563021,88.3859541917922,0.8300471326617922
HTDPA_3h_140726,1,83,40.12312104022563,-48.348072308250515,88.47119334847613,0.8298804714366799
HTDPA_3h_140726,1,84,39.55289111324857,-48.348072308250515,87.90096342149909,0.8180862074722044
HTDPA_3h_140726,1,85,39.55289111324857,-48.290766823727694,87.84365793697626,0.8190570105797996
HTDPA_3h_140726,1,86,39.623917629276846,-48.290766823727694,87.91468445300454,0.8205278200264075
HTDPA_3h_140726,1,87,39.623917629276846,-48.28108138972382,87.90499901900067,0.8206924221401227
HTDPA_3h_140726,1,88,39.4479655782068,-48.28108138972382,87.72904696793063,0.8170480950868455
HTDPA_3h_140726,1,89,39.44290273770479,-48.615507685956985,88.05841042366177,0.8113234771195904
HTDPA_3h_140726,1,90,39.59901432396693,-48.615507685956985,88.21452200992391,0.8145346250370528
HTDPA_3h_140726,1,91,39.61060015752154,-48.442908849538256,88.0535090070598,0.8176759219920192
HTDPA_3h_140726,1,92,39.46733644621451,-48.442908849538256,87.91024529575276,0.8147185498046471
HTDPA_3h_140726,1,93,39.46733644621451,-48.61684310185752,88.08417954807203,0.8118037685730888
HTDPA_3h_140726,1,94,39.43585878570197,-48.61684310185752,88.0527018875595,0.8111563044741428
HTDPA_3h_140726,1,95,39.43277705670074,-48.53485443552488,87.96763149222562,0.8124630745330533
HTDPA_3h_140726,1,96,40.68366553319881,-48.547430824829874,89.23109635802868,0.838018919682788
HTDPA_3h_140726,1,97,40.753723505826706,-48.52685661502169,89.2805801208484,0.8398179142147695
HTDPA_3h_140726,1,98,39.59904367376695,-48.50441869291276,88.10346236667971,0.8164007474138223
HTDPA_3h_140726,1,99,39.59904367376695,-48.467525994298065,88.06656966806501,0.817022178487624
HTDPA_3h_140726,1,100,39.535941603741826,-48.46954379304887,88.0054853967907,0.8156862745098039
HTDPA_3h_140726,1,101,39.535941603741826,-48.85373267520185,88.38967427894367,0.8092716654138132
HTDPA_3h_140726,1,102,39.584368773761106,-48.85373267520185,88.43810144896295,0.8102629339897733
HTDPA_3h_140726,1,103,39.5793499579591,-48.56916435173854,88.14851430969765,0.8149069576599036
HTDPA_3h_140726,1,104,39.371289225676264,-48.56916435173854,87.94045357741481,0.8106231546532046
HTDPA_3h_140726,1,105,39.377342621928676,-48.477211428301935,87.8545540502306,0.8122856381738868
HTDPA_3h_140726,1,106,39.562576547252434,-48.477211428301935,88.03978797555436,0.8161066897539209
HTDPA_3h_140726,1,107,39.562576547252434,-48.691905215387415,88.25448176263984,0.8125082880254608
HTDPA_3h_140726,1,108,39.47581120096788,-48.691905215387415,88.16771641635529,0.8107263625513856
HTDPA_3h_140726,1,109,39.47040350031573,-48.319192105039015,87.78959560535475,0.8168680348486108
HTDPA_3h_140726,1,110,39.59889692476689,-48.32708720124215,87.92598412600904,0.8193934130536442
HTDPA_3h_140726,1,111,39.60275642346843,-48.12165327606036,87.72440969952879,0.8229716505432301
HTDPA_3h_140726,1,112,39.44175809550432,-48.09372694134924,87.53548503685356,0.8201019260496056
HTDPA_3h_140726,1,113,39.44175809550432,-47.983753240705454,87.42551133620978,0.8219815131519389
HTDPA_3h_140726,1,114,39.44514065995567,-47.98486853310589,87.43000919306155,0.8220329004911525
HTDPA_3h_140726,1,115,39.44514065995567,-48.166066860928034,87.61120752088371,0.8189404539475338
HTDPA_3h_140726,1,116,39.60414320151899,-48.166066860928034,87.77021006244702,0.8222415858838908
HTDPA_3h_140726,1,117,39.60039376456749,-48.242882625008626,87.84327638957612,0.820854634089362
HTDPA_3h_140726,1,118,39.79149031244358,-48.242882625008626,88.0343729374522,0.8248157686127999
HTDPA_3h_140726,1,119,39.804712397348844,-48.45057648479132,88.25528888214016,0.8215529160905564
HTDPA_3h_140726,1,120,39.5310988867399,-48.45057648479132,87.98167537153122,0.8159056456046244
HTDPA_3h_140726,1,121,39.5310988867399,-48.67979842288258,88.21089730962248,0.8120637341866598
HTDPA_3h_140726,1,122,39.4294018296994,-48.67979842288258,88.10920025258199,0.8099746323346544
HTDPA_3h_140726,1,123,39.4294018296994,-48.36623249700774,87.79563432670714,0.8152258258308369
HTDPA_3h_140726,1,124,40.307782644449155,-48.352826975852416,88.66060962030157,0.8336179116182599
HTDPA_3h_140726,1,125,40.307782644449155,-47.906005620474495,88.21378826492365,0.8413931013948293
HTDPA_3h_140726,1,126,39.64127069853376,-47.91303489757729,87.55430559611105,0.8273587925138554
HTDPA_3h_140726,1,127,39.64127069853376,-47.95379443234353,87.59506513087729,0.826655558080234
HTDPA_3h_140726,1,128,39.5310988867399,-47.95379443234353,87.48489331908343,0.8243581004317199
HTDPA_3h_140726,1,129,39.5310988867399,-48.08616203039622,87.61726091713612,0.8220888758339978
HTDPA_3h_140726,1,130,40.05572656194878,-48.08616203039622,88.141888592345,0.8329990348705468
HTDPA_3h_140726,1,131,40.02807905033778,-47.89819857367139,87.92627762400917,0.8356906990723522
HTDPA_3h_140726,1,132,39.59475860296524,-47.89819857367139,87.49295717663662,0.8266440029485709
HTDPA_3h_140726,1,133,39.60454676126914,-47.97962225635381,87.58416901762294,0.8254451556467688
HTDPA_3h_140726,1,134,39.55450535224921,-47.97962225635381,87.53412760860301,0.824402183512629
HTDPA_3h_140726,1,135,39.55450535224921,-48.32184092449007,87.87634627673927,0.8185637094012809
HTDPA_3h_140726,1,136,39.49235715072447,-48.32184092449007,87.81419807521453,0.8172775787337458
HTDPA_3h_140726,1,137,39.49235715072447,-48.404570673273,87.89692782399747,0.8158807443473621
HTDPA_3h_140726,1,138,39.87291399512599,-48.404570673273,88.27748466839898,0.823742746615087
HTDPA_3h_140726,1,139,39.87291399512599,-48.045806055380154,87.91872005050615,0.8298937465877114
HTDPA_3h_140726,1,140,39.604620135769174,-48.03725792612676,87.64187806189594,0.8244563042435609
HTDPA_3h_140726,1,141,39.604620135769174,-47.978235478303255,87.58285561407243,0.8254705439027493
HTDPA_3h_140726,1,142,39.19009089785412,-47.982447174604935,87.17253807245905,0.8167589025887735
HTDPA_3h_140726,1,143,39.19009089785412,-48.389638962517054,87.57972986037117,0.8098859949794425
HTDPA_3h_140726,1,144,40.56663320565221,-48.389638962517054,88.95627216816926,0.8383330414404497
HTDPA_3h_140726,1,145,40.56663320565221,-47.842008381549014,88.40864158720123,0.8479291438211723
HTDPA_3h_140726,1,146,39.593349812564675,-47.834450808046,87.42780062061067,0.827716199177202
HTDPA_3h_140726,1,147,39.593349812564675,-47.83709229004705,87.43044210261172,0.8276704941115837
HTDPA_3h_140726,1,148,39.65660596903987,-47.83999058279821,87.49659655183808,0.828942595638787
HTDPA_3h_140726,1,149,39.65660596903987,-48.19350892393897,87.85011489297884,0.8228619756994163
HTDPA_3h_140726,1,150,40.17921584549795,-48.19350892393897,88.37272476943693,0.8337059646125888
HTDPA_3h_140726,1,151,40.13632111278087,-48.12017111115976,88.25649222394063,0.8340851702306744
HTDPA_3h_140726,1,152,39.50359812412894,-48.12017111115976,87.6237692352887,0.8209363601985922
HTDPA_3h_140726,1,153,39.50486750297945,-47.98446497335572,87.48933247633516,0.8232845260422362
HTDPA_3h_140726,1,154,39.31923001790554,-47.98446497335572,87.30369499126127,0.8194158263458451
HTDPA_3h_140726,1,155,39.31923001790554,-48.076476596392375,87.39570661429792,0.8178475795552793
HTDPA_3h_140726,1,156,39.26797792963514,-48.076476596392375,87.3444545260275,0.8167815262190362
HTDPA_3h_140726,1,157,39.26246016723294,-48.15665291257429,87.41911307980723,0.8153070820455844
HTDPA_3h_140726,1,158,40.19572510800453,-48.15665291257429,88.35237802057881,0.8346868537765202
HTDPA_3h_140726,1,159,40.29419368704373,-47.838559780047646,88.13275346709138,0.842295292172435
HTDPA_3h_140726,1,160,39.416487917694255,-47.83191938779499,87.24840730548925,0.8240624340856358
HTDPA_3h_140726,1,161,39.40154886948831,-47.908177505675354,87.30972637516366,0.8224389012673395
HTDPA_3h_140726,1,162,39.34061868466406,-47.91828117432938,87.25889985899343,0.8209939447022462
HTDPA_3h_140726,1,163,39.34061868466406,-48.05912352713546,87.39974221179952,0.8185879349724573
HTDPA_3h_140726,1,164,39.33295104941101,-48.05912352713546,87.39207457654646,0.8184283890904206
HTDPA_3h_140726,1,165,39.33049300366003,-47.762015501617164,87.0925085052772,0.8234680339720661
HTDPA_3h_140726,1,166,39.315172408053925,-47.762015501617164,87.0771879096711,0.8231472645186584
HTDPA_3h_140726,1,167,39.321247816656346,-47.6943055129902,87.01555332964654,0.8244432410478577
HTDPA_3h_140726,1,168,39.27685624413866,-47.6943055129902,86.97116175712887,0.823512489000203
HTDPA_3h_140726,1,169,39.27685624413866,-47.912227778076975,87.18908402221564,0.819766854216502
HTDPA_3h_140726,1,170,39.70301534030835,-47.912227778076975,87.61524311838532,0.8286614332401199
HTDPA_3h_140726,1,171,39.69578061460547,-47.94213522428888,87.63791583889434,0.8279935891235488
HTDPA_3h_140726,1,172,39.263487410233346,-47.94213522428888,87.20562263452223,0.8189766105857822
HTDPA_3h_140726,1,173,39.272013527136735,-47.70076246899278,86.97277599612951,0.8232994923857866
HTDPA_3h_140726,1,174,39.099693513818124,-47.70076246899278,86.8004559828109,0.8196869712351944
HTDPA_3h_140726,1,175,39.099693513818124,-47.7508038780127,86.85049739183083,0.8188279638957439
HTDPA_3h_140726,1,176,39.29985914989782,-47.7508038780127,87.05066302791052,0.8230198438186672
HTDPA_3h_140726,1,177,39.29985914989782,-48.20682639569427,87.50668554559209,0.8152343161384297
HTDPA_3h_140726,1,178,39.598089805266575,-48.20682639569427,87.80491620096085,0.8214207979640699
HTDPA_3h_140726,1,179,39.598089805266575,-47.90657794157472,87.50466774684129,0.8265689495408981
HTDPA_3h_140726,1,180,39.31669859765453,-47.895498392070316,87.21219698972484,0.8208850501107613
HTDPA_3h_140726,1,181,39.31669859765453,-47.869200971259836,87.18589956891437,0.8213360114629835
HTDPA_3h_140726,1,182,39.25425689812967,-47.87348604206154,87.12774294019121,0.8199581886232593
HTDPA_3h_140726,1,183,39.25425689812967,-48.09342610589913,87.3476830040288,0.8162083693454052
HTDPA_3h_140726,1,184,39.330933250660195,-48.09342610589913,87.42435935655932,0.8178026902066741
HTDPA_3h_140726,1,185,39.330933250660195,-48.53169199457363,87.86262524523383,0.810417515528983
HTDPA_3h_140726,1,186,39.4140665591933,-48.53169199457363,87.94575855376692,0.8121304850364629
HTDPA_3h_140726,1,187,39.4140665591933,-48.31054125148555,87.72460781067886,0.8158481676704733
HTDPA_3h_140726,1,188,39.16223060019303,-48.302961665632544,87.46519226582558,0.8107625133068573
HTDPA_3h_140726,1,189,39.16223060019303,-48.20105915999197,87.363289760185,0.8124765572101497
HTDPA_3h_140726,1,190,39.121889300076965,-48.20400147744314,87.3258907775201,0.8115900776076419
HTDPA_3h_140726,1,191,39.121889300076965,-48.32789432074248,87.44978362081945,0.8095094944636504
HTDPA_3h_140726,1,192,39.233271791121304,-48.32789432074248,87.56116611186378,0.8118142191492557
HTDPA_3h_140726,1,193,39.233271791121304,-48.55792337833406,87.79119516945536,0.8079684850902562
HTDPA_3h_140726,1,194,39.602213452168215,-48.545801910929235,88.14801536309744,0.8157700953180149
HTDPA_3h_140726,1,195,39.602213452168215,-48.47856151910246,88.08077497127067,0.8169015789910223
HTDPA_3h_140726,1,196,39.05731974005126,-48.48245770505401,87.53977744510527,0.8055969434895164
HTDPA_3h_140726,1,197,39.05731974005126,-47.919088293829695,86.97640803388096,0.8150680893709842
HTDPA_3h_140726,1,198,39.04924854504804,-47.919088293829695,86.96833683887773,0.8148996555528419
HTDPA_3h_140726,1,199,39.04924854504804,-48.457840560294215,87.50708910534226,0.8058396348978979
HTDPA_3h_140726,1,200,39.100904193068615,-48.457840560294215,87.55874475336283,0.8069056264365903
HTDPA_3h_140726,1,201,39.100904193068615,-48.481247025803526,87.58215121887214,0.8065160570696058
HTDPA_3h_140726,1,202,39.12451610717802,-48.470519673899254,87.59503578107727,0.8071816925091905
HTDPA_3h_140726,1,203,39.12451610717802,-48.29952773903119,87.4240438462092,0.8100393096713701
HTDPA_3h_140726,1,204,39.18847665885347,-48.30690921373412,87.49538587258759,0.8112395782860768
HTDPA_3h_140726,1,205,39.18847665885347,-48.48608974280546,87.67456640165892,0.8082416393388042
HTDPA_3h_140726,1,206,39.65378105078875,-48.48608974280546,88.13987079359421,0.8178382967389677
HTDPA_3h_140726,1,207,39.63411668478092,-48.43943823568688,88.0735549204678,0.8182199903297227
HTDPA_3h_140726,1,208,39.24957560502781,-48.43943823568688,87.6890138407147,0.8102813953798372
HTDPA_3h_140726,1,209,39.256678256630636,-48.14750311242065,87.40418136905129,0.8153419329963875
HTDPA_3h_140726,1,210,39.1606310360924,-48.14750311242065,87.30813414851305,0.8133470793834394
HTDPA_3h_140726,1,211,39.1606310360924,-47.539742128678654,86.70037316477105,0.823745129498052
HTDPA_3h_140726,1,212,39.215918721864405,-47.539742128678654,86.75566085054305,0.824908107741021
HTDPA_3h_140726,1,213,39.215918721864405,-47.95702291034481,87.17294163220922,0.8177304666133713
HTDPA_3h_140726,1,214,39.102114872319085,-47.95702291034481,87.0591377826639,0.8153574283670634
HTDPA_3h_140726,1,215,39.102114872319085,-47.949355275091754,87.05147014741084,0.8154878130891461
HTDPA_3h_140726,1,216,39.29744512884687,-47.9426928704891,87.24013799933596,0.8196753827534004
HTDPA_3h_140726,1,217,39.29744512884687,-48.09997844875172,87.39742357759859,0.8169950672788026
HTDPA_3h_140726,1,218,39.15054204233837,-48.10190086065249,87.25244290299086,0.8139084182089702
HTDPA_3h_140726,1,219,39.15054204233837,-48.354932824003235,87.50547486634161,0.8096493936789044
HTDPA_3h_140726,1,220,39.67839819554854,-48.354932824003235,88.03333101955178,0.8205656771350597
HTDPA_3h_140726,1,221,39.65783132319036,-48.45687201689384,88.11470334008419,0.8184150084917612
HTDPA_3h_140726,1,222,39.20792823881122,-48.45687201689384,87.66480025570506,0.80913040002132
HTDPA_3h_140726,1,223,39.213093803613276,-47.99737888536088,87.21047268897416,0.8169840669273131
HTDPA_3h_140726,1,224,39.26676725038465,-47.99737888536088,87.26414613574553,0.81810232479926
HTDPA_3h_140726,1,225,39.26676725038465,-48.32143736473991,87.58820461512457,0.8126158780003007
HTDPA_3h_140726,1,226,39.26555657113418,-48.32143736473991,87.58699393587409,0.8125908232975331
HTDPA_3h_140726,1,227,39.26555657113418,-47.89366402956958,87.15922060070375,0.8198486661386274
HTDPA_3h_140726,1,228,39.386110874682174,-47.87595142526252,87.26206229994469,0.8226700400130211
HTDPA_3h_140726,1,229,39.386110874682174,-47.97694408710274,87.36305496178491,0.8209382990958366
HTDPA_3h_140726,1,230,39.00929612978214,-47.98527209285605,86.9945682226382,0.8129431058407975
HTDPA_3h_140726,1,231,39.00929612978214,-47.8791358785638,86.88843200834594,0.8147451998449117
HTDPA_3h_140726,1,232,38.89993143748858,-47.8791358785638,86.77906731605239,0.8124610171777277
HTDPA_3h_140726,1,233,38.89993143748858,-48.10230442040265,87.00223585789124,0.8086916397499894
HTDPA_3h_140726,1,234,39.73166808256977,-48.10230442040265,87.83397250297241,0.8259826334997276
HTDPA_3h_140726,1,235,39.73166808256977,-48.14427463441937,87.87594271698913,0.8252625755454783
HTDPA_3h_140726,1,236,39.03065544674064,-48.130795738764,87.16145118550463,0.8109289457540755
HTDPA_3h_140726,1,237,39.03065544674064,-47.97750173330296,87.0081571800436,0.8135199632466068
HTDPA_3h_140726,1,238,38.925759261498875,-47.98244717460493,86.9082064361038,0.8112499789735741
HTDPA_3h_140726,1,239,38.925759261498875,-48.23386489895504,87.15962416045392,0.8070213602630499
HTDPA_3h_140726,1,240,38.825272883708855,-48.23386489895504,87.0591377826639,0.8049380443604051
HTDPA_3h_140726,1,241,38.82071632725704,-48.19096282878795,87.01167915604499,0.8055600894545027
HTDPA_3h_140726,1,242,38.80527833245091,-48.19096282878795,86.99624116123886,0.8052397390423108
HTDPA_3h_140726,1,243,38.81034117295292,-47.992536168358946,86.80287734131187,0.8086745204880469
HTDPA_3h_140726,1,244,38.9891181422741,-47.992536168358946,86.98165431063305,0.8123996199221345
HTDPA_3h_140726,1,245,38.9891181422741,-47.96267274684706,86.95179088912116,0.8129054514552078
HTDPA_3h_140726,1,246,39.020595802786644,-47.96267274684706,86.9832685496337,0.8135617464177234
HTDPA_3h_140726,1,247,39.01741868693537,-48.23736486260643,87.2547835495418,0.8088629799340811
HTDPA_3h_140726,1,248,39.05023176334844,-48.23736486260643,87.28759662595488,0.8095432218276118
HTDPA_3h_140726,1,249,39.05620444765082,-48.15257329037267,87.20877773802349,0.8110927782017306
HTDPA_3h_140726,1,250,39.10090419306861,-48.14427463441937,87.24517882748798,0.8121610407463599
HTDPA_3h_140726,1,251,39.09143888256484,-47.917011795478864,87.0084506780437,0.8158154571369421
HTDPA_3h_140726,1,252,39.13641745108275,-47.921106092580516,87.05752354366327,0.8166843514728915
HTDPA_3h_140726,1,253,39.13641745108275,-48.32143736473991,87.45785481582266,0.8099183216689771
HTDPA_3h_140726,1,254,39.11260742582327,-48.32143736473991,87.43404479056318,0.8094255791812123
HTDPA_3h_140726,1,255,39.11260742582327,-48.0308743446242,87.14348177044747,0.8143222033641971
HTDPA_3h_140726,1,256,39.43800132110284,-48.020058943319896,87.45806026442273,0.8212818182429383
HTDPA_3h_140726,1,257,39.43800132110284,-48.209159704795205,87.64716102589804,0.818060334645909
HTDPA_3h_140726,1,258,39.25062486037822,-48.220950986949894,87.47157584732811,0.8139745081137174
HTDPA_3h_140726,1,259,39.25062486037822,-48.015942633868264,87.26656749424649,0.8174498449332245
HTDPA_3h_140726,1,260,39.7199648498151,-48.015942633868264,87.73590748368336,0.8272245148385037
HTDPA_3h_140726,1,261,39.7199648498151,-47.985675652606226,87.70564050242132,0.8277462869829948
HTDPA_3h_140726,1,262,39.07755642715932,-47.976298391502475,87.05385481866179,0.8145179544339484
HTDPA_3h_140726,1,263,39.07755642715932,-47.89585058967044,86.97340701682975,0.8158860516319355
HTDPA_3h_140726,1,264,39.123907098827765,-47.90819218057536,87.03209927940313,0.8166433613558636
HTDPA_3h_140726,1,265,39.123907098827765,-48.27502799347142,87.39893509229918,0.8104377920633992
HTDPA_3h_140726,1,266,39.14812068383741,-48.27502799347142,87.42314867730883,0.8109393678473205
HTDPA_3h_140726,1,267,39.14812068383741,-47.74959319876222,86.89771388259963,0.8198629152897625
HTDPA_3h_140726,1,268,38.942664746305596,-47.74135324240893,86.68401798871452,0.8157008987276171
HTDPA_3h_140726,1,269,38.942664746305596,-47.436496869687545,86.37916161599314,0.820943099008443
HTDPA_3h_140726,1,270,38.874507173228466,-47.44732694589186,86.32183411912033,0.8193192256659749
HTDPA_3h_140726,1,271,38.86946634507646,-47.66284252737767,86.53230887245414,0.8155087754732574
HTDPA_3h_140726,1,272,39.04480205034627,-47.66284252737767,86.70764457772394,0.8191874420397572
HTDPA_3h_140726,1,273,39.06337313630366,-47.474365449152636,86.5377385854563,0.8228308639141779
HTDPA_3h_140726,1,274,38.837783235963855,-47.474365449152636,86.31214868511648,0.8180790384141314
HTDPA_3h_140726,1,275,38.837783235963855,-48.85776827270345,87.69555150866731,0.794915212237852
HTDPA_3h_140726,1,276,39.13762813033323,-48.85776827270345,87.9953964030367,0.8010523098780015
HTDPA_3h_140726,1,277,39.13762813033323,-47.94370543858951,87.08133356892274,0.8163246409993097
HTDPA_3h_140726,1,278,39.12511777807825,-47.94370543858951,87.06882321666777,0.8160637026312687
HTDPA_3h_140726,1,279,39.12511777807825,-47.91061353907632,87.03573131715457,0.8166273584905661
HTDPA_3h_140726,1,280,38.9394069185043,-47.90166185007276,86.84106876857706,0.812903047923068
HTDPA_3h_140726,1,281,38.9394069185043,-47.62791626536377,86.56732318386807,0.8175752787829187
HTDPA_3h_140726,1,282,39.022613601537444,-47.63861426746803,86.66122786900547,0.8191383020178575
HTDPA_3h_140726,1,283,39.022613601537444,-47.84120126204869,86.86381486358613,0.8156696021864562
HTDPA_3h_140726,1,284,39.095657916316505,-47.84120126204869,86.9368591783652,0.8171964098930388
HTDPA_3h_140726,1,285,39.0898539933642,-47.804308563434,86.8941625567982,0.8177056664566932
HTDPA_3h_140726,1,286,39.113539281973644,-47.804308563434,86.91784784540764,0.8182011299268532
HTDPA_3h_140726,1,287,39.121485740326804,-47.52924957517448,86.6507353155013,0.823103375079601
HTDPA_3h_140726,1,288,38.937866054003685,-47.52924957517448,86.46711562917817,0.8192400764168964
HTDPA_3h_140726,1,289,38.937866054003685,-47.77178898502105,86.70965503902474,0.8150807596134351
HTDPA_3h_140726,1,290,39.52625616973797,-47.77178898502105,87.29804515475902,0.8273974454281274
HTDPA_3h_140726,1,291,39.52625616973797,-47.626911034713366,87.15316720445134,0.8299143343755561
HTDPA_3h_140726,1,292,39.06335112395366,-47.61890587676018,86.68225700071383,0.8203328153958709
HTDPA_3h_140726,1,293,39.06335112395366,-47.45310885649416,86.51645998044782,0.8231989866477983
HTDPA_3h_140726,1,294,39.0456165072966,-47.454187461644594,86.4998039689412,0.8228065550349098
HTDPA_3h_140726,1,295,39.0456165072966,-47.616418481209195,86.6620349885058,0.8200032205846208
HTDPA_3h_140726,1,296,39.0044534127802,-47.616418481209195,86.6208718939894,0.8191387478706
HTDPA_3h_140726,1,297,39.0044534127802,-47.67130260723104,86.67575602001125,0.8181956707611299
HTDPA_3h_140726,1,298,39.13936710598393,-47.66762654477959,86.80699365076352,0.8210890691026099
HTDPA_3h_140726,1,299,39.13936710598393,-47.45451764689472,86.59388475287865,0.8247764184901601
HTDPA_3h_140726,1,300,39.18242326260106,-47.46468001514877,86.64710327774984,0.8255069506440504
HTDPA_3h_140726,1,301,39.18242326260106,-47.48001528565488,86.66243854825595,0.8252403253635691
HTDPA_3h_140726,1,302,39.07346213005768,-47.48001528565488,86.55347741571256,0.8229454412552165
HTDPA_3h_140726,1,303,39.072097364357134,-47.821830394040965,86.89392775839809,0.817034752589183
HTDPA_3h_140726,1,304,39.05439943495008,-47.821830394040965,86.87622982899104,0.8166646720368238
HTDPA_3h_140726,1,305,39.07231748785722,-47.56267165993779,86.63498914779501,0.8214912267169376
HTDPA_3h_140726,1,306,38.90235279598955,-47.55346316018413,86.45581595617368,0.8180761233928797
HTDPA_3h_140726,1,307,38.89975533868852,-47.5684829203401,86.46823825902862,0.8177632110704782
HTDPA_3h_140726,1,308,39.0589339790519,-47.58211590244553,86.64104988149742,0.8208742557630656
HTDPA_3h_140726,1,309,39.0589339790519,-47.825462431792424,86.88439641084432,0.8166974660152394
HTDPA_3h_140726,1,310,38.99880357627796,-47.825462431792424,86.82426600807038,0.8154401775392586
HTDPA_3h_140726,1,311,38.99880357627796,-47.554270279684445,86.5530738559624,0.8200904639459592
HTDPA_3h_140726,1,312,38.95613630451097,-47.54670536873144,86.50284167324241,0.819323568318785
HTDPA_3h_140726,1,313,38.95613630451097,-47.4793182279046,86.43545453241558,0.8204864298496946
HTDPA_3h_140726,1,314,38.951990645259315,-47.482840203905994,86.43483084916531,0.8203382627910931
HTDPA_3h_140726,1,315,38.951990645259315,-47.653545978223974,86.60553662348329,0.8173996256870166
HTDPA_3h_140726,1,316,38.946744368507225,-47.653545978223974,86.6002903467312,0.8172895336331224
HTDPA_3h_140726,1,317,38.93174662070126,-47.70011677339251,86.63186339409377,0.8161771763715616
HTDPA_3h_140726,1,318,38.778041718040065,-47.70011677339251,86.47815849143257,0.8129548592566707
HTDPA_3h_140726,1,319,38.7816884306915,-47.62570035546289,86.4073887861544,0.8143016930194721
HTDPA_3h_140726,1,320,38.836976116463525,-47.62570035546289,86.46267647192641,0.8154625722371922
HTDPA_3h_140726,1,321,38.836976116463525,-47.96751546384899,86.80449158031251,0.8096516098636222
HTDPA_3h_140726,1,322,38.71267971341404,-47.96751546384899,86.68019517726303,0.8070603478012133
HTDPA_3h_140726,1,323,38.71267971341404,-47.8831714760654,86.59585118947945,0.8084819472069583
HTDPA_3h_140726,1,324,38.799445059698584,-47.8831714760654,86.68261653576398,0.8102939689175068
HTDPA_3h_140726,1,325,38.799445059698584,-48.009082118115536,86.80852717781411,0.8081688578057228
HTDPA_3h_140726,1,326,38.90160437608926,-48.00121637171241,86.90282074780167,0.810429554010518
HTDPA_3h_140726,1,327,38.90160437608926,-47.82500017244224,86.7266045485315,0.8134156661959654
HTDPA_3h_140726,1,328,38.64084607788542,-47.83635854504676,86.47720462293218,0.8077714787068906
HTDPA_3h_140726,1,329,38.64084607788542,-48.00060736336216,86.64145344124758,0.8050074405387453
HTDPA_3h_140726,1,330,38.815022466054785,-47.991736386308624,86.8067588523634,0.8087855407775613
HTDPA_3h_140726,1,331,38.82002660695678,-47.62973595296449,86.44976255992127,0.8150376194672272
HTDPA_3h_140726,1,332,38.72276870716804,-47.62973595296449,86.35250466013252,0.8129956618992746
HTDPA_3h_140726,1,333,38.71587884161531,-47.84363729544966,86.55951613706497,0.8092168787781008
HTDPA_3h_140726,1,334,38.54197393909607,-47.85250093505318,86.39447487414924,0.8054328025907438
HTDPA_3h_140726,1,335,38.54197393909607,-47.984868533105896,86.52684247220196,0.8032109937428514
HTDPA_3h_140726,1,336,38.90275635573971,-47.984868533105896,86.88762488884561,0.8107296642669716
HTDPA_3h_140726,1,337,38.90275635573971,-48.071633879390426,86.97439023513013,0.8092663638882128
HTDPA_3h_140726,1,338,38.76911937883649,-48.06431844173753,86.83343782057402,0.8066091569743475
HTDPA_3h_140726,1,339,38.76911937883649,-47.735659381206666,86.50477876004317,0.8121626448947667
HTDPA_3h_140726,1,340,38.527042228340115,-47.73627572700691,86.26331795534702,0.8070810225889354
HTDPA_3h_140726,1,341,38.527042228340115,-47.898103186821345,86.42514541516147,0.8043542367026429
HTDPA_3h_140726,1,342,38.75545704693106,-47.898103186821345,86.65356023375242,0.8091230021316212
HTDPA_3h_140726,1,343,38.734310516022646,-47.80844688523565,86.54275740125829,0.8101980515912701
HTDPA_3h_140726,1,344,38.422997187298684,-47.80844688523565,86.23144407253433,0.8036863711455264
HTDPA_3h_140726,1,345,38.433012806552675,-47.28549948607743,85.7185122926301,0.8127864403307985
HTDPA_3h_140726,1,346,38.40879922154303,-47.28549948607743,85.69429870762045,0.8122743682310467
HTDPA_3h_140726,1,347,38.40879922154303,-47.66767056947959,86.07646979102262,0.8057620345755938
HTDPA_3h_140726,1,348,38.4242885784992,-47.66023039517663,86.08451897367584,0.8062128164279261
HTDPA_3h_140726,1,349,38.43220568705235,-47.83918346329789,86.27138915035025,0.8033624929350529
HTDPA_3h_140726,1,350,38.59201534811599,-47.83918346329789,86.43119881141388,0.8067030529006352
HTDPA_3h_140726,1,351,38.57831632896054,-47.799289747632,86.37760607659254,0.8070897398819974
HTDPA_3h_140726,1,352,38.274413824739526,-47.807302243035195,86.08171606777472,0.8005976499189625
HTDPA_3h_140726,1,353,38.270994573038166,-47.80923932983596,86.08023390287413,0.8004936934680462
HTDPA_3h_140726,1,354,39.17677342609883,-47.824655312292094,87.00142873839093,0.8191752385935013
HTDPA_3h_140726,1,355,39.17677342609883,-47.43683439238768,86.61360781848651,0.8258724244125708
HTDPA_3h_140726,1,356,38.24939312022957,-47.42804412728419,85.67743724751375,0.806472074150442
HTDPA_3h_140726,1,357,38.255446516481975,-47.35329752410442,85.6087440405864,0.8078729152285259
HTDPA_3h_140726,1,358,38.291766893996446,-47.35329752410442,85.64506441810087,0.8086399236400517
HTDPA_3h_140726,1,359,38.291766893996446,-47.82505887204226,86.11682576603872,0.8006632463631148
HTDPA_3h_140726,1,360,38.50968915908321,-47.82505887204226,86.33474803112547,0.805219900766193
HTDPA_3h_140726,1,361,38.50968915908321,-47.87994299806412,86.38963215714733,0.8042968881696504
HTDPA_3h_140726,1,362,38.70499006581097,-47.86576704465847,86.57075711046943,0.8086152683962935
HTDPA_3h_140726,1,363,38.70499006581097,-47.20428125199509,85.90927131780606,0.8199466031309416
HTDPA_3h_140726,1,364,38.729629222920785,-47.20963025304722,85.93925947596802,0.8203756101313866
HTDPA_3h_140726,1,365,38.729629222920785,-47.80972360153615,86.53935282445693,0.8100785008863005
HTDPA_3h_140726,1,366,39.10695758932101,-47.80972360153615,86.91668119085716,0.8179707942939141
HTDPA_3h_140726,1,367,39.096428348566825,-47.40679487207572,86.50322322064255,0.8247009411639428
HTDPA_3h_140726,1,368,38.70716195101184,-47.40679487207572,86.11395682308756,0.8164897469964106
HTDPA_3h_140726,1,369,38.715101071914994,-47.26572505831955,85.98082613023455,0.8190946192858728
HTDPA_3h_140726,1,370,38.45198011481023,-47.26572505831955,85.71770517312979,0.8135277744574034
HTDPA_3h_140726,1,371,38.45198011481023,-47.540145688428815,85.99212580323905,0.8088317685608055
HTDPA_3h_140726,1,372,38.679991373651006,-47.540145688428815,86.22013706207983,0.8136279519872327
HTDPA_3h_140726,1,373,38.679991373651006,-47.52763533617384,86.20762670982484,0.8138421173293933
HTDPA_3h_140726,1,374,38.450380550709596,-47.51726751931971,85.9676480700293,0.8091875345120871
HTDPA_3h_140726,1,375,38.450380550709596,-47.41882829008052,85.86920884079012,0.8108673692967014
HTDPA_3h_140726,1,376,38.32122675575817,-47.4315881156356,85.75281487139377,0.8079262845328545
HTDPA_3h_140726,1,377,38.32122675575817,-47.411410128127564,85.73263688388573,0.8082701327000502
HTDPA_3h_140726,1,378,38.8494864687185,-47.411410128127564,86.26089659684607,0.8194121702714434
HTDPA_3h_140726,1,379,38.8494864687185,-47.49898259391243,86.34846906263093,0.8179014443500424
HTDPA_3h_140726,1,380,38.78942944044459,-47.49076464990915,86.28019409035375,0.8167783720980537
HTDPA_3h_140726,1,381,38.78942944044459,-47.31090907543755,86.10033851588214,0.8198834095238922
HTDPA_3h_140726,1,382,38.7756350344391,-47.31697714658996,86.09261218102907,0.8194867333623315
HTDPA_3h_140726,1,383,38.7756350344391,-47.32504834159318,86.10068337603228,0.8193469714928923
HTDPA_3h_140726,1,384,38.818008808205974,-47.32504834159318,86.14305714979915,0.8202423487878296
HTDPA_3h_140726,1,385,38.81487571705474,-48.06205850713663,86.87693422419137,0.8075991108722737
HTDPA_3h_140726,1,386,38.87744949067964,-48.06205850713663,86.93950799781626,0.8089010479005349
HTDPA_3h_140726,1,387,38.88217480848152,-47.561534355187334,86.44370916366886,0.81751304569174
HTDPA_3h_140726,1,388,38.88217480848152,-47.561534355187334,86.44370916366886,0.81751304569174
HTDPA_3h_140726,1,389,38.87128603267718,-47.61415120915829,86.48543724183547,0.8163809507371945
HTDPA_3h_140726,1,390,38.768774518686364,-47.61520780195871,86.38398232064507,0.814209919652846
HTDPA_3h_140726,1,391,38.768774518686364,-47.839587023048054,86.60836154173441,0.81039107841814
HTDPA_3h_140726,1,392,38.84745399506769,-47.82937329264398,86.67682728771166,0.81220913678671
HTDPA_3h_140726,1,393,38.854329185720424,-47.715694179748716,86.57002336546914,0.8142882515625395
HTDPA_3h_140726,1,394,39.02059580278664,-47.715694179748716,86.73628998253535,0.8177727784026998
HTDPA_3h_140726,1,395,39.02059580278664,-47.48243664415584,86.50303244694248,0.8217900883060371
HTDPA_3h_140726,1,396,39.307526785150884,-47.48243664415584,86.78996342930672,0.8278329749530424
HTDPA_3h_140726,1,397,39.272556498436956,-48.52505160232097,87.79760810075793,0.8093253938252079
HTDPA_3h_140726,1,398,38.88105951608107,-48.52505160232097,87.40611111840204,0.8012574584098202
HTDPA_3h_140726,1,399,38.88863176448408,-48.39609591851963,87.28472768300371,0.8035489439056727
HTDPA_3h_140726,1,400,38.7058191976613,-48.39609591851963,87.10191511618092,0.7997715200587043
HTDPA_3h_140726,1,401,38.7058191976613,-47.8286909097937,86.53451010745499,0.8092594311364616
HTDPA_3h_140726,1,402,39.288155917143165,-47.8286909097937,87.11684682693686,0.8214348996346517
HTDPA_3h_140726,1,403,39.288155917143165,-47.682602280235535,86.9707581973787,0.8239515890144302
HTDPA_3h_140726,1,404,38.830724609061036,-47.67111917098097,86.50184378004201,0.8145544993350736
HTDPA_3h_140726,1,405,38.830724609061036,-47.637719098567665,86.4684437076287,0.8151256051683753
HTDPA_3h_140726,1,406,38.73527905942303,-47.64386054422011,86.37913960364314,0.8130172202034577
HTDPA_3h_140726,1,407,38.73527905942303,-47.32464478184302,86.05992384126606,0.8185012109015246
HTDPA_3h_140726,1,408,38.66102406539346,-47.32464478184302,85.98566884723648,0.8169321554047139
HTDPA_3h_140726,1,409,38.655741101391364,-47.52219828572167,86.17793938711304,0.8134249360473232
HTDPA_3h_140726,1,410,38.68007208560105,-47.52219828572167,86.20227037132273,0.8139369280234392
HTDPA_3h_140726,1,411,38.686448329653594,-47.31697714658996,86.00342547624356,0.817601855879368
HTDPA_3h_140726,1,412,38.6420567571359,-47.31697714658996,85.95903390372587,0.8166636815665802
HTDPA_3h_140726,1,413,38.6420567571359,-47.397689096622095,86.03974585375799,0.8152730121158969
HTDPA_3h_140726,1,414,38.94634080875707,-47.397689096622095,86.34402990537916,0.8216928198622382
HTDPA_3h_140726,1,415,38.929604085300404,-47.27654045962386,86.20614454492426,0.8234444336837191
HTDPA_3h_140726,1,416,38.67886874380057,-47.27654045962386,85.95540920342444,0.8181408446507193
HTDPA_3h_140726,1,417,38.68564121015327,-47.28186744832598,85.96750865847926,0.8181919052252438
HTDPA_3h_140726,1,418,38.7284185436703,-47.28186744832598,86.01028599199628,0.8190966354278691
HTDPA_3h_140726,1,419,38.7284185436703,-47.30850239183658,86.03692093550688,0.8186354795782579
HTDPA_3h_140726,1,420,38.65093507163945,-47.30850239183658,85.95943746347604,0.816997645613676
HTDPA_3h_140726,1,421,38.65093507163945,-47.35733312160603,86.00826819324548,0.8161552292733641
HTDPA_3h_140726,1,422,38.5734515996086,-47.35733312160603,85.93078472121464,0.8145190840995663
HTDPA_3h_140726,1,423,38.5734515996086,-47.32181986359189,85.89527146320049,0.8151303502443269
HTDPA_3h_140726,1,424,38.659380476592816,-47.31313966023843,85.97252013683124,0.8170960700179836
HTDPA_3h_140726,1,425,38.659380476592816,-47.03199792592648,85.69137840251929,0.8219804001837173
HTDPA_3h_140726,1,426,38.56295904610442,-47.03811735922893,85.60107640533334,0.8198236071312136
HTDPA_3h_140726,1,427,38.56295904610442,-47.52077482042112,86.08373386652553,0.811496849363928
HTDPA_3h_140726,1,428,39.02059580278664,-47.52077482042112,86.54137062320775,0.8211270954702174
HTDPA_3h_140726,1,429,39.00699950793122,-47.27542516722342,86.28242467515463,0.8251009773038532
HTDPA_3h_140726,1,430,38.80207920424962,-47.27542516722342,86.07750437147304,0.8207663721055551
HTDPA_3h_140726,1,431,38.80307709745002,-47.30002763708321,86.10310473453323,0.820360558669704
HTDPA_3h_140726,1,432,38.693712405156475,-47.30002763708321,85.9937400422397,0.8180484100778963
HTDPA_3h_140726,1,433,38.693712405156475,-47.10026556075368,85.79397796591016,0.8215179244636368
HTDPA_3h_140726,1,434,38.70259071966001,-47.10026556075368,85.80285628041369,0.8217064226471997
HTDPA_3h_140726,1,435,38.70259071966001,-47.54498840543074,86.24757912509075,0.8140204050452408
HTDPA_3h_140726,1,436,38.94835860750787,-47.54498840543074,86.49334701293861,0.8191895700001698
HTDPA_3h_140726,1,437,38.94835860750787,-47.30204543583402,86.25040404334189,0.8233969218168787
HTDPA_3h_140726,1,438,39.00972903933231,-47.28886737562877,86.29859641496108,0.824924156661801
HTDPA_3h_140726,1,439,39.00972903933231,-47.091930217550356,86.10165925688267,0.8283739668159548
HTDPA_3h_140726,1,440,38.66667390189571,-47.09824776200287,85.76492166389858,0.82097903296289
HTDPA_3h_140726,1,441,38.661816509993784,-47.19764819719246,85.85946470718625,0.819147097085519
HTDPA_3h_140726,1,442,38.813202778454055,-47.19764819719246,86.01085097564652,0.8223545930994682
HTDPA_3h_140726,1,443,38.822447965457734,-47.12044354826171,85.94289151371945,0.8238981860536817
HTDPA_3h_140726,1,444,38.56174836685395,-47.12044354826171,85.68219191511565,0.8183655641390181
HTDPA_3h_140726,1,445,38.56174836685395,-47.19469854229128,85.75644690914523,0.8170779676089821
HTDPA_3h_140726,1,446,38.67434153714876,-47.19469854229128,85.86904007944004,0.8194636840935131
HTDPA_3h_140726,1,447,38.67332163159836,-47.373746997262565,86.04706862886093,0.8163450029366065
HTDPA_3h_140726,1,448,39.19812540560732,-47.373746997262565,86.57187240286989,0.8274229481546465
HTDPA_3h_140726,1,449,39.23206111187084,-47.233843838056856,86.4659049499277,0.8305921755252346
HTDPA_3h_140726,1,450,38.690080367405024,-47.233843838056856,85.92392420546187,0.8191177601394358
HTDPA_3h_140726,1,451,38.690080367405024,-47.027221245974594,85.71730161337962,0.8227167019934607
HTDPA_3h_140726,1,452,38.36521476852568,-47.027221245974594,85.39243601450028,0.8158086689378791
HTDPA_3h_140726,1,453,38.36521476852568,-47.33029461834526,85.69550938687095,0.8105847444620657
HTDPA_3h_140726,1,454,38.43462704555332,-47.33029461834526,85.76492166389858,0.8120512951689092
HTDPA_3h_140726,1,455,38.43462704555332,-47.3464370083517,85.78106405390503,0.8117744327577094
HTDPA_3h_140726,1,456,38.571301726757746,-47.33215833064601,85.90346005740375,0.8149068854479873
HTDPA_3h_140726,1,457,38.571301726757746,-47.28886737562877,85.86016910238652,0.8156528981837322
HTDPA_3h_140726,1,458,38.527042228340115,-47.30406323458483,85.83110546292494,0.814455241133965
HTDPA_3h_140726,1,459,38.527042228340115,-47.349261926602814,85.87630415494293,0.8136777778724782
HTDPA_3h_140726,1,460,38.607754178372254,-47.349261926602814,85.95701610497507,0.8153823862813115
HTDPA_3h_140726,1,461,38.607754178372254,-47.384775184616956,85.99252936298922,0.814771285248303
HTDPA_3h_140726,1,462,38.43221302450236,-47.36825858466038,85.80047160916274,0.8113495022370983
HTDPA_3h_140726,1,463,38.43221302450236,-47.33471176324702,85.76692478774939,0.8119245178195635
HTDPA_3h_140726,1,464,38.64488167538704,-47.33594445484752,85.98082613023456,0.8163961260401036
HTDPA_3h_140726,1,465,38.64488167538704,-47.52117838017126,86.16606005555829,0.8132138762685239
HTDPA_3h_140726,1,466,39.11422166482391,-47.52117838017126,86.63540004499517,0.8230903146363213
HTDPA_3h_140726,1,467,39.076881381759044,-47.211706751398054,86.2885881331571,0.8276947407880331
HTDPA_3h_140726,1,468,38.626420651179686,-47.211706751398054,85.83812740257774,0.8181534477152929
HTDPA_3h_140726,1,469,38.63156420363174,-47.12811118351476,85.7596753871465,0.8197138233102989
HTDPA_3h_140726,1,470,38.67676289564973,-47.12811118351476,85.80487407916449,0.8206728834313801
HTDPA_3h_140726,1,471,38.67676289564973,-47.74394336225996,86.4207062579097,0.8100873152053556
HTDPA_3h_140726,1,472,38.56094124735362,-47.74394336225996,86.30488460961358,0.8076614232463
HTDPA_3h_140726,1,473,38.558035617152456,-47.45434154809465,86.0123771652471,0.8125291461071933
HTDPA_3h_140726,1,474,38.56921789095691,-47.45434154809465,86.02355943905155,0.8127647889048732
HTDPA_3h_140726,1,475,38.57587295810956,-47.46387289564845,86.039745853758,0.8127417887478424
HTDPA_3h_140726,1,476,38.75545704693107,-47.46387289564845,86.21932994257952,0.8165253840986967
HTDPA_3h_140726,1,477,38.75545704693107,-47.50221107191373,86.2576681188448,0.8158663812145308
HTDPA_3h_140726,1,478,39.59728268576625,-47.50221107191373,87.09949375767998,0.8335882013117204
HTDPA_3h_140726,1,479,39.53300662374067,-47.27254888682227,86.80555551056294,0.8362782958538738
HTDPA_3h_140726,1,480,38.59601425836758,-47.27254888682227,85.86856314518985,0.8164572287136951
HTDPA_3h_140726,1,481,38.600490102869365,-47.604715248454525,86.20520535132388,0.8108543429239926
HTDPA_3h_140726,1,482,38.46933318406714,-47.604715248454525,86.07404843252166,0.8080992183923636
HTDPA_3h_140726,1,483,38.46933318406714,-47.511089386417254,85.9804225704844,0.8096916673745009
HTDPA_3h_140726,1,484,38.433819926053,-47.511089386417254,85.94490931247026,0.808944194342988
HTDPA_3h_140726,1,485,38.42963024210133,-47.14332171737081,85.57295195947214,0.8151659416892815
HTDPA_3h_140726,1,486,38.37536246187972,-47.14332171737081,85.51868417925053,0.8140148183011809
HTDPA_3h_140726,1,487,38.392253271786444,-46.783067597127385,85.17532086891383,0.8206442040612112
HTDPA_3h_140726,1,488,38.179980843201925,-46.783067597127385,84.96304844032932,0.8161068267688005
HTDPA_3h_140726,1,489,38.179980843201925,-47.00381478046527,85.1837956236672,0.8122740892739089
HTDPA_3h_140726,1,490,38.73205058142175,-47.00381478046527,85.73586536188702,0.8240193006104422
HTDPA_3h_140726,1,491,38.73205058142175,-47.02964260447556,85.76169318589731,0.8235667642036435
HTDPA_3h_140726,1,492,38.14977989898991,-47.01356625151916,85.16334615050907,0.8114632209539554
HTDPA_3h_140726,1,493,38.14977989898991,-46.67225742718326,84.82203732617317,0.8173973577024879
HTDPA_3h_140726,1,494,38.26230703223471,-46.67935274133608,84.94165977357079,0.8196837527773215
HTDPA_3h_140726,1,495,38.26230703223471,-47.782685098275394,86.04499213051011,0.8007567375826625
HTDPA_3h_140726,1,496,38.49717880682824,-47.782685098275394,86.27986390510364,0.8056721535771899
HTDPA_3h_140726,1,497,38.488359191924715,-47.75344536001375,86.24180455193846,0.8059807811093116
HTDPA_3h_140726,1,498,38.50376783693085,-47.75344536001375,86.2572131969446,0.8063034519635289
HTDPA_3h_140726,1,499,38.510870488533676,-47.63444659586637,86.14531708440005,0.8084668394546979
HTDPA_3h_140726,1,500,38.55529141085136,-47.629332393214334,86.1846238040657,0.8094862865712614
HTDPA_3h_140726,1,501,38.54873173054875,-47.290158766829286,85.83889049737803,0.8151533582413762
HTDPA_3h_140726,1,502,38.67111305914749,-47.297202718832075,85.96831577797957,0.817619453924915
HTDPA_3h_140726,1,503,38.67111305914749,-47.28832440432855,85.95943746347604,0.8177729607946886
HTDPA_3h_140726,1,504,38.83859035546416,-47.28832440432855,86.12691475979271,0.8213145812353855
HTDPA_3h_140726,1,505,38.824649200458616,-47.76914750302,86.59379670347862,0.8127557477973433
HTDPA_3h_140726,1,506,38.65098643378946,-47.76914750302,86.42013393680946,0.8091202890180512
HTDPA_3h_140726,1,507,38.65739202764202,-47.67614532423297,86.33353735187498,0.8108330018029609
HTDPA_3h_140726,1,508,38.51412831633498,-47.67614532423297,86.19027364056795,0.8078280669380985
HTDPA_3h_140726,1,509,38.51412831633498,-47.65193173922333,86.16606005555832,0.8082385521557602
HTDPA_3h_140726,1,510,38.512917637084506,-47.65193173922333,86.16484937630784,0.80821314543653
HTDPA_3h_140726,1,511,38.50910950053298,-47.425901591883324,85.9350110924163,0.8119847637672237
HTDPA_3h_140726,1,512,39.369271426925465,-47.44450202764074,86.8137734545662,0.8297962829073279
HTDPA_3h_140726,1,513,39.369271426925465,-46.54577446403289,85.91504589095835,0.8458183772910924
HTDPA_3h_140726,1,514,38.62865123598057,-46.53701354872941,85.16566478470997,0.8300629604332493
HTDPA_3h_140726,1,515,38.63842471938446,-46.6236614958139,85.26208621519837,0.8287299512684907
HTDPA_3h_140726,1,516,38.492739649576464,-46.6236614958139,85.11640114539037,0.8256052488076796
HTDPA_3h_140726,1,517,38.492739649576464,-46.97556559795401,85.46830524753048,0.8194204616719504
HTDPA_3h_140726,1,518,38.454805033061355,-46.97556559795401,85.43037063101536,0.8186129223473624
HTDPA_3h_140726,1,519,38.454805033061355,-47.50786090841596,85.96266594147731,0.809440886155519
HTDPA_3h_140726,1,520,38.5229919559385,-47.50033268471297,86.02332464065148,0.8110046767806397
HTDPA_3h_140726,1,521,38.5229919559385,-47.17249541858243,85.69548737452092,0.8166409602482748
HTDPA_3h_140726,1,522,38.288538415995156,-47.176941913284196,85.46548032927936,0.8115943268720811
HTDPA_3h_140726,1,523,38.288538415995156,-47.43037743638511,85.71891585238026,0.8072577214328258
HTDPA_3h_140726,1,524,38.84827578946802,-47.43037743638511,86.27865322585313,0.8190589636688506
HTDPA_3h_140726,1,525,38.82632213905928,-47.38131924566558,86.20764138472487,0.8194436701466705
HTDPA_3h_140726,1,526,38.441751709506164,-47.38131924566558,85.82307095517174,0.81132717116193
HTDPA_3h_140726,1,527,38.444312479557176,-47.299220517582896,85.74353299714008,0.8127895567595238
HTDPA_3h_140726,1,528,38.45520859281152,-47.299220517582896,85.75442911039443,0.8130199223582613
HTDPA_3h_140726,1,529,38.45520859281152,-47.333119536596385,85.78832812940792,0.812437653999949
HTDPA_3h_140726,1,530,38.57708363736004,-47.333119536596385,85.91020317395643,0.8150124905148821
HTDPA_3h_140726,1,531,38.57168327415789,-47.67672498278319,86.24840825694108,0.8090254372146309
HTDPA_3h_140726,1,532,39.01703713953522,-47.67672498278319,86.69376212231842,0.8183665541965158
HTDPA_3h_140726,1,533,39.09048501406447,-47.47771866380396,86.56820367786844,0.8233437939777476
HTDPA_3h_140726,1,534,38.74657873242754,-47.46992629190086,86.2165050243284,0.8162342299452513
HTDPA_3h_140726,1,535,38.74029787522503,-47.33312687404639,86.07342474927142,0.8184605673382427
HTDPA_3h_140726,1,536,38.51856747358675,-47.34885836685266,85.86742584043941,0.8135057275330697
HTDPA_3h_140726,1,537,38.51856747358675,-47.40535673187515,85.9239242054619,0.8125361800660607
HTDPA_3h_140726,1,538,39.33093325066019,-47.40535673187515,86.73628998253534,0.829672761943678
HTDPA_3h_140726,1,539,39.29175126764459,-47.337646743248186,86.62939801089277,0.8300317816970657
HTDPA_3h_140726,1,540,38.58348189376258,-47.337646743248186,85.92112863701077,0.8150697076902282
HTDPA_3h_140726,1,541,38.598875863868706,-47.341190731599596,85.9400665954683,0.8153338618520316
HTDPA_3h_140726,1,542,38.519374593087065,-47.341190731599596,85.86056532468666,0.8136545363100871
HTDPA_3h_140726,1,543,38.515948003935705,-47.290364215429356,85.80631221936505,0.8144565736156704
HTDPA_3h_140726,1,544,38.88775127048374,-47.290364215429356,86.1781154859131,0.8223187094379766
HTDPA_3h_140726,1,545,38.90517771424068,-47.37791466886422,86.2830923831049,0.8211669505962522
HTDPA_3h_140726,1,546,38.44189112105621,-47.37791466886422,85.81980578992042,0.8113884156729131
HTDPA_3h_140726,1,547,38.44189112105621,-46.86620090566048,85.30809202671668,0.8202476492267419
HTDPA_3h_140726,1,548,38.68967680765487,-46.86620090566048,85.55587771331534,0.8255347363345158
HTDPA_3h_140726,1,549,38.685325699803144,-47.49713355651169,86.18245925631484,0.8144770600477536
HTDPA_3h_140726,1,550,38.58782566416432,-47.49713355651169,86.08495922067601,0.8124243038425224
HTDPA_3h_140726,1,551,38.595243826117276,-47.333523096346546,85.92876692246382,0.8153892062409414
HTDPA_3h_140726,1,552,38.69169460640568,-47.333523096346546,86.02521770275223,0.8174268906130107
HTDPA_3h_140726,1,553,38.69169460640568,-46.78912099337979,85.48081559978547,0.8269378390733219
HTDPA_3h_140726,1,554,38.62752860613012,-46.78912099337979,85.41664959950991,0.8255664519022604
HTDPA_3h_140726,1,555,38.62752860613012,-47.293974240830806,85.92150284696092,0.8167537033244587
HTDPA_3h_140726,1,556,38.51803183973653,-47.28431815662695,85.80234999636349,0.8146047852936669
HTDPA_3h_140726,1,557,38.51803183973653,-47.329546198444966,85.8475780381815,0.813826350209165
HTDPA_3h_140726,1,558,38.476193699819866,-47.337155134098,85.81334883391787,0.8128117034245815
HTDPA_3h_140726,1,559,38.476193699819866,-47.09461572425142,85.57080942407129,0.8169977206121785
HTDPA_3h_140726,1,560,38.506864240832094,-47.09461572425142,85.60147996508351,0.8176489742754807
HTDPA_3h_140726,1,561,38.506864240832094,-47.42028844263109,85.92715268346319,0.8120335304880647
HTDPA_3h_140726,1,562,39.39227433268463,-47.42028844263109,86.81256277531571,0.8307050763797288
HTDPA_3h_140726,1,563,39.39227433268463,-47.14183221502023,86.53410654770485,0.8356118649146086
HTDPA_3h_140726,1,564,38.28760655984478,-47.1354853207677,85.42309188061247,0.8122883704132653
HTDPA_3h_140726,1,565,38.28760655984478,-47.23049062340553,85.51809718325032,0.8106544322211844
HTDPA_3h_140726,1,566,38.50081084457967,-47.23828299530863,85.7390938398883,0.8150340868317185
HTDPA_3h_140726,1,567,38.50081084457967,-47.035292440977805,85.53610328555747,0.8185515353793616
HTDPA_3h_140726,1,568,39.19896921235766,-47.035292440977805,86.23426165333547,0.8333948228672428
HTDPA_3h_140726,1,569,39.153044112789374,-46.99478237951167,86.14782649230105,0.8331359808543116
HTDPA_3h_140726,1,570,38.430041139301494,-46.99478237951167,85.42482351881316,0.8177512309548614
HTDPA_3h_140726,1,571,38.43704840405428,-46.77096080462256,85.20800920867684,0.8218143853109683
HTDPA_3h_140726,1,572,38.26311415173503,-46.77096080462256,85.03407495635759,0.818095533926969
HTDPA_3h_140726,1,573,38.26311415173503,-46.58613043904896,84.849244590784,0.8213413260798005
HTDPA_3h_140726,1,574,38.19289475520707,-46.58613043904896,84.77902519425604,0.81983402345848
HTDPA_3h_140726,1,575,38.190106524205966,-47.050194801933735,85.2403013261397,0.8116885952326891
HTDPA_3h_140726,1,576,38.07951647776193,-47.050194801933735,85.12971127969567,0.8093381257625927
HTDPA_3h_140726,1,577,38.08742624886508,-47.141648778770154,85.22907502763523,0.807935811231478
HTDPA_3h_140726,1,578,37.952373144111306,-47.13174322126621,85.08411636537753,0.805240174672489
HTDPA_3h_140726,1,579,37.94626838570887,-47.27404572662287,85.22031411233175,0.8026871363019187
HTDPA_3h_140726,1,580,38.30266300725078,-47.27984964957518,85.58251265682597,0.810126582278481
HTDPA_3h_140726,1,581,38.30266300725078,-47.582923021945845,85.88558602919662,0.8049665841164299
HTDPA_3h_140726,1,582,38.3240516740093,-47.582923021945845,85.90697469595514,0.8054160871187708
HTDPA_3h_140726,1,583,38.3240516740093,-47.43844863138832,85.76250030539762,0.8078689919183328
HTDPA_3h_140726,1,584,38.25834480923314,-47.420618627881225,85.67896343711436,0.8067871300763445
HTDPA_3h_140726,1,585,38.25834480923314,-47.33060279124539,85.58894760047852,0.8083215203908131
HTDPA_3h_140726,1,586,38.31880539725721,-47.33594445484752,85.65474985210473,0.8095075705906424
HTDPA_3h_140726,1,587,38.31880539725721,-47.38679298336776,85.70559838062496,0.8086389262659468
HTDPA_3h_140726,1,588,38.129535874431845,-47.38679298336776,85.5163288577996,0.8046447854746129
HTDPA_3h_140726,1,589,38.12888284138158,-47.43162480288561,85.56050764426719,0.8038704767090737
HTDPA_3h_140726,1,590,39.23286823137116,-47.446519826391544,86.67938805776271,0.8268861104023135
HTDPA_3h_140726,1,591,39.296212437246375,-46.88925517356966,86.18546761081603,0.8380643346068056
HTDPA_3h_140726,1,592,38.033554690943625,-46.86455731685982,84.89811200780345,0.8115632979053194
HTDPA_3h_140726,1,593,38.033554690943625,-47.08494496514757,85.11849965609119,0.8077646627620821
HTDPA_3h_140726,1,594,38.00201099338107,-47.08775520849869,85.08976620187977,0.8070465628508499
HTDPA_3h_140726,1,595,38.00201099338107,-47.38800366261824,85.39001465599931,0.8019331488183948
HTDPA_3h_140726,1,596,38.42171313354818,-47.38800366261824,85.80971679616641,0.8107898658718332
HTDPA_3h_140726,1,597,38.42171313354818,-47.28388524707679,85.70559838062496,0.8125752131572883
HTDPA_3h_140726,1,598,37.96437721231609,-47.266708276619944,85.23108548893603,0.8031948615955308
HTDPA_3h_140726,1,599,37.96811197436757,-47.21568364929963,85.1837956236672,0.804141951144464
HTDPA_3h_140726,1,600,37.98304368512352,-47.21568364929963,85.19872733442315,0.8044581958665961
HTDPA_3h_140726,1,601,37.973064753119544,-47.065896944939986,85.03896169805952,0.8068063548760648
HTDPA_3h_140726,1,602,38.20136950996044,-47.074437736743384,85.27580724670383,0.811509841574652
HTDPA_3h_140726,1,603,38.20136950996044,-47.465890694399256,85.6672602043597,0.804817289870598
HTDPA_3h_140726,1,604,38.64326743638639,-47.465890694399256,86.10915813078564,0.8141270893910795
HTDPA_3h_140726,1,605,38.64326743638639,-47.14465713327136,85.78792456965775,0.8196743764017048
HTDPA_3h_140726,1,606,37.84583337006888,-47.13492767456748,84.98076104463635,0.8029254575580753
HTDPA_3h_140726,1,607,37.84583337006888,-47.166420009980015,85.01225338004889,0.8023893558608226
HTDPA_3h_140726,1,608,37.90354241434186,-47.175327674283565,85.07887008862542,0.8034611370596587
HTDPA_3h_140726,1,609,37.90354241434186,-47.070402139241786,84.97394455358364,0.8052521476705703
HTDPA_3h_140726,1,610,37.90273529484154,-47.070402139241786,84.97313743408333,0.8052350006001474
HTDPA_3h_140726,1,611,37.89610957748891,-47.07769556454468,84.9738051420336,0.8049695109976741
HTDPA_3h_140726,1,612,37.948557670109786,-47.07769556454468,85.02625323465446,0.8060835861874627
HTDPA_3h_140726,1,613,37.95479450261227,-46.91543519518007,84.87022969779235,0.809004421353244
HTDPA_3h_140726,1,614,37.71467645126666,-46.91543519518007,84.63011164644674,0.8038863178901372
HTDPA_3h_140726,1,615,37.71467645126666,-46.839162402399715,84.55383885366638,0.8051953646663507
HTDPA_3h_140726,1,616,37.96609417561677,-46.839162402399715,84.80525657801648,0.810563046568733
HTDPA_3h_140726,1,617,37.9586540013138,-46.95680373829655,84.91545773961036,0.8083738879006339
HTDPA_3h_140726,1,618,37.93267942830346,-46.95680373829655,84.8894831666,0.8078207290196524
HTDPA_3h_140726,1,619,37.935827194354715,-46.833916125647626,84.76974332000233,0.8100075828077068
HTDPA_3h_140726,1,620,37.68198811150365,-46.833916125647626,84.51590423715128,0.8045875986626685
HTDPA_3h_140726,1,621,37.68198811150365,-46.736658225858896,84.41864633736255,0.8062619267599798
HTDPA_3h_140726,1,622,38.020171182138306,-46.736658225858896,84.7568294079972,0.8134978542625486
HTDPA_3h_140726,1,623,38.020171182138306,-47.10470471800544,85.12487590014375,0.807141694438971
HTDPA_3h_140726,1,624,38.34261542251669,-47.10470471800544,85.44732014052212,0.8139869605818905
HTDPA_3h_140726,1,625,38.34261542251669,-46.976776277204515,85.3193916997212,0.816203632115183
HTDPA_3h_140726,1,626,38.01427187233596,-46.96417053809949,84.97844241043545,0.8094313481273355
HTDPA_3h_140726,1,627,38.01427187233596,-47.03551990192789,85.04979177426385,0.8082035013453276
HTDPA_3h_140726,1,628,38.12469315742992,-47.03811735922893,85.16281051665885,0.8105063573499889
HTDPA_3h_140726,1,629,38.12469315742992,-47.322223423342045,85.44691658077195,0.8056403609012298
HTDPA_3h_140726,1,630,38.079090905661765,-47.322223423342045,85.40131432900381,0.8046767068615581
HTDPA_3h_140726,1,631,38.079090905661765,-46.977986956455,85.05707786211676,0.8105730656564354
HTDPA_3h_140726,1,632,38.11136101077461,-46.97133188930234,85.08269290007695,0.8113749275960902
HTDPA_3h_140726,1,633,38.11136101077461,-46.82417199204374,84.93553300281835,0.8139249321322843
HTDPA_3h_140726,1,634,37.96730485486725,-46.825441370894254,84.7927462257615,0.8108264170781946
HTDPA_3h_140726,1,635,37.96730485486725,-47.13698949801829,85.10429435288555,0.8054673253255483
HTDPA_3h_140726,1,636,38.248182440979086,-47.13698949801829,85.38517193899737,0.8114260763850245
HTDPA_3h_140726,1,637,38.24355251002725,-46.881051904466396,85.12460441449365,0.8157571333501532
HTDPA_3h_140726,1,638,38.14458498438784,-46.881051904466396,85.02563688885424,0.8136460986864882
HTDPA_3h_140726,1,639,38.15173166069068,-46.68177409983704,84.83350576052771,0.817272530797493
HTDPA_3h_140726,1,640,38.259078554233426,-46.68177409983704,84.94085265407047,0.8195720769397019
HTDPA_3h_140726,1,641,38.259078554233426,-47.17855615228484,85.43763470651827,0.8109421244418594
HTDPA_3h_140726,1,642,38.3393869445154,-47.17855615228484,85.51794309680024,0.812644346740116
HTDPA_3h_140726,1,643,38.33374444546315,-47.21698971540015,85.5507341608633,0.8118633711407555
HTDPA_3h_140726,1,644,38.411902962894274,-47.21698971540015,85.62889267829442,0.813518676104122
HTDPA_3h_140726,1,645,38.41848465554689,-47.28872796407871,85.70721261962561,0.8124237278010565
HTDPA_3h_140726,1,646,37.985061483874325,-47.28872796407871,85.27378944795304,0.8032582629993431
HTDPA_3h_140726,1,647,37.985061483874325,-47.118829309261066,85.10389079313539,0.8061546103907228
HTDPA_3h_140726,1,648,37.92937023835215,-47.118829309261066,85.04819954761322,0.8049726785316639
HTDPA_3h_140726,1,649,37.92937023835215,-47.37024703361117,85.29961727196331,0.8007002836915685
HTDPA_3h_140726,1,650,39.39630993018623,-47.37024703361117,86.7665569637974,0.8316678167676199
HTDPA_3h_140726,1,651,39.3271471264587,-47.243903482010865,86.57105060846956,0.8324279796531495
HTDPA_3h_140726,1,652,38.109159775773726,-47.243903482010865,85.35306325778458,0.8066471431659877
HTDPA_3h_140726,1,653,38.11379704417557,-47.05143483098424,85.1652318751598,0.8100453722843097
HTDPA_3h_140726,1,654,37.99918607512995,-47.05143483098424,85.05062090611419,0.8076095067372266
HTDPA_3h_140726,1,655,37.99918607512995,-47.191470064289994,85.19065613941994,0.8052130188646975
HTDPA_3h_140726,1,656,38.204194428211565,-47.191470064289994,85.39566449250157,0.8095572012519453
HTDPA_3h_140726,1,657,38.204194428211565,-46.989286629459485,85.19348105767105,0.813040528354389
HTDPA_3h_140726,1,658,38.19494924120789,-46.97790624450495,85.17285548571283,0.8130406885827438
HTDPA_3h_140726,1,659,38.207019346462694,-46.871447182412574,85.07846652887527,0.8151448620259157
HTDPA_3h_140726,1,660,37.91322784834571,-46.871447182412574,84.78467503075828,0.8088768349907441
HTDPA_3h_140726,1,661,37.906910303893206,-47.016031634720136,84.92294193861335,0.8062549940071915
HTDPA_3h_140726,1,662,38.18926271745563,-47.032871082476845,85.22213379993246,0.8119696254665579
HTDPA_3h_140726,1,663,38.18926271745563,-46.94247369844084,85.13173641589647,0.8135332399136872
HTDPA_3h_140726,1,664,39.06296957655351,-46.94247369844084,86.00544327499435,0.8321455283224871
HTDPA_3h_140726,1,665,39.01492395393438,-47.10431583315528,86.11923978708967,0.8282664393667506
HTDPA_3h_140726,1,666,38.187112844604776,-47.10431583315528,85.29142867776005,0.8106924422777846
HTDPA_3h_140726,1,667,38.18926271745563,-46.99372578671125,85.18298850416687,0.8126459879087662
HTDPA_3h_140726,1,668,38.0447883268981,-46.99372578671125,85.03851411360935,0.809571654300632
HTDPA_3h_140726,1,669,38.0447883268981,-47.11116167400801,85.1559500009061,0.8075536024807477
HTDPA_3h_140726,1,670,37.95439094286211,-47.11116167400801,85.06555261687012,0.8056347921431571
HTDPA_3h_140726,1,671,37.95439094286211,-47.09622996325208,85.05062090611419,0.8058902161059792
HTDPA_3h_140726,1,672,38.12638810838059,-47.08415252054726,85.21054062892784,0.809749906653676
HTDPA_3h_140726,1,673,38.12638810838059,-46.83212578784691,84.9585138962275,0.8141075696861599
HTDPA_3h_140726,1,674,38.129535874431845,-46.83431968539778,84.96385555982963,0.8141366444641673
HTDPA_3h_140726,1,675,38.129535874431845,-47.04497787498166,85.1745137494135,0.8104911001501179
HTDPA_3h_140726,1,676,38.20419442821157,-47.04497787498166,85.24917230319323,0.8120780613339053
HTDPA_3h_140726,1,677,38.20419442821157,-46.95619472994631,85.16038915815788,0.8136135103777233
HTDPA_3h_140726,1,678,38.146522071188606,-46.94515186769192,85.09167393888052,0.81257639082091
HTDPA_3h_140726,1,679,38.146522071188606,-46.867140099260844,85.01366217044945,0.8139289487346002
HTDPA_3h_140726,1,680,37.9257382006007,-46.87306142141321,84.79879962201392,0.8091158770200345
HTDPA_3h_140726,1,681,37.9257382006007,-46.9953400257119,84.9210782263126,0.8070106138151341
HTDPA_3h_140726,1,682,38.108954327173656,-46.9953400257119,85.10429435288555,0.8109092158142411
HTDPA_3h_140726,1,683,38.108954327173656,-47.22214060530221,85.33109493247586,0.8070145452680876
HTDPA_3h_140726,1,684,38.112681751775135,-47.210826257397706,85.32350800917284,0.8072869037279995
HTDPA_3h_140726,1,685,38.112681751775135,-47.31305161083839,85.42573336261353,0.8055426664350762
HTDPA_3h_140726,1,686,38.49354676907678,-47.31536290758931,85.80890967666609,0.8135528167512475
HTDPA_3h_140726,1,687,38.49354676907678,-47.02520344722379,85.51875021630056,0.8185726790587508
HTDPA_3h_140726,1,688,38.366021888026005,-47.02520344722379,85.3912253352498,0.8158608379245833
HTDPA_3h_140726,1,689,38.366021888026005,-47.08573740974789,85.45175929777389,0.8148119579005108
HTDPA_3h_140726,1,690,38.411220580043995,-47.08573740974789,85.4969579897919,0.8157718811066541
HTDPA_3h_140726,1,691,38.411220580043995,-47.04578499448198,85.45700557452597,0.8164646542628476
HTDPA_3h_140726,1,692,38.18723024380481,-47.0335241155271,85.22075435933192,0.8119151384447955
HTDPA_3h_140726,1,693,38.18723024380481,-46.94098419609024,85.12821443989506,0.8135157559603419
HTDPA_3h_140726,1,694,38.3087164035032,-46.954580490945666,85.26329689444887,0.815867504361802
HTDPA_3h_140726,1,695,38.3087164035032,-47.02116784972218,85.32988425322537,0.814712142538364
HTDPA_3h_140726,1,696,38.24358185982725,-47.00951597911754,85.2530978389448,0.8135285178604207
HTDPA_3h_140726,1,697,38.24358185982725,-46.864997563859994,85.10857942368725,0.8160372100247124
HTDPA_3h_140726,1,698,38.275220944239855,-46.87064006291225,85.1458610071521,0.8166140017047949
HTDPA_3h_140726,1,699,38.275220944239855,-46.84319799990132,85.11841894414118,0.8170923971570107
HTDPA_3h_140726,1,700,38.31598047900608,-46.84319799990132,85.15917847890739,0.8179625242300237
HTDPA_3h_140726,1,701,38.31598047900608,-47.10672251675624,85.42270299576232,0.8133866767185252
HTDPA_3h_140726,1,702,38.23284717047298,-47.10672251675624,85.33956968722921,0.8116218902062916
HTDPA_3h_140726,1,703,38.23284717047298,-46.80284202488526,85.03568919535823,0.8168915714593661
HTDPA_3h_140726,1,704,38.33805886606488,-46.78754344162916,85.12560230769404,0.8194073902147561
HTDPA_3h_140726,1,705,38.33805886606488,-46.68173741258703,85.01979627865191,0.8212646099099044
HTDPA_3h_140726,1,706,38.44189112105621,-46.68984529484026,85.13173641589647,0.8233458662863562
HTDPA_3h_140726,1,707,38.44189112105621,-46.94650929594245,85.38840041699865,0.8188445040444937
HTDPA_3h_140726,1,708,38.624703687879006,-46.94650929594245,85.57121298382145,0.8227385649568905
HTDPA_3h_140726,1,709,38.624703687879006,-47.33594445484752,85.96064814272653,0.8159698540444686
HTDPA_3h_140726,1,710,38.333979243863254,-47.31900962024077,85.65298886410403,0.8101179536831609
HTDPA_3h_140726,1,711,38.333979243863254,-47.80665654743493,86.1406357912982,0.8018544280716922
HTDPA_3h_140726,1,712,38.38902479378516,-47.812144960037124,86.20116975382228,0.8029136702792126
HTDPA_3h_140726,1,713,38.38902479378516,-47.414235046378685,85.80325984016385,0.8096518852668312
HTDPA_3h_140726,1,714,38.444312479557176,-47.414235046378685,85.85854752593586,0.8108179419525066
HTDPA_3h_140726,1,715,38.444312479557176,-47.76048931201655,86.20480179157373,0.8049396694494203
HTDPA_3h_140726,1,716,38.41525617754561,-47.76048931201655,86.17574548956216,0.8043312941494575
HTDPA_3h_140726,1,717,38.41525617754561,-47.30608103333563,85.72133721088125,0.8120574636160447
HTDPA_3h_140726,1,718,38.32881367906118,-47.29913980563287,85.62795348469405,0.8103490642021483
HTDPA_3h_140726,1,719,38.32881367906118,-46.47335383250405,84.80216751156523,0.8247481732694213
HTDPA_3h_140726,1,720,38.38377851703308,-46.477976426005895,84.86175494303897,0.8258487453329862
HTDPA_3h_140726,1,721,38.38377851703308,-46.79678862863284,85.18056714566592,0.8202224905139704
HTDPA_3h_140726,1,722,38.12832519518136,-46.79678862863284,84.9251138238142,0.8147637116246982
HTDPA_3h_140726,1,723,38.12832519518136,-46.53972106778049,84.66804626296185,0.8192641537247556
HTDPA_3h_140726,1,724,38.45633856011197,-46.53011634572666,84.98645490583863,0.8264827509644475
HTDPA_3h_140726,1,725,38.474175901069074,-46.405335670976974,84.87951157204606,0.8290894860422647
HTDPA_3h_140726,1,726,37.90556021309266,-46.405335670976974,84.31089588406964,0.8168362466301418
HTDPA_3h_140726,1,727,37.90332962829177,-46.45087188569511,84.35420151398688,0.8159874742838656
HTDPA_3h_140726,1,728,38.34826525901894,-46.46102691649915,84.8092921755181,0.825385657702731
HTDPA_3h_140726,1,729,38.34826525901894,-47.02560700697396,85.3738722659929,0.8154762415577504
HTDPA_3h_140726,1,730,38.15173166069068,-47.02560700697396,85.17733866766463,0.8112969526375859
HTDPA_3h_140726,1,731,38.14546547838819,-47.32763846144421,85.4731039398324,0.8059870874280715
HTDPA_3h_140726,1,732,38.39763896008859,-47.32763846144421,85.72527742153281,0.8113153372604783
HTDPA_3h_140726,1,733,38.40153514604014,-47.167256479280354,85.5687916253205,0.8141566419685482
HTDPA_3h_140726,1,734,38.13074655368233,-47.167256479280354,85.29800303296268,0.8084156128612741
HTDPA_3h_140726,1,735,38.13074655368233,-48.13822123816696,86.26896779184929,0.7921095872036483
HTDPA_3h_140726,1,736,38.218722579217356,-48.13822123816696,86.35694381738432,0.7939371583783238
HTDPA_3h_140726,1,737,38.218722579217356,-47.492929197660025,85.71165177687737,0.804724476356375
HTDPA_3h_140726,1,738,39.055778875550644,-47.48034547090501,86.53612434645565,0.8225672852250672
HTDPA_3h_140726,1,739,39.104939790570214,-46.49492593551265,85.59986572608287,0.8410582231017603
HTDPA_3h_140726,1,740,38.28692417699451,-46.49492593551265,84.78185011250716,0.8234645696628824
HTDPA_3h_140726,1,741,38.27886031944129,-46.417237014881714,84.69609733432301,0.82466908375371
HTDPA_3h_140726,1,742,38.23042581197202,-46.43802401073999,84.668449822712,0.8232569457117781
HTDPA_3h_140726,1,743,38.23042581197202,-46.7233407541036,84.95376656607561,0.8182297154899895
HTDPA_3h_140726,1,744,38.430995007801876,-46.7233407541036,85.15433576190549,0.8225224135846188
HTDPA_3h_140726,1,745,38.430995007801876,-47.01592157297009,85.44691658077197,0.8174038436778452
HTDPA_3h_140726,1,746,38.201464896810485,-47.00147413391434,85.20293903072482,0.8127716332464107
HTDPA_3h_140726,1,747,38.201464896810485,-46.86802059326121,85.06948549007168,0.8150859458806157
HTDPA_3h_140726,1,748,38.29903096949934,-46.87306142141321,85.17209239091255,0.8170797854480023
HTDPA_3h_140726,1,749,38.29903096949934,-46.7705572448724,85.06958821437175,0.8188705293584712
HTDPA_3h_140726,1,750,38.16948828969776,-46.7705572448724,84.94004553457016,0.8161007808792442
HTDPA_3h_140726,1,751,38.16489504599593,-47.080747943745905,85.24564298974184,0.810626353931271
HTDPA_3h_140726,1,752,38.88459616698248,-47.08936944749933,85.97396561448181,0.8257616660239107
HTDPA_3h_140726,1,753,38.88459616698248,-46.674510024334154,85.55910619131663,0.8331013254710048
HTDPA_3h_140726,1,754,38.1515408869906,-46.66855935238178,84.82010023937238,0.8174998632145155
HTDPA_3h_140726,1,755,38.153345899691324,-46.596219432802975,84.7495653324943,0.8188077565973516
HTDPA_3h_140726,1,756,38.23284717047298,-46.596219432802975,84.82906660327595,0.8205139308696293
HTDPA_3h_140726,1,757,38.23284717047298,-47.15878172452697,85.39162889499994,0.8107259299827996
HTDPA_3h_140726,1,758,38.150117421690034,-47.15878172452697,85.308899146217,0.8089716491095955
HTDPA_3h_140726,1,759,38.150117421690034,-46.97354779920322,85.12366522089326,0.8121617209917695
HTDPA_3h_140726,1,760,37.97770202152139,-46.957302684896746,84.93500470641814,0.8087709440290416
HTDPA_3h_140726,1,761,37.97770202152139,-46.925986448284284,84.90368846980567,0.8093106804131964
HTDPA_3h_140726,1,762,38.0827229434132,-46.92955978643572,85.01228272984892,0.8114868990188235
HTDPA_3h_140726,1,763,38.0827229434132,-47.15353544777488,85.23625839118807,0.8076323987538941
HTDPA_3h_140726,1,764,37.94026635160648,-47.15353544777488,85.09380179938137,0.8046112765738934
HTDPA_3h_140726,1,765,37.94026635160648,-46.86418310690968,84.80444945851616,0.8095791676354335
HTDPA_3h_140726,1,766,38.04034916964634,-46.86418310690968,84.90453227655601,0.8117147605638655
HTDPA_3h_140726,1,767,38.04034916964634,-46.67935274133608,84.71970191098242,0.8149288054707832
HTDPA_3h_140726,1,768,37.90156864029108,-46.672844423183484,84.57441306347457,0.8120689687698677
HTDPA_3h_140726,1,769,37.90156864029108,-46.76576589002048,84.66733453031156,0.8104554243679999
HTDPA_3h_140726,1,770,38.27562450399001,-46.77096080462256,85.04658530861258,0.8183630151170013
HTDPA_3h_140726,1,771,38.27562450399001,-46.65957831357821,84.93520281756821,0.820316554229372
HTDPA_3h_140726,1,772,38.14971386193988,-46.65957831357821,84.8092921755181,0.8176180591593151
HTDPA_3h_140726,1,773,38.14634597238854,-46.673754266983856,84.8201002393724,0.8172975705828865
HTDPA_3h_140726,1,774,37.99058658372652,-46.673754266983856,84.66434085071037,0.8139603762408363
HTDPA_3h_140726,1,775,37.996764716628974,-46.63778608706953,84.6345508036985,0.814720592561826
HTDPA_3h_140726,1,776,37.912017169095236,-46.63778608706953,84.54980325616476,0.8129034491113304
HTDPA_3h_140726,1,777,37.912017169095236,-46.67087798658272,84.58289515567796,0.8123270614277807
HTDPA_3h_140726,1,778,38.10451516992188,-46.67087798658272,84.7753931565046,0.8164516463752074
HTDPA_3h_140726,1,779,38.10451516992188,-46.67975630108624,84.78427147100813,0.816296360335437
HTDPA_3h_140726,1,780,38.11447208957584,-46.66163279957903,84.77610488915488,0.816826797580896
HTDPA_3h_140726,1,781,38.11447208957584,-46.3290408658466,84.44351295542245,0.8226907222176819
HTDPA_3h_140726,1,782,38.01048574813444,-46.33915187195063,84.34963762008508,0.8202671868740529
HTDPA_3h_140726,1,783,38.01048574813444,-46.44004180949079,84.45052755762524,0.8184851750147729
HTDPA_3h_140726,1,784,37.91807056534765,-46.44004180949079,84.35811237483844,0.8164951857902605
HTDPA_3h_140726,1,785,37.91807056534765,-46.33551983419918,84.25359039954682,0.8183370058440823
HTDPA_3h_140726,1,786,38.043577647647616,-46.33551983419918,84.3790974818468,0.8210456639696211
HTDPA_3h_140726,1,787,38.043577647647616,-46.31857032469244,84.36214797234005,0.8213461119581789
HTDPA_3h_140726,1,788,38.17020735979804,-46.30092375743541,84.47113111723345,0.8243940781779399
HTDPA_3h_140726,1,789,38.17020735979804,-46.41879255428234,84.58899991408038,0.8223007376842393
HTDPA_3h_140726,1,790,37.99232555937721,-46.42632077798533,84.41864633736253,0.8183359121016671
HTDPA_3h_140726,1,791,37.99232555937721,-46.32825575869629,84.3205813180735,0.8200681190602704
HTDPA_3h_140726,1,792,38.052052402400996,-46.32825575869629,84.38030816109728,0.8213573288965933
HTDPA_3h_140726,1,793,38.052052402400996,-46.500979331765066,84.55303173416607,0.818306473309207
HTDPA_3h_140726,1,794,38.14446758518779,-46.500979331765066,84.64544691695286,0.8202938547389066
HTDPA_3h_140726,1,795,38.14446758518779,-46.38435056396862,84.52881814915641,0.8223564008421933
HTDPA_3h_140726,1,796,37.90576566169274,-46.37368191166438,84.27944757335712,0.8173982332025764
HTDPA_3h_140726,1,797,37.90576566169274,-46.21991830940316,84.1256839710959,0.8201175391082646
HTDPA_3h_140726,1,798,38.02864593689168,-46.22575158215548,84.25439751904716,0.822672312191715
HTDPA_3h_140726,1,799,38.02864593689168,-46.99372578671126,85.02237172360293,0.8092281533388294
HTDPA_3h_140726,1,800,38.01371422613573,-46.99372578671126,85.00744001284698,0.8089104149491618
HTDPA_3h_140726,1,801,38.01371422613573,-46.95982676769776,84.9735409938335,0.8094943453301708
HTDPA_3h_140726,1,802,37.944067150708,-46.94594431229223,84.89001146300023,0.8082501631727281
HTDPA_3h_140726,1,803,37.944067150708,-46.466574028701366,84.41064117940937,0.8165884389770331
HTDPA_3h_140726,1,804,37.95640874161291,-46.47111591025317,84.42752465186608,0.8167742047536756
HTDPA_3h_140726,1,805,37.95640874161291,-46.660788992828685,84.61719773444159,0.8134540705568962
HTDPA_3h_140726,1,806,40.16710905299313,-46.660788992828685,86.82789804582183,0.8608321873675654
HTDPA_3h_140726,1,807,40.16710905299313,-46.64908576007403,86.81619481306717,0.8610481512881292
HTDPA_3h_140726,1,808,38.07649344836073,-46.62940671916619,84.70590016752692,0.8165768369664901
HTDPA_3h_140726,1,809,38.07649344836073,-46.28067239542735,84.35716584378808,0.8227299102966962
HTDPA_3h_140726,1,810,37.99716827637914,-46.28628554467958,84.28345382105871,0.8209163433453943
HTDPA_3h_140726,1,811,37.99716827637914,-46.52438579727437,84.5215540736535,0.816715097367394
HTDPA_3h_140726,1,812,38.59443670661695,-46.52438579727437,85.11882250389132,0.8295528472914953
HTDPA_3h_140726,1,813,38.59443670661695,-46.932384704686825,85.52682141130379,0.8223412671115087
HTDPA_3h_140726,1,814,37.981810993523034,-46.92264057108295,84.90445156460598,0.8094559583871781
HTDPA_3h_140726,1,815,37.981810993523034,-46.45624289909725,84.43805389262027,0.8175824953390949
HTDPA_3h_140726,1,816,37.97012977311837,-46.45941267749851,84.42954245061688,0.8172752857788124
HTDPA_3h_140726,1,817,37.97012977311837,-47.18582022778774,85.1559500009061,0.8046936471554172
HTDPA_3h_140726,1,818,37.93784499310553,-47.18582022778774,85.12366522089326,0.804009442030721
HTDPA_3h_140726,1,819,37.93784499310553,-46.75723977311709,84.69508476622262,0.8113790543922945
HTDPA_3h_140726,1,820,38.22614807862031,-46.74648307141281,84.97263115003312,0.8177331334257529
HTDPA_3h_140726,1,821,38.22614807862031,-46.6171091529613,84.84325723158162,0.8200025435552355
HTDPA_3h_140726,1,822,37.930177357852465,-46.627697093315525,84.55787445116799,0.8134688119368879
HTDPA_3h_140726,1,823,37.930177357852465,-46.69832004959364,84.6284974074461,0.8122385841197413
HTDPA_3h_140726,1,824,37.995150477628336,-46.69832004959364,84.69347052722198,0.8136299215320265
HTDPA_3h_140726,1,825,37.993169366127546,-47.007373443716695,85.00054280984423,0.8082385077655505
HTDPA_3h_140726,1,826,37.79135280379719,-47.01471089371962,84.8060636975168,0.8038197424892702
HTDPA_3h_140726,1,827,37.7938842240482,-46.84377765845156,84.63766188249976,0.8068069253426111
HTDPA_3h_140726,1,828,37.905061266492474,-46.831509442046666,84.73657070853915,0.8093922599996366
HTDPA_3h_140726,1,829,37.905061266492474,-46.416708718481516,84.321769984974,0.8166253556749921
HTDPA_3h_140726,1,830,38.00241455313124,-46.42147806098342,84.42389261411466,0.818638616013214
HTDPA_3h_140726,1,831,38.00241455313124,-46.44205960824161,84.44447416137285,0.8182758231158923
HTDPA_3h_140726,1,832,37.927755999351504,-46.44205960824161,84.36981560759311,0.8166682597474821
HTDPA_3h_140726,1,833,37.927755999351504,-46.459816237248674,84.38757223660018,0.8163561346362649
HTDPA_3h_140726,1,834,37.739293596026464,-46.459816237248674,84.19910983327514,0.8122996742671009
HTDPA_3h_140726,1,835,37.739293596026464,-46.36376901671043,84.10306261273689,0.8139824349143071
HTDPA_3h_140726,1,836,37.680065699602885,-46.35392949625651,84.0339951958594,0.8128774865277794
HTDPA_3h_140726,1,837,37.680065699602885,-45.93366970988918,83.61373540949207,0.8203147263779502
HTDPA_3h_140726,1,838,37.68723438825574,-45.93882059979123,83.62605498804697,0.8203787971959169
HTDPA_3h_140726,1,839,37.68723438825574,-46.74634365986275,84.43357804811849,0.806207104933742
HTDPA_3h_140726,1,840,37.7215369670194,-46.74634365986275,84.46788062688215,0.8069409073250746
HTDPA_3h_140726,1,841,37.720539073819005,-46.36021035345902,84.08074942727802,0.8136403779497651
HTDPA_3h_140726,1,842,37.57672505376174,-46.36021035345902,83.93693540722076,0.8105382777012804
HTDPA_3h_140726,1,843,37.584326651964766,-46.221715984653876,83.80604263661864,0.8131313572270484
HTDPA_3h_140726,1,844,37.60692599797376,-46.221715984653876,83.82864198262763,0.8136202907408214
HTDPA_3h_140726,1,845,37.60692599797376,-46.64383948332193,84.2507654812957,0.8062570837767454
HTDPA_3h_140726,1,846,37.76229650178562,-46.64383948332193,84.40613598510755,0.8095880810859918
HTDPA_3h_140726,1,847,37.76229650178562,-47.204383976295134,84.96668047808075,0.7999743523980507
HTDPA_3h_140726,1,848,37.64317300098819,-47.1947719167913,84.83794491777948,0.7976131989228924
HTDPA_3h_140726,1,849,37.64317300098819,-46.638446457569806,84.281619458558,0.8071275065998342
HTDPA_3h_140726,1,850,37.530249645443234,-46.64545372232258,84.1757033677658,0.8045853700739717
HTDPA_3h_140726,1,851,37.530249645443234,-46.8762898994145,84.40653954485774,0.8006232943343923
HTDPA_3h_140726,1,852,37.520967771189525,-46.8762898994145,84.39725767060403,0.8004252864657314
HTDPA_3h_140726,1,853,37.517849354938285,-46.59219117275138,84.11004052768966,0.8052389984371445
HTDPA_3h_140726,1,854,37.555358399353224,-46.59219117275138,84.1475495721046,0.806044048456704
HTDPA_3h_140726,1,855,37.563745104706555,-46.56110973453901,84.12485483924556,0.8067622382471221
HTDPA_3h_140726,1,856,37.58513377146508,-46.56110973453901,84.14624350600408,0.8072216058799055
HTDPA_3h_140726,1,857,37.58513377146508,-46.76329316936951,84.3484269408346,0.8037315429291402
HTDPA_3h_140726,1,858,37.828076741061814,-46.76329316936951,84.59136991043133,0.8089267067666576
HTDPA_3h_140726,1,859,37.828076741061814,-48.21530115044764,86.04337789150945,0.7845658087465998
HTDPA_3h_140726,1,860,37.58029105446315,-48.21530115044764,85.79559220491079,0.7794266582967149
HTDPA_3h_140726,1,861,37.58029105446315,-46.672088665833186,84.25237972029635,0.805198398630362
HTDPA_3h_140726,1,862,37.70513042881285,-46.662748091979466,84.36787852079232,0.8080349308722716
HTDPA_3h_140726,1,863,37.70513042881285,-47.124391096363276,84.82952152517612,0.8001192068818618
HTDPA_3h_140726,1,864,37.48787587167636,-47.13133966151606,84.61921553319242,0.7953916892858058
HTDPA_3h_140726,1,865,37.48787587167636,-47.58574794019697,85.07362381187332,0.7877962939405506
HTDPA_3h_140726,1,866,37.512896576186314,-47.58574794019697,85.09864451638327,0.7883220964253912
HTDPA_3h_140726,1,867,37.512896576186314,-47.65031750022268,85.16321407640899,0.7872538640694474
HTDPA_3h_140726,1,868,37.545849064149444,-47.63677990496729,85.18262896911673,0.7881693334236972
HTDPA_3h_140726,1,869,37.545849064149444,-47.274368574422994,84.82021763857244,0.7942115399181238
HTDPA_3h_140726,1,870,37.40030340589149,-47.2806567690755,84.680960174967,0.791027577906947
HTDPA_3h_140726,1,871,37.40030340589149,-47.926755929082745,85.32705933497424,0.7803637588413609
HTDPA_3h_140726,1,872,37.43178106640402,-47.926755929082745,85.35853699548676,0.7810205456382622
HTDPA_3h_140726,1,873,37.42853791350273,-47.29658637303184,84.72512428653457,0.791358125051583
HTDPA_3h_140726,1,874,37.28457714444541,-47.29658637303184,84.58116351747725,0.7883143373261456
HTDPA_3h_140726,1,875,37.28649955634617,-46.11154417286,83.39804372920617,0.8086152876721918
HTDPA_3h_140726,1,876,37.4269383494021,-46.11154417286,83.5384825222621,0.8116609196408255
HTDPA_3h_140726,1,877,37.4269383494021,-47.004621899965585,84.43156024936769,0.7962395363811979
HTDPA_3h_140726,1,878,37.292552952598584,-47.004621899965585,84.29717485256417,0.7933805537669029
HTDPA_3h_140726,1,879,37.292552952598584,-46.36619037521139,83.65874332780997,0.8043048749706249
HTDPA_3h_140726,1,880,37.39270180768846,-46.354457792656724,83.74715960034519,0.8066689502646293
HTDPA_3h_140726,1,881,37.39270180768846,-45.95348082489707,83.34618263258554,0.8137077134629054
HTDPA_3h_140726,1,882,37.28690311609634,-45.95496298979766,83.24186610589399,0.8113792437255212
HTDPA_3h_140726,1,883,37.28690311609634,-46.62002945806246,83.9069325741588,0.7998043662678971
HTDPA_3h_140726,1,884,37.655353167993034,-46.62002945806246,84.27538262605549,0.807707622790464
HTDPA_3h_140726,1,885,37.655353167993034,-46.3403625512011,83.99571571919414,0.8125821874265211
HTDPA_3h_140726,1,886,38.218722579217356,-46.3403625512011,84.55908513041845,0.824739395100541
HTDPA_3h_140726,1,887,38.218722579217356,-47.760892871766714,85.97961545098407,0.8002095497215862
HTDPA_3h_140726,1,888,37.58778992836614,-47.75247681661336,85.3402667449795,0.7871380174208918
HTDPA_3h_140726,1,889,37.58778992836614,-47.4165390056796,85.00432893404574,0.7927147513626803
HTDPA_3h_140726,1,890,37.45236261366221,-47.427148958383825,84.87951157204603,0.7896819318936028
HTDPA_3h_140726,1,891,37.45236261366221,-47.94410899833966,85.39647161200187,0.7811671422438826
HTDPA_3h_140726,1,892,37.40595324239374,-47.94410899833966,85.3500622407334,0.7801991532200367
HTDPA_3h_140726,1,893,37.40595324239374,-47.93523068383613,85.34118392622987,0.7803436576556857
HTDPA_3h_140726,1,894,37.39751517489038,-47.91994677548004,85.31746195037042,0.7804164589353458
HTDPA_3h_140726,1,895,37.39751517489038,-47.37500903866306,84.77252421355344,0.7893933095478677
HTDPA_3h_140726,1,896,37.47455839992105,-47.376703989613745,84.8512623895348,0.7909912519059259
HTDPA_3h_140726,1,897,37.47455839992105,-47.61157576420726,85.08613416412831,0.7870892277439204
HTDPA_3h_140726,1,898,37.58715157021589,-47.61157576420726,85.19872733442315,0.7894540553827376
HTDPA_3h_140726,1,899,37.58715157021589,-47.35127972535363,84.93843129556952,0.7937937852625836
HTDPA_3h_140726,1,900,37.57895563856262,-47.3389381344487,84.91789377301131,0.7938275998467377
HTDPA_3h_140726,1,901,37.57895563856262,-46.80864594783756,84.38760158640018,0.8028208224702699
HTDPA_3h_140726,1,902,37.53711016119597,-46.81010610038814,84.34721626158411,0.801901838904072
HTDPA_3h_140726,1,903,37.53711016119597,-47.54660264443139,85.08371280562736,0.7894803850005944
HTDPA_3h_140726,1,904,37.52298556994033,-47.54660264443139,85.06958821437172,0.7891833166409207
HTDPA_3h_140726,1,905,37.51872984893865,-48.68028269458278,86.19901254352143,0.7707171727890108
HTDPA_3h_140726,1,906,37.65262363659195,-48.68028269458278,86.33290633117473,0.7734676454699798
HTDPA_3h_140726,1,907,37.663827922746414,-46.42793501698598,84.09176293973239,0.8112320289275593
HTDPA_3h_140726,1,908,37.49271858867829,-46.42793501698598,83.92065360566426,0.8075465465987518
HTDPA_3h_140726,1,909,37.49271858867829,-47.00785037796688,84.50056896664518,0.7975841968355897
HTDPA_3h_140726,1,910,38.283292139243066,-47.00785037796688,85.29114251720995,0.814402101594224
HTDPA_3h_140726,1,911,38.25209330183065,-46.38336734566823,84.63546064749889,0.8246941843777763
HTDPA_3h_140726,1,912,37.56513188275712,-46.38336734566823,83.94849922842536,0.8098836723691504
HTDPA_3h_140726,1,913,37.57020206070914,-46.22696226140597,83.79716432211512,0.8127335265565525
HTDPA_3h_140726,1,914,37.452362613662224,-46.22696226140597,83.6793248750682,0.8101843768551173
HTDPA_3h_140726,1,915,37.452362613662224,-46.36941885321267,83.8217814668749,0.8076953203192315
HTDPA_3h_140726,1,916,37.70902661476441,-46.36941885321267,84.07844546797708,0.8132305201869436
HTDPA_3h_140726,1,917,37.70902661476441,-46.30605997243745,84.01508658720186,0.8143432336331311
HTDPA_3h_140726,1,918,38.03038491254237,-46.29349825803245,84.32388317057482,0.821505963981533
HTDPA_3h_140726,1,919,38.06012359740421,-46.327448639195964,84.38757223660016,0.8215458592123488
HTDPA_3h_140726,1,920,37.59683700421974,-46.327448639195964,83.92428564341571,0.8115455978814778
HTDPA_3h_140726,1,921,37.5929554931682,-46.457857138097886,84.05081263126608,0.8091840177092455
HTDPA_3h_140726,1,922,37.806284514553134,-46.46950167125253,84.27578618580566,0.8135719806511562
HTDPA_3h_140726,1,923,37.806284514553134,-46.77217148387304,84.57845599842616,0.8083072330218551
HTDPA_3h_140726,1,924,37.65454604849272,-46.77217148387304,84.42671753236576,0.8050630290166438
HTDPA_3h_140726,1,925,37.650891998391266,-47.922617607281104,85.57350960567237,0.7856601721328093
HTDPA_3h_140726,1,926,37.645638384189176,-47.922617607281104,85.56825599147028,0.7855505451035609
HTDPA_3h_140726,1,927,37.65535316799305,-45.987651329560684,83.64300449755373,0.8188144442981878
HTDPA_3h_140726,1,928,37.698937621010394,-45.987651329560684,83.68658895057108,0.8197621868281336
HTDPA_3h_140726,1,929,37.698937621010394,-46.47676574675541,84.1757033677658,0.8111351341964279
HTDPA_3h_140726,1,930,37.7635071810361,-46.47676574675541,84.24027292779151,0.8125244210581156
HTDPA_3h_140726,1,931,37.7635071810361,-47.5106858266671,85.27419300770319,0.794842392273781
HTDPA_3h_140726,1,932,37.63982712378686,-47.498747795512344,85.1385749192992,0.7924383035491948
HTDPA_3h_140726,1,933,37.63982712378686,-46.244865639413085,83.88469276319995,0.8139244563337553
HTDPA_3h_140726,1,934,37.666652840997536,-46.24794736841432,83.91460020941186,0.8144502617801044
HTDPA_3h_140726,1,935,37.666652840997536,-46.42147806098341,84.08813090198095,0.811405720246892
HTDPA_3h_140726,1,936,37.779649571042526,-46.42147806098341,84.20112763202593,0.8138398678605578
HTDPA_3h_140726,1,937,37.779649571042526,-46.35973341920882,84.13938299025135,0.8149237880515681
HTDPA_3h_140726,1,938,37.62468262698083,-46.35973341920882,83.98441604618965,0.811581082375062
HTDPA_3h_140726,1,939,37.62295098878014,-46.39275928167197,84.0157102704521,0.810966012182068
HTDPA_3h_140726,1,940,37.49419341612887,-46.39275928167197,83.88695269780084,0.8081906313975469
HTDPA_3h_140726,1,941,37.497964865430376,-46.57200584779334,84.06997071322371,0.8051610443402685
HTDPA_3h_140726,1,942,37.630332463483086,-46.57200584779334,84.20233831127643,0.8080032581475353
HTDPA_3h_140726,1,943,37.630332463483086,-47.64628190272108,85.27661436620417,0.7897852877652142
HTDPA_3h_140726,1,944,38.70622275741146,-47.64628190272108,86.35250466013254,0.8123660695379664
HTDPA_3h_140726,1,945,38.70622275741146,-46.147057430874135,84.8532801882856,0.8387581985133363
HTDPA_3h_140726,1,946,37.65420852579259,-46.13832586537067,83.79253439116326,0.816115622306403
HTDPA_3h_140726,1,947,37.65420852579259,-45.861792049660565,83.51600057545315,0.8210365719032403
HTDPA_3h_140726,1,948,37.645667733989185,-45.87707595801665,83.52274369200583,0.8205768774025562
HTDPA_3h_140726,1,949,37.645667733989185,-46.71890159685183,84.36456933084102,0.8057909421510447
HTDPA_3h_140726,1,950,37.68279523100397,-46.71890159685183,84.4016968278558,0.8065856418495773
HTDPA_3h_140726,1,951,37.673638093400314,-47.488886262708405,85.16252435610872,0.7933148376019988
HTDPA_3h_140726,1,952,37.58083402576338,-47.488886262708405,85.06972028847179,0.7913606105198234
HTDPA_3h_140726,1,953,37.584326651964766,-46.52600003627503,84.1103266882398,0.8078134080441326
HTDPA_3h_140726,1,954,37.72960816202261,-46.52600003627503,84.25560819829764,0.8109359956283773
HTDPA_3h_140726,1,955,37.72960816202261,-47.07161281849228,84.80122098051488,0.8015363379943586
HTDPA_3h_140726,1,956,38.371671724528255,-47.07161281849228,85.44328454302052,0.815176481683113
HTDPA_3h_140726,1,957,38.371671724528255,-46.8988892454235,85.27056096995176,0.8181786891311643
HTDPA_3h_140726,1,958,37.68226693460376,-46.88979814486988,84.57206507947365,0.8036346588266664
HTDPA_3h_140726,1,959,37.68226693460376,-46.37547224946509,84.05773918406885,0.8125473468367408
HTDPA_3h_140726,1,960,37.792159923297504,-46.379104287216535,84.17126421051404,0.8148531651076787
HTDPA_3h_140726,1,961,37.792159923297504,-46.50622560851715,84.29838553181466,0.8126258243665392
HTDPA_3h_140726,1,962,38.47942217782115,-46.50622560851715,84.98564778633829,0.8274036792780283
HTDPA_3h_140726,1,963,38.43913957730512,-46.399157538074526,84.83829711537965,0.828444773932856
HTDPA_3h_140726,1,964,37.61942901277874,-46.399157538074526,84.01858655085326,0.810778277211364
HTDPA_3h_140726,1,965,37.62468262698083,-46.314534727190825,83.93921735417166,0.8123731102688101
HTDPA_3h_140726,1,966,37.85995796132451,-46.314534727190825,84.17449268851533,0.817453056245371
HTDPA_3h_140726,1,967,37.85995796132451,-46.76087181086853,84.62082977219305,0.809650387068378
HTDPA_3h_140726,1,968,37.641228576737426,-46.76087181086853,84.40210038760596,0.8049727714441063
HTDPA_3h_140726,1,969,37.63771393818602,-46.66606461938079,84.3037785575668,0.8065328466235135
HTDPA_3h_140726,1,970,37.62562182058121,-46.66606461938079,84.291686439962,0.8062737264747837
HTDPA_3h_140726,1,971,37.63353159168435,-46.5264622956252,84.15999388730955,0.8088629509925788
HTDPA_3h_140726,1,972,37.828076741061814,-46.521157319273094,84.34923406033491,0.8131370524909566
HTDPA_3h_140726,1,973,37.81847935645799,-46.30529687763715,84.12377623409515,0.816720373403376
HTDPA_3h_140726,1,974,37.49029723017732,-46.311709808939696,83.80200703911702,0.8095209048606633
HTDPA_3h_140726,1,975,37.49029723017732,-46.703969886095884,84.19426711627321,0.8027218525879201
HTDPA_3h_140726,1,976,37.81475926930651,-46.703969886095884,84.5187291554024,0.8096690572885165
HTDPA_3h_140726,1,977,37.81475926930651,-46.26489687792106,84.07965614722758,0.8173531515500427
HTDPA_3h_140726,1,978,37.6439360957885,-46.25414017621677,83.89807627200527,0.8138500889298658
HTDPA_3h_140726,1,979,37.6439360957885,-45.85873967045934,83.50267576624785,0.8208672189052211
HTDPA_3h_140726,1,980,37.589572928716855,-45.86375848626135,83.45333141497821,0.8195920737716458
HTDPA_3h_140726,1,981,37.589572928716855,-47.84281550104933,85.43238842976618,0.7856889803630476
HTDPA_3h_140726,1,982,37.791352803797196,-47.84281550104933,85.63416830484653,0.7899065389027601
HTDPA_3h_140726,1,983,37.791352803797196,-47.841604821798846,85.63295762559605,0.7899265282710104
HTDPA_3h_140726,1,984,37.72718680352164,-47.841604821798846,85.56879162532049,0.7885853107154004
HTDPA_3h_140726,1,985,37.72718680352164,-47.572430468441674,85.29961727196331,0.7930472845727082
HTDPA_3h_140726,1,986,37.67222930299976,-47.56563598973898,85.23786529273875,0.7920051633731239
HTDPA_3h_140726,1,987,37.67222930299976,-47.39669854087171,85.06892784387148,0.794828130708593
HTDPA_3h_140726,1,988,37.62831466473227,-47.40212825387386,85.03044291860613,0.7938106589477268
HTDPA_3h_140726,1,989,37.62831466473227,-47.21326229079867,84.84157695553094,0.7969861187089715
HTDPA_3h_140726,1,990,37.62145414897954,-47.21326229079867,84.8347164397782,0.7968408096280086
HTDPA_3h_140726,1,991,37.61799087257816,-47.164277474579166,84.78226834715733,0.7975949783785767
HTDPA_3h_140726,1,992,37.77289911703985,-47.164277474579166,84.93717659161902,0.8008794184835943
HTDPA_3h_140726,1,993,37.78126381004317,-46.919874352431854,84.70113816247502,0.8052294327613639
HTDPA_3h_140726,1,994,37.49957910443102,-46.919874352431854,84.41945345686287,0.7992259063346665
HTDPA_3h_140726,1,995,37.49957910443102,-47.26209302056811,84.76167212499914,0.7934388155029758
HTDPA_3h_140726,1,996,38.22517953521993,-47.26209302056811,85.48727255578804,0.8087915090553568
HTDPA_3h_140726,1,997,38.190840269206255,-47.27797859982443,85.46881886903068,0.807793425189885
HTDPA_3h_140726,1,998,37.627617606982,-47.27797859982443,84.90559620680642,0.7958804230078004
HTDPA_3h_140726,1,999,37.64001789748694,-46.55182786028531,84.19184575777226,0.8085615458635668
HTDPA_3h_140726,1,1000,37.72032628776891,-46.55182786028531,84.27215414805423,0.8102866852184165
HTDPA_3h_140726,1,1001,37.72032628776891,-47.42714895838383,85.14747524615274,0.7953319378499344
HTDPA_3h_140726,1,1002,37.723554765770196,-47.42714895838383,85.15070372415403,0.795400010210854
HTDPA_3h_140726,1,1003,37.70806540881403,-47.50561564871507,85.2136810575291,0.7937601669589973
HTDPA_3h_140726,1,1004,37.792446083847636,-47.50561564871507,85.2980617325627,0.7955363922300803
HTDPA_3h_140726,1,1005,37.802248917051536,-47.48889360015841,85.29114251720995,0.7960229445506694
HTDPA_3h_140726,1,1006,37.67270623724995,-47.48889360015841,85.16159983740836,0.7932950924155512
HTDPA_3h_140726,1,1007,37.67270623724995,-47.55104180168316,85.22374803893311,0.7922582725814526
HTDPA_3h_140726,1,1008,38.2477201816289,-47.540864758529096,85.78858494015799,0.8045230219495965
HTDPA_3h_140726,1,1009,38.28611705749419,-46.28991758243102,84.57603463992521,0.8270940856465336
HTDPA_3h_140726,1,1010,37.49271858867829,-46.28991758243102,83.78263617110932,0.8099543171990514
HTDPA_3h_140726,1,1011,37.489086550926835,-46.225259973005286,83.71434652393212,0.8110086686980188
HTDPA_3h_140726,1,1012,37.28448175759538,-46.23140141865773,83.51588317625311,0.8064752660201293
HTDPA_3h_140726,1,1013,37.28448175759538,-46.23543701615933,83.51991877375471,0.8064048739187739
HTDPA_3h_140726,1,1014,38.51574255533562,-46.23543701615933,84.75117957149496,0.8330351142106504
HTDPA_3h_140726,1,1015,38.51574255533562,-45.96384130430119,84.47958385963682,0.8379574348528482
HTDPA_3h_140726,1,1016,37.53460809074497,-45.955564660697895,83.49017275144286,0.8167587182939198
HTDPA_3h_140726,1,1017,37.53460809074497,-47.312405915238145,84.84701400598311,0.7933354342197172
HTDPA_3h_140726,1,1018,37.69772694175992,-47.31576646733948,85.0134934090994,0.7967265407775106
HTDPA_3h_140726,1,1019,37.69772694175992,-46.295970978683435,83.99369792044335,0.814276623750207
HTDPA_3h_140726,1,1020,37.74050427527695,-46.295970978683435,84.03647525396039,0.8152006206469722
HTDPA_3h_140726,1,1021,37.74050427527695,-46.23664769540982,83.97715197068678,0.8162465523862723
HTDPA_3h_140726,1,1022,38.223968855969446,-46.23664769540982,84.46061655137927,0.8267028593373598
HTDPA_3h_140726,1,1023,38.223968855969446,-46.527210715525506,84.75117957149496,0.8215400895118482
HTDPA_3h_140726,1,1024,37.592896793568165,-46.51931561932236,84.11221241289053,0.8081137113279779
HTDPA_3h_140726,1,1025,37.592896793568165,-46.43000417788681,84.02290097145497,0.809668175982472
HTDPA_3h_140726,1,1026,37.77601753329108,-46.4420596082416,84.21807714153269,0.8134009958203352
HTDPA_3h_140726,1,1027,37.77601753329108,-46.46708031275156,84.24309784604264,0.8129630112121448
HTDPA_3h_140726,1,1028,37.71927703241849,-46.451458881695345,84.17073591411383,0.812014906323688
HTDPA_3h_140726,1,1029,37.71927703241849,-46.93300105048707,84.65227808290555,0.80368346767007
HTDPA_3h_140726,1,1030,37.72234408651971,-46.9348060631878,84.65715014970752,0.8037179068287732
HTDPA_3h_140726,1,1031,37.72234408651971,-46.57563788554478,84.29798197206449,0.8099157799882162
HTDPA_3h_140726,1,1032,37.558902387704634,-46.57563788554478,84.13454027324941,0.8064066128305549
HTDPA_3h_140726,1,1033,37.558902387704634,-46.534878350778556,84.09378073848319,0.8071129380544787
HTDPA_3h_140726,1,1034,37.74171495452743,-46.534878350778556,84.276593305306,0.8110414444415538
HTDPA_3h_140726,1,1035,37.74171495452743,-46.16481405988121,83.90652901440865,0.8175428781229785
HTDPA_3h_140726,1,1036,37.557031337953894,-46.157461934978286,83.71449327293217,0.8136719343637273
HTDPA_3h_140726,1,1037,37.557031337953894,-46.73262996580729,84.28966130376119,0.8036575592992118
HTDPA_3h_140726,1,1038,37.476979758422026,-46.739483144110025,84.21646290253204,0.8018270044379977
HTDPA_3h_140726,1,1039,37.476979758422026,-46.25480788416705,83.73178764258907,0.8102288491236029
HTDPA_3h_140726,1,1040,37.659792325244815,-46.25480788416705,83.91460020941187,0.8141811424134291
HTDPA_3h_140726,1,1041,37.65658585959354,-47.232867957206466,84.8894538168,0.7972538507234168
HTDPA_3h_140726,1,1042,37.57214648495991,-47.232867957206466,84.80501444216637,0.7954661258130824
HTDPA_3h_140726,1,1043,37.57746613621203,-46.31735964544195,83.89482578165398,0.8113041508381836
HTDPA_3h_140726,1,1044,37.52903896619274,-46.31735964544195,83.8463986116347,0.8102585996584533
HTDPA_3h_140726,1,1045,37.52903896619274,-47.2713748948218,84.80041386101453,0.7939062286572873
HTDPA_3h_140726,1,1046,37.691673545507506,-47.2713748948218,84.9630484403293,0.7973466739516462
HTDPA_3h_140726,1,1047,37.68335287720419,-46.35343054965631,84.0367834268605,0.8129571518301271
HTDPA_3h_140726,1,1048,37.557500934754074,-46.35343054965631,83.91093148441038,0.8102421005176832
HTDPA_3h_140726,1,1049,37.56414866445673,-46.17813153163652,83.74228019609325,0.8134618577783216
HTDPA_3h_140726,1,1050,37.48505095342524,-46.17813153163652,83.66318248506175,0.8117489753292493
HTDPA_3h_140726,1,1051,37.48505095342524,-47.30123831633369,84.78628926975892,0.7924750447914003
HTDPA_3h_140726,1,1052,37.62024346972906,-47.30123831633369,84.92148178606274,0.7953331626994284
HTDPA_3h_140726,1,1053,37.62024346972906,-46.77741776062512,84.39766123035417,0.8042394230105598
HTDPA_3h_140726,1,1054,37.534520041344926,-46.76629418642071,84.30081422776564,0.8025976976436083
HTDPA_3h_140726,1,1055,37.53751372094612,-47.09300148525079,84.63051520619692,0.7970932524380001
HTDPA_3h_140726,1,1056,37.72032628776891,-47.09300148525079,84.8133277730197,0.8009752000959774
HTDPA_3h_140726,1,1057,37.71792694161796,-46.42439836608457,84.14232530770252,0.8124591436638383
HTDPA_3h_140726,1,1058,37.951969584361144,-46.425110098734855,84.377079683096,0.817487982336425
HTDPA_3h_140726,1,1059,37.951969584361144,-46.41098550747924,84.36295509184038,0.8177367743730651
HTDPA_3h_140726,1,1060,38.226390214470406,-46.41098550747924,84.63737572194964,0.823649612187402
HTDPA_3h_140726,1,1061,38.190517421406135,-46.32220236244388,84.51271978385002,0.824453835821274
HTDPA_3h_140726,1,1062,37.99011698692633,-46.32220236244388,84.31231934937021,0.8201276072686721
HTDPA_3h_140726,1,1063,38.00201099338107,-46.16521761963138,84.16722861301244,0.823174089776651
HTDPA_3h_140726,1,1064,37.94551262835857,-46.16521761963138,84.11073024798995,0.8219502600638139
HTDPA_3h_140726,1,1065,37.94551262835857,-46.9767762772045,84.92228890556308,0.8077504595983025
HTDPA_3h_140726,1,1066,37.55284899145222,-46.9767762772045,84.52962526865673,0.7993917839286634
HTDPA_3h_140726,1,1067,37.55284899145222,-46.232208538158055,83.78505752961027,0.8122659543823811
HTDPA_3h_140726,1,1068,37.63557874023517,-46.232208538158055,83.86778727839322,0.8140553940695349
HTDPA_3h_140726,1,1069,37.63557874023517,-45.696684749694825,83.33226348993,0.8235953865446772
HTDPA_3h_140726,1,1070,37.25422945123333,-45.6893326247919,82.94356207602523,0.8153813442006477
HTDPA_3h_140726,1,1071,37.25422945123333,-45.91165735988042,83.16588681111375,0.8114329038312539
HTDPA_3h_140726,1,1072,37.527828286942274,-45.9166248135324,83.44445310047468,0.8173037203701913
HTDPA_3h_140726,1,1073,37.527828286942274,-46.24431533066287,83.77214361760514,0.8115122479077764
HTDPA_3h_140726,1,1074,37.56778070220817,-46.24431533066287,83.81209603287104,0.8123761901021893
HTDPA_3h_140726,1,1075,37.561815355355805,-46.28398892282866,83.84580427818446,0.8115509537862926
HTDPA_3h_140726,1,1076,37.28947856104736,-46.28398892282866,83.57346748387602,0.8056669148206252
HTDPA_3h_140726,1,1077,37.29214939284843,-46.218487506652586,83.51063689950101,0.8068665030953399
HTDPA_3h_140726,1,1078,37.42048139339952,-46.218487506652586,83.6389689000521,0.8096431409187351
HTDPA_3h_140726,1,1079,37.42048139339952,-46.86660446541064,84.28708585881016,0.7984466086297606
HTDPA_3h_140726,1,1080,37.41846359464873,-46.86660446541064,84.28506806005936,0.7984035545452198
HTDPA_3h_140726,1,1081,37.41846359464873,-46.76410028886982,84.18256388351855,0.800153608505424
HTDPA_3h_140726,1,1082,37.08995862056792,-46.750768142214525,83.84072676278245,0.7933550633380249
HTDPA_3h_140726,1,1083,37.08995862056792,-46.02973160532742,83.11969022589534,0.8057826393294715
HTDPA_3h_140726,1,1084,37.116197341778374,-46.03607849957995,83.15227584135832,0.8062415077799695
HTDPA_3h_140726,1,1085,37.116197341778374,-46.20436291539697,83.32056025717534,0.8033050344128846
HTDPA_3h_140726,1,1086,37.473751280420736,-46.20436291539697,83.6781141958177,0.8110435663627151
HTDPA_3h_140726,1,1087,37.473751280420736,-46.0449568140835,83.51870809450423,0.8138513720781438
HTDPA_3h_140726,1,1088,37.4136208776468,-46.0449568140835,83.4585776917303,0.8125454657002374
HTDPA_3h_140726,1,1089,37.4136208776468,-45.839544901251706,83.2531657788985,0.8161865690037681
HTDPA_3h_140726,1,1090,37.55494750215307,-45.83496633244988,83.38991383460295,0.8193514800416731
HTDPA_3h_140726,1,1091,37.55494750215307,-45.694615588794,83.24956309094708,0.8218681133048622
HTDPA_3h_140726,1,1092,37.35470115412333,-45.704755944698036,83.05945709882137,0.8173044660674236
HTDPA_3h_140726,1,1093,37.35470115412333,-47.1955056617916,84.55020681591493,0.7914885248144474
HTDPA_3h_140726,1,1094,37.624279067230674,-47.1955056617916,84.81978472902227,0.7972004651640046
HTDPA_3h_140726,1,1095,37.624279067230674,-45.534453730130224,83.1587327973609,0.8262815513329553
HTDPA_3h_140726,1,1096,37.470977724319624,-45.5268521319272,82.99782985624682,0.8230522421303508
HTDPA_3h_140726,1,1097,37.470977724319624,-45.804647989037804,83.27562571335743,0.8180605979831428
HTDPA_3h_140726,1,1098,37.392232210888274,-45.81089215899029,83.20312436987857,0.8162301681686442
HTDPA_3h_140726,1,1099,37.392232210888274,-46.55142430053514,83.94365651142341,0.8032457174561344
HTDPA_3h_140726,1,1100,37.386985934136185,-46.55142430053514,83.93841023467132,0.8031330189333519
HTDPA_3h_140726,1,1101,37.386985934136185,-46.1966952801439,83.58368121428009,0.8093000096092529
HTDPA_3h_140726,1,1102,37.17834554330311,-46.1966952801439,83.37504082344701,0.8047836607759035
HTDPA_3h_140726,1,1103,37.17834554330311,-46.03365714107899,83.2120026843821,0.8076339759268512
HTDPA_3h_140726,1,1104,37.42935970790305,-46.02744232092652,83.45680202882957,0.8131966022992696
HTDPA_3h_140726,1,1105,37.42935970790305,-46.163713442380775,83.59307315028383,0.8107961192207923
HTDPA_3h_140726,1,1106,37.55567390970336,-46.17127101588378,83.72694492558713,0.8133991783934972
HTDPA_3h_140726,1,1107,37.55567390970336,-46.42430297923453,83.9799768889379,0.8089658109999392
HTDPA_3h_140726,1,1108,37.53630304169564,-46.42430297923453,83.96060602093017,0.8085485539435138
HTDPA_3h_140726,1,1109,37.53630304169564,-46.77136436437272,84.30766740606836,0.8025488148959852
HTDPA_3h_140726,1,1110,37.40112520029181,-46.763505955419596,84.1646311557114,0.7997930103005302
HTDPA_3h_140726,1,1111,37.40112520029181,-46.540799672930916,83.94192487322272,0.8036201668886466
HTDPA_3h_140726,1,1112,37.46689076466801,-46.54496734453258,84.01185810920059,0.804961156967469
HTDPA_3h_140726,1,1113,37.46689076466801,-46.68298477908752,84.14987554375553,0.8025813032728785
HTDPA_3h_140726,1,1114,37.621857708729706,-46.68298477908752,84.30484248781723,0.8059008627396741
HTDPA_3h_140726,1,1115,37.621857708729706,-46.75481841461613,84.37667612334585,0.8046626847120564
HTDPA_3h_140726,1,1116,37.559438021554854,-46.74522103001231,84.30465905156717,0.8034925751541572
HTDPA_3h_140726,1,1117,37.559438021554854,-46.502879731315815,84.06231775287067,0.8076798305516917
HTDPA_3h_140726,1,1118,37.47496195967121,-46.50905052676828,83.9840124864395,0.8057563320520272
HTDPA_3h_140726,1,1119,37.47496195967121,-45.65511809542827,83.13008005509948,0.8208271826466661
HTDPA_3h_140726,1,1120,37.46366228666671,-45.65511809542827,83.11878038209498,0.8205796819616196
HTDPA_3h_140726,1,1121,37.46366228666671,-45.748340397715396,83.2120026843821,0.8189075704380654
HTDPA_3h_140726,1,1122,38.059177066353826,-45.73611620601053,83.79529327236435,0.8321471131244017
HTDPA_3h_140726,1,1123,38.09119769816658,-46.38435056396862,84.47554826213519,0.8212079555934505
HTDPA_3h_140726,1,1124,37.479401116922986,-46.38435056396862,83.8637516808916,0.8080182359184953
HTDPA_3h_140726,1,1125,37.47003853071926,-46.540946421930975,84.01098495265023,0.8050983362268427
HTDPA_3h_140726,1,1126,37.37447558188121,-46.55505633828659,83.92953192016779,0.8028016400690008
HTDPA_3h_140726,1,1127,37.37447558188121,-46.85247987415501,84.22695545603622,0.7977053868283692
HTDPA_3h_140726,1,1128,37.9862721631248,-46.85247987415501,84.83875203727982,0.8107633206429052
HTDPA_3h_140726,1,1129,37.9862721631248,-46.464255394500434,84.45052755762524,0.8175375208449139
HTDPA_3h_140726,1,1130,37.44165727410796,-46.456859244897494,83.89851651900545,0.8059446523652005
HTDPA_3h_140726,1,1131,37.44165727410796,-46.5490469667342,83.99070424084216,0.8043485251344727
HTDPA_3h_140726,1,1132,37.390617971887636,-46.55788125653771,83.94849922842535,0.8030996463490744
HTDPA_3h_140726,1,1133,37.390617971887636,-47.06152382473826,84.4521417966259,0.7945050421897508
HTDPA_3h_140726,1,1134,37.63154314273356,-47.06152382473826,84.69306696747182,0.7996244083144679
HTDPA_3h_140726,1,1135,37.63154314273356,-46.703566326345715,84.33510946907927,0.8057530955940172
HTDPA_3h_140726,1,1136,37.34747376587046,-46.70131372919482,84.04878749506528,0.7997092754699766
HTDPA_3h_140726,1,1137,37.34747376587046,-45.653907416177795,83.00138118204825,0.8180564573676801
HTDPA_3h_140726,1,1138,37.28084971984393,-45.65875013317972,82.93959985302365,0.8165105179423722
HTDPA_3h_140726,1,1139,37.28084971984393,-46.23422633690885,83.51507605675278,0.8063474329207618
HTDPA_3h_140726,1,1140,37.50361470193263,-46.23422633690885,83.73784103884148,0.8111656163259606
HTDPA_3h_140726,1,1141,37.499975326731175,-47.12128001756204,84.62125534429322,0.7958182653942121
HTDPA_3h_140726,1,1142,37.50710732813402,-47.12128001756204,84.62838734569607,0.7959696195467348
HTDPA_3h_140726,1,1143,37.5100716579352,-46.54133530678112,84.05140696471632,0.8059517719181113
HTDPA_3h_140726,1,1144,37.33210180811433,-46.54133530678112,83.87343711489545,0.8021278625126814
HTDPA_3h_140726,1,1145,37.33210180811433,-45.84398405850346,83.1760858666178,0.8143293514907702
HTDPA_3h_140726,1,1146,37.45034481491142,-45.84398405850346,83.29432887341488,0.8169085995475315
HTDPA_3h_140726,1,1147,37.45034481491142,-46.8331090061473,84.28345382105871,0.7996553209823353
HTDPA_3h_140726,1,1148,37.29739566960052,-46.8331090061473,84.13050467574783,0.7963894872899613
HTDPA_3h_140726,1,1149,37.29739566960052,-46.89122161017044,84.18861727977097,0.7954025164810576
HTDPA_3h_140726,1,1150,37.368312123878745,-46.885043477267985,84.25335560114672,0.7970198884852611
HTDPA_3h_140726,1,1151,37.368312123878745,-46.636714819369104,84.00502694324786,0.8012638169007347
HTDPA_3h_140726,1,1152,37.265918009087976,-46.642225244321295,83.90814325340926,0.7989738442769755
HTDPA_3h_140726,1,1153,37.265918009087976,-47.64143918571915,84.90735719480713,0.7822164620975324
HTDPA_3h_140726,1,1154,37.189241656557456,-47.64143918571915,84.8306808422766,0.7806070154930413
HTDPA_3h_140726,1,1155,37.189241656557456,-46.043746134833,83.23298779139046,0.8076936561081216
HTDPA_3h_140726,1,1156,36.871097161880776,-46.033605778928965,82.90470294080974,0.8009604404866725
HTDPA_3h_140726,1,1157,36.87446505143212,-45.656732334428916,82.53119738586103,0.8076457329738806
HTDPA_3h_140726,1,1158,37.134357530535596,-45.656732334428916,82.7910898649645,0.8133380474654173
HTDPA_3h_140726,1,1159,37.12723286658276,-46.57698797634532,83.70422084292808,0.7971153670443066
HTDPA_3h_140726,1,1160,37.40958528014517,-46.583709080548005,83.99329436069317,0.8030615427264534
HTDPA_3h_140726,1,1161,37.40958528014517,-47.814969878288245,85.22455515843342,0.7823822826903435
HTDPA_3h_140726,1,1162,37.55163831220175,-47.814969878288245,85.36660819049,0.7853531730290423
HTDPA_3h_140726,1,1163,37.538042017346335,-46.69177504419103,84.22981706153737,0.8039540579003213
HTDPA_3h_140726,1,1164,37.43214793890417,-46.69177504419103,84.12392298309521,0.8016861193106674
HTDPA_3h_140726,1,1165,37.4402558211574,-45.640186384672326,83.08044220582973,0.8203352963021912
HTDPA_3h_140726,1,1166,37.32968044961337,-45.640186384672326,82.9698668342857,0.8179125329372027
HTDPA_3h_140726,1,1167,37.32968044961337,-45.741883441712815,83.07156389132618,0.8160940836024209
HTDPA_3h_140726,1,1168,37.44873057591077,-45.741883441712815,83.19061401762359,0.8186967338944471
HTDPA_3h_140726,1,1169,37.44873057591077,-45.975140977305685,83.42387155321646,0.8145430286857906
HTDPA_3h_140726,1,1170,37.61459363322682,-45.975140977305685,83.5897346105325,0.8181506969558655
HTDPA_3h_140726,1,1171,37.61459363322682,-45.09981987920716,82.71441351243398,0.8340297973245048
HTDPA_3h_140726,1,1172,37.429183609103,-45.094353478954986,82.52353708805799,0.8300192977945846
HTDPA_3h_140726,1,1173,37.429183609103,-47.4546937456948,84.88387735479779,0.788735120906742
HTDPA_3h_140726,1,1174,37.52459980894098,-47.47759392715391,85.00219373609488,0.7903643951821976
HTDPA_3h_140726,1,1175,37.52459980894098,-45.548174761635686,83.07277457057666,0.8238442046320414
HTDPA_3h_140726,1,1176,38.075862427660475,-45.548174761635686,83.62403718929616,0.8359470522566583
HTDPA_3h_140726,1,1177,38.04775999414929,-46.09453596375323,84.14229595790252,0.8254288539550201
HTDPA_3h_140726,1,1178,37.7805594148429,-46.09453596375323,83.87509537859613,0.8196320588746552
HTDPA_3h_140726,1,1179,37.7861065270451,-46.809298980887824,84.59540550793292,0.8072350440982489
HTDPA_3h_140726,1,1180,37.6363858597355,-46.809298980887824,84.44568484062333,0.8040365200748335
HTDPA_3h_140726,1,1181,37.6363858597355,-46.27296807292427,83.90935393265977,0.8133557761071674
HTDPA_3h_140726,1,1182,37.70055186001104,-46.27296807292427,83.97351993293532,0.8147424604489718
HTDPA_3h_140726,1,1183,37.70055186001104,-47.10349403875496,84.80404589876599,0.8003769705277588
HTDPA_3h_140726,1,1184,37.85713304307339,-47.10349403875496,84.96062708182835,0.8037011651816314
HTDPA_3h_140726,1,1185,37.85713304307339,-46.59541231330265,84.45254535637605,0.812464814959164
HTDPA_3h_140726,1,1186,37.75643387923329,-46.59142807795108,84.34786195718436,0.8103729685225326
HTDPA_3h_140726,1,1187,37.75643387923329,-46.293468908232434,84.04990278746573,0.815588781088708
HTDPA_3h_140726,1,1188,37.658985205744486,-46.29718165793392,83.9561668636784,0.813418524781646
HTDPA_3h_140726,1,1189,37.658985205744486,-47.003007660964954,84.66199286670944,0.8012037331181151
HTDPA_3h_140726,1,1190,37.84583337006888,-47.003007660964954,84.84884103103383,0.8051789715894943
HTDPA_3h_140726,1,1191,37.84583337006888,-46.03688561908027,83.88271898914915,0.8220763168736905
HTDPA_3h_140726,1,1192,38.12146467942863,-46.03688561908027,84.1583502985089,0.8280635009686439
HTDPA_3h_140726,1,1193,38.12146467942863,-45.61637635941285,83.73784103884148,0.8356969080373334
HTDPA_3h_140726,1,1194,37.55063308155135,-45.609442469160086,83.16007555071144,0.823308311802805
HTDPA_3h_140726,1,1195,37.55063308155135,-46.88868285246943,84.43931593402078,0.8008464046580424
HTDPA_3h_140726,1,1196,37.41886715439888,-46.90050348442414,84.31937063882302,0.7978350843680355
HTDPA_3h_140726,1,1197,37.41886715439888,-47.25926810231699,84.67813525671588,0.7917783888101377
HTDPA_3h_140726,1,1198,37.55567390970336,-47.25926810231699,84.81494201202034,0.7946732020562568
HTDPA_3h_140726,1,1199,37.55567390970336,-47.21850856755075,84.7741824772541,0.7953591726849282
HTDPA_3h_140726,1,1200,37.40919639529503,-47.20871307179686,84.61790946709189,0.7924214400507308
HTDPA_3h_140726,1,1201,37.40919639529503,-47.019729709521606,84.42892610481664,0.7956063683564641
HTDPA_3h_140726,1,1202,37.484647393675075,-47.02358920822314,84.50823660189822,0.7971456034053656
HTDPA_3h_140726,1,1203,37.484647393675075,-46.82221289289296,84.30686028656804,0.8005740241159082
HTDPA_3h_140726,1,1204,37.17269570680087,-46.82221289289296,83.99490859969384,0.7939115520198583
HTDPA_3h_140726,1,1205,37.169056331599414,-45.84940643405562,83.01846276565504,0.8106769361356727
HTDPA_3h_140726,1,1206,37.651317570491436,-45.85730153025877,83.50861910075021,0.8210539284708532
HTDPA_3h_140726,1,1207,37.67393159140044,-45.75908242451966,83.4330140159201,0.8233104685511164
HTDPA_3h_140726,1,1208,37.25918956743531,-45.749235566615745,83.00842513405105,0.8144221232545399
HTDPA_3h_140726,1,1209,37.25918956743531,-45.42811940468789,82.68730897212319,0.8201790004890759
HTDPA_3h_140726,1,1210,37.196102172310184,-45.432353113339566,82.62845528564975,0.8187139697456898
HTDPA_3h_140726,1,1211,37.196102172310184,-45.97231605905456,83.16841823136474,0.8090978519448371
HTDPA_3h_140726,1,1212,37.60410107972263,-45.97231605905456,83.5764171387772,0.8179727345347928
HTDPA_3h_140726,1,1213,37.579131737362694,-45.72493393220606,83.30406566956876,0.8218520729429436
HTDPA_3h_140726,1,1214,37.341985353268264,-45.72493393220606,83.06691928547433,0.8166657038506222
HTDPA_3h_140726,1,1215,37.351876235872204,-45.8375271025009,83.1894033383731,0.8148754655186075
HTDPA_3h_140726,1,1216,37.43581666390563,-45.8375271025009,83.27334376640653,0.8167067254782845
HTDPA_3h_140726,1,1217,37.43581666390563,-46.059888524839444,83.49570518874506,0.8127639441358401
HTDPA_3h_140726,1,1218,37.35631539312398,-46.059888524839444,83.41620391796343,0.8110379028159881
HTDPA_3h_140726,1,1219,37.35631539312398,-45.98522997105972,83.3415453641837,0.8123546498872302
HTDPA_3h_140726,1,1220,37.34057656286771,-45.98522997105972,83.32580653392742,0.8120123915084817
HTDPA_3h_140726,1,1221,37.34057656286771,-46.00661863781823,83.34719520068595,0.8116348835985333
HTDPA_3h_140726,1,1222,37.3475911650705,-45.99835666911494,83.34594783418544,0.8119331617372127
HTDPA_3h_140726,1,1223,37.3475911650705,-45.63001667896827,82.97760784403877,0.8184873441495958
HTDPA_3h_140726,1,1224,37.22031575731983,-45.63534366767039,82.85565942499022,0.8156028368794328
HTDPA_3h_140726,1,1225,37.22031575731983,-46.24835092816448,83.46866668548431,0.8047922792994826
HTDPA_3h_140726,1,1226,37.57665901671171,-46.24835092816448,83.82500994487619,0.8124972731477037
HTDPA_3h_140726,1,1227,37.57665901671171,-46.84602291815244,84.42268193486416,0.8021312520459676
HTDPA_3h_140726,1,1228,37.16145473339639,-46.842603666451076,84.00405839984747,0.7933259858484686
HTDPA_3h_140726,1,1229,37.16145473339639,-46.82678412424479,83.98823885764118,0.7935939960087046
HTDPA_3h_140726,1,1230,37.309502462105335,-46.82866984889554,84.13817231100087,0.7967235153698325
HTDPA_3h_140726,1,1231,37.309502462105335,-46.6761242633348,83.98562672544014,0.799327344567313
HTDPA_3h_140726,1,1232,37.18601317855616,-46.6761242633348,83.86213744189095,0.7966816818115007
HTDPA_3h_140726,1,1233,37.18601317855616,-45.62929027141798,82.81530344997414,0.8149592719361086
HTDPA_3h_140726,1,1234,37.339365883617226,-45.62929027141798,82.9686561550352,0.8183201110845782
HTDPA_3h_140726,1,1235,37.339365883617226,-45.7697290644739,83.10909494809113,0.8158091963144205
HTDPA_3h_140726,1,1236,37.289566610447395,-45.761474433220606,83.051041043668,0.8148681193579939
HTDPA_3h_140726,1,1237,37.289566610447395,-45.659865425580165,82.94943203602756,0.8166814830241823
HTDPA_3h_140726,1,1238,37.33048756911369,-45.6672248879331,82.99771245704679,0.8174459398556038
HTDPA_3h_140726,1,1239,37.33048756911369,-45.874251039765525,83.20473860887921,0.8137568837201118
HTDPA_3h_140726,1,1240,37.244932902079626,-45.874251039765525,83.11918394184515,0.8118919014022554
HTDPA_3h_140726,1,1241,37.24322327622894,-45.948227210694974,83.19145048692391,0.8105475561755765
HTDPA_3h_140726,1,1242,37.184200828405444,-45.948227210694974,83.13242803910042,0.8092630137371306
HTDPA_3h_140726,1,1243,37.19166301505842,-46.79920998713381,83.99087300219222,0.7947070693134194
HTDPA_3h_140726,1,1244,37.522178450440016,-46.79920998713381,84.32138843757383,0.8017694841591501
HTDPA_3h_140726,1,1245,37.522178450440016,-47.226983322304136,84.74916177274415,0.7945072035274211
HTDPA_3h_140726,1,1246,37.09803715302114,-47.226983322304136,84.32502047532527,0.7855262933023429
HTDPA_3h_140726,1,1247,37.09803715302114,-47.22375484430285,84.321791997324,0.7855799962398946
HTDPA_3h_140726,1,1248,37.385100209485444,-47.21293944299855,84.59803965248399,0.7918401321870985
HTDPA_3h_140726,1,1249,37.38940729263715,-45.35729099980969,82.74669829244684,0.8243306967515769
HTDPA_3h_140726,1,1250,37.604908199222955,-45.35729099980969,82.96219919903265,0.8290818823236321
HTDPA_3h_140726,1,1251,37.58958026616685,-45.22763092080806,82.8172111869749,0.8311198154947544
HTDPA_3h_140726,1,1252,37.3458228396198,-45.23581951501132,82.58164235463113,0.8255807729365164
HTDPA_3h_140726,1,1253,37.34536058026961,-45.463603312902016,82.80896389317164,0.8214342431954015
HTDPA_3h_140726,1,1254,37.409842090895296,-45.463603312902016,82.87344540379732,0.8228525537983225
HTDPA_3h_140726,1,1255,37.41806003489856,-46.68580969733865,84.1038697322372,0.8014867960409734
HTDPA_3h_140726,1,1256,37.559305947454796,-46.68580969733865,84.24511564479344,0.8045122531010935
HTDPA_3h_140726,1,1257,37.559305947454796,-46.72253363460327,84.28183958205807,0.8038799060254284
HTDPA_3h_140726,1,1258,37.47940111692299,-46.72253363460327,84.20193475152627,0.8021697070204535
HTDPA_3h_140726,1,1259,37.47940111692299,-46.30121725543552,83.7806183723585,0.8094690234633758
HTDPA_3h_140726,1,1260,37.884978665834474,-46.30121725543552,84.18619592126998,0.8182285674441309
HTDPA_3h_140726,1,1261,37.884978665834474,-46.63011845181648,84.51509711765095,0.8124572684708388
HTDPA_3h_140726,1,1262,37.5793958855628,-46.62086592736279,84.20026181292559,0.8060638758643615
HTDPA_3h_140726,1,1263,37.5793958855628,-45.667232225383096,83.24662811094589,0.8228962880889276
HTDPA_3h_140726,1,1264,37.82242690455956,-45.67812100118743,83.500547905747,0.828020638230201
HTDPA_3h_140726,1,1265,37.82242690455956,-45.737040724710894,83.55946762927046,0.8269539590943581
HTDPA_3h_140726,1,1266,37.945512628358586,-45.737040724710894,83.68255335306948,0.8296451197345899
HTDPA_3h_140726,1,1267,37.945512628358586,-46.95982676769775,84.90533939605633,0.8080420061187313
HTDPA_3h_140726,1,1268,37.755083788432756,-46.95328176229514,84.7083655507279,0.8040989334796869
HTDPA_3h_140726,1,1269,37.755083788432756,-45.79105903163239,83.54614282006514,0.8245077660761592
HTDPA_3h_140726,1,1270,37.67835607375219,-45.7923284104829,83.4706844842351,0.8228093521692765
HTDPA_3h_140726,1,1271,37.67835607375219,-47.39405705887066,85.07241313262284,0.7950017029972749
HTDPA_3h_140726,1,1272,37.828076741061814,-47.39405705887066,85.22213379993246,0.7981607629427792
HTDPA_3h_140726,1,1273,37.828076741061814,-45.83591286350026,83.66398960456208,0.825293408112415
HTDPA_3h_140726,1,1274,37.53980300534703,-45.825955943846296,83.36575894919332,0.8191821039444794
HTDPA_3h_140726,1,1275,37.53980300534703,-45.23003760440902,82.76984060975605,0.8299750562596847
HTDPA_3h_140726,1,1276,37.597644123720066,-45.233398156510354,82.83104228023042,0.8311921203361705
HTDPA_3h_140726,1,1277,37.597644123720066,-45.49651911361512,83.09416323733518,0.8263850698078731
HTDPA_3h_140726,1,1278,37.63961433773678,-45.49651911361512,83.1361334513519,0.8273075626674237
HTDPA_3h_140726,1,1279,37.63961433773678,-45.50176539036721,83.141379728104,0.8272121755017694
HTDPA_3h_140726,1,1280,37.62347928518035,-45.49213131851338,83.11561060369374,0.8270326800421677
HTDPA_3h_140726,1,1281,37.62347928518035,-45.14709506957599,82.77057435475635,0.8333532695115593
HTDPA_3h_140726,1,1282,37.59320496646829,-45.14986128822709,82.74306625469538,0.8326316824426389
HTDPA_3h_140726,1,1283,37.59320496646829,-45.6486611394257,83.24186610589399,0.8235335720284664
HTDPA_3h_140726,1,1284,37.720729847519074,-45.6486611394257,83.36939098694478,0.8263271891437918
HTDPA_3h_140726,1,1285,37.71331902301611,-47.05295368313484,84.76627270615094,0.8015080047256136
HTDPA_3h_140726,1,1286,37.57948393496282,-47.06959501974147,84.6490789547043,0.7983812887959117
HTDPA_3h_140726,1,1287,37.57948393496282,-47.03408176172732,84.61356569669015,0.7989841095514293
HTDPA_3h_140726,1,1288,37.619927959378934,-47.028035702924925,84.64796366230385,0.7999468273993666
HTDPA_3h_140726,1,1289,37.62831466473227,-46.93924522043956,84.56755988517183,0.8016386818326412
HTDPA_3h_140726,1,1290,37.798616879300084,-46.93924522043956,84.73786209973964,0.8052668231410075
HTDPA_3h_140726,1,1291,37.798616879300084,-47.296395599331774,85.09501247863186,0.7991859929350329
HTDPA_3h_140726,1,1292,37.53228945654404,-47.28161797502589,84.81390743156993,0.79380298441497
HTDPA_3h_140726,1,1293,37.54074219894741,-46.85651547165662,84.39725767060403,0.801185103524305
HTDPA_3h_140726,1,1294,37.63033246348307,-46.85651547165662,84.48684793513969,0.8030971164777619
HTDPA_3h_140726,1,1295,37.62418368038063,-46.76846607162157,84.3926497520022,0.8044776072570498
HTDPA_3h_140726,1,1296,37.540742198947406,-46.776610641124805,84.3173528400722,0.8025537054611337
HTDPA_3h_140726,1,1297,37.540742198947406,-46.87951837741578,84.42026057636318,0.8007919769293678
HTDPA_3h_140726,1,1298,38.06012359740421,-46.87951837741578,84.93964197481998,0.8118710454956313
HTDPA_3h_140726,1,1299,38.03478738254412,-47.08107079154603,85.11585817409015,0.807857313843714
HTDPA_3h_140726,1,1300,37.40027405609148,-47.08107079154603,84.48134484763752,0.7943802769839965
HTDPA_3h_140726,1,1301,37.40514612289342,-47.04215295673054,84.44729907962396,0.7951410335598106
HTDPA_3h_140726,1,1302,37.6218577087297,-47.04215295673054,84.66401066546024,0.7997477866996087
HTDPA_3h_140726,1,1303,37.6218577087297,-47.204383976295134,84.82624168502483,0.7969992305719413
HTDPA_3h_140726,1,1304,37.38537169513555,-47.204383976295134,84.58975567143068,0.7919893989911944
HTDPA_3h_140726,1,1305,37.38537169513555,-46.83835528289939,84.22372697803493,0.798178575428862
HTDPA_3h_140726,1,1306,37.39061797188763,-46.83835528289939,84.22897325478702,0.7982905835623755
HTDPA_3h_140726,1,1307,37.39061797188763,-46.7632931693695,84.15391114125713,0.7995719599230219
HTDPA_3h_140726,1,1308,37.47846192332261,-46.75558150941643,84.23404343273904,0.8015826284991144
HTDPA_3h_140726,1,1309,37.47846192332261,-46.78631075002866,84.26477267335127,0.8010561491707199
HTDPA_3h_140726,1,1310,37.33533028611562,-46.791138792130596,84.12646907824622,0.7979145464267848
HTDPA_3h_140726,1,1311,37.33533028611562,-46.2059771543976,83.54130744051322,0.8080194941307993
HTDPA_3h_140726,1,1312,37.78005313079269,-46.2059771543976,83.98603028519028,0.8176442845164895
HTDPA_3h_140726,1,1313,37.78005313079269,-46.17207813538411,83.95213126617679,0.8182445897283499
HTDPA_3h_140726,1,1314,37.593204966468306,-46.17207813538411,83.76528310185242,0.8141978114183828
HTDPA_3h_140726,1,1315,37.593204966468306,-45.900482423525965,83.49368738999428,0.8190154652318028
HTDPA_3h_140726,1,1316,37.323260180860814,-45.89551496987399,83.21877515073481,0.8132223857899831
HTDPA_3h_140726,1,1317,37.323260180860814,-45.72082496020444,83.04408514106525,0.8163295437767605
HTDPA_3h_140726,1,1318,37.43662378340595,-45.72937308945784,83.16599687286379,0.8186559590521995
HTDPA_3h_140726,1,1319,37.43662378340595,-46.059081405339114,83.49570518874506,0.8127957102302596
HTDPA_3h_140726,1,1320,37.57706257646187,-46.059081405339114,83.63614398180098,0.8158448112711597
HTDPA_3h_140726,1,1321,37.57706257646187,-45.78183585697873,83.3588984334406,0.8207854026180086
HTDPA_3h_140726,1,1322,37.524658508541,-45.77512209022606,83.29978059876706,0.819760970480367
HTDPA_3h_140726,1,1323,37.524658508541,-47.790044560628324,85.31470306916933,0.7851982322580962
HTDPA_3h_140726,1,1324,37.41806003489855,-47.793177651779565,85.21123768667812,0.7829163465029679
HTDPA_3h_140726,1,1325,37.41806003489855,-48.46792955404823,85.88598958894679,0.772016885787795
HTDPA_3h_140726,1,1326,37.40676036189406,-48.46792955404823,85.8746899159423,0.7717837486781958
HTDPA_3h_140726,1,1327,37.398278269690685,-48.06613812933825,85.46441639902893,0.778058727519526
HTDPA_3h_140726,1,1328,37.46243693251623,-48.06613812933825,85.52857506185448,0.7793935271377709
HTDPA_3h_140726,1,1329,37.46810144391849,-48.11239341415667,85.58049485807516,0.7787619526925014
HTDPA_3h_140726,1,1330,37.33371604711498,-48.11239341415667,85.44610946127165,0.775968797181681
HTDPA_3h_140726,1,1331,37.33371604711498,-47.941687639838705,85.2754036869537,0.7787317861562161
HTDPA_3h_140726,1,1332,37.23766882657673,-47.941687639838705,85.17935646641544,0.7767283685614955
HTDPA_3h_140726,1,1333,37.23766882657673,-45.82138471249447,83.0590535390712,0.812670089745735
HTDPA_3h_140726,1,1334,37.44671277715997,-45.82138471249447,83.26809748965445,0.8172322380067464
HTDPA_3h_140726,1,1335,37.44671277715997,-45.823806070995445,83.27051884815542,0.8171890549454419
HTDPA_3h_140726,1,1336,37.36746097967841,-45.81010705183999,83.1775680315184,0.8157034197146135
HTDPA_3h_140726,1,1337,37.36746097967841,-45.42897054888824,82.79643152856664,0.822546945884797
HTDPA_3h_140726,1,1338,37.18762741755681,-45.42952819508845,82.61715561264526,0.8185783320896848
HTDPA_3h_140726,1,1339,37.18762741755681,-45.963437744551044,83.15106516210786,0.8090697572325385
HTDPA_3h_140726,1,1340,37.22475491457159,-45.963437744551044,83.18819265912263,0.8098775187672854
HTDPA_3h_140726,1,1341,37.22475491457159,-45.62323687516557,82.84799178973716,0.8159165693663094
HTDPA_3h_140726,1,1342,37.857133043073375,-45.62323687516557,83.48036991823895,0.8297774475462618
HTDPA_3h_140726,1,1343,37.82217743125946,-46.15708038757814,83.9792578188376,0.8194230898849967
HTDPA_3h_140726,1,1344,37.178976564003364,-46.15708038757814,83.3360569515815,0.8054880475934311
HTDPA_3h_140726,1,1345,37.18117046155424,-45.54494628363441,82.72611674518865,0.8163621542114868
HTDPA_3h_140726,1,1346,37.23322966932496,-45.54494628363441,82.77817595295937,0.8175051835049352
HTDPA_3h_140726,1,1347,37.23322966932496,-45.63897570542184,82.87220537474681,0.815820887603788
HTDPA_3h_140726,1,1348,37.336540965366105,-45.63897570542184,82.97551667078795,0.8180845513789781
HTDPA_3h_140726,1,1349,37.336540965366105,-45.89725394552468,83.2337949108908,0.8134809330789319
HTDPA_3h_140726,1,1350,37.42048139339953,-45.89725394552468,83.31773533892421,0.8153098099902402
HTDPA_3h_140726,1,1351,37.42048139339953,-45.763675668221495,83.18415706162102,0.817689594356261
HTDPA_3h_140726,1,1352,37.447556583910306,-45.758979700219626,83.20653628412992,0.8183652002129447
HTDPA_3h_140726,1,1353,37.447556583910306,-46.183084310388494,83.6306408942988,0.8108500578313864
HTDPA_3h_140726,1,1354,37.42814902865258,-46.19144900339182,83.6195980320444,0.8102830683208108
HTDPA_3h_140726,1,1355,37.42539748490149,-48.12733246236262,85.55272994726411,0.7776329077488255
HTDPA_3h_140726,1,1356,37.357122512624294,-48.14387107466921,85.5009935872935,0.7759476269509965
HTDPA_3h_140726,1,1357,37.357122512624294,-45.8322808257488,83.1894033383731,0.8150832085938188
HTDPA_3h_140726,1,1358,37.63583555098527,-45.824576503245744,83.46041205423101,0.8213024194194033
HTDPA_3h_140726,1,1359,37.64203569623774,-45.62121907641478,83.26325477265252,0.8250992949835023
HTDPA_3h_140726,1,1360,37.39182865113812,-45.62121907641478,83.0130477275529,0.8196148504604278
HTDPA_3h_140726,1,1361,37.39182865113812,-47.81053072103648,85.2023593721746,0.7820835302856372
HTDPA_3h_140726,1,1362,37.501193343431666,-47.81053072103648,85.31172406446814,0.784370990613816
HTDPA_3h_140726,1,1363,37.501193343431666,-45.89281478827291,83.39400813170457,0.817147379528667
HTDPA_3h_140726,1,1364,37.56576290345737,-45.89281478827291,83.45857769173028,0.8185543440028139
HTDPA_3h_140726,1,1365,37.56576290345737,-48.225793703951815,85.79155660740918,0.7789558246374508
HTDPA_3h_140726,1,1366,37.50311575533243,-48.21476551659744,85.71788127192987,0.7778346602644447
HTDPA_3h_140726,1,1367,37.50311575533243,-47.8613352248567,85.36445098018913,0.7835785520637806
HTDPA_3h_140726,1,1368,37.58271241296413,-47.86702908605898,85.4497414990231,0.7851482143459347
HTDPA_3h_140726,1,1369,37.58271241296413,-48.793198712677736,86.37591112564186,0.7702448989719374
HTDPA_3h_140726,1,1370,37.60490819922297,-48.793198712677736,86.3981069119007,0.7706997940565893
HTDPA_3h_140726,1,1371,37.60490819922297,-48.0885833888972,85.69349158812017,0.7819924304092782
HTDPA_3h_140726,1,1372,37.580511177963245,-48.079609687543616,85.66012086550685,0.7816309537907822
HTDPA_3h_140726,1,1373,37.580511177963245,-47.769499700620145,85.35001087858339,0.7867051447782982
HTDPA_3h_140726,1,1374,37.63073602323324,-47.770981865520746,85.40171788875398,0.7877321033335021
HTDPA_3h_140726,1,1375,37.63073602323324,-48.50102145356141,86.13175747679465,0.7758751237695847
HTDPA_3h_140726,1,1376,37.44308073940852,-48.50102145356141,85.94410219296992,0.7720060241465099
HTDPA_3h_140726,1,1377,37.44308073940852,-47.87873231881363,85.32181305822215,0.7820399356040492
HTDPA_3h_140726,1,1378,37.382311978484324,-47.866236641458656,85.24854861994298,0.7809745365714874
HTDPA_3h_140726,1,1379,37.382311978484324,-45.789708940831865,83.1720209193162,0.8163911246255936
HTDPA_3h_140726,1,1380,37.524599808940984,-45.801610284736604,83.32621009367759,0.819285601000934
HTDPA_3h_140726,1,1381,37.524599808940984,-46.22776938090628,83.75236918984726,0.8117328677433435
HTDPA_3h_140726,1,1382,37.73001172177277,-46.22776938090628,83.95778110267905,0.8161763422086424
HTDPA_3h_140726,1,1383,37.72591008722114,-45.92501151888574,83.65092160610688,0.8214676238395088
HTDPA_3h_140726,2,1,41.48283654905122,-46.704528143561305,88.18736469261253,0.8881973161476004
HTDPA_3h_140726,2,2,41.51605703697387,-46.709993376788546,88.22605041376241,0.8888046012355959
HTDPA_3h_140726,2,3,41.51605703697387,-46.4210135239957,87.93707056096957,0.8943375830325982
HTDPA_3h_140726,2,4,41.48703710020935,-46.41256725446267,87.89960435467202,0.8938750763936739
HTDPA_3h_140726,2,5,41.48703710020935,-46.43578320387431,87.92282030408366,0.8934281762420653
HTDPA_3h_140726,2,6,41.5668249886055,-46.44019829931203,88.00702328791752,0.8950613156451848
HTDPA_3h_140726,2,7,41.56242118497197,-46.667942697990476,88.23036388296245,0.8905989589886432
HTDPA_3h_140726,2,8,41.582351219364725,-46.6699865145486,88.25233773391332,0.8909869988156546
HTDPA_3h_140726,2,9,41.59132820369461,-46.49838496629552,88.08971316999012,0.8944682322588665
HTDPA_3h_140726,2,10,41.46811203638937,-46.487951339225305,87.95606337561468,0.8920184874096544
HTDPA_3h_140726,2,11,41.46811203638937,-47.9992464118181,89.46735844820748,0.863932564286662
HTDPA_3h_140726,2,12,41.67299053158605,-47.9992464118181,89.67223694340416,0.8682009332822685
HTDPA_3h_140726,2,13,41.67299053158605,-46.59703016768649,88.27002069927255,0.8943271788270512
HTDPA_3h_140726,2,14,41.53064604798545,-46.60622169629596,88.1368677442814,0.8910966076292365
HTDPA_3h_140726,2,15,41.53064604798545,-46.96031009203988,88.49095614002533,0.8843775938997728
HTDPA_3h_140726,2,16,41.44805779215055,-46.9468954286639,88.39495322081444,0.8828711124281079
HTDPA_3h_140726,2,17,41.44805779215055,-46.59892719079017,88.04698498294073,0.8894637771906122
HTDPA_3h_140726,2,18,41.67701041387716,-46.59892719079017,88.27593760466733,0.8943770366909696
HTDPA_3h_140726,2,19,41.67701041387716,-46.66383248126585,88.34084289514301,0.8931330368248097
HTDPA_3h_140726,2,20,41.653546044773414,-46.667558776648065,88.32110482142147,0.8925589239438938
HTDPA_3h_140726,2,21,41.653546044773414,-46.56189007305179,88.2154361178252,0.8945845192156592
HTDPA_3h_140726,2,22,41.60677539182451,-46.54996592782871,88.15674131965322,0.89380893331548
HTDPA_3h_140726,2,23,41.60677539182451,-46.48180859774675,88.08858398957126,0.8951195456245961
HTDPA_3h_140726,2,24,41.64383509317127,-46.482429646977124,88.1262647401484,0.8959048700648005
HTDPA_3h_140726,2,25,41.64383509317127,-46.5271451915637,88.17098028473497,0.8950438485257017
HTDPA_3h_140726,2,26,41.41032058255248,-46.5271451915637,87.93746577411618,0.8900249609567922
HTDPA_3h_140726,2,27,41.41032058255248,-46.55198716077846,87.96230774333094,0.8895500086716385
HTDPA_3h_140726,2,28,41.80221393871959,-46.54350701583288,88.34572095455246,0.8981320192416865
HTDPA_3h_140726,2,29,41.80221393871959,-46.77485350004747,88.57706743876706,0.8936898955477683
HTDPA_3h_140726,2,30,41.73388723157479,-46.77804908063281,88.51193631220761,0.892168186827047
HTDPA_3h_140726,2,31,41.72240346671504,-46.76166467275525,88.4840681394703,0.8922352050273301
HTDPA_3h_140726,2,32,41.64383509317127,-46.76314389910396,88.40697899227523,0.8905268470191376
HTDPA_3h_140726,2,33,41.64819372958804,-46.53937421549987,88.1875679450879,0.8949023151178764
HTDPA_3h_140726,2,34,42.1490981633912,-46.527698489968934,88.67679665336013,0.905892608732372
HTDPA_3h_140726,2,35,42.1490981633912,-46.482079601047275,88.63117776443848,0.9067816785555686
HTDPA_3h_140726,2,36,41.7214662469674,-46.48988223774155,88.21134848470895,0.8974311019677517
HTDPA_3h_140726,2,37,41.7214662469674,-46.656944480710834,88.37841072767824,0.8942177142400767
HTDPA_3h_140726,2,38,41.785411734087056,-46.649966145722324,88.43537787980938,0.8957222306134227
HTDPA_3h_140726,2,39,41.785411734087056,-46.58853873093673,88.3739504650238,0.8969032485738773
HTDPA_3h_140726,2,40,41.665989612989165,-46.59499764293257,88.26098725592173,0.8942159399230912
HTDPA_3h_140726,2,41,41.665989612989165,-46.66207095981244,88.3280605728016,0.8929305698599161
HTDPA_3h_140726,2,42,41.5308944676776,-46.65809624473807,88.18899071241566,0.8901112092065115
HTDPA_3h_140726,2,43,41.5308944676776,-47.24676058069449,88.77765504837208,0.8790209943969692
HTDPA_3h_140726,2,44,41.920597213832124,-47.24676058069449,89.16735779452662,0.8872692370566736
HTDPA_3h_140726,2,45,41.920597213832124,-46.757825459331166,88.67842267316328,0.8965471940155484
HTDPA_3h_140726,2,46,41.60989192978055,-46.768259086401365,88.37815101618192,0.8897036738722505
HTDPA_3h_140726,2,47,41.60989192978055,-46.4766369514284,88.08652888120895,0.8952862052662296
HTDPA_3h_140726,2,48,41.8188354744851,-46.473407495430486,88.29224296991558,0.8998443998021223
HTDPA_3h_140726,2,49,41.8188354744851,-46.53664159888625,88.35547707337135,0.8986216890108791
HTDPA_3h_140726,2,50,41.807792089988716,-46.54329247155329,88.35108456154201,0.8982560078993368
HTDPA_3h_140726,2,51,41.79792305312794,-46.41952300584282,88.21744605897075,0.9004384437097046
HTDPA_3h_140726,2,52,41.715255754663715,-46.42467206855279,88.13992782321651,0.8985578981164383
HTDPA_3h_140726,2,53,41.725090916111924,-46.48930635572793,88.21439727183986,0.8975201866175185
HTDPA_3h_140726,2,54,41.617931694362774,-46.48284744373208,88.10077913809485,0.8953395495992724
HTDPA_3h_140726,2,55,41.617931694362774,-46.27033568890396,87.88826738326674,0.8994516913423458
HTDPA_3h_140726,2,56,41.903433671465564,-46.27810445018568,88.18153812165124,0.9054699661817596
HTDPA_3h_140726,2,57,41.903433671465564,-46.369398687049944,88.2728323585155,0.9036872346409867
HTDPA_3h_140726,2,58,41.65289112013048,-46.36726453605831,88.02015565618879,0.8983253926428716
HTDPA_3h_140726,2,59,41.65289112013048,-46.39066115433693,88.0435522744674,0.8978723321393419
HTDPA_3h_140726,2,60,41.66499593422058,-46.39289693156626,88.05789286578684,0.8980899812245015
HTDPA_3h_140726,2,61,41.66499593422058,-46.349333151006924,88.0143290852275,0.8989340968180773
HTDPA_3h_140726,2,62,41.44015352921858,-46.338899523936725,87.77905305315531,0.8942843691791243
HTDPA_3h_140726,2,63,41.44015352921858,-46.155746459998774,87.59589998921734,0.8978330263845478
HTDPA_3h_140726,2,64,41.815865729983514,-46.16383139179776,87.97969712178127,0.905814454070925
HTDPA_3h_140726,2,65,41.815865729983514,-46.20544169023248,88.021307420216,0.904998723101117
HTDPA_3h_140726,2,66,41.64383509317127,-46.20544169023248,87.84927678340375,0.9012755547789622
HTDPA_3h_140726,2,67,41.63794077138487,-46.148068033150565,87.78600880453544,0.9022683407130753
HTDPA_3h_140726,2,68,41.44261514253167,-46.15141040719036,87.59402554972203,0.8979707180536121
HTDPA_3h_140726,2,69,41.4469060281233,-46.20470772296024,87.65161375108354,0.897027772075427
HTDPA_3h_140726,2,70,41.525338900016834,-46.19477093527433,87.72010983529117,0.8989186018088485
HTDPA_3h_140726,2,71,41.525338900016834,-46.12150970969915,87.64684860971599,0.9003464795794454
HTDPA_3h_140726,2,72,41.660072707594374,-46.12150970969915,87.78158241729352,0.9032677587922376
HTDPA_3h_140726,2,73,41.660072707594374,-46.265005957326984,87.92507866492136,0.9004661697443632
HTDPA_3h_140726,2,74,41.62143215366123,-46.27121644963067,87.8926486032919,0.8995102214131102
HTDPA_3h_140726,2,75,41.62143215366123,-46.11403453532634,87.73546668898757,0.9025762454546569
HTDPA_3h_140726,2,76,41.44417341150968,-46.105339846101174,87.54951325761085,0.89890180941838
HTDPA_3h_140726,2,77,41.44417341150968,-46.149287548002924,87.59346095951261,0.8980457903797725
HTDPA_3h_140726,2,78,41.57190630049033,-46.149287548002924,87.72119384849326,0.9008136096846272
HTDPA_3h_140726,2,79,41.57190630049033,-46.27065185942125,87.84255815991159,0.898450845836221
HTDPA_3h_140726,2,80,41.48997296929837,-46.27810445018567,87.76807741948404,0.8965357043514757
HTDPA_3h_140726,2,81,41.48997296929837,-46.2441161195782,87.73408908887657,0.8971946368704172
HTDPA_3h_140726,2,82,41.37267370738793,-46.23045303651008,87.603126743898,0.894922523789984
HTDPA_3h_140726,2,83,41.37267370738793,-46.070877259717776,87.44355096710571,0.8980222684746285
HTDPA_3h_140726,2,84,41.54508826554258,-46.07502135185497,87.62010961739756,0.9016835379908074
HTDPA_3h_140726,2,85,41.54508826554258,-46.242083594824265,87.78717186036684,0.898425958258347
HTDPA_3h_140726,2,86,41.71219567572862,-46.23921547656038,87.95141115228901,0.902095661568337
HTDPA_3h_140726,2,87,41.71219567572862,-46.265186626194,87.97738230192263,0.9015892665201612
HTDPA_3h_140726,2,88,41.5847337900485,-46.274626574495606,87.8593603645441,0.8986508777786237
HTDPA_3h_140726,2,89,41.5847337900485,-46.13874100289084,87.72347479293934,0.9012975405515073
HTDPA_3h_140726,2,90,41.4520325072249,-46.12706527735991,87.5790977845848,0.8986488140525686
HTDPA_3h_140726,2,91,41.4520325072249,-46.08501459856183,87.53704710578673,0.8994687941038103
HTDPA_3h_140726,2,92,41.53390937939593,-46.09427387799642,87.62818325739235,0.9010644031258419
HTDPA_3h_140726,2,93,41.528590939623136,-46.08998299240478,87.61857393202791,0.901032897895985
HTDPA_3h_140726,2,94,41.5308041332441,-46.09116863184457,87.62197276508866,0.9010577376541132
HTDPA_3h_140726,2,95,41.5308041332441,-46.139610471813356,87.67041460505746,0.9001117198120956
HTDPA_3h_140726,2,96,41.618372074726125,-46.139610471813356,87.75798254653948,0.9020096105958837
HTDPA_3h_140726,2,97,41.62364534728218,-46.1086596365326,87.73230498381477,0.9027294585311069
HTDPA_3h_140726,2,98,41.38048763588638,-46.10592701991897,87.48641465580536,0.8975090690185867
HTDPA_3h_140726,2,99,41.38048763588638,-48.05475692120892,89.4352445570953,0.8611111633284143
HTDPA_3h_140726,2,100,41.93013878837144,-48.16857830742929,90.09871709580074,0.8704873646209386
HTDPA_3h_140726,2,101,41.90207865496294,-46.20908894298538,88.11116759794832,0.9067930057366722
HTDPA_3h_140726,2,102,41.56061449630181,-46.21786267483987,87.77847717114167,0.8992327228261601
HTDPA_3h_140726,2,103,41.56309869322329,-46.13137874655992,87.69447743978321,0.9009723928167377
HTDPA_3h_140726,2,104,41.428500387296,-46.124174575487636,87.55267496278364,0.8981949437272505
HTDPA_3h_140726,2,105,41.428500387296,-45.92602599558732,87.35452638288331,0.9020702202989771
HTDPA_3h_140726,2,106,41.75997129925029,-45.9296958319486,87.68966713119889,0.9092150632141165
HTDPA_3h_140726,2,107,41.75997129925029,-45.96882193346185,87.72879323271214,0.9084411899808155
HTDPA_3h_140726,2,108,41.49421868767326,-45.96843801211945,87.46265669979272,0.9026675798018943
HTDPA_3h_140726,2,109,41.49421868767326,-46.11234076469806,87.60655945237133,0.8998506256581044
HTDPA_3h_140726,2,110,41.612466461135526,-46.11979335546249,87.73225981659802,0.9022691437581406
HTDPA_3h_140726,2,111,41.612466461135526,-46.06617986917535,87.67864633031087,0.9033192372215788
HTDPA_3h_140726,2,112,41.393450627094815,-46.05177152703078,87.44522215412559,0.8988459999372295
HTDPA_3h_140726,2,113,41.393450627094815,-45.953261827290056,87.34671245438487,0.9007728500898857
HTDPA_3h_140726,2,114,41.644456142401644,-45.95515885039373,87.59961499279538,0.906197632304449
HTDPA_3h_140726,2,115,41.63943128953775,-46.12236788681748,87.76179917635523,0.9028034161584964
HTDPA_3h_140726,2,116,41.75935025001992,-46.1247052902845,87.88405554030442,0.9053575516029567
HTDPA_3h_140726,2,117,41.77346500525559,-46.22848826258127,88.00195326783685,0.9036303494931346
HTDPA_3h_140726,2,118,41.54340578671849,-46.21383150074457,87.75723728746306,0.8989387903500096
HTDPA_3h_140726,2,119,41.54340578671849,-46.06252132461827,87.60592711133675,0.9018917026696817
HTDPA_3h_140726,2,120,41.72643464081036,-46.07191610570312,87.79835074651348,0.9056804701822496
HTDPA_3h_140726,2,121,41.71942243040929,-46.11234076469806,87.83176319510736,0.9047344320101869
HTDPA_3h_140726,2,122,41.53018308401372,-46.11601060105934,87.64619368507306,0.9005588849235742
HTDPA_3h_140726,2,123,41.5327689071729,-46.041608903261114,87.57437781043402,0.9020703206622988
HTDPA_3h_140726,2,124,41.291079130321606,-46.03465315188098,87.32573228220258,0.8969564513517888
HTDPA_3h_140726,2,125,41.28681082833834,-46.38329889800601,87.67010972634435,0.8901223459574419
HTDPA_3h_140726,2,126,41.64936807722365,-46.38329889800601,88.03266697522966,0.8979388932384481
HTDPA_3h_140726,2,127,41.65687712700902,-46.254504579431654,87.91138170644066,0.9006015199119202
HTDPA_3h_140726,2,128,41.687929588527474,-46.254504579431654,87.94243416795914,0.9012728590993312
HTDPA_3h_140726,2,129,41.67308086601957,-46.18618916409104,87.85927003011061,0.9022844625254266
HTDPA_3h_140726,2,130,41.45503612713906,-46.18743126255179,87.64246738969085,0.8975393303751512
HTDPA_3h_140726,2,131,41.46316622615479,-46.22469421637393,87.68786044252872,0.8969916822395659
HTDPA_3h_140726,2,132,41.38861773490213,-46.21848372407024,87.60710145897237,0.8954992548435172
HTDPA_3h_140726,2,133,41.38861773490213,-45.93108472386379,87.31970245876592,0.901102553613292
HTDPA_3h_140726,2,134,41.66184552085197,-45.93218002887007,87.59402554972203,0.9070295704376748
HTDPA_3h_140726,2,135,41.657904681190175,-46.1094500628258,87.76735474401598,0.9034569838597026
HTDPA_3h_140726,2,136,41.519004197867076,-46.114147453368226,87.6331516512353,0.9003528524484189
HTDPA_3h_140726,2,137,41.52427747042312,-46.23856055191744,87.76283802234056,0.8980443373404533
HTDPA_3h_140726,2,138,41.46559396405532,-46.2352520532902,87.70084601734553,0.8968393622308487
HTDPA_3h_140726,2,139,41.46559396405532,-46.07005295801202,87.53564692206734,0.9000552702174409
HTDPA_3h_140726,2,140,41.428184216778725,-46.06866406609683,87.49684828287556,0.8992703621129496
HTDPA_3h_140726,2,141,41.428184216778725,-46.11066957767816,87.53885379445688,0.8984511523301282
HTDPA_3h_140726,2,142,41.417705422491764,-46.11066957767816,87.52837500016992,0.8982238991936429
HTDPA_3h_140726,2,143,41.417705422491764,-46.086911621665486,87.50461704415724,0.8986869365970115
HTDPA_3h_140726,2,144,41.41953469477032,-46.09411579273777,87.51365048750809,0.8985861640347609
HTDPA_3h_140726,2,145,41.41953469477032,-45.89673505552228,87.3162697502926,0.9024505696247066
HTDPA_3h_140726,2,146,41.43794033559762,-45.88704668752851,87.32498702312613,0.9030422162004141
HTDPA_3h_140726,2,147,41.43794033559762,-45.875935552207004,87.31387588780461,0.9032609327049269
HTDPA_3h_140726,2,148,41.56620393937513,-45.8812539919798,87.44745793135493,0.9059517847232564
HTDPA_3h_140726,2,149,41.56070483073532,-46.036459840551146,87.59716467128646,0.9027780366840161
HTDPA_3h_140726,2,150,41.391689105641404,-46.04148469341503,87.43317379905643,0.8990085654549135
HTDPA_3h_140726,2,151,41.395212148548225,-46.111098666237325,87.50631081478555,0.8977277346648415
HTDPA_3h_140726,2,152,41.4239836656206,-46.10240397701215,87.52638764263276,0.8985211202061321
HTDPA_3h_140726,2,153,41.4239836656206,-46.41301892663022,87.83700259225083,0.8925078485220644
HTDPA_3h_140726,2,154,41.461867668673115,-46.41659842855799,87.8784660972311,0.8932551947443771
HTDPA_3h_140726,2,155,41.461867668673115,-46.43895620085127,87.90082386952439,0.8928251420929456
HTDPA_3h_140726,2,156,41.494444523757025,-46.43257633148476,87.92702085524178,0.8936494117303736
HTDPA_3h_140726,2,157,41.504720065568584,-46.18308391793919,87.68780398350778,0.8986996221239059
HTDPA_3h_140726,2,158,41.393450627094815,-46.1840663049036,87.57751693199842,0.8962712454511581
HTDPA_3h_140726,2,159,41.389204908719925,-46.06508456416906,87.45428947288899,0.8984940611812924
HTDPA_3h_140726,2,160,41.523893549080704,-46.0585466095439,87.5824401586246,0.9015458933408124
HTDPA_3h_140726,2,161,41.523893549080704,-46.14748085933277,87.67137440841347,0.8998084570565026
HTDPA_3h_140726,2,162,41.48733068711825,-46.15078935796,87.63812004507825,0.898951702978025
HTDPA_3h_140726,2,163,41.47958450944492,-46.21026329062099,87.6898478000659,0.8976270974388447
HTDPA_3h_140726,2,164,41.383615465646606,-46.21289428099692,87.59650974664353,0.895499321336899
HTDPA_3h_140726,2,165,41.38604320354714,-46.26532212784426,87.65136533139139,0.8945370160654176
HTDPA_3h_140726,2,166,41.3056455577248,-46.25488850077405,87.56053405849886,0.8930006513156674
HTDPA_3h_140726,2,167,41.3056455577248,-45.93880831792874,87.24445387565353,0.8991449075444186
HTDPA_3h_140726,2,168,41.42087841946876,-45.94273786578635,87.3636162852551,0.9015761868714178
HTDPA_3h_140726,2,169,41.41201435318075,-46.057869101292596,87.46988345447335,0.8991300544561784
HTDPA_3h_140726,2,170,41.54633036400332,-46.061979318017215,87.60830968202053,0.9019658073562724
HTDPA_3h_140726,2,171,41.5508809610913,-46.154662446796664,87.70554340788797,0.9002531653002072
HTDPA_3h_140726,2,172,41.20289013960919,-46.14174462280499,87.34463476241419,0.8929634212236779
HTDPA_3h_140726,2,173,41.20289013960919,-46.084608093611024,87.28749823322022,0.8940705333961901
HTDPA_3h_140726,2,174,41.263131914955,-46.08930548415345,87.35243739910845,0.8952864765806071
HTDPA_3h_140726,2,175,41.263131914955,-46.09800017337863,87.36113208833362,0.8951176137741492
HTDPA_3h_140726,2,176,41.68093996173477,-46.094183543562906,87.77512350529767,0.9042559550348203
HTDPA_3h_140726,2,177,41.68093996173477,-46.159179168472086,87.84011913020686,0.9029826940727735
HTDPA_3h_140726,2,178,41.37481915018373,-46.177562225691005,87.55238137587475,0.8959940099905219
HTDPA_3h_140726,2,179,41.37481915018373,-46.05276520579939,87.42758435598313,0.8984220375321444
HTDPA_3h_140726,2,180,41.43748866343008,-46.04382209688207,87.48131076031214,0.8999576224632335
HTDPA_3h_140726,2,181,41.43748866343008,-45.89210541580498,87.32959407923505,0.9029328309953556
HTDPA_3h_140726,2,182,41.58110912090398,-45.89740127196941,87.47851039287339,0.9059578095611813
HTDPA_3h_140726,2,183,41.56892526418457,-45.874625702921136,87.44355096710571,0.9061420039343799
HTDPA_3h_140726,2,184,41.47242550558939,-45.8793908442887,87.35181634987809,0.903944554241005
HTDPA_3h_140726,2,185,41.4867886805172,-46.041202398310325,87.52799107882753,0.9010796095551087
HTDPA_3h_140726,2,186,41.39293120410214,-46.032168954959495,87.42510015906163,0.8992174851592014
HTDPA_3h_140726,2,187,41.39293120410214,-45.971927179613694,87.36485838371584,0.9003958229199033
HTDPA_3h_140726,2,188,41.3510386105627,-45.96708299561681,87.31812160617952,0.8995793493031901
HTDPA_3h_140726,2,189,41.3510386105627,-45.93980199669733,87.29084060726004,0.9001135575972984
HTDPA_3h_140726,2,190,41.31585334871124,-45.93980199669733,87.25565534540857,0.8993476583046981
HTDPA_3h_140726,2,191,41.31585334871124,-46.12042569649705,87.4362790452083,0.8958254986759427
HTDPA_3h_140726,2,192,41.453658527028054,-46.1410445309453,87.59470305797336,0.8984117925467949
HTDPA_3h_140726,2,193,41.453658527028054,-46.017128271780386,87.47078679880843,0.9008310619080756
HTDPA_3h_140726,2,194,41.19132733212013,-45.9942736601028,87.18560099222293,0.8955751239061542
HTDPA_3h_140726,2,195,41.19132733212013,-45.898609495017574,87.0899368271377,0.8974417261287964
HTDPA_3h_140726,2,196,41.4761518009716,-45.90236966581236,87.37852146678395,0.9035732164359837
HTDPA_3h_140726,2,197,41.4761518009716,-45.861380416608,87.3375322175796,0.9043807976166292
HTDPA_3h_140726,2,198,41.32585788722227,-45.861380416608,87.18723830383027,0.9011036630780687
HTDPA_3h_140726,2,199,41.32059590647042,-46.09847442915454,87.41907033562497,0.8963549535673485
HTDPA_3h_140726,2,200,41.20040594268772,-46.10110541953048,87.3015113622182,0.8936967035335643
HTDPA_3h_140726,2,201,41.203454729818624,-45.870538069804894,87.07399279962351,0.8982553173262543
HTDPA_3h_140726,2,202,41.3561425060559,-45.863333898732606,87.21947640478851,0.9017256049761081
HTDPA_3h_140726,2,203,41.3561425060559,-45.7782840295846,87.1344265356405,0.9034008893677437
HTDPA_3h_140726,2,204,41.283874959249324,-45.7782840295846,87.06215898883391,0.9018222468227354
HTDPA_3h_140726,2,205,41.283874959249324,-45.81319828813554,87.09707324738486,0.901134967692068
HTDPA_3h_140726,2,206,41.34356343618989,-45.821644557668556,87.16520799385844,0.9022714884045071
HTDPA_3h_140726,2,207,41.34356343618989,-45.80156772982136,87.14513116601125,0.9026669934110385
HTDPA_3h_140726,2,208,41.18324240032115,-45.774986822761555,86.9582292230827,0.8996887876730711
HTDPA_3h_140726,2,209,41.18324240032115,-45.728238753421046,86.91148115374219,0.9006085413084082
HTDPA_3h_140726,2,210,41.305984311850466,-45.72909693053937,87.03508124238984,0.9032757496740548
HTDPA_3h_140726,2,211,41.305984311850466,-45.73654952130379,87.04253383315427,0.9031285644451688
HTDPA_3h_140726,2,212,41.44977414638719,-45.72918726497287,87.17896141136006,0.906418342976684
HTDPA_3h_140726,2,213,41.44977414638719,-45.925529156203034,87.37530330259023,0.9025432021786228
HTDPA_3h_140726,2,214,41.08163874623276,-45.93124280912242,87.0128815553552,0.894416006049667
HTDPA_3h_140726,2,215,41.08163874623276,-45.70441304658324,86.78605179281601,0.8988549684329429
HTDPA_3h_140726,2,216,41.25008988111724,-45.69671203612667,86.9468019172439,0.902692733089986
HTDPA_3h_140726,2,217,41.25008988111724,-45.72891626167236,86.9790061427896,0.9020570189128002
HTDPA_3h_140726,2,218,41.28362653955718,-45.735307422843064,87.01893396240024,0.9026642405149236
HTDPA_3h_140726,2,219,41.275699693016826,-45.76730839591335,87.04300808893018,0.9018598895079967
HTDPA_3h_140726,2,220,41.411562681013216,-45.76946513051336,87.18102781152658,0.9047858121768865
HTDPA_3h_140726,2,221,41.41461146814412,-45.71866330346917,87.13327477161329,0.9058578811292926
HTDPA_3h_140726,2,222,41.183197233104394,-45.69282765548581,86.8760248885902,0.9013055078056655
HTDPA_3h_140726,2,223,41.183197233104394,-45.439981576096265,86.62317880920065,0.9063207291168631
HTDPA_3h_140726,2,224,41.35504720104962,-45.44403533379994,86.79908253484956,0.9100214560015306
HTDPA_3h_140726,2,225,41.34954809240981,-45.54946690950823,86.89901500191804,0.9077943365299472
HTDPA_3h_140726,2,226,41.25381617649946,-45.554582096805646,86.8083982733051,0.9055909258224156
HTDPA_3h_140726,2,227,41.257135966930896,-45.56453017629574,86.82166614322664,0.9054660677351678
HTDPA_3h_140726,2,228,41.07429907351022,-45.5424208236946,86.61671989720482,0.9018909915333326
HTDPA_3h_140726,2,229,41.07429907351022,-45.40452531094427,86.4788243844545,0.9046300735933407
HTDPA_3h_140726,2,230,41.162521939635205,-45.40677237997779,86.569294319613,0.9065282507898735
HTDPA_3h_140726,2,231,41.162521939635205,-45.387519853836345,86.55004179347155,0.9069127829013988
HTDPA_3h_140726,2,232,41.182395515007,-45.387519853836345,86.56991536884334,0.9073506472181933
HTDPA_3h_140726,2,233,41.17434445862058,-45.53045151125476,86.70479596987533,0.9043254150124695
HTDPA_3h_140726,2,234,41.10041701659828,-45.53160327528199,86.63202029188027,0.9026788880704911
HTDPA_3h_140726,2,235,41.1040416857428,-45.516946513445276,86.62098819918808,0.9030491901208938
HTDPA_3h_140726,2,236,41.08766856966943,-45.507506565143665,86.5951751348131,0.9028767267407353
HTDPA_3h_140726,2,237,41.08766856966943,-45.282889996225435,86.37055856589487,0.907355263171019
HTDPA_3h_140726,2,238,41.43410112217352,-45.282889996225435,86.71699111839897,0.9150056704779062
HTDPA_3h_140726,2,239,41.43410112217352,-44.693864322534985,86.12796544470851,0.9270646373999515
HTDPA_3h_140726,2,240,41.34313434763072,-44.706285307142366,86.04941965477309,0.9247723013351248
HTDPA_3h_140726,2,241,41.34313434763072,-44.704072113521406,86.04720646115213,0.9248180846398976
HTDPA_3h_140726,2,242,41.2649047282126,-44.68519221691818,85.95009694513078,0.9234581453269293
HTDPA_3h_140726,2,243,41.2649047282126,-44.5810366150832,85.8459413432958,0.9256156397729737
HTDPA_3h_140726,2,244,41.470562357898295,-44.58760844512092,86.05817080301921,0.9300916511129066
HTDPA_3h_140726,2,245,41.470562357898295,-44.549103392838035,86.01966575073632,0.9308955556794738
HTDPA_3h_140726,2,246,41.26653074801575,-44.544631838379374,85.81116258639511,0.9264086163680169
HTDPA_3h_140726,2,247,41.26653074801575,-44.73437931596342,86.00091006397918,0.9224791173818706
HTDPA_3h_140726,2,248,41.18218097072743,-44.74530978241793,85.92749075314535,0.9203686636875049
HTDPA_3h_140726,2,249,41.18218097072743,-44.64820026639657,85.830381237124,0.9223704589437223
HTDPA_3h_140726,2,250,41.43346878113896,-44.63230140609912,86.06577018723809,0.9283292027481463
HTDPA_3h_140726,2,251,41.43346878113896,-44.33193941468423,85.7654081958232,0.9346189074555761
HTDPA_3h_140726,2,252,41.36808923488737,-44.33608350682142,85.70417274170879,0.9330569135300957
HTDPA_3h_140726,2,253,41.36255625083499,-44.385733569838386,85.74828982067338,0.931888535440186
HTDPA_3h_140726,2,254,41.32151054260968,-44.39011478986353,85.7116253324732,0.9308719010576975
HTDPA_3h_140726,2,255,41.329471264562606,-44.50863356662634,85.83810483118894,0.9285720084552866
HTDPA_3h_140726,2,256,52.92423455947039,-44.50515569093628,97.42939025040667,1.1891708665620668
HTDPA_3h_140726,2,257,52.92423455947039,-44.32105411544649,97.24528867491688,1.1941104654599262
HTDPA_3h_140726,2,258,41.35185162046427,-44.32105411544649,85.67290573591076,0.9330069522433263
HTDPA_3h_140726,2,259,41.35185162046427,-44.408768850382984,85.76062047084724,0.9311641076964385
HTDPA_3h_140726,2,260,41.17438962583734,-44.42143825468252,85.59582788051986,0.9269035682674479
HTDPA_3h_140726,2,261,41.17438962583734,-44.46816374041466,85.642553366252,0.9259296126144334
HTDPA_3h_140726,2,262,41.16937606477763,-44.463692185956,85.63306825073363,0.9259099737511477
HTDPA_3h_140726,2,263,41.16937606477763,-44.255877821670296,85.42525388644793,0.930257811870103
HTDPA_3h_140726,2,264,41.27791288663778,-44.255877821670296,85.53379070830808,0.9327102956350279
HTDPA_3h_140726,2,265,41.27791288663778,-44.33681747409368,85.61473036073146,0.9310075742526346
HTDPA_3h_140726,2,266,41.36373059847062,-44.34923845870106,85.71296905717168,0.9326818686410905
HTDPA_3h_140726,2,267,41.36373059847062,-44.5293427355081,85.89307333397872,0.9289095247634724
HTDPA_3h_140726,2,268,41.39317962379429,-44.52313224320442,85.91631186699871,0.9297005295514028
HTDPA_3h_140726,2,269,41.39317962379429,-44.310620488376294,85.70380011217058,0.934159331726187
HTDPA_3h_140726,2,270,41.2811423426357,-44.31496783298887,85.59611017562457,0.9315394856702404
HTDPA_3h_140726,2,271,41.2811423426357,-44.49258791287444,85.77373025551015,0.9278206613531357
HTDPA_3h_140726,2,272,41.05694357047245,-44.49258791287444,85.5495314833469,0.9227816473806899
HTDPA_3h_140726,2,273,41.05694357047245,-44.47023014058115,85.52717371105359,0.9232455834089799
HTDPA_3h_140726,2,274,41.13265511755654,-44.463963189256525,85.59661830681307,0.9250784718060197
HTDPA_3h_140726,2,275,41.13265511755654,-44.30822662588832,85.44088174344486,0.928329979551103
HTDPA_3h_140726,2,276,41.23828994574023,-44.314346783758495,85.55263672949872,0.9305855312946717
HTDPA_3h_140726,2,277,41.231932659982085,-44.53754058534898,85.76947324533106,0.9257792890689096
HTDPA_3h_140726,2,278,41.12463793658268,-44.54040870361286,85.66504664019554,0.92331074486182
HTDPA_3h_140726,2,279,41.131096848578515,-44.32324472545906,85.45434157403758,0.9279802754366719
HTDPA_3h_140726,2,280,41.0318870569781,-44.30908480300664,85.34097185998473,0.9260377920104059
HTDPA_3h_140726,2,281,41.0318870569781,-44.339392005448666,85.37127906242677,0.9254048195323896
HTDPA_3h_140726,2,282,41.290458081091245,-44.34229399912512,85.63275208021636,0.9311755066597572
HTDPA_3h_140726,2,283,41.27764188333726,-44.26649211760752,85.54413400094478,0.9324805266627078
HTDPA_3h_140726,2,284,41.25443722572983,-44.26901018994156,85.5234474156714,0.9319033122430942
HTDPA_3h_140726,2,285,41.257745724357065,-44.3320749163345,85.58982064069156,0.930652260292814
HTDPA_3h_140726,2,286,41.06883384028297,-44.31716973480564,85.38600357508861,0.9267025418373794
HTDPA_3h_140726,2,287,41.06883384028297,-44.12575107020169,85.19458491048465,0.9307226017511786
HTDPA_3h_140726,2,288,41.03721678855508,-44.12575107020169,85.16296785875676,0.9300060801971864
HTDPA_3h_140726,2,289,41.03721678855508,-44.40922052255053,85.4464373111056,0.9240697383489723
HTDPA_3h_140726,2,290,45.44020741218003,-44.42064782838932,89.86085524056935,1.0229523798871547
HTDPA_3h_140726,2,291,45.44020741218003,-44.256148824970815,89.69635623715084,1.026754668416632
HTDPA_3h_140726,2,292,41.18012586236511,-44.242734161594846,85.42286002395996,0.9307771466373737
HTDPA_3h_140726,2,293,41.18012586236511,-44.073447433200414,85.25357329556553,0.9343522746837414
HTDPA_3h_140726,2,294,41.33455257644744,-44.08083227313971,85.41538484958716,0.9376990053255938
HTDPA_3h_140726,2,295,41.32497712649556,-44.036500649895544,85.3614777763911,0.9384255450959313
HTDPA_3h_140726,2,296,41.33952097029041,-44.03673777778351,85.37625874807392,0.938750758035173
HTDPA_3h_140726,2,297,41.34783173817316,-44.440860157886796,85.78869189605996,0.9304012476643136
HTDPA_3h_140726,2,298,41.00008933638319,-44.4132855720584,85.4133749084416,0.9231492065558297
HTDPA_3h_140726,2,299,41.00008933638319,-44.12037617140794,85.12046550779112,0.9292778732687497
HTDPA_3h_140726,2,300,41.26064771803352,-44.12306362080481,85.38371133883832,0.9351265377361148
HTDPA_3h_140726,2,301,41.255329278260724,-44.19034019016007,85.44566946842079,0.9335825228031874
HTDPA_3h_140726,2,302,41.39231015487177,-44.19324218383653,85.58555233870831,0.936620806925336
HTDPA_3h_140726,2,303,41.3958219059744,-44.397273793719066,85.79309569969347,0.932395581276225
HTDPA_3h_140726,2,304,41.153827250410025,-44.387009543711685,85.5408367941217,0.9271592673951673
HTDPA_3h_140726,2,305,41.14439859391261,-44.460756316866984,85.60515491077959,0.9254093272881133
HTDPA_3h_140726,2,306,41.34887058415848,-44.460756316866984,85.80962690102547,0.930008259181863
HTDPA_3h_140726,2,307,41.34887058415848,-44.21305930018738,85.56192988434586,0.9352184906142254
HTDPA_3h_140726,2,308,41.26996345648905,-44.215599956129815,85.48556341261886,0.9333801531006389
HTDPA_3h_140726,2,309,41.26996345648905,-44.361546525266554,85.63150998175561,0.9303093938121237
HTDPA_3h_140726,2,310,41.26996345648906,-44.361546525266554,85.63150998175561,0.9303093938121239
HTDPA_3h_140726,2,311,41.281006840985434,-44.312788514780486,85.59379535576592,0.9315822412578751
HTDPA_3h_140726,2,312,41.111200689598334,-44.30831696032183,85.41951764992017,0.9278438792070003
HTDPA_3h_140726,2,313,41.111200689598334,-44.25118043112786,85.36238112072618,0.9290418987485191
HTDPA_3h_140726,2,314,41.15693249656188,-44.25472605764306,85.41165855420493,0.9300008420107219
HTDPA_3h_140726,2,315,41.15004449600688,-44.323854482885245,85.47389897889212,0.9283949912771267
HTDPA_3h_140726,2,316,51.99920996034603,-44.33422035913032,96.33343031947635,1.1728910430616641
HTDPA_3h_140726,2,317,52.642526628574934,-44.31633414129568,96.95886076987061,1.1878808942258738
HTDPA_3h_140726,2,318,41.261426852522526,-44.29422478869454,85.55565164121707,0.9315306238987143
HTDPA_3h_140726,2,319,41.261426852522526,-44.237133426717335,85.49856027923985,0.9327328345286132
HTDPA_3h_140726,2,320,41.38547861333771,-44.241062974574945,85.62654158791266,0.9354539839407041
HTDPA_3h_140726,2,321,41.37831960948218,-44.19146937057892,85.5697889800611,0.9363417917266713
HTDPA_3h_140726,2,322,41.25567932419057,-44.193242183836524,85.4489215080271,0.9335291389704746
HTDPA_3h_140726,2,323,41.258061894874345,-44.309265471873665,85.567327366748,0.9311384753390656
HTDPA_3h_140726,2,324,41.212826927295104,-44.29944160222964,85.51226852952475,0.9303238469087343
HTDPA_3h_140726,2,325,41.212826927295104,-44.2721154360934,85.48494236338851,0.9308980725528156
HTDPA_3h_140726,2,326,41.842683764931266,-44.26604044543998,86.10872421037124,0.945254722217687
HTDPA_3h_140726,2,327,41.842683764931266,-44.14774750476094,85.99043126969221,0.9477875119318127
HTDPA_3h_140726,2,328,41.05067661914781,-44.14774750476094,85.19842412390875,0.929847589952825
HTDPA_3h_140726,2,329,41.05067661914781,-44.34770277333143,85.39837939247923,0.9256550858781734
HTDPA_3h_140726,2,330,41.19988651969504,-44.35316800655866,85.5530545262537,0.9289051576564422
HTDPA_3h_140726,2,331,41.19988651969504,-44.16509171599453,85.36497823568956,0.9328608844431397
HTDPA_3h_140726,2,332,41.04783108449231,-44.15813596461438,85.20596704910669,0.9295643982206477
HTDPA_3h_140726,2,333,41.04783108449231,-44.125525234117916,85.17335631861022,0.9302513877558124
HTDPA_3h_140726,2,334,41.18563626280912,-44.125525234117916,85.31116149692704,0.9333744141126807
HTDPA_3h_140726,2,335,41.18563626280912,-44.3080459570213,85.49368221983042,0.9295295103457979
HTDPA_3h_140726,2,336,41.18550076115886,-44.31077857363493,85.4962793347938,0.9294691288873986
HTDPA_3h_140726,2,337,41.18550076115886,-44.308407294755334,85.4939080559142,0.929518871828956
HTDPA_3h_140726,2,338,41.3192408899678,-44.292011595073596,85.6112524850414,0.9328824634951454
HTDPA_3h_140726,2,339,41.3192408899678,-44.04386290622647,85.36310379619428,0.9381384411703477
HTDPA_3h_140726,2,340,41.049953943679746,-44.04386290622647,85.09381684990622,0.9320243783130231
HTDPA_3h_140726,2,341,41.049953943679746,-44.189256176957976,85.23921012063772,0.9289577941591335
HTDPA_3h_140726,2,342,41.091982038869446,-44.20565187663972,85.29763391550917,0.9295639877348878
HTDPA_3h_140726,2,343,41.091982038869446,-44.17195713294114,85.26393917181059,0.9302730670320513
HTDPA_3h_140726,2,344,41.28093909016031,-44.159536148333764,85.44047523849407,0.9348136935020304
HTDPA_3h_140726,2,345,41.28093909016031,-44.146934494859366,85.42787358501968,0.9350805341867444
HTDPA_3h_140726,2,346,41.150722004258185,-44.1516318854018,85.30235388965998,0.9320317335283856
HTDPA_3h_140726,2,347,41.14033354440473,-44.2658146093562,85.40614815376094,0.9293928939852639
HTDPA_3h_140726,2,348,41.03210160125767,-44.269010189941554,85.30111179119922,0.9268809360138044
HTDPA_3h_140726,2,349,41.04272718899909,-44.09874107458271,85.1414682635818,0.9307006546872826
HTDPA_3h_140726,2,350,41.23170682389832,-44.09526319889266,85.32697002279099,0.9350597736070152
HTDPA_3h_140726,2,351,41.23170682389832,-44.01170384789753,85.24341067179586,0.9368350511126142
HTDPA_3h_140726,2,352,41.15196410271892,-44.01934839933317,85.17131250205209,0.9348608191424823
HTDPA_3h_140726,2,353,41.14083038378903,-44.07453144640252,85.21536183019154,0.9334377254541876
HTDPA_3h_140726,2,354,41.022785862802145,-44.082695420830824,85.10548128363297,0.9305870585086149
HTDPA_3h_140726,2,355,41.02522489250687,-44.04131095847986,85.06653585098672,0.9315168872058232
HTDPA_3h_140726,2,356,41.043811202201184,-44.03013207233322,85.0739432745344,0.9321755186828404
HTDPA_3h_140726,2,357,41.043811202201184,-43.94955375764387,84.99336495984505,0.9338845947909696
HTDPA_3h_140726,2,358,41.025891108953985,-43.95910662398737,84.98499773294135,0.9332739962137265
HTDPA_3h_140726,2,359,41.02298911527753,-44.037178158146865,85.0601672734244,0.9315535379663806
HTDPA_3h_140726,2,360,41.09296442583385,-44.039843023935354,85.1328074497692,0.9330860785198554
HTDPA_3h_140726,2,361,41.09514374404224,-44.21674042835286,85.3118841723951,0.92940237896168
HTDPA_3h_140726,2,362,40.92136287758077,-44.19463107575171,85.11599395333248,0.9259351618398985
HTDPA_3h_140726,2,363,40.92136287758077,-43.99101726262415,84.91238014020492,0.9302208819878455
HTDPA_3h_140726,2,364,40.93273372439862,-43.99388538088804,84.92661910528665,0.930418701826703
HTDPA_3h_140726,2,365,40.92746045184258,-44.16644673249714,85.09390718433971,0.9266640963835708
HTDPA_3h_140726,2,366,41.131469478116735,-44.17274755923434,85.30421703735107,0.9311503528948626
HTDPA_3h_140726,2,367,41.13385204880051,-44.140769169772426,85.27462121857295,0.9318789142661553
HTDPA_3h_140726,2,368,40.945437004110715,-44.11915665655559,85.0645936606663,0.9280648159902373
HTDPA_3h_140726,2,369,40.945437004110715,-43.94259800626373,84.88803501037444,0.9317937232175988
HTDPA_3h_140726,2,370,41.014859016261795,-43.94259800626373,84.95745702252552,0.9333735572579345
HTDPA_3h_140726,2,371,41.014859016261795,-44.15452258727406,85.16938160353585,0.9288937262359358
HTDPA_3h_140726,2,372,41.12420884802351,-44.16893092941862,85.29313977744212,0.9310664302411905
HTDPA_3h_140726,2,373,41.12420884802351,-44.20768440139365,85.33189324941716,0.9302502360138787
HTDPA_3h_140726,2,374,40.9956629491413,-44.18135191402601,85.1770148631673,0.9278951678281857
HTDPA_3h_140726,2,375,40.9956629491413,-44.033429279156266,85.02909222829757,0.9310122700015797
HTDPA_3h_140726,2,376,41.22027951805953,-44.03611672855313,85.25639624661267,0.9360561870645645
HTDPA_3h_140726,2,377,41.21693714401972,-43.939707304391476,85.15664444841119,0.9380339486216915
HTDPA_3h_140726,2,378,41.15569039810112,-43.942959343997764,85.09864974209889,0.9365707501837297
HTDPA_3h_140726,2,379,41.16610144156296,-44.056667812176265,85.22276925373922,0.9343898094395959
HTDPA_3h_140726,2,380,41.08315184799402,-44.04548892602962,85.12864077402364,0.9327436895294641
HTDPA_3h_140726,2,381,41.08315184799402,-43.878189555172355,84.96134140316637,0.9363000676300953
HTDPA_3h_140726,2,382,41.07433294892277,-43.88147547019122,84.95580841911399,0.9360289850970179
HTDPA_3h_140726,2,383,41.0665303122285,-44.0097616575771,85.0762919698056,0.9331232155209396
HTDPA_3h_140726,2,384,40.98987025359258,-44.01562210395095,85.00549235754353,0.9312573194305306
HTDPA_3h_140726,2,385,40.990649388081586,-44.08148719778264,85.07213658586423,0.9298835405476853
HTDPA_3h_140726,2,386,40.95885166748668,-44.066085176869485,85.02493684435616,0.9294869626627552
HTDPA_3h_140726,2,387,40.95885166748668,-43.982435491440874,84.94128715892755,0.9312547431680405
HTDPA_3h_140726,2,388,41.10785831555852,-43.982435491440874,85.0902938069994,0.9346426103110694
HTDPA_3h_140726,2,389,41.10785831555852,-44.09476635950836,85.20262467506689,0.9322616199029762
HTDPA_3h_140726,2,390,40.93439361961433,-44.10271578965708,85.03710940927141,0.928160383928425
HTDPA_3h_140726,2,391,40.93439361961433,-44.09024963783294,85.02464325744728,0.9284228135666841
HTDPA_3h_140726,2,392,40.8794928676497,-44.068885544308245,84.94837841195795,0.9276271083948373
HTDPA_3h_140726,2,393,40.8794928676497,-43.928189664119174,84.80768253176888,0.9305981689712184
HTDPA_3h_140726,2,394,41.06377511200651,-43.928189664119174,84.99196477612568,0.9347932483898298
HTDPA_3h_140726,2,395,41.06377511200651,-43.98184831762306,85.04562342962957,0.9336527836542216
HTDPA_3h_140726,2,396,40.782857607404274,-43.992281944693254,84.77513955209753,0.9270457408569112
HTDPA_3h_140726,2,397,40.782857607404274,-44.117304800668656,84.90016240807293,0.9244186106034781
HTDPA_3h_140726,2,398,40.97104681601031,-44.08997863453242,85.06102545054273,0.9292598473595248
HTDPA_3h_140726,2,399,40.97104681601031,-43.8660395738655,84.83708638987581,0.9340037809207656
HTDPA_3h_140726,2,400,40.99322391943657,-43.8660395738655,84.85926349330208,0.9345093452170118
HTDPA_3h_140726,2,401,40.99322391943657,-43.940520314293046,84.93374423372961,0.9329253187314268
HTDPA_3h_140726,2,402,41.0206630036147,-43.95964863058842,84.98031163420312,0.933143559638721
HTDPA_3h_140726,2,403,41.0206630036147,-44.02333440621172,85.04399740982642,0.9317936398253982
HTDPA_3h_140726,2,404,40.8822480678717,-44.01911127144521,84.90135933931691,0.928738606642239
HTDPA_3h_140726,2,405,40.8822480678717,-43.87724104362052,84.75948911149223,0.9317415383348431
HTDPA_3h_140726,2,406,40.9759700426365,-43.87724104362052,84.85321108625702,0.9338775426171456
HTDPA_3h_140726,2,407,40.9759700426365,-43.986229537648214,84.9621995802847,0.9315635932733173
HTDPA_3h_140726,2,408,40.92450199914518,-43.99889894194774,84.92340094109292,0.9301255936686295
HTDPA_3h_140726,2,409,40.92450199914518,-44.09474377589998,85.01924577504516,0.9281038621549379
HTDPA_3h_140726,2,410,40.73504810847003,-44.07909333529468,84.81414144376471,0.9241353445864317
HTDPA_3h_140726,2,411,40.73504810847003,-43.863103704776485,84.59815181324652,0.9286859494175324
HTDPA_3h_140726,2,412,40.90031495457335,-43.863103704776485,84.76341865934984,0.9324537367409207
HTDPA_3h_140726,2,413,40.90031495457335,-43.86662674768331,84.76694170225667,0.9323788489556787
HTDPA_3h_140726,2,414,40.94008468892535,-43.869110944604785,84.80919563353014,0.9332326050697033
HTDPA_3h_140726,2,415,40.94008468892535,-43.91274247598926,84.85282716491461,0.9323053487563591
HTDPA_3h_140726,2,416,40.815490921509124,-43.88640998862161,84.70190091013073,0.9300257399065296
HTDPA_3h_140726,2,417,40.815490921509124,-43.92096290943851,84.73645383094762,0.9292940823193558
HTDPA_3h_140726,2,418,41.033343699718415,-43.92743311323853,84.96077681295694,0.934116582545136
HTDPA_3h_140726,2,419,41.0191950690702,-44.09716022199632,85.11635529106653,0.9302003771346985
HTDPA_3h_140726,2,420,41.03831209356138,-44.10256899620263,85.14088108976401,0.930519763986876
HTDPA_3h_140726,2,421,41.03831209356138,-44.0547482054642,85.09306029902558,0.9315298297056506
HTDPA_3h_140726,2,422,40.76753462912043,-44.0547482054642,84.82228283458463,0.92538344423142
HTDPA_3h_140726,2,423,40.768517016084836,-44.08248087655124,84.85099789263607,0.9248235626813555
HTDPA_3h_140726,2,424,40.75636703477797,-44.07403460701822,84.83040164179619,0.9247251221309348
HTDPA_3h_140726,2,425,40.75636703477797,-43.974982900676444,84.73134993545442,0.9268080246178115
HTDPA_3h_140726,2,426,40.782112348327836,-43.974982900676444,84.75709524900428,0.9273934782519382
HTDPA_3h_140726,2,427,40.782112348327836,-44.023040819302814,84.80515316763065,0.9263810856619898
HTDPA_3h_140726,2,428,40.938436085513835,-44.03695232206308,84.97538840757692,0.9296382680189054
HTDPA_3h_140726,2,429,40.938436085513835,-44.17945489092234,85.11789097643617,0.926639683232614
HTDPA_3h_140726,2,430,40.911832594845656,-44.15312240355468,85.06495499840034,0.9265897940561486
HTDPA_3h_140726,2,431,40.911832594845656,-43.922724430891925,84.83455702573758,0.9314502487024999
HTDPA_3h_140726,2,432,41.01036487819476,-43.92619101477781,84.93655589297256,0.9336198730365194
HTDPA_3h_140726,2,433,41.01036487819476,-43.857254550206825,84.86761942840158,0.9350873714916876
HTDPA_3h_140726,2,434,41.099186209941735,-43.85257974327278,84.9517659532145,0.9372125072355993
HTDPA_3h_140726,2,435,41.099186209941735,-43.97782843533194,85.07701464527368,0.9345433294956079
HTDPA_3h_140726,2,436,40.67303351986663,-43.98627470486496,84.65930822473159,0.9246755673848442
HTDPA_3h_140726,2,437,40.67303351986663,-44.07243117082344,84.74546469069007,0.9228679344286489
HTDPA_3h_140726,2,438,40.799772730078686,-44.05280601514378,84.85257874522247,0.9261560481766629
HTDPA_3h_140726,2,439,40.799772730078686,-43.95388981045226,84.75366254053094,0.9282403197083248
HTDPA_3h_140726,2,440,40.91596539517866,-43.96345396859994,84.8794193637786,0.9306813205441525
HTDPA_3h_140726,2,441,40.91596539517866,-43.91377003017042,84.82973542534907,0.9317342912500531
HTDPA_3h_140726,2,442,40.780666997391705,-43.906238396776665,84.68690539416838,0.9288125898843929
HTDPA_3h_140726,2,443,40.780666997391705,-43.899101976529515,84.67976897392123,0.9289635815146043
HTDPA_3h_140726,2,444,40.84392368445584,-43.90072799633266,84.74465168078851,0.9303700769578996
HTDPA_3h_140726,2,445,40.84392368445584,-43.81937054715431,84.66329423161014,0.9320974531230071
HTDPA_3h_140726,2,446,41.0196806166503,-43.81937054715431,84.83905116380461,0.9361083946312911
HTDPA_3h_140726,2,447,41.0196806166503,-43.77962339641069,84.79930401306099,0.9369582795454867
HTDPA_3h_140726,2,448,40.83585004446103,-43.77962339641069,84.61547344087172,0.9327592810633678
HTDPA_3h_140726,2,449,40.83585004446103,-43.978359150128796,84.81420919458984,0.9285441938627089
HTDPA_3h_140726,2,450,40.779357148105824,-43.96978867074971,84.74914581885554,0.9274403716939792
HTDPA_3h_140726,2,451,40.779357148105824,-43.716807089709896,84.49616423781572,0.932807308283603
HTDPA_3h_140726,2,452,40.67872458917765,-43.716807089709896,84.39553167888755,0.930505389053279
HTDPA_3h_140726,2,453,40.67872458917765,-43.86707841985085,84.5458030090285,0.9273178441436757
HTDPA_3h_140726,2,454,40.725969497902454,-43.88695199522267,84.61292149312513,0.9279744353705789
HTDPA_3h_140726,2,455,40.725969497902454,-43.88123834230326,84.60720784020572,0.9280952643180308
HTDPA_3h_140726,2,456,40.830170266954205,-43.868568938003726,84.69873920495793,0.9307385961155134
HTDPA_3h_140726,2,457,40.830170266954205,-43.90732240997877,84.73749267693297,0.9299171078051158
HTDPA_3h_140726,2,458,40.711640198387215,-43.91563317786152,84.62727337624874,0.9270420862088473
HTDPA_3h_140726,2,459,40.70826394893484,-43.94625655082081,84.65452049975565,0.9263192622984519
HTDPA_3h_140726,2,460,40.94142841362379,-43.95538032860515,84.89680874222894,0.9314315587204702
HTDPA_3h_140726,2,461,40.94681460422172,-43.96206507668476,84.90887968090648,0.9314124469084103
HTDPA_3h_140726,2,462,40.586447965348995,-43.94517253761872,84.53162050296771,0.9235701129766978
HTDPA_3h_140726,2,463,40.586447965348995,-43.91676235828039,84.50321032362939,0.9241675794367052
HTDPA_3h_140726,2,464,40.76607798638011,-43.91676235828039,84.68284034466049,0.9282578176825409
HTDPA_3h_140726,2,465,40.76607798638011,-43.9959856564671,84.76206364284721,0.9265863095940842
HTDPA_3h_140726,2,466,40.68150237300804,-44.01660449091535,84.69810686392339,0.9242308179724393
HTDPA_3h_140726,2,467,40.68150237300804,-44.02254397991852,84.70404635292655,0.9241061214355413
HTDPA_3h_140726,2,468,40.69850783011596,-43.994720974397985,84.69322880451395,0.9250770758109773
HTDPA_3h_140726,2,469,40.69850783011596,-43.882661109631016,84.58116893974697,0.92743937584915
HTDPA_3h_140726,2,470,40.834280483678825,-43.882661109631016,84.71694159330984,0.9305333690147802
HTDPA_3h_140726,2,471,40.834280483678825,-44.04612126706418,84.880401750743,0.9270800540208513
HTDPA_3h_140726,2,472,40.87409538524758,-44.065498003051694,84.93959338829927,0.9275759321366776
HTDPA_3h_140726,2,473,40.87409538524758,-43.98297749804191,84.85707288328949,0.9293162425637796
HTDPA_3h_140726,2,474,40.70442473551075,-43.95912920759574,84.66355394310648,0.925960670041603
HTDPA_3h_140726,2,475,40.70442473551075,-43.734693307544525,84.43911804305527,0.9307124769179292
HTDPA_3h_140726,2,476,40.837713192152144,-43.74546568874038,84.58317888089252,0.9335301967687897
HTDPA_3h_140726,2,477,40.83581616904847,-43.75876743407447,84.59458360312294,0.9332030713746765
HTDPA_3h_140726,2,478,40.765671481429315,-43.76471821488183,84.53038969631115,0.931473413841547
HTDPA_3h_140726,2,479,40.77120446548171,-43.83243516460043,84.60363963008214,0.9301606062354708
HTDPA_3h_140726,2,480,40.776466446233556,-43.80809003476997,84.58455648100352,0.9307976315303806
HTDPA_3h_140726,2,481,40.776466446233556,-43.826789262506175,84.60325570873974,0.930400495505105
HTDPA_3h_140726,2,482,40.81783961678033,-43.83117048253133,84.64901009931165,0.9312514169122648
HTDPA_3h_140726,2,483,40.81431657387351,-43.84368180157221,84.65799837544571,0.9309053185494548
HTDPA_3h_140726,2,484,40.738966364523456,-43.84545461482981,84.58442097935327,0.9291491380897747
HTDPA_3h_140726,2,485,40.74182319098315,-43.83101239727268,84.57283558825583,0.9295204687884017
HTDPA_3h_140726,2,486,40.50623098839367,-43.816355635435976,84.32258662382964,0.9244545878122898
HTDPA_3h_140726,2,487,40.50623098839367,-43.73067342525341,84.23690441364707,0.9262658865207939
HTDPA_3h_140726,2,488,40.96627038283856,-43.73428680259374,84.7005571854323,0.9367083214995741
HTDPA_3h_140726,2,489,40.949682722485605,-43.68107982125739,84.630762543743,0.937469560964412
HTDPA_3h_140726,2,490,40.86814460444023,-43.687087061085684,84.55523166552592,0.9354742408734221
HTDPA_3h_140726,2,491,40.87237903101093,-43.651946966450986,84.52432599746191,0.9363243078807845
HTDPA_3h_140726,2,492,40.81151620643475,-43.63902914245931,84.45054534889405,0.9352067864114447
HTDPA_3h_140726,2,493,40.81151620643475,-43.92669914596629,84.73821535240104,0.9290822438267001
HTDPA_3h_140726,2,494,40.815355419858854,-43.93612780246371,84.75148322232256,0.9289702452470138
HTDPA_3h_140726,2,495,40.81106453426722,-43.807548028168924,84.61861256243614,0.9315989223597969
HTDPA_3h_140726,2,496,40.76629253065969,-43.81750739946321,84.5837999301229,0.9303653938826996
HTDPA_3h_140726,2,497,40.77260464920108,-43.83175765634914,84.60436230555021,0.9302069282474933
HTDPA_3h_140726,2,498,40.62194939771772,-43.814865117283084,84.4368145150008,0.9271271128869482
HTDPA_3h_140726,2,499,40.62194939771772,-43.772046595800184,84.3939959935179,0.9280340435718921
HTDPA_3h_140726,2,500,40.69859816454946,-43.77900234718032,84.47760051172978,0.929637405663054
HTDPA_3h_140726,2,501,40.69859816454946,-43.80322326716471,84.50182143171418,0.9291233641944677
HTDPA_3h_140726,2,502,42.14548478605088,-43.79268801385681,85.93817279990769,0.9623863411333708
HTDPA_3h_140726,2,503,42.14548478605088,-43.83121564974809,85.97670043579896,0.9615404035980257
HTDPA_3h_140726,2,504,40.83247379500867,-43.84537557220049,84.67784936720915,0.9312834765839683
HTDPA_3h_140726,2,505,40.83247379500867,-44.679297895131775,85.51177169014045,0.913901420090528
HTDPA_3h_140726,2,506,40.70650242748143,-44.598561495183795,85.30506392266523,0.9127312869020974
HTDPA_3h_140726,2,507,40.70650242748143,-43.90298635717037,84.6094887846518,0.9271921070770878
HTDPA_3h_140726,2,508,40.753871546052316,-43.91128583324895,84.66515737930126,0.9280956085142493
HTDPA_3h_140726,2,509,40.753871546052316,-43.9162542270919,84.6701257731442,0.9279906099302816
HTDPA_3h_140726,2,510,40.67996668763838,-43.9162542270919,84.59622091473028,0.9263077510500188
HTDPA_3h_140726,2,511,40.67380136255144,-43.86070984228852,84.53451120483996,0.9273402438949037
HTDPA_3h_140726,2,512,40.7662925306597,-43.86346504251052,84.62975757317022,0.9293906099563912
HTDPA_3h_140726,2,513,40.770120452279606,-43.97123402168584,84.74135447396544,0.9271998241434958
HTDPA_3h_140726,2,514,40.85681892483913,-43.95235412508262,84.80917304992175,0.9295706620984623
HTDPA_3h_140726,2,515,40.85681892483913,-43.91811737478301,84.77493629962214,0.9302953169913968
HTDPA_3h_140726,2,516,40.7099803031715,-43.91811737478301,84.62809767795451,0.9269518535087853
HTDPA_3h_140726,2,517,40.7099803031715,-43.93148687094222,84.64146717411373,0.9266697579065657
HTDPA_3h_140726,2,518,40.75252782135388,-43.936952104169464,84.68947992552334,0.9275228678751845
HTDPA_3h_140726,2,519,40.75252782135388,-44.00960357231847,84.76213139367235,0.925991704387602
HTDPA_3h_140726,2,520,40.691732747602835,-43.99643732863464,84.68817007623747,0.9248869958186143
HTDPA_3h_140726,2,521,40.691732747602835,-44.057819576203485,84.74955232380631,0.9235984245026337
HTDPA_3h_140726,2,522,40.94453365977564,-44.06406394391975,85.00859760369539,0.9292046623726233
HTDPA_3h_140726,2,523,40.92935747494625,-43.92326643749297,84.85262391243921,0.9318377432878918
HTDPA_3h_140726,2,524,40.89174447519426,-43.928675211699286,84.82041968689354,0.9308667807105593
HTDPA_3h_140726,2,525,40.89272686215866,-43.88367737200798,84.77640423416665,0.931843667418876
HTDPA_3h_140726,2,526,41.509846544670175,-43.86504589509692,85.3748924397671,0.9463080614104635
HTDPA_3h_140726,2,527,41.509846544670175,-43.80393465082859,85.31378119549876,0.9476282638889605
HTDPA_3h_140726,2,528,40.822186961392916,-43.80819166100766,84.63037862240057,0.9318391244559748
HTDPA_3h_140726,2,529,40.81458757717404,-43.7821640523531,84.59675162952715,0.9322195113144579
HTDPA_3h_140726,2,530,40.95819674284376,-43.783970741023275,84.74216748386704,0.9354609929078015
HTDPA_3h_140726,2,531,40.96610100577572,-44.03370028245679,84.9998012882325,0.9303351919778766
HTDPA_3h_140726,2,532,40.56258838309862,-44.02555889163686,84.58814727473549,0.9213418160786581
HTDPA_3h_140726,2,533,40.56258838309862,-43.980222297819914,84.54281068091854,0.9222915725259828
HTDPA_3h_140726,2,534,40.924976254921106,-43.97448606129213,84.89946231621323,0.9306527470924711
HTDPA_3h_140726,2,535,40.91760270678599,-43.86425546880371,84.7818581755897,0.932823372230417
HTDPA_3h_140726,2,536,40.78306085987966,-43.86594923943199,84.64901009931165,0.9297202401177938
HTDPA_3h_140726,2,537,40.78306085987966,-44.01872735010279,84.80178820998245,0.9264934112136348
HTDPA_3h_140726,2,538,40.69238767224577,-44.01872735010279,84.71111502234857,0.9244335336775871
HTDPA_3h_140726,2,539,40.69914017115052,-43.95709668284181,84.65623685399233,0.9258832644203502
HTDPA_3h_140726,2,540,40.762509776256536,-43.93771994685429,84.70022972311082,0.9277338429386325
HTDPA_3h_140726,2,541,40.762509776256536,-43.87340183019643,84.63591160645296,0.9290938946111359
HTDPA_3h_140726,2,542,40.69534612494317,-43.87340183019643,84.5687479551396,0.92756304337755
HTDPA_3h_140726,2,543,40.69534612494317,-43.93388073343019,84.62922685837336,0.9262861701624561
HTDPA_3h_140726,2,544,40.625065935673746,-43.94828907557475,84.5733550112485,0.9243833330078836
HTDPA_3h_140726,2,545,40.625065935673746,-43.86041625537961,84.48548219105336,0.9262353029011885
HTDPA_3h_140726,2,546,40.602120989562664,-43.856689959997404,84.45881094956007,0.9257908206614932
HTDPA_3h_140726,2,547,40.602120989562664,-43.92602163771497,84.52814262727763,0.9243295767696295
HTDPA_3h_140726,2,548,40.66816675226137,-43.93302255631186,84.60118930857323,0.9256856092733955
HTDPA_3h_140726,2,549,40.66816675226137,-43.90383324248451,84.57199999474588,0.9263010481943049
HTDPA_3h_140726,2,550,40.56399985862219,-43.89910197652951,84.46310183515169,0.924028010420568
HTDPA_3h_140726,2,551,40.56399985862219,-43.87109830214197,84.43509816076416,0.9246178333456878
HTDPA_3h_140726,2,552,40.74579790605752,-43.8758860271179,84.62168393317542,0.9286604008606048
HTDPA_3h_140726,2,553,40.74579790605752,-43.70509748876639,84.4508953948239,0.9322893723445073
HTDPA_3h_140726,2,554,40.61227232152815,-43.70509748876639,84.31736981029454,0.9292342233527063
HTDPA_3h_140726,2,555,40.61227232152815,-43.86594923943199,84.47822156096015,0.9258268207044966
HTDPA_3h_140726,2,556,40.56160599613422,-43.860800176722016,84.42240617285623,0.9247803467493793
HTDPA_3h_140726,2,557,40.56160599613422,-43.80908371353856,84.37068970967277,0.9258720465682609
HTDPA_3h_140726,2,558,40.84143948753436,-43.81316005485062,84.65459954238497,0.9321728776560307
HTDPA_3h_140726,2,559,40.84143948753436,-43.7231079164471,84.56454740398146,0.9340927814550722
HTDPA_3h_140726,2,560,40.674377244565065,-43.7231079164471,84.39748516101216,0.9302718672764978
HTDPA_3h_140726,2,561,40.674377244565065,-43.89389645479861,84.56827369936367,0.9266522348147205
HTDPA_3h_140726,2,562,40.706050755313896,-43.89389645479861,84.5999472101125,0.9273738274120295
HTDPA_3h_140726,2,563,40.706050755313896,-43.85104405790313,84.55709481321702,0.9282800815771587
HTDPA_3h_140726,2,564,40.60862506877526,-43.84444964425704,84.4530747130323,0.9261976236048929
HTDPA_3h_140726,2,565,40.60862506877526,-46.42272987823236,87.03135494700763,0.8747573694027129
HTDPA_3h_140726,2,566,40.73572561672134,-46.42272987823236,87.1584554949537,0.8774952641426272
HTDPA_3h_140726,2,567,40.73572561672134,-44.09544386775967,84.83116948448101,0.9238080410050077
HTDPA_3h_140726,2,568,40.78256402049537,-44.10836169175135,84.89092571224671,0.924599383343727
HTDPA_3h_140726,2,569,40.78256402049537,-44.03360994802328,84.81617396851865,0.926168989293283
HTDPA_3h_140726,2,570,40.63355737242353,-44.008271139424224,84.64182851184776,0.9233163748625994
HTDPA_3h_140726,2,571,40.63355737242353,-43.66224509187092,84.29580246429445,0.930633715397029
HTDPA_3h_140726,2,572,40.769397776811545,-43.66286614110129,84.43226391791283,0.933731598037124
HTDPA_3h_140726,2,573,40.76445196657697,-43.87245331864458,84.63690528522156,0.9291582504061427
HTDPA_3h_140726,2,574,40.585567204622286,-43.87899127326974,84.46455847789203,0.9249430314353251
HTDPA_3h_140726,2,575,40.596746090768924,-43.90949043638297,84.50623652715188,0.9245551630708715
HTDPA_3h_140726,2,576,40.31416869095096,-43.90134904556302,84.21551773651399,0.9182899743948846
HTDPA_3h_140726,2,577,40.31416869095096,-43.69391860261974,84.0080872935707,0.9226494207945418
HTDPA_3h_140726,2,578,40.46386413907832,-43.687764569337,84.15162870841532,0.9262058733826489
HTDPA_3h_140726,2,579,40.46386413907832,-43.73595798961364,84.19982212869195,0.9251852708631105
HTDPA_3h_140726,2,580,40.501127092900454,-43.73595798961364,84.23708508251408,0.92603726897942
HTDPA_3h_140726,2,581,40.501127092900454,-43.758767434074464,84.25989452697492,0.9255545680969679
HTDPA_3h_140726,2,582,40.6597769417493,-43.77715049129339,84.43692743304268,0.9287899391678294
HTDPA_3h_140726,2,583,40.6597769417493,-43.828053944575295,84.48783088632459,0.9277112096550629
HTDPA_3h_140726,2,584,40.54769449337394,-43.80917404797207,84.35686854134602,0.9255525897149594
HTDPA_3h_140726,2,585,40.54769449337394,-43.84463031312404,84.39232480649798,0.9248041140681432
HTDPA_3h_140726,2,586,40.724061182994596,-43.849801959442395,84.57386314243699,0.9287171061949411
HTDPA_3h_140726,2,587,40.71571653969927,-43.8336546794528,84.54937121915208,0.928868852881321
HTDPA_3h_140726,2,588,40.75449259528268,-43.836759925604646,84.59125252088732,0.9296876106821562
HTDPA_3h_140726,2,589,40.75449259528268,-43.7833496917929,84.53784228707558,0.9308217137831741
HTDPA_3h_140726,2,590,40.58184090924007,-43.7833496917929,84.36519060103296,0.9268783954382334
HTDPA_3h_140726,2,591,40.58473161111233,-43.845149736116724,84.42988134722906,0.9256378836740823
HTDPA_3h_140726,2,592,40.26332169669004,-43.8309898136643,84.09431151035434,0.9186039801487202
HTDPA_3h_140726,2,593,40.26332169669004,-43.74901131525558,84.01233301194563,0.9203252939032692
HTDPA_3h_140726,2,594,40.51414654312983,-43.754160377965555,84.26830692109539,0.9259495826946006
HTDPA_3h_140726,2,595,40.50641165726069,-43.86730425593463,84.37371591319533,0.9233850209015464
HTDPA_3h_140726,2,596,40.71971383838201,-43.874022879426796,84.59373671780881,0.928105315308939
HTDPA_3h_140726,2,597,40.72529198965115,-43.949011751042825,84.67430374069397,0.9266486404824521
HTDPA_3h_140726,2,598,40.40484187858486,-43.94482249168887,84.34966437027373,0.9194448762701565
HTDPA_3h_140726,2,599,40.40484187858486,-43.81688635023284,84.22172822881771,0.9221294629569258
HTDPA_3h_140726,2,600,40.26819975609947,-43.81463928119932,84.08283903729878,0.9190581142905446
HTDPA_3h_140726,2,601,40.26819975609947,-43.72999591700211,83.99819567310158,0.9208370344357453
HTDPA_3h_140726,2,602,40.47626254007731,-43.73428680259374,84.21054934267104,0.9255041181482532
HTDPA_3h_140726,2,603,40.46765818528566,-43.676472765148475,84.14413095043413,0.9265321950992507
HTDPA_3h_140726,2,604,40.36882102322345,-43.67839237186052,84.04721339508396,0.9242286364282666
HTDPA_3h_140726,2,605,40.37264894484337,-43.68331559848672,84.05596454333009,0.924212102303012
HTDPA_3h_140726,2,606,40.26932893651832,-43.678595624335905,83.94792456085423,0.9219465131814338
HTDPA_3h_140726,2,607,40.26932893651832,-43.60361804452407,83.87294698104239,0.9235318247077324
HTDPA_3h_140726,2,608,40.49137097408157,-43.60361804452407,84.09498901860565,0.9286241094198983
HTDPA_3h_140726,2,609,40.49137097408157,-43.68519003798201,84.17656101206359,0.9268901185705366
HTDPA_3h_140726,2,610,40.46973587725634,-43.69785944228155,84.1675953195379,0.9261262769795604
HTDPA_3h_140726,2,611,40.46973587725634,-43.66448086910025,84.1342167463566,0.926834238533116
HTDPA_3h_140726,2,612,40.2526170663193,-43.64535255280489,83.89796961912418,0.9222658246973526
HTDPA_3h_140726,2,613,40.2526170663193,-43.93884912727314,84.19146619359245,0.916105402527128
HTDPA_3h_140726,2,614,40.46943099854325,-43.95351718091404,84.4229481794573,0.9207324827264635
HTDPA_3h_140726,2,615,40.46943099854325,-43.81564425177209,84.28507525031534,0.9236297146744908
HTDPA_3h_140726,2,616,40.604198681533354,-43.81564425177209,84.41984293330545,0.9267055038199318
HTDPA_3h_140726,2,617,40.604198681533354,-43.84483356559944,84.44903224713279,0.9260885577495115
HTDPA_3h_140726,2,618,40.47294274964589,-43.83902957824654,84.31197232789242,0.9232171227104228
HTDPA_3h_140726,2,619,40.47294274964589,-43.816355635435976,84.28929838508186,0.9236948660539412
HTDPA_3h_140726,2,620,41.31281585338452,-43.82061264561505,85.13342849899956,0.9427712977791635
HTDPA_3h_140726,2,621,41.26445305604505,-43.85122472677015,85.1156777828152,0.9410102753835758
HTDPA_3h_140726,2,622,40.535905849801125,-43.85122472677015,84.38713057657128,0.9243962079137759
HTDPA_3h_140726,2,623,40.53960956157496,-44.037358827013875,84.57696838858884,0.9205731370226208
HTDPA_3h_140726,2,624,40.55964122220542,-44.0431402307584,84.60278145296382,0.9209071153804741
HTDPA_3h_140726,2,625,40.55964122220542,-44.03487463009239,84.5945158522978,0.9210799749725624
HTDPA_3h_140726,2,626,40.431840582399644,-44.01748525164206,84.4493258340417,0.9185404470804326
HTDPA_3h_140726,2,627,40.431840582399644,-43.872950158028885,84.30479074042853,0.9215664877051923
HTDPA_3h_140726,2,628,40.426556018039406,-43.872950158028885,84.29950617606829,0.9214460361663466
HTDPA_3h_140726,2,629,40.426556018039406,-43.951586282397805,84.37814230043722,0.919797427976561
HTDPA_3h_140726,2,630,40.76140317944606,-43.96077781100727,84.72218099045332,0.9272220649662818
HTDPA_3h_140726,2,631,40.76140317944606,-44.51811868214471,85.27952186159078,0.9156137857145031
HTDPA_3h_140726,2,632,40.41061199052521,-44.50221982184726,84.91283181237247,0.9080583429837499
HTDPA_3h_140726,2,633,40.41061199052521,-45.53844610862023,85.94905809914545,0.8873954964149657
HTDPA_3h_140726,2,634,40.471294146234364,-45.61171862599961,86.08301277223397,0.8873003553776397
HTDPA_3h_140726,2,635,40.468155024669954,-44.50212948741375,84.97028451208371,0.909353226256629
HTDPA_3h_140726,2,636,40.70356655839242,-44.507493094403294,85.21105965279571,0.9145328961138633
HTDPA_3h_140726,2,637,40.70909954244479,-44.500819638127886,85.20991918057268,0.9147943762268508
HTDPA_3h_140726,2,638,40.460431430605,-44.484423938446135,84.94485536905114,0.9095415394518943
HTDPA_3h_140726,2,639,40.460431430605,-44.35885907586969,84.81929050647469,0.9121161426041872
HTDPA_3h_140726,2,640,40.67994410403002,-44.35885907586969,85.0388031798997,0.917064707062294
HTDPA_3h_140726,2,641,40.67994410403002,-56.69592299452304,97.37586709855306,0.7175109241622154
HTDPA_3h_140726,2,642,40.81203562942743,-58.243577676602875,99.0556133060303,0.7007130615505115
HTDPA_3h_140726,2,643,40.81203562942743,-43.83959416845597,84.6516297978834,0.9309400874607784
HTDPA_3h_140726,2,644,40.71951058590662,-43.8199690127763,84.53947959868292,0.929245535843129
HTDPA_3h_140726,2,645,40.71951058590662,-43.79738540439925,84.51689599030587,0.929724690410778
HTDPA_3h_140726,2,646,40.65264052150215,-43.80508641485582,84.45772693635797,0.9280347066662886
HTDPA_3h_140726,2,647,40.65264052150215,-43.78272864256253,84.43536916406468,0.9285086101733384
HTDPA_3h_140726,2,648,40.5668453932777,-43.779183016047334,84.34602840932504,0.9266240847484033
HTDPA_3h_140726,2,649,40.5668453932777,-43.8270602658067,84.3939056590844,0.925611828565363
HTDPA_3h_140726,2,650,40.73988100066272,-43.83153182026536,84.57141282092809,0.9294651432151585
HTDPA_3h_140726,2,651,40.73988100066272,-43.84022650949052,84.58010751015324,0.9292808054229228
HTDPA_3h_140726,2,652,40.59656542190191,-43.82457606888522,84.42114149078714,0.9263424558423703
HTDPA_3h_140726,2,653,40.59656542190191,-43.68252517219352,84.27909059409544,0.9293548223659925
HTDPA_3h_140726,2,654,40.48557827853285,-43.68646601185532,84.17204429038817,0.9267304493695178
HTDPA_3h_140726,2,655,40.48391838331714,-43.68482870024798,84.16874708356511,0.9267271862528176
HTDPA_3h_140726,2,656,40.68058773686876,-43.693918602619746,84.3745063394885,0.9310354630090257
HTDPA_3h_140726,2,657,40.68058773686876,-43.79390752870917,84.47449526557793,0.9289097509785016
HTDPA_3h_140726,2,658,40.480756678144346,-43.7881712921814,84.26892797032575,0.9244678524716649
HTDPA_3h_140726,2,659,40.482473032381,-43.82185474407578,84.30432777645677,0.9237964314564704
HTDPA_3h_140726,2,660,40.57376726924527,-43.82185474407578,84.39562201332106,0.9258797352645233
HTDPA_3h_140726,2,661,40.57376726924527,-43.706339587227134,84.2801068564724,0.9283268206039077
HTDPA_3h_140726,2,662,40.735409446204066,-43.70199224261455,84.43740168881862,0.9321179048327751
HTDPA_3h_140726,2,663,40.735409446204066,-43.797430571616005,84.53284001782006,0.9300867405816186
HTDPA_3h_140726,2,664,40.64527826517123,-43.8026473851511,84.44792565032233,0.9279183038363521
HTDPA_3h_140726,2,665,40.64527826517123,-43.789052052908104,84.43433031807933,0.9282063977101306
HTDPA_3h_140726,2,666,40.43604113355778,-43.77290477291851,84.20894590647629,0.9237687410357746
HTDPA_3h_140726,2,667,40.43604113355778,-43.67114303357149,84.10718416712928,0.9259212909191139
HTDPA_3h_140726,2,668,40.51065737563557,-43.67114303357149,84.18180040920706,0.9276298846699215
HTDPA_3h_140726,2,669,40.51065737563557,-43.83279650233447,84.34345387797003,0.924208825541807
HTDPA_3h_140726,2,670,40.45270783654004,-43.84944062170836,84.30214845824841,0.9225364625635222
HTDPA_3h_140726,2,671,40.45270783654004,-43.88512272294411,84.33783055948416,0.9217863669181555
HTDPA_3h_140726,2,672,40.991688234066935,-43.865994406648745,84.85768264071568,0.9344752988855952
HTDPA_3h_140726,2,673,40.991688234066935,-43.710393344930814,84.70208157899775,0.9378018612321828
HTDPA_3h_140726,2,674,40.807902829094424,-43.716897424143404,84.52480025323783,0.9334583475394931
HTDPA_3h_140726,2,675,40.79656585768914,-43.76879455619389,84.56536041388303,0.9320925164002686
HTDPA_3h_140726,2,676,40.612272321528145,-43.77962339641069,84.39189571793884,0.9276523910175476
HTDPA_3h_140726,2,677,40.61449680695329,-43.874643928657164,84.48914073561045,0.9256940494604339
HTDPA_3h_140726,2,678,40.51639361216336,-43.86098084558903,84.3773744577524,0.9237457264077116
HTDPA_3h_140726,2,679,40.51639361216336,-43.637132119355634,84.153525731519,0.9284843353441177
HTDPA_3h_140726,2,680,40.480756678144346,-43.637132119355634,84.11788879749997,0.9276676699885313
HTDPA_3h_140726,2,681,40.480756678144346,-43.80393465082859,84.28469132897294,0.9241351718932541
HTDPA_3h_140726,2,682,40.599998130375226,-43.818591412665306,84.41858954304053,0.9265473129435242
HTDPA_3h_140726,2,683,40.599998130375226,-43.8164233862611,84.41642151663632,0.9265931582883508
HTDPA_3h_140726,2,684,40.531660131426236,-43.79630139119713,84.32796152262337,0.9254585169051038
HTDPA_3h_140726,2,685,40.531660131426236,-43.64006798844464,84.17172811987088,0.9287716999469049
HTDPA_3h_140726,2,686,40.70791390300501,-43.64609781188132,84.35401171488633,0.9326816357892943
HTDPA_3h_140726,2,687,40.70791390300501,-43.690192307237524,84.39810621024253,0.9317403232455334
HTDPA_3h_140726,2,688,40.6352511430518,-43.690192307237524,84.32544345028933,0.9300771865982459
HTDPA_3h_140726,2,689,40.6352511430518,-43.54921413194374,84.18446527499555,0.9330880465474457
HTDPA_3h_140726,2,690,40.48185198315064,-43.54921413194374,84.03106611509438,0.929565614215225
HTDPA_3h_140726,2,691,40.48185198315064,-43.710065882609335,84.19191786575998,0.926144840226766
HTDPA_3h_140726,2,692,40.556908605591794,-43.70551528552136,84.26242389111314,0.9279585960865533
HTDPA_3h_140726,2,693,40.55253867737083,-43.73468201574033,84.28722069311117,0.9272398199391451
HTDPA_3h_140726,2,694,40.544577955417914,-43.73863414720632,84.28321210262423,0.9269740298465078
HTDPA_3h_140726,2,695,40.55051744442109,-43.772927356526885,84.32344480094798,0.9263834953084236
HTDPA_3h_140726,2,696,40.61969103688002,-43.73740334054978,84.3570943774298,0.9287174805647579
HTDPA_3h_140726,2,697,40.61969103688002,-43.65095328768239,84.27064432456241,0.9305567914903305
HTDPA_3h_140726,2,698,40.458873161626975,-43.6566556487976,84.11552881042458,0.9267515470517105
HTDPA_3h_140726,2,699,40.451894826638465,-43.73984237025449,84.19173719689296,0.9248294606143342
HTDPA_3h_140726,2,700,40.64021953689476,-43.74422359027965,84.38444312717442,0.9290419671758758
HTDPA_3h_140726,2,701,40.65017890818904,-43.802805470409744,84.45298437859879,0.928026834620207
HTDPA_3h_140726,2,702,40.4986203123706,-43.79763382409139,84.29625413646198,0.9246759876350641
HTDPA_3h_140726,2,703,40.4986203123706,-43.717518473373765,84.21613878574436,0.9263705197960025
HTDPA_3h_140726,2,704,40.439790012548364,-43.71527140434026,84.15506141688863,0.9250723766187876
HTDPA_3h_140726,2,705,40.439790012548364,-43.60501822824346,84.04480824079182,0.9274113773069141
HTDPA_3h_140726,2,706,40.476736795853235,-43.60501822824346,84.0817550240967,0.9282586830713901
HTDPA_3h_140726,2,707,40.476736795853235,-43.703798931284716,84.18053572713795,0.926160603555188
HTDPA_3h_140726,2,708,40.461515443807095,-43.714977817431354,84.17649326123845,0.9255755684650733
HTDPA_3h_140726,2,709,40.461515443807095,-43.74243948521785,84.20395492902495,0.9249944886471295
HTDPA_3h_140726,2,710,40.44340338988869,-43.72430484769107,84.16770823757976,0.9249638966421295
HTDPA_3h_140726,2,711,40.44340338988869,-43.75768342087236,84.20108681076104,0.9242583296947853
HTDPA_3h_140726,2,712,40.48123093392027,-43.76596031334256,84.24719124726283,0.9249478508890184
HTDPA_3h_140726,2,713,40.475517281000876,-43.67078169583745,84.14629897683832,0.9268329008376525
HTDPA_3h_140726,2,714,40.50545185390467,-43.67715027339978,84.18260212730445,0.9273831190990787
HTDPA_3h_140726,2,715,40.51424816936753,-43.687719402120244,84.20196757148777,0.9273601076874087
HTDPA_3h_140726,2,716,40.498620312370605,-43.680876568782,84.1794968811526,0.9271476099752609
HTDPA_3h_140726,2,717,40.498620312370605,-43.614424301132495,84.11304461350309,0.9285602403633931
HTDPA_3h_140726,2,718,40.435634628606984,-43.608767107234044,84.04440173584103,0.927236363485711
HTDPA_3h_140726,2,719,40.435634628606984,-43.523717238086036,83.95935186669303,0.9290482797554621
HTDPA_3h_140726,2,720,40.54395690618755,-43.526856359650445,84.070813265838,0.9314699083982538
HTDPA_3h_140726,2,721,40.539338558274444,-43.691648949977846,84.2309875082523,0.9278509631139705
HTDPA_3h_140726,2,722,40.724061182994596,-43.69826594723233,84.42232713022693,0.9319376936414543
HTDPA_3h_140726,2,723,40.734302849393586,-43.73270595000735,84.46700879940093,0.9314379699248119
HTDPA_3h_140726,2,724,40.47191519546473,-43.7249710641382,84.19688625960293,0.9256018748668419
HTDPA_3h_140726,2,725,40.47191519546473,-46.16258929333702,86.63450448880175,0.8767254136956814
HTDPA_3h_140726,2,726,40.4736202578972,-46.025393872446394,86.4990141303436,0.8793758586849851
HTDPA_3h_140726,2,727,40.4736202578972,-43.59002271228109,84.0636429701783,0.9285065191419166
HTDPA_3h_140726,2,728,40.59340371672912,-43.59002271228109,84.18342642901021,0.9312544750129782
HTDPA_3h_140726,2,729,40.59340371672912,-43.67927313258723,84.27267684931635,0.9293516307725398
HTDPA_3h_140726,2,730,40.460386263388244,-43.68896150058098,84.14934776396922,0.9261008930791408
HTDPA_3h_140726,2,731,40.460386263388244,-43.70996425637165,84.1703505197599,0.9256558991006333
HTDPA_3h_140726,2,732,40.62357541752087,-43.69530749453494,84.31888291205581,0.929701099428165
HTDPA_3h_140726,2,733,40.62357541752087,-43.58008592459518,84.20366134211605,0.932159140021205
HTDPA_3h_140726,2,734,40.42285230626557,-43.583371839614045,84.00622414587961,0.9274833634951621
HTDPA_3h_140726,2,735,40.42285230626557,-43.651066205724284,84.07391851198986,0.9260450160771703
HTDPA_3h_140726,2,736,40.49489401698839,-43.651066205724284,84.14596022271267,0.9276954158722931
HTDPA_3h_140726,2,737,40.49489401698839,-43.74298149181891,84.23787550880729,0.9257460885367862
HTDPA_3h_140726,2,738,40.36509472784124,-43.74298149181891,84.10807621966015,0.9227787716159809
HTDPA_3h_140726,2,739,40.36509472784124,-43.664729288792394,84.02982401663363,0.9244324970131422
HTDPA_3h_140726,2,740,40.40546292781523,-43.65881238339761,84.06427531121284,0.9254824105838584
HTDPA_3h_140726,2,741,40.40546292781523,-43.730041084218854,84.13550401203409,0.9239749592276649
HTDPA_3h_140726,2,742,40.476104454818675,-43.730041084218854,84.20614553903752,0.9255903596538251
HTDPA_3h_140726,2,743,40.476104454818675,-43.75854159799071,84.23464605280938,0.9249875104767488
HTDPA_3h_140726,2,744,40.452549751281396,-43.77071416290594,84.22326391418733,0.9241921345108742
HTDPA_3h_140726,2,745,40.452549751281396,-43.74169422614142,84.19424397742281,0.9248052794238975
HTDPA_3h_140726,2,746,40.29399023686607,-43.725795365843965,84.01978560271004,0.9215153183546521
HTDPA_3h_140726,2,747,40.29399023686607,-43.686409552834384,83.98039978970046,0.9223461174609574
HTDPA_3h_140726,2,748,40.368821023223454,-43.6970238487716,84.06584487199505,0.9238345650938031
HTDPA_3h_140726,2,749,40.368821023223454,-43.651687254954645,84.0205082781781,0.9247940586452686
HTDPA_3h_140726,2,750,40.44148378317664,-43.651687254954645,84.09317103813129,0.9264586623415426
HTDPA_3h_140726,2,751,40.43229225456718,-43.845488490242374,84.27778074480955,0.9221539922759718
HTDPA_3h_140726,2,752,40.33404226632279,-43.85477035328535,84.18881261960814,0.9197184694253265
HTDPA_3h_140726,2,753,40.337712102684065,-43.80337006061916,84.14108216330322,0.9208814766275062
HTDPA_3h_140726,2,754,40.35939236672604,-43.791694335088216,84.15108670181425,0.9216220787873916
HTDPA_3h_140726,2,755,40.35939236672604,-45.110531897091725,85.46992426381777,0.8946778206649346
HTDPA_3h_140726,2,756,40.36323158015014,-45.193752493961185,85.55698407411133,0.8931152947643262
HTDPA_3h_140726,2,757,40.360566714361646,-43.80136011947361,84.16192683383525,0.9214455122917011
HTDPA_3h_140726,2,758,40.458873161626975,-43.80570746408619,84.26458062571317,0.9235982136527964
HTDPA_3h_140726,2,759,40.468290526320224,-43.667416738189274,84.1357072645095,0.9267388260897225
HTDPA_3h_140726,2,760,40.151668336873854,-43.66070940650129,83.81237774337515,0.9196293162129674
HTDPA_3h_140726,2,761,40.151668336873854,-45.074081953171145,85.225750290045,0.890792814784085
HTDPA_3h_140726,2,762,40.38124200783084,-45.088795174028796,85.47003718185964,0.8955937246043445
HTDPA_3h_140726,2,763,40.37736891899417,-44.962789931089,85.34015885008317,0.8980174268740319
HTDPA_3h_140726,2,764,40.27752678635919,-44.9782484110231,85.25577519738229,0.8954890021125883
HTDPA_3h_140726,2,765,40.281659586692186,-45.34226230264873,85.62392188934092,0.8883910405224549
HTDPA_3h_140726,2,766,40.337768561705,-45.32603598002981,85.6638045417348,0.8899469739528383
HTDPA_3h_140726,2,767,40.337768561705,-45.36578313077343,85.70355169247843,0.8891672484838529
HTDPA_3h_140726,2,768,40.093492961694544,-45.35425419869694,85.44774716039149,0.8840073256644237
HTDPA_3h_140726,2,769,40.093492961694544,-45.266132958809656,85.3596259205042,0.8857282551212845
HTDPA_3h_140726,2,770,40.28560042635399,-45.27448889390917,85.56008932026316,0.8898079561042522
HTDPA_3h_140726,2,771,40.27768487161783,-45.33704548911362,85.61473036073144,0.8884055949629392
HTDPA_3h_140726,2,772,40.19244304179863,-45.34590955540161,85.53835259720024,0.8863521194275152
HTDPA_3h_140726,2,773,40.1939448517557,-44.69790678843447,84.89185164019017,0.8992355065306064
HTDPA_3h_140726,2,774,40.05826253262632,-44.65642069984581,84.71468323247214,0.8970325410062395
HTDPA_3h_140726,2,775,40.05826253262632,-44.142372605967196,84.20063513859353,0.9074786915103702
HTDPA_3h_140726,2,776,40.0771875964463,-44.142372605967196,84.2195602024135,0.9079074193449366
HTDPA_3h_140726,2,777,40.0771875964463,-43.524168910253586,83.60135650669989,0.9208030526461073
HTDPA_3h_140726,2,778,40.33342121709242,-43.52938572378868,83.8628069408811,0.9265791498419957
HTDPA_3h_140726,2,779,40.33342121709242,-43.17816544630866,83.51158666340109,0.9341161394929196
HTDPA_3h_140726,2,780,40.182506254112724,-43.166026756806,83.34853301091871,0.9308826703114884
HTDPA_3h_140726,2,781,40.17727814877343,-42.92272225195575,83.10000040072919,0.936037512088199
HTDPA_3h_140726,2,782,40.17131607616189,-42.92272225195575,83.09403832811763,0.9358986096072112
HTDPA_3h_140726,2,783,40.1769168110394,-43.69143440569827,83.86835121673766,0.9195604895452802
HTDPA_3h_140726,2,784,40.113185868199345,-43.67728577505005,83.79047164324939,0.9183992355842165
HTDPA_3h_140726,2,785,40.113185868199345,-44.2324360361749,84.34562190437424,0.9068726360762341
HTDPA_3h_140726,2,786,40.18059793920486,-44.251812772162424,84.43241071136728,0.907998913989832
HTDPA_3h_140726,2,787,40.18059793920486,-43.72319825088061,83.90379619008547,0.9189766427572713
HTDPA_3h_140726,2,788,40.11327620263284,-43.699101540742284,83.81237774337512,0.9179428132002612
HTDPA_3h_140726,2,789,40.11327620263284,-43.65149529428344,83.76477149691628,0.9189439200696988
HTDPA_3h_140726,2,790,40.127853921840234,-43.66224509187093,83.79009901371117,0.919051547564861
HTDPA_3h_140726,2,791,40.125606852806726,-43.15226204750018,83.27786890030691,0.9298610304284434
HTDPA_3h_140726,2,792,40.18312730334309,-43.1616794121934,83.34480671553649,0.930990819879709
HTDPA_3h_140726,2,793,40.18660517903315,-42.92527419970235,83.1118793787355,0.9361991490624377
HTDPA_3h_140726,2,794,40.15952743258906,-42.921333360040556,83.08086079262961,0.9356542373862337
HTDPA_3h_140726,2,795,40.15952743258906,-42.908912375433175,83.06843980802223,0.9359250843090995
HTDPA_3h_140726,2,796,40.09240894849245,-42.89950630254413,82.99191525103657,0.9345657422196205
HTDPA_3h_140726,2,797,40.09240894849245,-42.79968675351752,82.89209570200997,0.9367453827263684
HTDPA_3h_140726,2,798,40.22804610040507,-42.79968675351752,83.02773285392259,0.9399144982550345
HTDPA_3h_140726,2,799,40.22804610040507,-43.16387002220598,83.39191612261104,0.9319842284695382
HTDPA_3h_140726,2,800,40.32752689530599,-43.182998338501356,83.51052523380736,0.9338751000842509
HTDPA_3h_140726,2,801,40.32752689530599,-42.862695020889525,83.19022191619553,0.940853739496595
HTDPA_3h_140726,2,802,40.07831677686515,-42.85822346643087,82.93654024329602,0.9351371460428566
HTDPA_3h_140726,2,803,40.07831677686515,-42.591285215414025,82.66960199227918,0.9409980603816244
HTDPA_3h_140726,2,804,40.17587796505405,-42.591285215414025,82.76716318046807,0.9432886977196493
HTDPA_3h_140726,2,805,40.17587796505405,-42.78112302743158,82.95700099248563,0.9391029295629516
HTDPA_3h_140726,2,806,40.21996116860607,-42.78584300158239,83.00580417018847,0.9400296534327621
HTDPA_3h_140726,2,807,40.21996116860607,-42.7785484960766,82.99850966468267,0.9401899452548
HTDPA_3h_140726,2,808,40.075200238909126,-42.77109590531217,82.8462961442213,0.9369692169597128
HTDPA_3h_140726,2,809,40.075200238909126,-42.4309415959369,82.50614183484603,0.9444805778890998
HTDPA_3h_140726,2,810,40.247716423301476,-42.43505181266153,82.68276823596301,0.9484545135230068
HTDPA_3h_140726,2,811,40.24570648215592,-42.620779407954466,82.86648589011038,0.9442742962754154
HTDPA_3h_140726,2,812,40.14710644798168,-42.62509287715449,82.77219932513617,0.9418655476877348
HTDPA_3h_140726,2,813,40.14999714985394,-42.671389274327446,82.82138642418138,0.940911412368979
HTDPA_3h_140726,2,814,40.066753969376116,-42.65524199433785,82.72199596371397,0.9393160628345436
HTDPA_3h_140726,2,815,40.066753969376116,-42.618521047116765,82.68527501649288,0.940125395836248
HTDPA_3h_140726,2,816,40.17194841719645,-42.62198763100264,82.79393604819909,0.9425170117588775
HTDPA_3h_140726,2,817,40.16661868561946,-42.5970214519418,82.76364013756125,0.942944302594858
HTDPA_3h_140726,2,818,40.22651041503542,-42.5970214519418,82.82353186697722,0.944350310042668
HTDPA_3h_140726,2,819,40.2290849463904,-42.48970414493402,82.71878909132442,0.9467960710944807
HTDPA_3h_140726,2,820,39.96948636809612,-42.48970414493402,82.45919051303014,0.9406863891487374
HTDPA_3h_140726,2,821,39.96948636809612,-42.173590086676136,82.14307645477226,0.9477373466652924
HTDPA_3h_140726,2,822,40.23156914331187,-42.173590086676136,82.40515922998802,0.953951728098723
HTDPA_3h_140726,2,823,40.23156914331187,-42.18042162821019,82.41199077152206,0.9537972260667275
HTDPA_3h_140726,2,824,40.16621218066867,-42.173036788270885,82.33924896893956,0.9524145103024606
HTDPA_3h_140726,2,825,40.16621218066867,-42.662062244067734,82.8282744247364,0.9414972007419515
HTDPA_3h_140726,2,826,40.049093587625244,-42.71845351418525,82.7675471018105,0.9375127209210977
HTDPA_3h_140726,2,827,40.049093587625244,-42.312084065048445,82.36117765267369,0.9465166860147045
HTDPA_3h_140726,2,828,40.070502848366694,-42.29345258813736,82.36395543650406,0.9474398611667336
HTDPA_3h_140726,2,829,40.070502848366694,-42.18902598300185,82.25952883136854,0.9497849716774993
HTDPA_3h_140726,2,830,40.19900358003217,-42.18902598300185,82.38802956303402,0.9528308047744106
HTDPA_3h_140726,2,831,40.19900358003217,-42.37154670590524,82.5705502859374,0.9487263672258089
HTDPA_3h_140726,2,832,40.08095905904528,-42.38098665420685,82.46194571325213,0.9457297298449453
HTDPA_3h_140726,2,833,40.08095905904528,-42.578322224205586,82.65928128325086,0.9413466046874771
HTDPA_3h_140726,2,834,39.9657600727139,-42.57416684026421,82.5399269129781,0.9387326409149261
HTDPA_3h_140726,2,835,39.9657600727139,-42.63006127099744,82.59582134371134,0.9375018210425106
HTDPA_3h_140726,2,836,40.2323369859967,-42.61937922423509,82.85171621023179,0.9439916234894145
HTDPA_3h_140726,2,837,40.2323369859967,-42.67032784473373,82.90266483073043,0.9428644919812137
HTDPA_3h_140726,2,838,40.114766720785724,-42.67032784473373,82.78509456551944,0.9401091753209155
HTDPA_3h_140726,2,839,40.114766720785724,-43.18509861408042,83.29986533486614,0.9289029782997041
HTDPA_3h_140726,2,840,40.135046801108324,-43.19925853653284,83.33430533764115,0.9290679553485122
HTDPA_3h_140726,2,841,40.135046801108324,-43.19901011684068,83.334056917949,0.929073298035181
HTDPA_3h_140726,2,842,39.90871387795345,-43.1880796503862,83.09679352833965,0.9240678029914807
HTDPA_3h_140726,2,843,39.90871387795345,-42.862153014288474,82.77086689224193,0.9310944754606595
HTDPA_3h_140726,2,844,40.09475764376365,-42.862153014288474,82.95691065805212,0.935434989240921
HTDPA_3h_140726,2,845,40.09475764376365,-43.13559534451791,83.23035298828157,0.9295051412535861
HTDPA_3h_140726,2,846,39.96210152815681,-43.146774230664555,83.10887575882137,0.9261897845367919
HTDPA_3h_140726,2,847,39.96210152815681,-43.11027911952722,83.07238064768403,0.9269738527407396
HTDPA_3h_140726,2,848,39.895389549010986,-43.09363500015333,82.98902454916431,0.9257838088819622
HTDPA_3h_140726,2,849,39.895389549010986,-43.23970577913615,83.13509532814714,0.9226563601702662
HTDPA_3h_140726,2,850,39.96214669537357,-43.23970577913615,83.20185247450972,0.9242002454756744
HTDPA_3h_140726,2,851,39.96214669537357,-43.09620953150832,83.0583562268819,0.9272775292721883
HTDPA_3h_140726,2,852,39.93999217555567,-43.11260523119007,83.05259740674575,0.9264110104545678
HTDPA_3h_140726,2,853,39.93999217555567,-42.55700329789765,82.49699547345332,0.9385057471264369
HTDPA_3h_140726,2,854,39.89290535208949,-42.53961391944731,82.4325192715368,0.9377824967483342
HTDPA_3h_140726,2,855,39.89290535208949,-42.19932410842179,82.09222946051128,0.94534465171986
HTDPA_3h_140726,2,856,40.10363300185585,-42.21085304049828,82.31448604235413,0.9500787146703549
HTDPA_3h_140726,2,857,40.094351138812875,-42.04408438443789,82.13843552325076,0.9536264548468397
HTDPA_3h_140726,2,858,40.175053663348294,-42.046896043680825,82.22194970702913,0.9554820318154293
HTDPA_3h_140726,2,859,40.175053663348294,-41.94628606836103,82.12133973170933,0.9577737966568456
HTDPA_3h_140726,2,860,39.88191842661407,-41.94628606836103,81.8282044949751,0.9507854488384835
HTDPA_3h_140726,2,861,39.88590443349261,-42.15749926570748,82.0434036992001,0.9461164710483037
HTDPA_3h_140726,2,862,39.852209689794044,-42.150046674943034,82.00225636473708,0.9454843549078443
HTDPA_3h_140726,2,863,39.852209689794044,-42.341420172330245,82.19362986212428,0.9412109827113716
HTDPA_3h_140726,2,864,39.95058388788452,-42.341420172330245,82.29200406021477,0.9435343388409037
HTDPA_3h_140726,2,865,39.95058388788452,-42.63396823524667,82.58455212313119,0.9370599440203241
HTDPA_3h_140726,2,866,39.93662721790749,-42.639681888166066,82.57630910607355,0.9366070629385075
HTDPA_3h_140726,2,867,39.93662721790749,-42.725522183607275,82.66214940151477,0.9347253158495085
HTDPA_3h_140726,2,868,39.723483122044804,-42.7016738931611,82.42515701520591,0.9302558775900055
HTDPA_3h_140726,2,869,39.723483122044804,-42.63970447177444,82.36318759381925,0.931607843303416
HTDPA_3h_140726,2,870,39.860881795410826,-42.63970447177444,82.50058626718527,0.9348301609781778
HTDPA_3h_140726,2,871,39.860881795410826,-42.88180075357651,82.74268254898735,0.9295524230541151
HTDPA_3h_140726,2,872,39.87276077341717,-42.893476479107456,82.76623725252463,0.9295763376241696
HTDPA_3h_140726,2,873,39.87276077341717,-43.07556811345168,82.94832888686885,0.9256467765764804
HTDPA_3h_140726,2,874,39.83283295380652,-43.041783035319604,82.87461598912613,0.9254456982211947
HTDPA_3h_140726,2,875,39.83283295380652,-42.84729299997637,82.68012595378289,0.929646429561571
HTDPA_3h_140726,2,876,40.02662289729007,-42.861091584694755,82.88771448198483,0.9338684904512127
HTDPA_3h_140726,2,877,40.01928322456753,-42.87620001869901,82.89548324326654,0.9333682370899117
HTDPA_3h_140726,2,878,39.96513902348352,-42.88282830775767,82.8479673312412,0.9319613607727846
HTDPA_3h_140726,2,879,39.97190281419246,-43.21798034787742,83.18988316206989,0.9248905777744335
HTDPA_3h_140726,2,880,39.90243563482461,-43.16978692760077,83.07222256242538,0.9243139351543298
HTDPA_3h_140726,2,881,39.90243563482461,-42.368565669599484,82.27100130442409,0.9417934028258979
HTDPA_3h_140726,2,882,39.81795035588604,-42.37481003731573,82.19276039320178,0.9396608579677858
HTDPA_3h_140726,2,883,39.814314394937334,-42.77141207582945,82.58572647076679,0.9308627530077922
HTDPA_3h_140726,2,884,39.939054955808025,-42.78035518474675,82.71941014055477,0.9335839962836076
HTDPA_3h_140726,2,885,39.939054955808025,-43.03374327073737,82.9727982265454,0.9280869364428795
HTDPA_3h_140726,2,886,39.85769750662967,-43.03374327073737,82.89144077736704,0.9261963863072217
HTDPA_3h_140726,2,887,39.86551143512814,-43.11328273944138,82.97879417456952,0.9246688932517292
HTDPA_3h_140726,2,888,39.795524832767626,-43.08446605515224,82.87999088791986,0.923662945754638
HTDPA_3h_140726,2,889,39.795524832767626,-42.846073485124,82.64159831789163,0.9288021420815722
HTDPA_3h_140726,2,890,39.73730429037156,-42.846073485124,82.58337777549556,0.9274433117930446
HTDPA_3h_140726,2,891,39.73730429037156,-42.89133103631163,82.6286353266832,0.9264647034788946
HTDPA_3h_140726,2,892,39.73380383107312,-42.905987798148345,82.63979162922146,0.926066637085742
HTDPA_3h_140726,2,893,39.73380383107312,-42.86838609020054,82.60218992127366,0.9268789300224212
HTDPA_3h_140726,2,894,39.74981560941246,-42.84255044221718,82.59236605162964,0.927811607831892
HTDPA_3h_140726,2,895,39.74981560941246,-42.52863828577607,82.27845389518853,0.9346599658871984
HTDPA_3h_140726,2,896,39.80739251896976,-42.54125123105465,82.34864375002442,0.9357362881209944
HTDPA_3h_140726,2,897,39.8041066039509,-42.77434794491847,82.57845454886936,0.9305602192979676
HTDPA_3h_140726,2,898,39.69001421443,-42.77724993859492,82.46726415302493,0.9278299626881923
HTDPA_3h_140726,2,899,39.69105306041535,-43.08988612116274,82.78093918157809,0.9211222547400021
HTDPA_3h_140726,2,900,39.49692436280615,-43.06057259748931,82.55749696029545,0.9172410393146758
HTDPA_3h_140726,2,901,39.49692436280615,-42.87692269416707,82.37384705697322,0.9211697547543277
HTDPA_3h_140726,2,902,39.61921460216793,-42.88717565237027,82.50639025453819,0.9238009731232621
HTDPA_3h_140726,2,903,39.61490113296791,-43.02827803751013,82.64317917047804,0.9206713105840166
HTDPA_3h_140726,2,904,39.58070954988504,-43.03746956611958,82.61817911600463,0.9196802216514186
HTDPA_3h_140726,2,905,39.58463909774266,-43.15980497269811,82.74444407044078,0.917164457132811
HTDPA_3h_140726,2,906,39.5178367841633,-43.130988288408986,82.6488250725723,0.9162284091408894
HTDPA_3h_140726,2,907,39.5178367841633,-42.83934356982764,82.35718035399094,0.9224659738249649
HTDPA_3h_140726,2,908,39.83596078356674,-42.85363899393032,82.68959977749705,0.9295817512535868
HTDPA_3h_140726,2,909,39.82479318922429,-42.94331850279562,82.76811169201991,0.9273804302439199
HTDPA_3h_140726,2,910,39.74777179285434,-42.95238582155901,82.70015761441334,0.9253914778560173
HTDPA_3h_140726,2,911,39.75927814132244,-43.083811130509304,82.84308927183174,0.9228356799932067
HTDPA_3h_140726,2,912,39.84737679760135,-43.05126815083796,82.89864494843931,0.9255796288738535
HTDPA_3h_140726,2,913,39.84737679760135,-42.90031931244571,82.74769611004706,0.9288363684985748
HTDPA_3h_140726,2,914,39.69995100211591,-42.91263867081539,82.6125896729313,0.9251342315874784
HTDPA_3h_140726,2,915,39.69529877879024,-43.01594738733624,82.71124616612647,0.9228042433043427
HTDPA_3h_140726,2,916,39.86763429431557,-43.03374327073737,82.90137756505294,0.9264272931940195
HTDPA_3h_140726,2,917,39.8761708982821,-43.18146265313171,83.0576335514138,0.923455771255356
HTDPA_3h_140726,2,918,39.55835177759175,-43.16478465834525,82.723136435937,0.9164496496554108
HTDPA_3h_140726,2,919,39.55835177759175,-42.98778562769006,82.54613740528181,0.9202230633650207
HTDPA_3h_140726,2,920,39.97492901771498,-42.97452904957272,82.94945806728771,0.9302005141604323
HTDPA_3h_140726,2,921,39.97492901771498,-42.876064517048746,82.85099353476372,0.9323367120557393
HTDPA_3h_140726,2,922,39.888930637015136,-42.876064517048746,82.76499515406388,0.9303309687192527
HTDPA_3h_140726,2,923,39.888930637015136,-42.99833217280214,82.88726280981727,0.9276855315389698
HTDPA_3h_140726,2,924,40.10259415587049,-43.026155178322675,83.12874933419317,0.9320515391083533
HTDPA_3h_140726,2,925,40.10259415587049,-43.08182377297213,83.18441792884262,0.9308471797108392
HTDPA_3h_140726,2,926,39.74945427167842,-43.042821881304945,82.79227615298336,0.9234862523951536
HTDPA_3h_140726,2,927,39.74945427167842,-42.834917182585734,82.58437145426416,0.9279685099481949
HTDPA_3h_140726,2,928,40.28622147558437,-42.84680745239626,83.13302892798063,0.9402385818440088
HTDPA_3h_140726,2,929,40.27669119284924,-42.953932798732836,83.23062399158208,0.9376717932109216
HTDPA_3h_140726,2,930,40.06637004803369,-42.96170156001455,83.02807160804824,0.9326066843992135
HTDPA_3h_140726,2,931,40.07129327465988,-43.1864987977998,83.25779207245968,0.9278662172239203
HTDPA_3h_140726,2,932,39.807087640256675,-43.14873900459335,82.95582664485002,0.9225550632202497
HTDPA_3h_140726,2,933,39.807087640256675,-43.015089210217916,82.82217685047459,0.9254214828130776
HTDPA_3h_140726,2,934,39.96265482656205,-43.031880123046264,82.99453494960832,0.9286755473451774
HTDPA_3h_140726,2,935,39.95180340273688,-42.95628149400406,82.90808489674095,0.9300573050838548
HTDPA_3h_140726,2,936,40.007991420379,-42.961080510784186,82.96907193116319,0.9312612938200218
HTDPA_3h_140726,2,937,40.007991420379,-43.15857416604156,83.16656558642056,0.9269998417106761
HTDPA_3h_140726,2,938,39.95023384195466,-43.15857416604156,83.10880800799623,0.9256615774250644
HTDPA_3h_140726,2,939,39.955461947293955,-43.28636351404315,83.2418254613371,0.9230496328094512
HTDPA_3h_140726,2,940,39.931161984680244,-43.24214480884087,83.1733067935211,0.9234315772541491
HTDPA_3h_140726,2,941,39.931161984680244,-42.86201751263821,82.79317949731845,0.9316211485590061
HTDPA_3h_140726,2,942,40.10673824800768,-42.877859913914726,82.9845981619224,0.9353717356353468
HTDPA_3h_140726,2,943,40.10248123782861,-42.873986825078056,82.97646806290666,0.9353569426944843
HTDPA_3h_140726,2,944,39.98749679577681,-42.88717565237026,82.87467244814707,0.9323882066728452
HTDPA_3h_140726,2,945,39.990805294404055,-43.12227101557544,83.1130763099795,0.927381706774202
HTDPA_3h_140726,2,946,39.90108061832199,-43.08500806175329,82.98608868007528,0.9261012684767794
HTDPA_3h_140726,2,947,39.90108061832199,-42.81400476122858,82.71508537955057,0.9319632872665893
HTDPA_3h_140726,2,948,39.92045735430951,-42.81400476122858,82.7344621155381,0.9324158666526006
HTDPA_3h_140726,2,949,39.92045735430951,-42.94137631247519,82.8618336667847,0.9296501598788287
HTDPA_3h_140726,2,950,39.99412508483549,-42.95628149400406,82.95040657883955,0.931042531938384
HTDPA_3h_140726,2,951,39.99412508483549,-43.18783123069404,83.18195631552953,0.9260507866486996
HTDPA_3h_140726,2,952,39.82176698570177,-43.155785090406994,82.97755207610876,0.922744584585339
HTDPA_3h_140726,2,953,39.82176698570177,-42.83853055992608,82.66029754562786,0.9295782666960481
HTDPA_3h_140726,2,954,39.953835927490815,-42.83853055992608,82.7923664874169,0.9326612142216243
HTDPA_3h_140726,2,955,39.953835927490815,-43.0005453664231,82.95438129391391,0.9291471907397877
HTDPA_3h_140726,2,956,40.048032158031525,-43.02041894179491,83.06845109982643,0.9309075351454639
HTDPA_3h_140726,2,957,40.048032158031525,-43.13536950843412,83.18340166646564,0.9284267786369852
HTDPA_3h_140726,2,958,39.937485395025824,-43.09810655461198,83.0355919496378,0.9266645007807672
HTDPA_3h_140726,2,959,39.937485395025824,-42.81165606595737,82.7491414609832,0.9328647631265774
HTDPA_3h_140726,2,960,39.98748550397262,-42.81165606595737,82.79914156992999,0.9340326719051999
HTDPA_3h_140726,2,961,39.98748550397262,-42.902668007716905,82.89015351168953,0.9320512537071137
HTDPA_3h_140726,2,962,40.05281988300746,-42.91533741201645,82.9681572950239,0.933298496490267
HTDPA_3h_140726,2,963,40.05281988300746,-43.05944341707046,83.11226330007793,0.9301750488286372
HTDPA_3h_140726,2,964,39.88025853139835,-43.0236709814012,82.90392951279955,0.9269376048510196
HTDPA_3h_140726,2,965,39.88025853139835,-42.91703118264473,82.79728971404307,0.9292408499012293
HTDPA_3h_140726,2,966,40.09680146032178,-42.928164901574625,83.0249663618964,0.9340441538149936
HTDPA_3h_140726,2,967,40.091505604157355,-42.825748237584655,82.91725384174201,0.9361542355720552
HTDPA_3h_140726,2,968,39.93284446350433,-42.82755492625482,82.76039938975916,0.9324100928074246
HTDPA_3h_140726,2,969,39.9375983130677,-43.111837388505236,83.04943570157295,0.9263719834802524
HTDPA_3h_140726,2,970,39.90489724813772,-43.097090292235016,83.00198754037274,0.9259301956941524
HTDPA_3h_140726,2,971,39.90489724813772,-42.84308115701404,82.74797840515177,0.9314198738856275
HTDPA_3h_140726,2,972,40.030258858238774,-42.834104172684164,82.86436303092293,0.9345417543193669
HTDPA_3h_140726,2,973,40.030258858238774,-42.99471879546181,83.02497765370057,0.9310506029513574
HTDPA_3h_140726,2,974,39.80739251896977,-43.008901301522606,82.81629382049238,0.9255617166291227
HTDPA_3h_140726,2,975,39.80591329262107,-43.0729032476632,82.87881654028428,0.9241520838226903
HTDPA_3h_140726,2,976,39.9576864327191,-43.08466930762764,83.04235574034675,0.9274223772594921
HTDPA_3h_140726,2,977,39.95882690494214,-43.051019731145814,83.00984663608796,0.9281737611439994
HTDPA_3h_140726,2,978,39.79733152143779,-43.01996726962736,82.81729879106516,0.9250897675492936
HTDPA_3h_140726,2,979,39.79733152143779,-42.88342677337966,82.68075829481745,0.9280352461511402
HTDPA_3h_140726,2,980,39.904276198907354,-42.89524929236506,82.79952549127242,0.9302726259247999
HTDPA_3h_140726,2,981,39.90202912987383,-42.85659744662772,82.75862657650154,0.93105919525148
HTDPA_3h_140726,2,982,40.11356978954174,-42.86233368315549,82.97590347269724,0.9358699432015763
HTDPA_3h_140726,2,983,40.120344872054865,-43.09164764261615,83.21199251467101,0.9310468981087934
HTDPA_3h_140726,2,984,39.90365514967698,-43.071006224559525,82.9746613742365,0.9264621063559808
HTDPA_3h_140726,2,985,39.90365514967698,-42.87661781545398,82.78027296513096,0.930662379234925
HTDPA_3h_140726,2,986,39.81729543124311,-42.86626323101311,82.68355866225622,0.9288725545462495
HTDPA_3h_140726,2,987,39.81729543124311,-42.72502534422296,82.54232077546607,0.9319431670419589
HTDPA_3h_140726,2,988,40.03097024190265,-42.74060803400314,82.7715782759058,0.9366027317640221
HTDPA_3h_140726,2,989,40.02881350730264,-42.85289373485388,82.88170724215652,0.9340982607843281
HTDPA_3h_140726,2,990,40.009854568070104,-42.85984948623401,82.86970405430412,0.9335043180896077
HTDPA_3h_140726,2,991,40.01659577517065,-43.00379740602939,83.02039318120003,0.9305363290907905
HTDPA_3h_140726,2,992,39.861152798711366,-42.971006006665895,82.83215880537726,0.9276290341568426
HTDPA_3h_140726,2,993,39.861152798711366,-42.803932471892416,82.66508527060378,0.9312497823625562
HTDPA_3h_140726,2,994,39.86991523876166,-42.803932471892416,82.67384771065409,0.93145449346138
HTDPA_3h_140726,2,995,39.86991523876166,-42.80727484593223,82.67719008469389,0.9313817658857654
HTDPA_3h_140726,2,996,39.89816733284136,-42.818950571463155,82.71711790430452,0.93178760339427
HTDPA_3h_140726,2,997,39.89816733284136,-42.94153439773384,82.8397017305752,0.9291276590933116
HTDPA_3h_140726,2,998,39.64534383706018,-42.91395981190545,82.55930364896562,0.9238332703583679
HTDPA_3h_140726,2,999,39.64534383706018,-42.728367718262774,82.37371155532296,0.9278459710529766
HTDPA_3h_140726,2,1000,39.81824394279494,-42.728367718262774,82.54661166105771,0.9318924655709702
HTDPA_3h_140726,2,1001,39.81824394279494,-42.85013853463188,82.66838247742683,0.9292442289448718
HTDPA_3h_140726,2,1002,39.637958997120876,-42.86131742077852,82.4992764178994,0.9247956288414269
HTDPA_3h_140726,2,1003,39.637958997120876,-42.87283506105083,82.51079405817171,0.9245471856637543
HTDPA_3h_140726,2,1004,39.77167654232146,-42.844266796453844,82.61594333877531,0.9282846811516284
HTDPA_3h_140726,2,1005,39.77167654232146,-42.70894581505851,82.48062235737997,0.9312259008813695
HTDPA_3h_140726,2,1006,39.726418991133826,-42.70894581505851,82.43536480619234,0.9301662270747715
HTDPA_3h_140726,2,1007,39.726418991133826,-42.88247826182783,82.60889725296165,0.9264021250958485
HTDPA_3h_140726,2,1008,39.6690566258561,-42.89912238120172,82.56817900705782,0.9247055516277641
HTDPA_3h_140726,2,1009,39.6690566258561,-42.889479180424715,82.55853580628082,0.9249134609207739
HTDPA_3h_140726,2,1010,39.44394321755356,-42.87308348074298,82.31702669829653,0.9200164768944211
HTDPA_3h_140726,2,1011,39.44394321755356,-42.77976801092896,82.22371122848253,0.9220233080150599
HTDPA_3h_140726,2,1012,39.534864824879605,-42.77976801092896,82.31463283580857,0.9241486493049617
HTDPA_3h_140726,2,1013,39.534864824879605,-42.834149339900925,82.36901416478054,0.9229753697490155
HTDPA_3h_140726,2,1014,39.74195651369723,-42.84830926235333,82.59026577605056,0.927503493086824
HTDPA_3h_140726,2,1015,39.74195651369723,-42.945012273423906,82.68696878712115,0.9254149529790948
HTDPA_3h_140726,2,1016,39.50916467854651,-42.91942504513269,82.42858972367921,0.9205427294750557
HTDPA_3h_140726,2,1017,39.50916467854651,-42.79363434647248,82.302799025019,0.92324863924074
HTDPA_3h_140726,2,1018,39.716719331335874,-42.801470858579314,82.51819018991519,0.9279288429728083
HTDPA_3h_140726,2,1019,39.71228165228978,-42.76183662587758,82.47411827816737,0.9286851264067938
HTDPA_3h_140726,2,1020,39.60120417448723,-42.765450003217914,82.36665417770514,0.926009294220157
HTDPA_3h_140726,2,1021,39.6018252237176,-42.896028426854066,82.49785365057167,0.9232049370548671
HTDPA_3h_140726,2,1022,39.56642541758655,-42.88407040621841,82.45049582380497,0.9226368915728954
HTDPA_3h_140726,2,1023,39.56642541758655,-42.79463931704526,82.36106473463181,0.9245649933968972
HTDPA_3h_140726,2,1024,39.58328408124003,-42.7851429097227,82.36842699096273,0.9251642366781703
HTDPA_3h_140726,2,1025,39.58144351715729,-42.69002075123853,82.27146426839582,0.9271825785188673
HTDPA_3h_140726,2,1026,39.85583435893855,-42.69340829249509,82.54924265143364,0.9335360176888162
HTDPA_3h_140726,2,1027,39.864585507184664,-42.91576650057561,82.78035200776027,0.9289030293015966
HTDPA_3h_140726,2,1028,39.62086320557945,-42.898873961509565,82.519737167089,0.9235874871943895
HTDPA_3h_140726,2,1029,39.62086320557945,-42.79878340918245,82.41964661476189,0.92574741732212
HTDPA_3h_140726,2,1030,39.829129242032685,-42.806439252422265,82.63556849445496,0.9304471462147811
HTDPA_3h_140726,2,1031,39.8194634576473,-42.780084181446234,82.59954763909354,0.9307944156621609
HTDPA_3h_140726,2,1032,39.73597185747732,-42.78594462782008,82.5219164852974,0.9287155443949314
HTDPA_3h_140726,2,1033,39.74057891358623,-43.05713988901601,82.79771880260225,0.9229730310935995
HTDPA_3h_140726,2,1034,39.747150743623955,-43.04989055072698,82.79704129435093,0.9232811102455346
HTDPA_3h_140726,2,1035,39.747150743623955,-42.81078659703485,82.55793734065881,0.928437758403087
HTDPA_3h_140726,2,1036,39.579038362865134,-42.80673283933117,82.38577120219631,0.9245984390217138
HTDPA_3h_140726,2,1037,39.579038362865134,-42.610210279234,82.18924864209913,0.9288627796834388
HTDPA_3h_140726,2,1038,39.595614731413896,-42.610210279234,82.2058250106479,0.9292518030757229
HTDPA_3h_140726,2,1039,39.595614731413896,-42.90840424424469,82.5040189756586,0.9227939241465699
HTDPA_3h_140726,2,1040,39.85453580145689,-42.92082522885209,82.77536103030897,0.9285594018510626
HTDPA_3h_140726,2,1041,39.85453580145689,-42.92321909134003,82.77775489279692,0.9285076153456007
HTDPA_3h_140726,2,1042,39.50708698657583,-42.90384235535252,82.41092934192835,0.9208286441889527
HTDPA_3h_140726,2,1043,39.50708698657583,-42.77669664018969,82.28378362676551,0.9235656347867219
HTDPA_3h_140726,2,1044,39.68753001750853,-42.78594462782009,82.47347464532862,0.9275833538966223
HTDPA_3h_140726,2,1045,39.68220028593154,-42.79643471391124,82.47863499984278,0.9272314516665241
HTDPA_3h_140726,2,1046,39.85769750662967,-42.800849809348954,82.65854731597862,0.9312361246136657
HTDPA_3h_140726,2,1047,39.860543041285176,-42.86138517160365,82.72192821288883,0.9299872806652413
HTDPA_3h_140726,2,1048,39.83486547856046,-42.843002114384724,82.67786759294518,0.9297869783309544
HTDPA_3h_140726,2,1049,39.83486547856046,-42.68839473143539,82.52326020999584,0.9331544493338932
HTDPA_3h_140726,2,1050,39.81173986358235,-42.695892489416565,82.50763235299891,0.9324489439692791
HTDPA_3h_140726,2,1051,39.81173986358235,-42.621366581772264,82.43310644535461,0.9340793845077813
HTDPA_3h_140726,2,1052,39.869734569894646,-42.61657885679633,82.48631342669097,0.9355451713725813
HTDPA_3h_140726,2,1053,39.869734569894646,-42.893002223331536,82.76273679322618,0.9295160633033891
HTDPA_3h_140726,2,1054,39.610113407991975,-42.90244217163315,82.51255557962511,0.9232601083530382
HTDPA_3h_140726,2,1055,39.610113407991975,-42.76721152467132,82.3773249326633,0.9261794724479969
HTDPA_3h_140726,2,1056,39.92876812219227,-42.75628105821682,82.6850491804091,0.9338690628360633
HTDPA_3h_140726,2,1057,39.92876812219227,-42.615811014111515,82.54457913630378,0.9369472778300646
HTDPA_3h_140726,2,1058,39.81360301127346,-42.621987631002646,82.43559064227611,0.934109487243002
HTDPA_3h_140726,2,1059,39.8102041782127,-42.98338182405653,82.79358600226922,0.9261766405716384
HTDPA_3h_140726,2,1060,39.824160848189734,-42.99213297230264,82.81629382049238,0.9263127482845792
HTDPA_3h_140726,2,1061,39.827051550061995,-43.00928522286501,82.83633677292701,0.9260105426929708
HTDPA_3h_140726,2,1062,39.763952948256495,-42.98171063703663,82.74566358529313,0.9251365838844151
HTDPA_3h_140726,2,1063,39.763952948256495,-42.65442898443628,82.41838193269277,0.9322350315078779
HTDPA_3h_140726,2,1064,39.8589396050904,-42.65614533867294,82.51508494376334,0.9344243200745441
HTDPA_3h_140726,2,1065,39.85216452257728,-42.79300200543792,82.64516652801521,0.9312776074348107
HTDPA_3h_140726,2,1066,39.89992885429478,-42.7996077108882,82.69953656518298,0.9322498730319964
HTDPA_3h_140726,2,1067,39.90799120248539,-42.98383349622407,82.89182469870946,0.9284418805035414
HTDPA_3h_140726,2,1068,39.705540445189236,-42.97660674154342,82.68214718673266,0.9238872832369941
HTDPA_3h_140726,2,1069,39.705540445189236,-42.67912416019659,82.38466460538582,0.9303269742873361
HTDPA_3h_140726,2,1070,39.656274303514685,-42.67841277653272,82.3346870800474,0.9291881240091526
HTDPA_3h_140726,2,1071,39.656274303514685,-42.61811454216596,82.27438884568065,0.9305027857175413
HTDPA_3h_140726,2,1072,39.79042093727441,-42.61811454216596,82.40853547944037,0.9336504292771127
HTDPA_3h_140726,2,1073,39.79042093727441,-42.796796051645266,82.58721698891968,0.9297523321432077
HTDPA_3h_140726,2,1074,39.73669453294539,-42.80623599994687,82.54293053289226,0.9282921893201428
HTDPA_3h_140726,2,1075,39.73669453294539,-42.86845384102567,82.60514837397106,0.9269448970636038
HTDPA_3h_140726,2,1076,39.73834313635691,-42.84038241581299,82.5787255521699,0.9275907658958928
HTDPA_3h_140726,2,1077,39.73834313635691,-42.60569355755859,82.3440366939155,0.9327002993783448
HTDPA_3h_140726,2,1078,39.87357378331873,-42.60569355755859,82.47926734087733,0.9358743035000975
HTDPA_3h_140726,2,1079,39.87357378331873,-42.73627198119475,82.60984576451348,0.9330147889564235
HTDPA_3h_140726,2,1080,39.73172613910243,-42.755648717182254,82.48737485628467,0.9292743141828509
HTDPA_3h_140726,2,1081,39.73172613910243,-42.76578875734356,82.49751489644598,0.9290539773402371
HTDPA_3h_140726,2,1082,39.63116133099938,-42.74715728043249,82.37831861143187,0.9271063586990975
HTDPA_3h_140726,2,1083,39.63116133099938,-42.726335193508845,82.35749652450824,0.9275581711258097
HTDPA_3h_140726,2,1084,39.617972503707186,-42.742471181694256,82.36044368540144,0.9268994376879821
HTDPA_3h_140726,2,1085,39.61169426057837,-42.63274872039431,82.24444298097268,0.9291377039836337
HTDPA_3h_140726,2,1086,39.80056097743571,-42.63751386176187,82.43807483919758,0.9334634544236315
HTDPA_3h_140726,2,1087,39.801961161155084,-42.93166536087306,82.73362652202815,0.9271003308767445
HTDPA_3h_140726,2,1088,39.56269912220433,-42.91760706465834,82.48030618686266,0.9218291006439475
HTDPA_3h_140726,2,1089,39.56269912220433,-42.78718672628083,82.34988584848516,0.9246389433195441
HTDPA_3h_140726,2,1090,40.038343790037764,-42.77719347957398,82.81553726961175,0.9359740677975049
HTDPA_3h_140726,2,1091,40.038343790037764,-42.41129385664887,82.44963764668663,0.9440490998781662
HTDPA_3h_140726,2,1092,40.00645573500936,-42.41129385664887,82.41774959165824,0.9432972233818682
HTDPA_3h_140726,2,1093,40.00645573500936,-42.838937064876866,82.84539279988623,0.9338806813628945
HTDPA_3h_140726,2,1094,40.154559038746115,-42.84614123594915,83.00070027469526,0.9371802892965139
HTDPA_3h_140726,2,1095,40.154559038746115,-42.88360744224668,83.0381664809928,0.9363615011359318
HTDPA_3h_140726,2,1096,39.90117095275551,-42.85975915180051,82.76093010455602,0.9309704893915458
HTDPA_3h_140726,2,1097,39.90117095275551,-42.580445083393045,82.48161603614855,0.9370773573317464
HTDPA_3h_140726,2,1098,40.001780928075306,-42.587208874101975,82.58898980217728,0.9392909745818324
HTDPA_3h_140726,2,1099,39.99557043577161,-42.763236809596954,82.75880724536856,0.9352793057703195
HTDPA_3h_140726,2,1100,40.06015955572999,-42.7697973478305,82.82995690356049,0.9366459988092987
HTDPA_3h_140726,2,1101,40.06015955572999,-42.783460430898614,82.8436199866286,0.9363468768598757
HTDPA_3h_140726,2,1102,39.83533973433639,-42.783460430898614,82.618800165235,0.9310920466257314
HTDPA_3h_140726,2,1103,39.83746259352383,-42.73222951529525,82.56969210881908,0.9322579946189026
HTDPA_3h_140726,2,1104,40.02465812336128,-42.72055378976432,82.74521191312559,0.9368946460837086
HTDPA_3h_140726,2,1105,40.02465812336128,-42.56156518678981,82.58622331015108,0.9403944133094069
HTDPA_3h_140726,2,1106,39.99015036976112,-42.56156518678981,82.55171555655093,0.93958364064518
HTDPA_3h_140726,2,1107,39.99015036976112,-42.75506154336446,82.74521191312559,0.9353313719172401
HTDPA_3h_140726,2,1108,39.94432822836407,-42.769966724893315,82.7142949532574,0.9339340496871454
HTDPA_3h_140726,2,1109,39.94432822836407,-42.687604305142195,82.63193253350627,0.9357360029584123
HTDPA_3h_140726,2,1110,39.885091423591035,-42.663010755619574,82.54810217921062,0.9348869364156952
HTDPA_3h_140726,2,1111,39.885091423591035,-42.50700318895085,82.39209461254188,0.9383181224584343
HTDPA_3h_140726,2,1112,39.97445476193906,-42.50833562184509,82.48279038378415,0.9403909651404025
HTDPA_3h_140726,2,1113,39.968831443453176,-42.60826808891357,82.57709953236674,0.9380534163005053
HTDPA_3h_140726,2,1114,39.82850819280232,-42.61639818792931,82.44490638073162,0.9345817545904985
HTDPA_3h_140726,2,1115,39.83165860617092,-42.83970490756168,82.6713635137326,0.9297836829669709
HTDPA_3h_140726,2,1116,39.70406121884053,-42.81386925957833,82.51793047841886,0.9273644710342998
HTDPA_3h_140726,2,1117,39.70406121884053,-42.45045383357468,82.1545150524152,0.9353035747155667
HTDPA_3h_140726,2,1118,39.77696110668168,-42.453062240342234,82.23002334702392,0.9369632956390714
HTDPA_3h_140726,2,1119,39.771721709538205,-42.487129613579036,82.25885132311724,0.9360886948886051
HTDPA_3h_140726,2,1120,39.93098131581323,-42.49280939108586,82.4237907068991,0.9397114920857632
HTDPA_3h_140726,2,1121,39.93418818820277,-42.67364763516517,82.60783582336794,0.9358044226642357
HTDPA_3h_140726,2,1122,39.824160848189734,-42.662976880207,82.48713772839673,0.9334594948686222
HTDPA_3h_140726,2,1123,39.824160848189734,-42.46672532341036,82.29088617160009,0.937773292970064
HTDPA_3h_140726,2,1124,39.84127922333955,-42.45817742763964,82.29945665097918,0.9383652723021377
HTDPA_3h_140726,2,1125,39.84127922333955,-42.41174552881641,82.25302475215597,0.9393925839781724
HTDPA_3h_140726,2,1126,39.88129737738369,-42.41331508959862,82.2946124669823,0.9403013486008812
HTDPA_3h_140726,2,1127,39.8780453377774,-42.64236933756294,82.52041467534033,0.9351742400169474
HTDPA_3h_140726,2,1128,39.97010741732647,-42.65366114175147,82.62376855907794,0.9370850320326146
HTDPA_3h_140726,2,1129,39.97429667668042,-42.5819581851543,82.55625486183472,0.9387613529388366
HTDPA_3h_140726,2,1130,39.81842461166196,-42.55835831440027,82.37678292606223,0.9356193751061301
HTDPA_3h_140726,2,1131,39.81842461166196,-42.326605325234894,82.14502993689686,0.940742218888091
HTDPA_3h_140726,2,1132,39.82908407481594,-42.326605325234894,82.15568940005083,0.9409940572548126
HTDPA_3h_140726,2,1133,39.82908407481594,-42.448376141603994,82.27746021641994,0.9382946462298032
HTDPA_3h_140726,2,1134,39.83834335425053,-42.46203922467211,82.30038257892264,0.938210789723516
HTDPA_3h_140726,2,1135,39.83834335425053,-42.72936139703136,82.5677047512819,0.9323411830118836
HTDPA_3h_140726,2,1136,39.774747913060736,-42.69060792505633,82.46535583811706,0.9316978568889344
HTDPA_3h_140726,2,1137,39.774747913060736,-42.39155578292731,82.16630369598805,0.9382705394615296
HTDPA_3h_140726,2,1138,39.88812891891776,-42.39840990806975,82.28653882698751,0.9407930393004147
HTDPA_3h_140726,2,1139,39.88292339718685,-42.47890918012979,82.36183257731665,0.9388876542960464
HTDPA_3h_140726,2,1140,39.78565579590684,-42.4841147018607,82.26977049776754,0.936483108453813
HTDPA_3h_140726,2,1141,39.78834324530372,-42.65000259719438,82.43834584249811,0.9329036535139882
HTDPA_3h_140726,2,1142,39.731568053843795,-42.63161953997545,82.36318759381925,0.9319741657149033
HTDPA_3h_140726,2,1143,39.731568053843795,-42.56544956743068,82.29701762127448,0.9334229629338802
HTDPA_3h_140726,2,1144,39.6980878544248,-42.57230369257311,82.2703915469979,0.9324862507111701
HTDPA_3h_140726,2,1145,39.6980878544248,-42.46424112648887,82.16232898091367,0.9348592321755029
HTDPA_3h_140726,2,1146,39.84737679760135,-42.46124879837891,82.30862559598026,0.9384410003297559
HTDPA_3h_140726,2,1147,39.84737679760135,-42.725883521341295,82.57326031894264,0.9326285032279753
HTDPA_3h_140726,2,1148,39.796563678752975,-42.740291863485865,82.53685554223884,0.9311252203392698
HTDPA_3h_140726,2,1149,39.796563678752975,-42.74042736513613,82.5369910438891,0.931122268356528
HTDPA_3h_140726,2,1150,39.62077287114594,-42.72403166545438,82.34480453660032,0.9273650291571696
HTDPA_3h_140726,2,1151,39.62077287114594,-42.5191531702577,82.13992604140364,0.9318335365827749
HTDPA_3h_140726,2,1152,39.650888112916746,-42.522619754143584,82.17350786706032,0.93246578743665
HTDPA_3h_140726,2,1153,39.64462116159212,-42.519785511292255,82.16440667288438,0.9323805537792151
HTDPA_3h_140726,2,1154,39.74218234978102,-42.52448290183469,82.2666652516157,0.9345717957705342
HTDPA_3h_140726,2,1155,39.7554840951151,-42.61264930893873,82.36813340405382,0.9329503032512863
HTDPA_3h_140726,2,1156,39.61238306063387,-42.60211405563083,82.2144971162647,0.9298220038777207
HTDPA_3h_140726,2,1157,39.61238306063387,-42.51765136030064,82.1300344209345,0.9316691254875037
HTDPA_3h_140726,2,1158,39.787575402618906,-42.51264909104511,82.30022449366402,0.9358996969915898
HTDPA_3h_140726,2,1159,39.787575402618906,-42.363868279057044,82.15144368167594,0.9391865525719295
HTDPA_3h_140726,2,1160,39.81029451264623,-42.363868279057044,82.17416279170328,0.9397228376410283
HTDPA_3h_140726,2,1161,39.81029451264623,-42.56752725940135,82.37782177204758,0.9352268519157131
HTDPA_3h_140726,2,1162,39.83482031134372,-42.586407156004576,82.4212274673483,0.935388143109112
HTDPA_3h_140726,2,1163,39.83482031134372,-42.5459373297929,82.38075764113663,0.9362778871826449
HTDPA_3h_140726,2,1164,39.60442233868094,-42.52606375442109,82.13048609310204,0.9312976288468173
HTDPA_3h_140726,2,1165,39.60442233868094,-42.38387735607911,81.98829969476006,0.9344218794791431
HTDPA_3h_140726,2,1166,39.69870890365517,-42.395304661917905,82.09401356557308,0.9363939997656159
HTDPA_3h_140726,2,1167,39.69870890365517,-42.32636819734694,82.0250771010021,0.9379190938036476
HTDPA_3h_140726,2,1168,39.87786466891038,-42.324798636564736,82.20266330547511,0.9421867546573409
HTDPA_3h_140726,2,1169,39.87786466891038,-42.422630828054146,82.30049549696452,0.9400139475211209
HTDPA_3h_140726,2,1170,39.76806316498112,-42.431325517279305,82.19938868226043,0.9372335810906114
HTDPA_3h_140726,2,1171,39.76806316498112,-42.46987573677895,82.23793890176007,0.9363828472552356
HTDPA_3h_140726,2,1172,39.716572537881426,-42.453480037097215,82.17005257497864,0.9355316102042944
HTDPA_3h_140726,2,1173,39.716572537881426,-42.286090331806456,82.00266286968788,0.9392349168778011
HTDPA_3h_140726,2,1174,39.75767470512768,-42.286090331806456,82.04376503693413,0.9402069189457088
HTDPA_3h_140726,2,1175,39.75767470512768,-42.38243200514299,82.14010671027066,0.9380696865225477
HTDPA_3h_140726,2,1176,39.90230013317437,-42.403547678975535,82.3058478121499,0.9410132481193
HTDPA_3h_140726,2,1177,39.90230013317437,-42.43834901948458,82.34064915265895,0.9402415752520004
HTDPA_3h_140726,2,1178,39.734458755716055,-42.414003889654104,82.14846264537016,0.9368240465835469
HTDPA_3h_140726,2,1179,39.734458755716055,-42.24408482022512,81.97854357594117,0.9405922491825995
HTDPA_3h_140726,2,1180,39.64033027600047,-42.25246333893301,81.89279361493348,0.93817796983861
HTDPA_3h_140726,2,1181,39.64033027600047,-42.24004235432563,81.8803726303261,0.9384538477372304
HTDPA_3h_140726,2,1182,39.61729499545587,-42.23392219645544,81.8512171919113,0.9380444186824975
HTDPA_3h_140726,2,1183,39.61729499545587,-42.38432902824666,82.00162402370253,0.9347156343811241
HTDPA_3h_140726,2,1184,39.75227722272555,-42.387806903936735,82.14008412666229,0.9378234007910796
HTDPA_3h_140726,2,1185,39.75227722272555,-42.44909881707207,82.20137603979762,0.9364692851085471
HTDPA_3h_140726,2,1186,39.52971576216963,-42.437671511233276,81.9673872734029,0.9314770192258567
HTDPA_3h_140726,2,1187,39.52971576216963,-42.14227791366133,81.67199367583096,0.9380061477254702
HTDPA_3h_140726,2,1188,39.603067322178326,-42.14812706823099,81.75119439040932,0.9396163027141722
HTDPA_3h_140726,2,1189,39.59579540028091,-42.32258544294378,81.9183808432247,0.9355712791615973
HTDPA_3h_140726,2,1190,39.58692004218872,-42.32761029580767,81.9145303379964,0.935250531875871
HTDPA_3h_140726,2,1191,39.59096250808822,-42.41235528624259,82.0033177943308,0.9334771021530711
HTDPA_3h_140726,2,1192,39.51736252838739,-42.405241449603814,81.9226039779912,0.9318980667838314
HTDPA_3h_140726,2,1193,39.51736252838739,-42.36114695424761,81.878509482635,0.9328680965854945
HTDPA_3h_140726,2,1194,39.502570264900406,-42.35745453427796,81.86002479917838,0.9326001927932844
HTDPA_3h_140726,2,1195,39.502570264900406,-42.128276076467564,81.63084634136797,0.9376735519203016
HTDPA_3h_140726,2,1196,39.51372656743868,-42.128276076467564,81.64200264390624,0.9379383693678046
HTDPA_3h_140726,2,1197,39.51372656743868,-42.376289263664425,81.89001583110311,0.9324489532716058
HTDPA_3h_140726,2,1198,39.695885952608045,-42.38200291658382,82.07788886919187,0.9366212831124903
HTDPA_3h_140726,2,1199,39.695885952608045,-42.4855939282094,82.18147988081745,0.9343375549765104
HTDPA_3h_140726,2,1200,39.54276908781158,-42.46721087099047,82.00997995880205,0.9311364762790063
HTDPA_3h_140726,2,1201,39.54276908781158,-41.86084098606643,81.40361007387801,0.9446243352104075
HTDPA_3h_140726,2,1202,39.57574115604208,-41.86430756995231,81.44004872599439,0.9453337091486298
HTDPA_3h_140726,2,1203,39.57574115604208,-41.94877026528251,81.52451142132459,0.943430305722111
HTDPA_3h_140726,2,1204,39.5824259041217,-41.948149216052144,81.53057512017384,0.9436036307645925
HTDPA_3h_140726,2,1205,39.5824259041217,-42.140787395508454,81.72321329963015,0.939290135531273
HTDPA_3h_140726,2,1206,39.655754880522004,-42.14823998627288,81.80399486679488,0.9408638389986713
HTDPA_3h_140726,2,1207,39.655754880522004,-42.0998884807376,81.7556433612596,0.9419444162819128
HTDPA_3h_140726,2,1208,39.50419628470357,-42.08572855828518,81.58992484298875,0.9386601500789891
HTDPA_3h_140726,2,1209,39.50419628470357,-42.00749893886705,81.51169522357063,0.9404081957412769
HTDPA_3h_140726,2,1210,39.52126949263662,-42.00749893886705,81.52876843150366,0.940814628125121
HTDPA_3h_140726,2,1211,39.52126949263662,-42.05506001810914,81.57632951074575,0.9397506382256628
HTDPA_3h_140726,2,1212,39.45437684462377,-42.058537893799205,81.51291473842298,0.9380824636426706
HTDPA_3h_140726,2,1213,39.45437684462377,-42.11038985863294,81.56476670325671,0.9369273705865568
HTDPA_3h_140726,2,1214,39.40808044745079,-42.09995623156273,81.50803667901351,0.9360598911479673
HTDPA_3h_140726,2,1215,39.40808044745079,-41.91309945585094,81.32117990330173,0.9402330287923755
HTDPA_3h_140726,2,1216,39.54655184221474,-41.91647570530331,81.46302754751805,0.943460803342569
HTDPA_3h_140726,2,1217,39.54213674677702,-42.180037706867786,81.72217445364481,0.9374609150797116
HTDPA_3h_140726,2,1218,39.61424620832498,-42.18352687436204,81.79777308268702,0.9390927962545826
HTDPA_3h_140726,2,1219,39.61925976938468,-42.21307752592342,81.8323372953081,0.9385541659466584
HTDPA_3h_140726,2,1220,39.62356194678051,-42.211474089728654,81.83503603650917,0.9386917372881356
HTDPA_3h_140726,2,1221,39.62356194678051,-42.137569231314714,81.76113117809523,0.9403381037303427
HTDPA_3h_140726,2,1222,39.42537949146763,-42.12890841750211,81.55428790896974,0.935827225826926
HTDPA_3h_140726,2,1223,39.42537949146763,-41.69954885503747,81.1249283465051,0.9454629743963019
HTDPA_3h_140726,2,1224,39.55270587549748,-41.69954885503747,81.25225473053496,0.9485163979350668
HTDPA_3h_140726,2,1225,39.55270587549748,-42.006414925664956,81.55912080116244,0.9415872776929527
HTDPA_3h_140726,2,1226,39.59188843603168,-42.01510961489012,81.6069980509218,0.94232500638295
HTDPA_3h_140726,2,1227,39.59188843603168,-42.16775222391067,81.75964065994235,0.9389138938637005
HTDPA_3h_140726,2,1228,39.33048316906723,-42.15483439991898,81.4853175689862,0.933000537872895
HTDPA_3h_140726,2,1229,39.33048316906723,-42.11499691474185,81.44548008380909,0.933883083232521
HTDPA_3h_140726,2,1230,39.690635263660376,-42.12142195132512,81.81205721498549,0.9422909632425581
HTDPA_3h_140726,2,1231,39.690635263660376,-41.978580628340225,81.66921589200061,0.9454973148107053
HTDPA_3h_140726,2,1232,39.459074235166206,-41.97204267371506,81.43111690888126,0.9401275640052993
HTDPA_3h_140726,2,1233,39.459074235166206,-42.261654867542475,81.72072910270867,0.9336850239026326
HTDPA_3h_140726,2,1234,39.550334596617894,-42.272088494612674,81.82242309123058,0.9356134509809788
HTDPA_3h_140726,2,1235,39.550334596617894,-42.22260780865854,81.77294240527644,0.9367098966470602
HTDPA_3h_140726,2,1236,39.58766530126517,-42.20795104682182,81.79561634808698,0.9379196174993206
HTDPA_3h_140726,2,1237,39.58766530126517,-42.034734770569784,81.62240007183496,0.9417845864221343
HTDPA_3h_140726,2,1238,39.62542509447161,-42.038201354455666,81.66362644892727,0.942605150024376
HTDPA_3h_140726,2,1239,39.61986952681085,-42.16599070245724,81.7858602292681,0.9396167116382252
HTDPA_3h_140726,2,1240,39.50432049454963,-42.16986379129391,81.67418428584355,0.9367903270938572
HTDPA_3h_140726,2,1241,39.50975185236431,-42.30422496933323,81.81397682169754,0.9339434035490626
HTDPA_3h_140726,2,1242,39.2271405771338,-42.296523958876655,81.52366453601046,0.927431781752867
HTDPA_3h_140726,2,1243,39.2271405771338,-42.18338008090759,81.41052065804139,0.9299193308335243
HTDPA_3h_140726,2,1244,39.5567257577886,-42.18338008090759,81.7401058386962,0.9377324833125966
HTDPA_3h_140726,2,1245,39.5567257577886,-42.32515997429877,81.88188573208737,0.9345912875889599
HTDPA_3h_140726,2,1246,39.6044675058977,-42.341058834596204,81.9455263404939,0.9353679051960203
HTDPA_3h_140726,2,1247,39.6044675058977,-42.215832726145415,81.82030023204311,0.9381425154588879
HTDPA_3h_140726,2,1248,39.55027813759695,-42.212095138959015,81.76237327655596,0.9369418411334579
HTDPA_3h_140726,2,1249,39.547466478354,-42.105602133656994,81.653068612011,0.9392447673071477
HTDPA_3h_140726,2,1250,39.6702309734917,-42.105602133656994,81.77583310714869,0.9421604005938538
HTDPA_3h_140726,2,1251,39.681319525204835,-42.18725316974425,81.86857269494908,0.9405997438501965
HTDPA_3h_140726,2,1252,39.49748895301557,-42.18725316974425,81.68474212275981,0.9362422529405702
HTDPA_3h_140726,2,1253,39.49748895301557,-42.28041055429962,81.7778995073152,0.9341794092157639
HTDPA_3h_140726,2,1254,39.3696883132098,-42.27750856062317,81.64719687383297,0.9312206337030541
HTDPA_3h_140726,2,1255,39.3696883132098,-42.229811979730826,81.59950029294063,0.9322724034884691
HTDPA_3h_140726,2,1256,39.7260350697914,-42.2388002558649,81.96483532565631,0.9405104981473852
HTDPA_3h_140726,2,1257,39.719508406970434,-42.24367831527434,81.96318672224477,0.9402473930071752
HTDPA_3h_140726,2,1258,39.68504582058705,-42.24749494509006,81.93254076567712,0.9393467203716225
HTDPA_3h_140726,2,1259,39.68504582058705,-42.27668425891741,81.96173007950446,0.9386981622669779
HTDPA_3h_140726,2,1260,39.586298992958355,-42.27668425891741,81.86298325187576,0.9363624344453746
HTDPA_3h_140726,2,1261,39.59148193108089,-42.14817223544775,81.73965416652865,0.9393404228756421
HTDPA_3h_140726,2,1262,39.38906504919732,-42.13550283114822,81.52456788034554,0.9348189152279291
HTDPA_3h_140726,2,1263,39.38906504919732,-42.06192543505576,81.45099048425308,0.936454159950776
HTDPA_3h_140726,2,1264,39.71752104943326,-42.06192543505576,81.77944648448903,0.9442630273965394
HTDPA_3h_140726,2,1265,39.71752104943326,-42.19783359026891,81.91535463970217,0.9412218038272082
HTDPA_3h_140726,2,1266,39.293694471020984,-42.210502994568444,81.50419746558943,0.930898513009362
HTDPA_3h_140726,2,1267,39.293694471020984,-42.22457258258734,81.51826705360833,0.9305883296785579
HTDPA_3h_140726,2,1268,39.309344911626305,-42.20718320413701,81.51652811576332,0.9313425328931529
HTDPA_3h_140726,2,1269,39.309344911626305,-42.08089566609249,81.3902405777188,0.9341375531438744
HTDPA_3h_140726,2,1270,39.66603042233358,-42.08089566609249,81.74692608842606,0.9426137394289177
HTDPA_3h_140726,2,1271,39.66603042233358,-42.306641415429574,81.97267183776316,0.9375840079772216
HTDPA_3h_140726,2,1272,39.650357398119894,-42.316329783423335,81.96668718154322,0.9369989694534475
HTDPA_3h_140726,2,1273,39.650357398119894,-42.39670484563728,82.04706224375718,0.9352226203070121
HTDPA_3h_140726,2,1274,39.71268815724057,-42.36540396442668,82.07809212166725,0.9373848574791465
HTDPA_3h_140726,2,1275,39.71268815724057,-42.301673021586616,82.01436117882719,0.9387971047143955
HTDPA_3h_140726,2,1276,39.5779995168798,-42.301673021586616,81.87967253846642,0.9356131020322311
HTDPA_3h_140726,2,1277,39.5779995168798,-43.29648097059607,82.87448048747586,0.9141158502871953
HTDPA_3h_140726,2,1278,40.33355671874267,-43.3794531477734,83.71300986651607,0.9297848126703029
HTDPA_3h_140726,2,1279,40.33355671874267,-42.36773007608952,82.70128679483219,0.9519876718980786
HTDPA_3h_140726,2,1280,39.368152627840146,-42.35853854748006,81.72669117532021,0.9294029958968494
HTDPA_3h_140726,2,1281,39.368152627840146,-42.19665924263329,81.56481187047343,0.9329684703585405
HTDPA_3h_140726,2,1282,39.36396336848621,-42.19967415435163,81.56363752283784,0.9328025430837835
HTDPA_3h_140726,2,1283,39.36002252882441,-42.26861061892261,81.62863314774702,0.9311879892073837
HTDPA_3h_140726,2,1284,39.39501583000467,-42.271715865074455,81.66673169507912,0.9319474032175126
HTDPA_3h_140726,2,1285,39.39501583000467,-42.32761029580768,81.72262612581235,0.9307167485877776
HTDPA_3h_140726,2,1286,39.32421621774258,-42.32761029580768,81.65182651355026,0.9290440906756654
HTDPA_3h_140726,2,1287,39.329195903389724,-42.2436105644492,81.57280646783892,0.9310093379302159
HTDPA_3h_140726,2,1288,39.548324655472335,-42.23640639337692,81.78473104884925,0.9363562867335679
HTDPA_3h_140726,2,1289,39.548324655472335,-42.14431043841527,81.6926350938876,0.9384024615437379
HTDPA_3h_140726,2,1290,39.73671711655376,-42.14431043841527,81.88102755496902,0.9428726369748135
HTDPA_3h_140726,2,1291,39.73671711655376,-42.40528661682056,82.14200373337432,0.9370698864889105
HTDPA_3h_140726,2,1292,39.45625128411907,-42.420688637733726,81.8769399218528,0.930118122811949
HTDPA_3h_140726,2,1293,39.45625128411907,-42.26601350395925,81.72226478807832,0.9335219485609406
HTDPA_3h_140726,2,1294,39.51806262024708,-42.25235042089112,81.7704130411382,0.9352867290598795
HTDPA_3h_140726,2,1295,39.51806262024708,-42.14774314688859,81.66580576713567,0.9376080347297163
HTDPA_3h_140726,2,1296,39.617023992155346,-42.14774314688859,81.76476713904393,0.9399559984525515
HTDPA_3h_140726,2,1297,39.617023992155346,-42.41183586324991,82.02885985540526,0.9341030206731445
HTDPA_3h_140726,2,1298,39.65559679526337,-42.41978529339863,82.075382088662,0.9348372822017695
HTDPA_3h_140726,2,1299,39.65559679526337,-42.29478502103162,81.95038181629499,0.9376001503623702
HTDPA_3h_140726,2,1300,39.43558728245406,-42.27565670473626,81.71124398719031,0.9328202175044151
HTDPA_3h_140726,2,1301,39.43558728245406,-42.21404862108364,81.6496359035377,0.9341815952416871
HTDPA_3h_140726,2,1302,39.73410870978621,-42.21830563126271,81.95241434104892,0.9411582988864209
HTDPA_3h_140726,2,1303,39.72239910884271,-42.207544541871044,81.92994365071375,0.9411208242506739
HTDPA_3h_140726,2,1304,39.395072289025606,-42.207544541871044,81.60261683089665,0.9333656510139937
HTDPA_3h_140726,2,1305,39.39936317461725,-42.31581036043065,81.71517353504791,0.9310790184337209
HTDPA_3h_140726,2,1306,39.388026203211965,-42.32150142974169,81.70952763295365,0.9306859367596017
HTDPA_3h_140726,2,1307,39.388026203211965,-42.21163217498729,81.59965837819925,0.9331083441628096
HTDPA_3h_140726,2,1308,39.33084450680125,-42.208899558373666,81.53974406517492,0.9318140230689466
HTDPA_3h_140726,2,1309,39.33084450680125,-42.07741779040243,81.40826229720368,0.9347257168374136
HTDPA_3h_140726,2,1310,39.44647258169179,-42.07741779040243,81.52389037209423,0.9374737009334557
HTDPA_3h_140726,2,1311,39.44647258169179,-42.250769568304726,81.69724214999653,0.9336273157799087
HTDPA_3h_140726,2,1312,39.5814322253531,-42.26194845445137,81.84338067980447,0.9365737660679027
HTDPA_3h_140726,2,1313,39.5814322253531,-42.343339779042296,81.9247720043954,0.934773507047354
HTDPA_3h_140726,2,1314,39.41364730691574,-42.3350628865721,81.74871019348785,0.9309930024792055
HTDPA_3h_140726,2,1315,39.41364730691574,-42.21209513895903,81.62574244587478,0.933705071429622
HTDPA_3h_140726,2,1316,39.202434109569296,-42.20591852206789,81.40835263163719,0.9288373641026629
HTDPA_3h_140726,2,1317,39.202434109569296,-42.0891612667585,81.29159537632779,0.9314140013650235
HTDPA_3h_140726,2,1318,39.450673132849936,-42.0891612667585,81.53983439960844,0.9373119336547006
HTDPA_3h_140726,2,1319,39.450673132849936,-42.31255832082436,81.7632314536743,0.9323632202459871
HTDPA_3h_140726,2,1320,39.53226770991625,-42.32522772512389,81.85749543504014,0.9340119317645216
HTDPA_3h_140726,2,1321,39.53226770991625,-42.15485698352735,81.6871246934436,0.9377867827985771
HTDPA_3h_140726,2,1322,39.36995931651032,-42.14516861553359,81.51512793204391,0.934151187664239
HTDPA_3h_140726,2,1323,39.36995931651032,-42.1485109895734,81.51847030608371,0.9340771095389245
HTDPA_3h_140726,2,1324,39.488387758839615,-42.1485109895734,81.63689874841302,0.9368868990083222
HTDPA_3h_140726,2,1325,39.488387758839615,-42.2274632844596,81.71585104329921,0.9351352102974176
HTDPA_3h_140726,2,1326,39.42167577969378,-42.239387429682694,81.66106320937647,0.933291843905652
HTDPA_3h_140726,2,1327,39.42167577969378,-42.32290161346105,81.74457739315483,0.9314502143481458
HTDPA_3h_140726,2,1328,39.32018504364727,-42.30998378946938,81.63016883311664,0.9293358569764746
HTDPA_3h_140726,2,1329,39.32018504364727,-42.13026343400474,81.450448477652,0.9333002416479228
HTDPA_3h_140726,2,1330,39.448426063816406,-42.13446398516288,81.5828900489793,0.936250810683332
HTDPA_3h_140726,2,1331,39.448426063816406,-42.104653622105154,81.55307968592156,0.93691368222314
HTDPA_3h_140726,2,1332,39.451892647702294,-42.10140158249886,81.55329423020115,0.9370683911887167
HTDPA_3h_140726,2,1333,39.451892647702294,-42.35691252767691,81.8088051753792,0.9314156838490903
HTDPA_3h_140726,2,1334,39.36659435886214,-42.366849315362806,81.73344367422494,0.9291839019189767
HTDPA_3h_140726,2,1335,39.36659435886214,-42.38934258930637,81.75593694816851,0.9286908443065408
HTDPA_3h_140726,2,1336,39.35573164323277,-42.374934247161804,81.73066589039458,0.9287502704707736
HTDPA_3h_140726,2,1337,39.35573164323277,-42.228502130444944,81.58423377367771,0.931970817285015
HTDPA_3h_140726,2,1338,39.38383694385803,-42.23383186202194,81.61766880587996,0.932518675372037
HTDPA_3h_140726,2,1339,39.38383694385803,-42.207126745116064,81.59096368897409,0.9331086946925443
HTDPA_3h_140726,2,1340,39.43030271809381,-42.2032536562794,81.63355637437321,0.934295328015
HTDPA_3h_140726,2,1341,39.43030271809381,-42.245304335077485,81.67560705317129,0.9333653370169641
HTDPA_3h_140726,2,1342,39.41478777913878,-42.25226008645762,81.6670478655964,0.9328444844959125
HTDPA_3h_140726,2,1343,39.41478777913878,-42.30867394018351,81.72346171932229,0.9316006413924449
HTDPA_3h_140726,2,1344,39.29778210413724,-42.29327191927035,81.5910540234076,0.9291733725200803
HTDPA_3h_140726,2,1345,39.29778210413724,-42.19227802260815,81.49006012674539,0.9313974960792605
HTDPA_3h_140726,2,1346,39.39315268231356,-42.194084711278315,81.58723739359188,0.9336178981454224
HTDPA_3h_140726,2,1347,39.39315268231356,-42.15744280668653,81.5505954890001,0.934429369042884
HTDPA_3h_140726,2,1348,39.574476473972965,-42.15673142302265,81.73120789699561,0.9387463197006906
HTDPA_3h_140726,2,1349,39.574476473972965,-42.21002873879251,81.78450521276548,0.9375609933570744
HTDPA_3h_140726,2,1350,39.31686525321586,-42.216487650788345,81.5333529040042,0.9313154040298675
HTDPA_3h_140726,2,1351,39.31686525321586,-42.06059300216152,81.37745825537738,0.9347672594914518
HTDPA_3h_140726,2,1352,39.50839683586169,-42.043948882787625,81.55234571864932,0.9396928187217931
HTDPA_3h_140726,2,1353,39.50839683586169,-41.99286476063871,81.5012615965004,0.9408359506087854
HTDPA_3h_140726,2,1354,39.40758360806651,-41.99286476063871,81.40044836870521,0.9384352278105239
HTDPA_3h_140726,2,1355,39.40758360806651,-41.88767031281837,81.29525392088487,0.9407919636916902
HTDPA_3h_140726,2,1356,39.35164401011654,-41.88816715220267,81.2398111623192,0.9394453537947948
HTDPA_3h_140726,2,1357,39.35164401011654,-41.82393936997831,81.17558338009485,0.9408880321389234
HTDPA_3h_140726,2,1358,39.325288939140506,-41.81897097613536,81.14425991527587,0.9403695983237389
HTDPA_3h_140726,2,1359,39.325288939140506,-41.79823922364522,81.12352816278573,0.9408360177261781
HTDPA_3h_140726,2,1360,39.447805014586045,-41.800960548454654,81.2487655630407,0.9437057066872688
HTDPA_3h_140726,2,1361,39.44087184681428,-41.85365939860253,81.2945312454168,0.9423518137611449
HTDPA_3h_140726,2,1362,39.280121722386376,-41.85933917610936,81.13946089849574,0.9383837035058825
HTDPA_3h_140726,2,1363,39.281160568371725,-41.94810404883538,81.22926461720711,0.9364227885637253
HTDPA_3h_140726,2,1364,39.22609043934426,-41.94504396990029,81.17113440924456,0.9351781933401442
HTDPA_3h_140726,2,1365,39.22609043934426,-41.80592894229761,81.03201938164187,0.9382901285003341
HTDPA_3h_140726,2,1366,39.28585795891416,-41.800904089433715,81.08676204834788,0.9398327336380434
HTDPA_3h_140726,2,1367,39.28585795891416,-41.808356680198145,81.0942146391123,0.9396652028067219
HTDPA_3h_140726,2,1368,39.4393813286614,-41.808356680198145,81.24773800885954,0.9433372765722989
HTDPA_3h_140726,2,1369,39.4393813286614,-41.942232310657346,81.38161363931874,0.9403262333903009
HTDPA_3h_140726,2,1370,39.408532119618336,-41.94670386511601,81.35523598473435,0.9394905555950374
HTDPA_3h_140726,2,1371,39.408532119618336,-42.01795514954563,81.42648726916397,0.9378974293099195
HTDPA_3h_140726,2,1372,39.17280441537859,-42.00727310278328,81.18007751816188,0.9325243350010053
HTDPA_3h_140726,2,1373,39.17280441537859,-41.93085017203531,81.1036545874139,0.9342239485881895
HTDPA_3h_140726,2,1374,39.47434075442908,-41.93085017203531,81.4051909264644,0.9414152251259494
HTDPA_3h_140726,2,1375,39.47434075442908,-41.93898027105106,81.41332102548014,0.9412327266735374
HTDPA_3h_140726,2,1376,39.29089410358224,-41.94494234366259,81.23583644724482,0.9367254288172517
HTDPA_3h_140726,2,1377,39.29089410358224,-41.83030794754064,81.12120205112288,0.9392924898582369
HTDPA_3h_140726,2,1378,39.21675211728034,-41.8139122478589,81.03066436513924,0.9378876553051658
HTDPA_3h_140726,2,1379,39.21675211728034,-41.81562860209556,81.03238071937591,0.9378491589939898
HTDPA_3h_140726,2,1380,39.351124587123856,-41.81562860209556,81.1667531892194,0.9410626099054219
HTDPA_3h_140726,2,1381,39.351124587123856,-42.032882914682865,81.38400750180672,0.9361985630868488
HTDPA_3h_140726,2,1382,39.3161425777478,-42.04083234483159,81.35697492257938,0.9351894428555775
HTDPA_3h_140726,2,1383,39.3161425777478,-41.873058718198415,81.18920129594622,0.938936485207388
HTDPA_3h_140726,3,1,41.050985305172574,-46.73352643118792,87.78451173636049,0.8784054711903131
HTDPA_3h_140726,3,2,41.0978566318613,-46.73352643118792,87.83138306304922,0.8794084198284334
HTDPA_3h_140726,3,3,41.11121580167946,-46.54990097457851,87.66111677625797,0.8831644093965056
HTDPA_3h_140726,3,4,49.869714796666294,-46.54943202082252,96.41914681748881,1.071328105020885
HTDPA_3h_140726,3,5,49.38657819566851,-46.750264472940266,96.13684266860878,1.0563914183684284
HTDPA_3h_140726,3,6,41.16872877129262,-46.76436915898591,87.93309793027854,0.8803439351727453
HTDPA_3h_140726,3,7,41.16872877129262,-46.571917752199624,87.74064652349225,0.8839818233456403
HTDPA_3h_140726,3,8,40.95809037589251,-46.571917752199624,87.53000812809213,0.8794589605225787
HTDPA_3h_140726,3,9,40.95809037589251,-46.46180380295592,87.41989417884844,0.8815432683069171
HTDPA_3h_140726,3,10,40.92484876926579,-46.45963338877755,87.38448215804334,0.8808689562141767
HTDPA_3h_140726,3,11,40.92484876926579,-46.50578324814935,87.43063201741515,0.8799948288344194
HTDPA_3h_140726,3,12,41.22428175469485,-46.510743335953116,87.73502509064797,0.8863389143649356
HTDPA_3h_140726,3,13,41.222454037492,-46.52204031169043,87.74449434918243,0.8860843970150056
HTDPA_3h_140726,3,14,40.9616436024283,-46.52204031169043,87.48368391411873,0.8804782276957688
HTDPA_3h_140726,3,15,40.97131727670257,-46.612921144710796,87.58423842141337,0.8789690984932322
HTDPA_3h_140726,3,16,41.14128295211176,-46.612921144710796,87.75420409682255,0.8826154195397404
HTDPA_3h_140726,3,17,41.14128295211176,-46.82620492027291,87.96748787238467,0.8785952870227174
HTDPA_3h_140726,3,18,41.37275371628769,-46.82620492027291,88.1989586365606,0.8835384756618574
HTDPA_3h_140726,3,19,41.37275371628769,-46.71080021070518,88.08355392699286,0.8857213648591249
HTDPA_3h_140726,3,20,41.13169344902446,-46.71080021070518,87.84249365972964,0.8805606682712728
HTDPA_3h_140726,3,21,41.13169344902446,-46.54711731318077,87.67881076220523,0.8836571590949452
HTDPA_3h_140726,3,22,41.073711525655305,-46.54678664066052,87.62049816631583,0.8824177669393775
HTDPA_3h_140726,3,23,41.073711525655305,-46.829192997410445,87.90290452306576,0.8770962917923142
HTDPA_3h_140726,3,24,41.06985768773746,-46.83513307831969,87.90499076605715,0.8769027648337991
HTDPA_3h_140726,3,25,41.068156227315086,-46.83053973640202,87.8986959637171,0.8769524429673026
HTDPA_3h_140726,3,26,46.670446138779226,-46.83053973640202,93.50098587518124,0.9965814274504646
HTDPA_3h_140726,3,27,47.34620850116489,-46.57716041470251,93.9233689158674,1.0165112703225168
HTDPA_3h_140726,3,28,41.345969242147355,-46.57456313236164,87.920532374509,0.8877371350675907
HTDPA_3h_140726,3,29,41.33245375441052,-46.78304313803865,88.11549689244917,0.8834922010621338
HTDPA_3h_140726,3,30,41.11119175276888,-46.78950027052501,87.90069202329389,0.8786413942246531
HTDPA_3h_140726,3,31,41.11119175276888,-46.71774433363046,87.82893608639935,0.8799909400414775
HTDPA_3h_140726,3,32,40.98520552255312,-46.71774433363046,87.70294985618358,0.8772941867625512
HTDPA_3h_140726,3,33,40.980065067920115,-46.68574124589777,87.66580631381788,0.8777854645613234
HTDPA_3h_140726,3,34,41.031890470184976,-46.68574124589777,87.71763171608275,0.878895555156049
HTDPA_3h_140726,3,35,41.034806400590824,-46.57522447740214,87.61003087799295,0.8810436634717784
HTDPA_3h_140726,3,36,41.1640993560091,-46.57522447740214,87.73932383341125,0.8838196663116791
HTDPA_3h_140726,3,37,41.1640993560091,-46.6542552097422,87.8183545657513,0.8823225056524606
HTDPA_3h_140726,3,38,41.179310291940666,-46.6542552097422,87.83356550168287,0.8826485409918563
HTDPA_3h_140726,3,39,41.179310291940666,-46.74981956809484,87.92912986003552,0.8808442614833992
HTDPA_3h_140726,3,40,41.130370758943464,-46.74981956809484,87.8801903270383,0.8797974225126964
HTDPA_3h_140726,3,41,41.12693176473285,-46.542746423685806,87.66967818841866,0.883637836717843
HTDPA_3h_140726,3,42,41.08131098139345,-46.542746423685806,87.62405740507926,0.8826576456710125
HTDPA_3h_140726,3,43,41.086060641229786,-46.60895307446777,87.69501371569756,0.8815057608263807
HTDPA_3h_140726,3,44,41.28016541061732,-46.60895307446777,87.88911848508509,0.8856702991089165
HTDPA_3h_140726,3,45,41.27625145042307,-46.69778975009021,87.97404120051328,0.8839016080058335
HTDPA_3h_140726,3,46,40.843677683885545,-46.70848550306343,87.55216318694897,0.874438065032247
HTDPA_3h_140726,3,47,40.843677683885545,-46.470401288482456,87.31407897236801,0.8789181188759935
HTDPA_3h_140726,3,48,41.13001002528501,-46.46571776315017,87.59572778843517,0.8851689375581612
HTDPA_3h_140726,3,49,41.132354794064966,-46.53157570472896,87.66393049879392,0.8839665145894624
HTDPA_3h_140726,3,50,41.281818773218575,-46.53157570472896,87.81339447794753,0.8871786125442372
HTDPA_3h_140726,3,51,41.281818773218575,-46.52198620164167,87.80380497486024,0.8873614852618185
HTDPA_3h_140726,3,52,41.211385526405046,-46.52198620164167,87.7333717280467,0.8858475076231973
HTDPA_3h_140726,3,53,41.206413414146,-46.58516870192023,87.79158211606622,0.8845393193230505
HTDPA_3h_140726,3,54,41.12808611243991,-46.58516870192023,87.71325481436014,0.8828579408094881
HTDPA_3h_140726,3,55,41.12904806886245,-46.534882429931464,87.66393049879392,0.8838326416917741
HTDPA_3h_140726,3,56,41.04902531896163,-46.534882429931464,87.5839077488931,0.8821130123358536
HTDPA_3h_140726,3,57,41.04902531896163,-46.850013341731,87.89903866069264,0.8761795865359505
HTDPA_3h_140726,3,58,41.05299338920465,-46.850013341731,87.90300673093566,0.8762642838489283
HTDPA_3h_140726,3,59,41.044636392783744,-46.77712710603996,87.82176349882371,0.877450987952699
HTDPA_3h_140726,3,60,40.89625461460551,-46.78387883768073,87.68013345228624,0.8741527130851493
HTDPA_3h_140726,3,61,40.89625461460551,-46.665828747951,87.5620833625565,0.8763640486380773
HTDPA_3h_140726,3,62,41.28005117829215,-46.66238975374039,87.94244093203254,0.8846536021011053
HTDPA_3h_140726,3,63,41.30364315955517,-46.54149588033649,87.84513903989166,0.8874584363543355
HTDPA_3h_140726,3,64,41.106231664965115,-46.54149588033649,87.6477275453016,0.8832168130275386
HTDPA_3h_140726,3,65,41.106231664965115,-47.001792028526374,88.10802369349149,0.8745673279864921
HTDPA_3h_140726,3,66,41.077132483183,-47.001792028526374,88.07892451170937,0.873948220064725
HTDPA_3h_140726,3,67,41.07527470484195,-46.70235904309732,87.77763374793926,0.8795117751319019
HTDPA_3h_140726,3,68,40.781841922598545,-46.70848550306343,87.49032742566197,0.8731141993444387
HTDPA_3h_140726,3,69,40.781841922598545,-46.41385628751947,87.19569821011802,0.8786566164631454
HTDPA_3h_140726,3,70,40.82244850808541,-46.41309874683671,87.23554725492212,0.8795458525782588
HTDPA_3h_140726,3,71,40.823837332670465,-46.63110813332462,87.45494546599508,0.8754635900126931
HTDPA_3h_140726,3,72,40.98851224775563,-46.63110813332462,87.61962038108024,0.8789950290386399
HTDPA_3h_140726,3,73,40.98851224775563,-46.53752781009347,87.5260400578491,0.880762562528422
HTDPA_3h_140726,3,74,41.57545597120177,-46.53752781009347,88.11298378129524,0.89337482946794
HTDPA_3h_140726,3,75,41.537518814787475,-46.49808759676896,88.03560641155644,0.8933167139044621
HTDPA_3h_140726,3,76,40.896471054800585,-46.49808759676896,87.39455865156955,0.8795301735730392
HTDPA_3h_140726,3,77,40.90352941005104,-46.43105125857255,87.3345806686236,0.8809520418191917
HTDPA_3h_140726,3,78,40.86748610534364,-46.43105125857255,87.29853736391618,0.880175765949264
HTDPA_3h_140726,3,79,40.86748610534364,-46.64466570665491,87.51215181199855,0.8761449028782078
HTDPA_3h_140726,3,80,40.82053060746795,-46.64466570665491,87.46519631412286,0.875138239047214
HTDPA_3h_140726,3,81,40.81427187849374,-46.60748609092339,87.42175796941713,0.8757020663777476
HTDPA_3h_140726,3,82,40.681642136734744,-46.60748609092339,87.28912822765813,0.8728563917258203
HTDPA_3h_140726,3,83,40.6849548741649,-46.527938307006195,87.2128931811711,0.8744198938219135
HTDPA_3h_140726,3,84,40.91444160321933,-46.527938307006195,87.44237991022553,0.8793521288919526
HTDPA_3h_140726,3,85,40.91444160321933,-46.595395501137475,87.5098371043568,0.8780790711867772
HTDPA_3h_140726,3,86,40.96701853393929,-46.595395501137475,87.56241403507676,0.8792074429959332
HTDPA_3h_140726,3,87,40.96701853393929,-46.52562359936443,87.49264213330372,0.8805259417199713
HTDPA_3h_140726,3,88,40.80565034405664,-46.52562359936443,87.33127394342107,0.8770575692963752
HTDPA_3h_140726,3,89,40.80565034405664,-46.38839450346013,87.19404484751676,0.8796521367216735
HTDPA_3h_140726,3,90,40.97224917198692,-46.38361478248558,87.3558639544725,0.8833345431166786
HTDPA_3h_140726,3,91,40.97224917198692,-46.46934914864529,87.44159832063221,0.8817048209762018
HTDPA_3h_140726,3,92,41.12607201618019,-46.47271599612422,87.59878801230441,0.8849509036573214
HTDPA_3h_140726,3,93,41.12607201618019,-47.16382156344953,88.28989357962972,0.8719834536913691
HTDPA_3h_140726,3,94,40.85062180681082,-47.16382156344953,88.01444337026035,0.866143167636542
HTDPA_3h_140726,3,95,40.85062180681082,-46.62813208064235,87.47875388745317,0.8760938940500672
HTDPA_3h_140726,3,96,40.93653653979977,-46.61893337235172,87.5554699121515,0.87810967730287
HTDPA_3h_140726,3,97,40.93653653979977,-46.6415633971922,87.57809993699198,0.8776836271801328
HTDPA_3h_140726,3,98,41.03480640059083,-46.6535938647017,87.68840026529253,0.879563673478067
HTDPA_3h_140726,3,99,41.03480640059083,-46.44196345174085,87.47676985233167,0.8835717388053856
HTDPA_3h_140726,3,100,40.93725800711668,-46.44196345174085,87.37922145885753,0.8814713023418086
HTDPA_3h_140726,3,101,40.93725800711668,-46.39137055614239,87.32862856325907,0.8824326058135059
HTDPA_3h_140726,3,102,41.060929529690675,-46.39137055614239,87.45230008583306,0.885098436141246
HTDPA_3h_140726,3,103,41.04961451727044,-46.46865173023894,87.51826624750939,0.8833829471871223
HTDPA_3h_140726,3,104,40.80813940629999,-46.46865173023894,87.27679113653893,0.8781864307834989
HTDPA_3h_140726,3,105,40.81226379446168,-46.39963736914867,87.21190116361035,0.8795815249538553
HTDPA_3h_140726,3,106,41.0900287114728,-46.39963736914867,87.48966608062148,0.885567884605791
HTDPA_3h_140726,3,107,41.0900287114728,-46.41220292491822,87.50223163639102,0.8853281275604351
HTDPA_3h_140726,3,108,40.825490695271725,-46.41220292491822,87.23769362018994,0.8796283762120878
HTDPA_3h_140726,3,109,40.81727799231422,-46.48009901166728,87.2973770039815,0.8781667608338872
HTDPA_3h_140726,3,110,40.82912809299449,-46.48561222441402,87.3147403174085,0.8783175296452528
HTDPA_3h_140726,3,111,40.82912809299449,-47.38272677185592,88.21185486485041,0.8616880216620607
HTDPA_3h_140726,3,112,41.30501394745731,-47.324913190860705,88.62992713831801,0.8727964017783778
HTDPA_3h_140726,3,113,41.333734358898035,-46.319614619247844,87.65334897814589,0.8923592024386585
HTDPA_3h_140726,3,114,40.87674493591069,-46.319614619247844,87.19635955515854,0.882493200168479
HTDPA_3h_140726,3,115,40.87674493591069,-46.38409576069685,87.26084069660754,0.8812663967149541
HTDPA_3h_140726,3,116,41.35026798491061,-46.38409576069685,87.73436374560745,0.8914751340253223
HTDPA_3h_140726,3,117,41.329664080785136,-46.887559703348636,88.21722378413378,0.8814633208098787
HTDPA_3h_140726,3,118,40.84171168544696,-46.887559703348636,87.7292713887956,0.8710564581276365
HTDPA_3h_140726,3,119,40.84599239152731,-46.41121090735746,87.25720329888478,0.8800889180215743
HTDPA_3h_140726,3,120,40.92303908874587,-46.41121090735746,87.33424999610332,0.8817490060846147
HTDPA_3h_140726,3,121,40.92303908874587,-46.41484830508023,87.3378873938261,0.8816799059594628
HTDPA_3h_140726,3,122,40.8201999349477,-46.41484830508023,87.23504824002794,0.8794642539094505
HTDPA_3h_140726,3,123,40.817085601029696,-46.39063706437019,87.20772266539988,0.8798561128702154
HTDPA_3h_140726,3,124,40.72981210459391,-46.39063706437019,87.1204491689641,0.8779748389330913
HTDPA_3h_140726,3,125,40.73819314992537,-46.25645616787984,86.99464931780521,0.8807028580415481
HTDPA_3h_140726,3,126,41.0037231836872,-46.25645616787984,87.26017935156705,0.8864432466436956
HTDPA_3h_140726,3,127,41.0037231836872,-46.30407301079603,87.30779619448323,0.8855316717846176
HTDPA_3h_140726,3,128,40.81457850210342,-46.30407301079603,87.11865151289945,0.8814468328215381
HTDPA_3h_140726,3,129,40.81457850210342,-46.482636171731755,87.29721467383519,0.8780607526499252
HTDPA_3h_140726,3,130,40.731910372040595,-46.482636171731755,87.21454654377234,0.8762822792914563
HTDPA_3h_140726,3,131,40.72832107213895,-46.2965336773343,87.02485474947325,0.8797272244180686
HTDPA_3h_140726,3,132,40.824612910036144,-46.2965336773343,87.12114658737045,0.8818071174521412
HTDPA_3h_140726,3,133,40.83541087087926,-46.411210907357464,87.24662177823672,0.8798609230944611
HTDPA_3h_140726,3,134,40.83904826860203,-46.411210907357464,87.25025917595948,0.8799392963506563
HTDPA_3h_140726,3,135,40.83904826860203,-46.369215497285545,87.20826376588758,0.8807362348192573
HTDPA_3h_140726,3,136,40.776220489754266,-46.369215497285545,87.1454359870398,0.8793812889101241
HTDPA_3h_140726,3,137,40.77442283368963,-46.45294779164083,87.22737062533045,0.8777574895048308
HTDPA_3h_140726,3,138,40.71858126336064,-46.45294779164083,87.17152905500147,0.8765553791332897
HTDPA_3h_140726,3,139,40.731675895162596,-46.33614223303277,87.06781812819537,0.8790476274506345
HTDPA_3h_140726,3,140,40.93163657427242,-46.33251084753765,87.26414742181007,0.8834322989522969
HTDPA_3h_140726,3,141,40.92328559007915,-47.88270362247595,88.8059892125551,0.8546569532232914
HTDPA_3h_140726,3,142,40.91278824061806,-47.95412888685025,88.86691712746831,0.8531650806785268
HTDPA_3h_140726,3,143,40.91278824061806,-46.41617099516123,87.3289592357793,0.8814339348431631
HTDPA_3h_140726,3,144,40.63138592588417,-46.41617099516123,87.0475569210454,0.8753713426753768
HTDPA_3h_140726,3,145,40.63138592588417,-46.18767628366756,86.81906220955173,0.8797018857658325
HTDPA_3h_140726,3,146,40.8337995938715,-46.18242159670938,87.01622119058088,0.8841848950766369
HTDPA_3h_140726,3,147,40.8337995938715,-46.22787403767484,87.06167363154634,0.8833155416273897
HTDPA_3h_140726,3,148,40.78514864780106,-46.23066371130023,87.01581235910129,0.882209887846189
HTDPA_3h_140726,3,149,40.78514864780106,-46.207847307402886,86.99299595520395,0.8826455034027724
HTDPA_3h_140726,3,150,40.63336996100569,-46.207847307402886,86.84121726840857,0.8793608083641646
HTDPA_3h_140726,3,151,40.62758018578747,-46.14870502409903,86.77628520988651,0.8803623019231329
HTDPA_3h_140726,3,152,40.78048315915169,-46.14870502409903,86.92918818325072,0.8836755687479414
HTDPA_3h_140726,3,153,40.78250326763904,-46.245874647231794,87.02837791487084,0.8818625137643541
HTDPA_3h_140726,3,154,40.728603646838074,-46.245874647231794,86.97447829406987,0.8806970125988529
HTDPA_3h_140726,3,155,40.728603646838074,-46.215783447888924,86.944387094727,0.8812704363815886
HTDPA_3h_140726,3,156,40.6836321840839,-46.215783447888924,86.89941563197283,0.8802973605317573
HTDPA_3h_140726,3,157,40.676303278589586,-46.21926452769302,86.8955678062826,0.8800724912924073
HTDPA_3h_140726,3,158,40.55403861728357,-46.21926452769302,86.77330314497658,0.877427173099757
HTDPA_3h_140726,3,159,40.55668399744558,-46.219324649969415,86.776008647415,0.8774832671094085
HTDPA_3h_140726,3,160,40.67867209628013,-46.215122102848404,86.89379419912854,0.8802026316354351
HTDPA_3h_140726,3,161,40.66704444802256,-46.28722674894613,86.95427119696869,0.8785802759062135
HTDPA_3h_140726,3,162,40.654533002301775,-46.293822162668235,86.94835516497001,0.8781848441774585
HTDPA_3h_140726,3,163,40.648190102140596,-46.37620771803196,87.02439782017255,0.8764880118978724
HTDPA_3h_140726,3,164,40.6224577678374,-46.37979701793358,87.00225478577099,0.8758653633634921
HTDPA_3h_140726,3,165,40.627880797169524,-46.24245970193174,86.87034049910127,0.8785839044689123
HTDPA_3h_140726,3,166,40.71660925269442,-46.22883599409739,86.9454452467918,0.8807621558521009
HTDPA_3h_140726,3,167,40.71660925269442,-46.245838573865946,86.96244782656036,0.8804383379849412
HTDPA_3h_140726,3,168,40.595011948656534,-46.250173389995055,86.84518533865159,0.8777266975054875
HTDPA_3h_140726,3,169,40.595011948656534,-46.48891894961653,87.08393089827307,0.8732190996450646
HTDPA_3h_140726,3,170,45.57593212120256,-46.48891894961653,92.06485107081909,0.9803611946880623
HTDPA_3h_140726,3,171,45.57593212120256,-47.80598759777764,93.3819197189802,0.9533519630357193
HTDPA_3h_140726,3,172,44.80550122238278,-47.71787238947213,92.52337361185491,0.9389668687799271
HTDPA_3h_140726,3,173,44.80550122238278,-46.071339678815484,90.87684090119826,0.9725243835916766
HTDPA_3h_140726,3,174,40.410166009836026,-46.072602246620086,86.48276825645611,0.8770975382186176
HTDPA_3h_140726,3,175,40.410166009836026,-46.21512210284842,86.62528811268444,0.8743927132748047
HTDPA_3h_140726,3,176,40.69090697952942,-46.21512210284842,86.90602908237784,0.8804673692947245
HTDPA_3h_140726,3,177,40.69027569562713,-46.229461265772045,86.91973696139917,0.8801806160296727
HTDPA_3h_140726,3,178,40.4865513620141,-46.23463178154326,86.72118314355735,0.8756758689743955
HTDPA_3h_140726,3,179,40.4865513620141,-46.02167867850137,86.50823004051546,0.8797278266367768
HTDPA_3h_140726,3,180,40.59386361317712,-46.01742202133159,86.6112856345087,0.882141194140768
HTDPA_3h_140726,3,181,40.600633381500806,-46.14468885603488,86.74532223753569,0.8798549603003983
HTDPA_3h_140726,3,182,40.61782835255388,-46.14468885603488,86.76251720858876,0.880227591939691
HTDPA_3h_140726,3,183,40.61782835255388,-46.27728853665567,86.89511688920955,0.8777054498424427
HTDPA_3h_140726,3,184,40.670074610753595,-46.27728853665567,86.94736314740926,0.8788344325432838
HTDPA_3h_140726,3,185,40.660839829097114,-46.24285650895604,86.90369633805315,0.8792891031985052
HTDPA_3h_140726,3,186,40.39627776398547,-46.24285650895604,86.6391342729415,0.8735679586783694
HTDPA_3h_140726,3,187,40.40024583422849,-46.00358187330217,86.40382770753067,0.8781978313230968
HTDPA_3h_140726,3,188,40.46175092299524,-45.99985429216479,86.46160521516003,0.8796060671411113
HTDPA_3h_140726,3,189,40.45125357353416,-47.08009528132189,87.53134885485605,0.8592007584483884
HTDPA_3h_140726,3,190,40.55004048590235,-47.129762293863635,87.67980277976599,0.8603913644432284
HTDPA_3h_140726,3,191,40.55004048590235,-46.223719588374955,86.7737600742773,0.8772561110832909
HTDPA_3h_140726,3,192,40.63766870376896,-46.223719588374955,86.86138829214391,0.8791518524612446
HTDPA_3h_140726,3,193,40.63741619020805,-46.244395639232124,86.88181182944018,0.8787533198019067
HTDPA_3h_140726,3,194,40.56074826333085,-46.244395639232124,86.80514390256297,0.8770954340015319
HTDPA_3h_140726,3,195,40.561283351590895,-46.291507455026476,86.85279080661738,0.876214355106006
HTDPA_3h_140726,3,196,40.67139730083459,-46.291507455026476,86.96290475586108,0.878593062460712
HTDPA_3h_140726,3,197,40.67139730083459,-46.3946772813449,87.06607458217948,0.8766392975253734
HTDPA_3h_140726,3,198,40.86649408778288,-46.3946772813449,87.26117136912778,0.8808444520469836
HTDPA_3h_140726,3,199,40.854361412403485,-46.34787810138787,87.20223951379135,0.8814720993921858
HTDPA_3h_140726,3,200,40.560195138387876,-46.34787810138787,86.90807323977575,0.8751251794021896
HTDPA_3h_140726,3,201,40.564259404273166,-46.145019528555125,86.70927893282828,0.8790604017226926
HTDPA_3h_140726,3,202,40.69553639481294,-46.145019528555125,86.84055592336807,0.8819052805824478
HTDPA_3h_140726,3,203,40.69553639481294,-46.266045670967124,86.96158206578006,0.8795983275560161
HTDPA_3h_140726,3,204,40.806311689097136,-46.266045670967124,87.07235736006426,0.8819926383875922
HTDPA_3h_140726,3,205,40.806311689097136,-46.18866830122832,86.99497999032545,0.8834701927964429
HTDPA_3h_140726,3,206,40.558968643949136,-46.18866830122832,86.74763694517745,0.8781151337690879
HTDPA_3h_140726,3,207,40.55459174222653,-46.26938245730785,86.82397419953438,0.8764887186390636
HTDPA_3h_140726,3,208,40.37913089075354,-46.26938245730785,86.64851334806139,0.8726965597176671
HTDPA_3h_140726,3,209,40.38139750057416,-46.26306961828487,86.64446711885903,0.8728646376853028
HTDPA_3h_140726,3,210,40.49680221014189,-46.26306961828487,86.75987182842675,0.8753591697282461
HTDPA_3h_140726,3,211,40.49680221014189,-46.14039011327162,86.6371923234135,0.8776866019278317
HTDPA_3h_140726,3,212,40.60757750442609,-46.14039011327162,86.74796761769771,0.8800874332604722
HTDPA_3h_140726,3,213,40.60757750442609,-46.2111540326054,86.81873153703148,0.8787397405348161
HTDPA_3h_140726,3,214,40.24871364876639,-46.19968871449414,86.44840236326053,0.8711901480006994
HTDPA_3h_140726,3,215,40.25210454515588,-46.066980813775814,86.31908535893169,0.8737734454071047
HTDPA_3h_140726,3,216,42.36675531216326,-46.066980813775814,88.43373612593908,0.9196772734777087
HTDPA_3h_140726,3,217,42.27315094002155,-46.026873243183154,88.3000241832047,0.9184449857515022
HTDPA_3h_140726,3,218,40.50539969566842,-46.02862280142666,86.53402249709508,0.88000459780024
HTDPA_3h_140726,3,219,40.50539969566842,-46.13377666286659,86.63917635853501,0.8779987814930295
HTDPA_3h_140726,3,220,40.579139667684466,-46.13377666286659,86.71291633055105,0.8795971759309034
HTDPA_3h_140726,3,221,40.579139667684466,-46.12385648725905,86.70299615494352,0.879786356955945
HTDPA_3h_140726,3,222,40.33305317811342,-46.11763383165068,86.4506870097641,0.8745690059760333
HTDPA_3h_140726,3,223,40.33305317811342,-46.01835992884358,86.351413106957,0.8764556850891441
HTDPA_3h_140726,3,224,40.57120352719844,-46.02432405866339,86.59552758586183,0.8815165536268538
HTDPA_3h_140726,3,225,40.567722447394345,-46.09990978456521,86.66763223195956,0.8799957014444504
HTDPA_3h_140726,3,226,40.363871857000845,-46.102693445962956,86.4665653029638,0.8755209043114023
HTDPA_3h_140726,3,227,40.36654128607343,-46.024167740744716,86.39070902681814,0.8770727047897783
HTDPA_3h_140726,3,228,40.284594623327486,-46.01609933125059,86.30069395457807,0.8754456637737935
HTDPA_3h_140726,3,229,40.284594623327486,-45.92538684060419,86.20998146393168,0.8771748567550554
HTDPA_3h_140726,3,230,40.35362100887305,-45.92942104535125,86.2830420542243,0.8786006897197204
HTDPA_3h_140726,3,231,40.35362100887305,-46.110298913928744,86.4639199228018,0.8751541837583544
HTDPA_3h_140726,3,232,40.53449887745053,-46.110298913928744,86.64479779137928,0.8790769054243995
HTDPA_3h_140726,3,233,40.52712788636275,-46.07131562990493,86.59844351626768,0.8796607462205085
HTDPA_3h_140726,3,234,40.354282353913554,-46.07690098938335,86.43118334329691,0.8758028749201612
HTDPA_3h_140726,3,235,40.354282353913554,-45.86130250617946,86.21558486009302,0.8799201101729747
HTDPA_3h_140726,3,236,40.40243428508979,-45.85785749974121,86.260291784831,0.8810362386711545
HTDPA_3h_140726,3,237,40.40553659455251,-46.08020771458587,86.48574430913837,0.8768523103198351
HTDPA_3h_140726,3,238,40.61749768003362,-46.08020771458587,86.69770539461949,0.8814521395305447
HTDPA_3h_140726,3,239,40.61749768003362,-46.04680979004049,86.6643074700741,0.882091460086749
HTDPA_3h_140726,3,240,40.35758907911606,-46.04680979004049,86.40439886915655,0.8764470169189668
HTDPA_3h_140726,3,241,40.3542162194095,-46.0510423982997,86.4052586177092,0.8762932198229559
HTDPA_3h_140726,3,242,40.26795277721738,-46.0510423982997,86.31899517551707,0.874420006151786
HTDPA_3h_140726,3,243,40.27194489637097,-46.048463152641745,86.32040804901271,0.874555677632004
HTDPA_3h_140726,3,244,40.484897999412844,-46.048463152641745,86.5333611520546,0.879180220742943
HTDPA_3h_140726,3,245,40.484897999412844,-46.029284146467155,86.51418214588,0.8795465484665841
HTDPA_3h_140726,3,246,40.42372358316633,-46.029284146467155,86.45300772963348,0.8782175159304304
HTDPA_3h_140726,3,247,40.42372358316633,-46.08417578482888,86.50789936799521,0.8771714562479818
HTDPA_3h_140726,3,248,40.29755698612135,-46.076149460928235,86.37370644704959,0.8745860376265375
HTDPA_3h_140726,3,249,40.29755698612135,-45.945058849445324,86.24261583556668,0.8770814097370091
HTDPA_3h_140726,3,250,40.50374633306716,-45.9528987942891,86.45664512735627,0.881418743883484
HTDPA_3h_140726,3,251,40.50374633306716,-45.99687823948253,86.5006245725497,0.8805759843566905
HTDPA_3h_140726,3,252,40.47266311616353,-45.99687823948253,86.46954135564606,0.8799002163895299
HTDPA_3h_140726,3,253,40.47266311616353,-45.94033323851955,86.41299635468309,0.8809832289642264
HTDPA_3h_140726,3,254,40.517388077584435,-45.93714675786986,86.4545348354543,0.88201795142279
HTDPA_3h_140726,3,255,40.53449887745054,-45.867915956584504,86.40241483403504,0.8837222714853183
HTDPA_3h_140726,3,256,40.389994986100696,-45.867915956584504,86.2579109426852,0.8805718364080714
HTDPA_3h_140726,3,257,40.38762015618253,-46.24256792202928,86.6301880782118,0.8733861887661836
HTDPA_3h_140726,3,258,40.46803370088002,-46.24951204495456,86.71754574583457,0.8749937439673973
HTDPA_3h_140726,3,259,40.462724903873074,-46.029566721166276,86.49229162503934,0.8790594347538505
HTDPA_3h_140726,3,260,40.31809475574277,-46.029566721166276,86.34766147690905,0.8759173207077542
HTDPA_3h_140726,3,261,40.331718463577126,-45.847227881272055,86.17894634484918,0.8796980826849962
HTDPA_3h_140726,3,262,39.981945096110536,-45.84476888016691,85.82671397627745,0.8721157521945166
HTDPA_3h_140726,3,263,39.969361503658064,-45.88907298565295,85.85843448931101,0.8709995409180381
HTDPA_3h_140726,3,264,40.269630188729224,-45.89304706812361,86.16267725685283,0.8774669097249745
HTDPA_3h_140726,3,265,40.263359435299726,-45.948113061086914,86.21147249638665,0.8762788448302666
HTDPA_3h_140726,3,266,40.46009756039398,-45.949261396566335,86.40935895696032,0.880538583878466
HTDPA_3h_140726,3,267,40.46009756039398,-45.72771080799793,86.18780836839191,0.8848047900381092
HTDPA_3h_140726,3,268,40.33543402025923,-45.7239772146329,86.05941123489214,0.8821506018805119
HTDPA_3h_140726,3,269,40.34700755846803,-45.994232859320526,86.34124041778855,0.8772188391939205
HTDPA_3h_140726,3,270,40.51664256135696,-45.994232859320526,86.51087542067748,0.8809070190448115
HTDPA_3h_140726,3,271,40.51373264317875,-45.95573656573561,86.46946920891436,0.8815816189830281
HTDPA_3h_140726,3,272,40.04213350702392,-45.95573656573561,85.99787007275953,0.8713195892257584
HTDPA_3h_140726,3,273,40.04708758260005,-45.84311551756566,85.8902031001657,0.8735681929657518
HTDPA_3h_140726,3,274,40.27260624141147,-45.84311551756566,86.11572175897712,0.8784875501312789
HTDPA_3h_140726,3,275,40.27260624141147,-46.782225475079485,87.05483171649095,0.8608527241369558
HTDPA_3h_140726,3,276,40.328159224813696,-46.782225475079485,87.11038469989319,0.86204020469903
HTDPA_3h_140726,3,277,40.328159224813696,-45.925783647628485,86.25394287244218,0.878115864809988
HTDPA_3h_140726,3,278,40.424384928206834,-45.925783647628485,86.35016857583531,0.8802111083910544
HTDPA_3h_140726,3,279,40.424384928206834,-46.261746928203856,86.6861318564107,0.8738188160283626
HTDPA_3h_140726,3,280,40.18214626432598,-46.23345338492562,86.41559964925159,0.8691141007742099
HTDPA_3h_140726,3,281,40.18214626432598,-45.87050722669775,86.05265349102373,0.8759908859464061
HTDPA_3h_140726,3,282,40.27822767425574,-45.87849747723255,86.15672515148829,0.8779325803824335
HTDPA_3h_140726,3,283,40.27822767425574,-45.98265932111172,86.26088699536746,0.8759438507673056
HTDPA_3h_140726,3,284,40.26533144596594,-45.98265932111172,86.24799076707765,0.875663392253592
HTDPA_3h_140726,3,285,40.26533144596594,-45.92644499266899,86.19177643863493,0.876735211105351
HTDPA_3h_140726,3,286,41.71257083478091,-45.92209213985695,87.63466297463786,0.9083334162508139
HTDPA_3h_140726,3,287,41.71257083478091,-45.84078277324097,87.55335360802188,0.9099445583448926
HTDPA_3h_140726,3,288,40.01501234813568,-45.84311551756566,85.85812786570133,0.8728685189993941
HTDPA_3h_140726,3,289,40.01501234813568,-45.89999119104888,85.91500353918457,0.8717869287072793
HTDPA_3h_140726,3,290,40.21077048012447,-45.89999119104888,86.11076167117335,0.876051812575644
HTDPA_3h_140726,3,291,40.20855196812497,-45.80093372843686,86.00948569656182,0.8778980840550049
HTDPA_3h_140726,3,292,40.202563789394596,-45.80093372843686,86.00349751783145,0.8777673404599969
HTDPA_3h_140726,3,293,40.208125099962466,-45.81930709610756,86.02743219607002,0.8775367339280045
HTDPA_3h_140726,3,294,40.38470422577667,-45.81930709610756,86.20401132188422,0.8813905487716865
HTDPA_3h_140726,3,295,40.38470422577667,-45.89007101544135,86.27477524121802,0.8800314170833992
HTDPA_3h_140726,3,296,40.19093012890938,-45.89007101544135,86.08100114435072,0.8758088457824724
HTDPA_3h_140726,3,297,40.19093012890938,-45.859649143578224,86.0505792724876,0.8763898302640494
HTDPA_3h_140726,3,298,40.04903554435571,-45.85533236413203,85.90436790848774,0.8733779362088323
HTDPA_3h_140726,3,299,40.04903554435571,-46.39422035204419,86.4432558963999,0.8632332915707915
HTDPA_3h_140726,3,300,40.23854697182557,-46.42377646312702,86.66232343495258,0.8667659125876115
HTDPA_3h_140726,3,301,40.23854697182557,-45.973400490544684,86.21194746237026,0.8752571387470327
HTDPA_3h_140726,3,302,40.740177185046875,-45.973400490544684,86.71357767559155,0.8861684528519024
HTDPA_3h_140726,3,303,40.72146713262829,-45.89186265927834,86.61332979190664,0.8873352436130699
HTDPA_3h_140726,3,304,40.16225781528977,-45.89186265927834,86.05412047456811,0.8751498738125382
HTDPA_3h_140726,3,305,40.16447632728928,-45.859979816098466,86.02445614338774,0.8758066725792613
HTDPA_3h_140726,3,306,40.56756612947567,-45.859979816098466,86.42754594557414,0.8845962491077031
HTDPA_3h_140726,3,307,40.56756612947567,-46.01804128077861,86.58560741025428,0.8815578629684189
HTDPA_3h_140726,3,308,40.40851264723478,-46.01804128077861,86.42655392801339,0.8781015341501097
HTDPA_3h_140726,3,309,40.40851264723478,-45.939341220958795,86.34785386819357,0.8796058361585581
HTDPA_3h_140726,3,310,40.31691635912516,-45.939341220958795,86.25625758008395,0.8776119832717904
HTDPA_3h_140726,3,311,40.31443932133709,-45.95980083162089,86.27424015295799,0.8771674069919005
HTDPA_3h_140726,3,312,42.77007357899999,-45.95980083162089,88.72987441062088,0.9305974526672377
HTDPA_3h_140726,3,313,42.912695643098225,-45.824267183911324,88.73696282700955,0.9364622345377006
HTDPA_3h_140726,3,314,40.231933521420565,-45.824267183911324,86.05620070533189,0.8779613072687783
HTDPA_3h_140726,3,315,40.231933521420565,-45.93834920339803,86.1702827248186,0.8757810025625525
HTDPA_3h_140726,3,316,40.076517436902414,-45.93834920339803,86.01486664030045,0.8723978578215427
HTDPA_3h_140726,3,317,40.076517436902414,-45.83319534195812,85.90971277886052,0.8743993766503612
HTDPA_3h_140726,3,318,40.15542792468968,-45.830561986251396,85.98598991094107,0.8761714058129119
HTDPA_3h_140726,3,319,40.15542792468968,-45.92290980281612,86.07833772750581,0.8744094853115609
HTDPA_3h_140726,3,320,40.421739548044826,-45.92743701022974,86.34917655827456,0.8801218221483035
HTDPA_3h_140726,3,321,40.421739548044826,-45.92280759494622,86.34454714299105,0.8802105460227396
HTDPA_3h_140726,3,322,40.41082735487654,-45.92280759494622,86.33363494982277,0.8799729256824386
HTDPA_3h_140726,3,323,40.41082735487654,-45.79748270977096,86.20831006464749,0.8823809730104408
HTDPA_3h_140726,3,324,40.33642603781998,-45.79748270977096,86.13390874759094,0.8807564008144524
HTDPA_3h_140726,3,325,40.33642603781998,-45.72969484311944,86.06612088093942,0.8820619987996501
HTDPA_3h_140726,3,326,40.17998186237524,-45.728137676160436,85.90811953853569,0.8786708557195928
HTDPA_3h_140726,3,327,40.17998186237524,-46.8475904139917,87.02757227636695,0.8576744611047256
HTDPA_3h_140726,3,328,40.25177387263564,-46.891347406762414,87.14312127939806,0.858405145057332
HTDPA_3h_140726,3,329,40.241306584312774,-46.170132603411304,86.41143918772408,0.8715874162626842
HTDPA_3h_140726,3,330,40.06096380399533,-46.170132603411304,86.23109640740662,0.867681367695171
HTDPA_3h_140726,3,331,40.06395188113287,-46.114266984171756,86.17821886530463,0.8687973267553923
HTDPA_3h_140726,3,332,40.80697303413764,-46.114266984171756,86.92124001830939,0.884909935750344
HTDPA_3h_140726,3,333,40.80697303413764,-46.196935114234584,87.00390814837223,0.8833264140409145
HTDPA_3h_140726,3,334,40.06461322617337,-46.196935114234584,86.26154834040796,0.867256953888881
HTDPA_3h_140726,3,335,40.06461322617337,-47.06230509973236,87.12691832590573,0.8513100482704833
HTDPA_3h_140726,3,336,41.000416458484686,-47.06230509973236,88.06272155821705,0.8711943958460685
HTDPA_3h_140726,3,337,41.000416458484686,-46.04548709995948,87.04590355844417,0.8904328967022865
HTDPA_3h_140726,3,338,40.22081691251247,-46.041254491700265,86.26207140421273,0.8735821244784494
HTDPA_3h_140726,3,339,40.22081691251247,-46.09029022033971,86.31110713285219,0.8726527153600557
HTDPA_3h_140726,3,340,39.86422567890105,-46.09607999555793,85.96030567445898,0.8648072825876427
HTDPA_3h_140726,3,341,39.85950608020292,-46.04830082249543,85.90780690269835,0.865602104057026
HTDPA_3h_140726,3,342,40.06245483645028,-46.04830082249543,86.1107556589457,0.8700094057950353
HTDPA_3h_140726,3,343,40.06527457121388,-45.93206642551326,85.99734099672713,0.8722724163996977
HTDPA_3h_140726,3,344,40.04444220243805,-45.93206642551326,85.97650862795132,0.8718188690111949
HTDPA_3h_140726,3,345,40.04444220243805,-46.1506409613994,86.19508316383744,0.8676898384993482
HTDPA_3h_140726,3,346,40.06626658877463,-46.1506409613994,86.21690755017403,0.8681627330438647
HTDPA_3h_140726,3,347,40.063512988515086,-46.28927090634405,86.35278389485913,0.8655032193005289
HTDPA_3h_140726,3,348,40.02477019359691,-46.28927090634405,86.31404109994097,0.8646662479212094
HTDPA_3h_140726,3,349,40.032537991709,-45.97703788826745,86.00957587997645,0.8707072014729468
HTDPA_3h_140726,3,350,40.13636916306792,-45.97703788826745,86.11340705133537,0.8729655281535661
HTDPA_3h_140726,3,351,40.13636916306792,-46.976660916987264,87.11303008005518,0.8543895708976237
HTDPA_3h_140726,3,352,43.87693671215115,-46.976660916987264,90.85359762913842,0.9340156549160943
HTDPA_3h_140726,3,353,43.65935419382576,-45.97980952520992,89.63916371903568,0.9495331678111477
HTDPA_3h_140726,3,354,39.993819245701374,-45.97980952520992,85.97362877091129,0.8698126342557697
HTDPA_3h_140726,3,355,39.99580328082288,-45.9160318143949,85.91183509521778,0.8710640205690423
HTDPA_3h_140726,3,356,39.94887784408541,-45.91454078193995,85.86341862602535,0.8700702906692017
HTDPA_3h_140726,3,357,39.94519234854152,-45.97920830244583,85.92440065098734,0.8687664234187492
HTDPA_3h_140726,3,358,39.9835984587118,-45.98100595851047,85.96460441722228,0.8695677187834855
HTDPA_3h_140726,3,359,39.9835984587118,-46.036558941912695,86.0201574006245,0.8685183988047781
HTDPA_3h_140726,3,360,40.20250366711819,-46.036558941912695,86.23906260903088,0.8732734285775852
HTDPA_3h_140726,3,361,40.19857167024102,-45.98543697028184,86.18400864052286,0.8741587406512938
HTDPA_3h_140726,3,362,40.01226476010376,-45.98543697028184,85.9977017303856,0.8701073077975044
HTDPA_3h_140726,3,363,40.02096445350019,-46.0630127435328,86.083977197033,0.8688308052347073
HTDPA_3h_140726,3,364,40.129755712662885,-46.0630127435328,86.1927684561957,0.8711925973252164
HTDPA_3h_140726,3,365,40.129755712662885,-49.8098630705008,89.9396187831637,0.8056588241542301
HTDPA_3h_140726,3,366,40.179687263220856,-49.8098630705008,89.98955033372167,0.8066612671942219
HTDPA_3h_140726,3,367,40.172670993563884,-45.81319867282437,85.98586966638825,0.8768798546562444
HTDPA_3h_140726,3,368,39.973642209738415,-45.81319867282437,85.78684088256279,0.8725354999813649
HTDPA_3h_140726,3,369,39.977315680827026,-46.04945517020249,86.02677085102951,0.8681387333046102
HTDPA_3h_140726,3,370,40.01236696797366,-46.04945517020249,86.06182213817615,0.8688998994686199
HTDPA_3h_140726,3,371,40.01236696797366,-46.06003669085054,86.0724036588242,0.8687002842948626
HTDPA_3h_140726,3,372,41.125741343659946,-46.06003669085054,87.18577803451049,0.8928725267782787
HTDPA_3h_140726,3,373,41.06724236871366,-45.98204607389234,87.049288442606,0.8931147235753564
HTDPA_3h_140726,3,374,39.955749820278996,-45.98204607389234,85.93779589417133,0.8689424075664404
HTDPA_3h_140726,3,375,39.96475012505747,-45.93834920339803,85.90309932845551,0.8699648728801361
HTDPA_3h_140726,3,376,40.129425040142635,-45.93834920339803,86.06777424354067,0.873549566669546
HTDPA_3h_140726,3,377,40.129425040142635,-45.89436975820462,86.02379479834725,0.8743866677234112
HTDPA_3h_140726,3,378,40.21374653280673,-45.89436975820462,86.10811629101136,0.8762239626488748
HTDPA_3h_140726,3,379,40.21374653280673,-46.077231661903596,86.29097819471033,0.87274658399357
HTDPA_3h_140726,3,380,40.05163282669659,-46.06994484200279,86.12157766869939,0.8693657646878883
HTDPA_3h_140726,3,381,40.05163282669659,-45.84968087014955,85.90131369684613,0.873542237733921
HTDPA_3h_140726,3,382,40.06659726129488,-45.85138233057193,85.91797959186681,0.8738361904212433
HTDPA_3h_140726,3,383,40.06659726129488,-45.93636516827654,86.00296242957143,0.8722195827754501
HTDPA_3h_140726,3,384,39.83413447955819,-45.93636516827654,85.77049964783473,0.8671590434644898
HTDPA_3h_140726,3,385,39.833220620956766,-45.97052664573232,85.80374726668909,0.8664947636542835
HTDPA_3h_140726,3,386,39.9713335143243,-45.97052664573232,85.94186016005662,0.8694991428390574
HTDPA_3h_140726,3,387,39.97996106098903,-46.023001368582385,86.00296242957141,0.8686952148297168
HTDPA_3h_140726,3,388,39.987897201475064,-46.023001368582385,86.01089857005745,0.8688676533984768
HTDPA_3h_140726,3,389,39.987897201475064,-45.86923864666551,85.85713584814057,0.8717802688966587
HTDPA_3h_140726,3,390,39.883735357595896,-45.86923864666551,85.7529740042614,0.8695094258011031
HTDPA_3h_140726,3,391,39.876869393629946,-45.842947175191696,85.71981656882164,0.8698583282884931
HTDPA_3h_140726,3,392,39.77355527384813,-45.842947175191696,85.61650244903983,0.8676046747572969
HTDPA_3h_140726,3,393,39.7756054434737,-46.16981996757398,85.94542541104768,0.8615066177734488
HTDPA_3h_140726,3,394,40.61815902507413,-46.16981996757398,86.7879789926481,0.8797556294046869
HTDPA_3h_140726,3,395,40.61815902507413,-45.98662739135474,86.60478641642887,0.883260228661825
HTDPA_3h_140726,3,396,39.699550763815886,-45.98662739135474,85.68617815517062,0.8632846767814769
HTDPA_3h_140726,3,397,39.69226995614272,-45.84881510936925,85.54108506551196,0.8657207358894552
HTDPA_3h_140726,3,398,40.04513962084439,-45.84881510936925,85.89395473021364,0.8734171106782022
HTDPA_3h_140726,3,399,40.05039430780257,-45.85435838325421,85.90475269105679,0.8734261195644334
HTDPA_3h_140726,3,400,39.88505804767689,-45.85435838325421,85.7394164309311,0.8698204370087256
HTDPA_3h_140726,3,401,39.8796831161659,-46.020307890599256,85.89999100676516,0.8665670645005022
HTDPA_3h_140726,3,402,39.92143202490455,-46.02167867850139,85.94311070340594,0.8674484106455136
HTDPA_3h_140726,3,403,39.92143202490455,-45.96314964241688,85.88458166732143,0.8685530111727425
HTDPA_3h_140726,3,404,39.886705398050516,-45.95751618511733,85.84422158316784,0.867903853580478
HTDPA_3h_140726,3,405,39.89464755076419,-46.09145058027441,85.9860981310386,0.8655541765013955
HTDPA_3h_140726,3,406,39.840417257442965,-46.09145058027441,85.93186783771738,0.8643775961890278
HTDPA_3h_140726,3,407,39.840417257442965,-46.4694092709217,86.30982652836467,0.8573471856543088
HTDPA_3h_140726,3,408,39.77792015111545,-46.4694092709217,86.24732942203715,0.8560022770938589
HTDPA_3h_140726,3,409,39.77406030096998,-46.465212736028334,86.23927303699831,0.8559965178020126
HTDPA_3h_140726,3,410,39.777475246270036,-46.465212736028334,86.24268798229838,0.8560700124682149
HTDPA_3h_140726,3,411,39.78750965420275,-46.356980614036246,86.144490268239,0.8582851843926101
HTDPA_3h_140726,3,412,39.767007957947165,-46.356980614036246,86.1239885719834,0.857842927455596
HTDPA_3h_140726,3,413,39.76314209557404,-46.38356668466445,86.1467087802385,0.8572678846778015
HTDPA_3h_140726,3,414,39.930360182951325,-46.388725175980376,86.3190853589317,0.8607772692927305
HTDPA_3h_140726,3,415,39.930360182951325,-46.21148470512565,86.14184488807697,0.8640787119856888
HTDPA_3h_140726,3,416,39.86797129672136,-46.20889944724004,86.0768707439614,0.8627769060425564
HTDPA_3h_140726,3,417,39.87381518198834,-46.441302106700334,86.31511728868867,0.8585852112926767
HTDPA_3h_140726,3,418,39.892663515642674,-46.441302106700334,86.33396562234302,0.8589910641176262
HTDPA_3h_140726,3,419,39.892663515642674,-46.35764195907674,86.25030547471941,0.8605412577037208
HTDPA_3h_140726,3,420,39.90754377905398,-46.35764195907674,86.26518573813073,0.8608622460625429
HTDPA_3h_140726,3,421,39.90358773326625,-46.151037768423706,86.05462550168996,0.8646303455513642
HTDPA_3h_140726,3,422,39.59869564513922,-46.151037768423706,85.74973341356292,0.8580239483202357
HTDPA_3h_140726,3,423,39.61059985586828,-46.05348336272191,85.66408321859019,0.8600999742818838
HTDPA_3h_140726,3,424,39.82355295891014,-46.05110853280375,85.8746614917139,0.8647686066132911
HTDPA_3h_140726,3,425,39.806863014978916,-51.739138822655256,91.54600183763418,0.7693762192568327
HTDPA_3h_140726,3,426,39.64994988577818,-52.046531997480905,91.69648188325908,0.761817326996874
HTDPA_3h_140726,3,427,39.64994988577818,-46.31134780624155,85.96129769201973,0.8561605689315397
HTDPA_3h_140726,3,428,39.90589041645273,-46.31134780624155,86.21723822269428,0.8616870876531576
HTDPA_3h_140726,3,429,39.901784064973974,-46.464852002369874,86.36663606734385,0.858751988770756
HTDPA_3h_140726,3,430,39.66771601845715,-46.464852002369874,86.13256802082702,0.8537144596185081
HTDPA_3h_140726,3,431,39.67243561715527,-46.28621669470245,85.95865231185772,0.8571112190661255
HTDPA_3h_140726,3,432,39.800405882492555,-46.28621669470245,86.08662257719502,0.8598759787392126
HTDPA_3h_140726,3,433,39.800405882492555,-46.275635174054415,86.07604105654697,0.860072600468759
HTDPA_3h_140726,3,434,40.05337036048482,-46.275635174054415,86.32900553453923,0.8655390727719657
HTDPA_3h_140726,3,435,40.05337036048482,-46.19296704399158,86.2463374044764,0.8670880639111198
HTDPA_3h_140726,3,436,39.499163216543565,-46.19296704399158,85.69213026053515,0.8550904119002961
HTDPA_3h_140726,3,437,39.499163216543565,-46.18139350578278,85.68055672232634,0.8553047064636005
HTDPA_3h_140726,3,438,39.63094523420519,-46.17744347222269,85.80838870642788,0.8582316874697613
HTDPA_3h_140726,3,439,39.63094523420519,-46.38010364154327,86.01104887574846,0.8544816014319389
HTDPA_3h_140726,3,440,39.72501254787523,-46.38607979581836,86.1110923436936,0.8563994354068348
HTDPA_3h_140726,3,441,39.72379807789177,-46.276116152265686,85.99991423015746,0.8584082109912953
HTDPA_3h_140726,3,442,39.687772809867305,-46.276116152265686,85.96388896213298,0.8576297258672211
HTDPA_3h_140726,3,443,39.693267985931115,-46.319945291768086,86.01321327769921,0.8569368494695814
HTDPA_3h_140726,3,444,39.68632386300583,-46.319945291768086,86.00626915477392,0.8567869329944746
HTDPA_3h_140726,3,445,39.68632386300583,-46.24653599227229,85.93285985527812,0.858146951149754
HTDPA_3h_140726,3,446,39.83148909939617,-46.24653599227229,86.07802509166847,0.8612858940624643
HTDPA_3h_140726,3,447,39.823384616536195,-46.12698885785997,85.95037347439617,0.8633423859348744
HTDPA_3h_140726,3,448,39.68875881520041,-46.12698885785997,85.81574767306037,0.8604237952210814
HTDPA_3h_140726,3,449,39.69723605617413,-46.1608918095272,85.85812786570133,0.8599755009061798
HTDPA_3h_140726,3,450,39.73228734332076,-46.1608918095272,85.89317915284796,0.8607348295450473
HTDPA_3h_140726,3,451,39.73228734332076,-46.20817797992314,85.9404653232439,0.8598540145985399
HTDPA_3h_140726,3,452,39.46444260191718,-46.20817797992314,85.67262058184032,0.8540575354229282
HTDPA_3h_140726,3,453,39.46444260191718,-47.224995979696025,86.6894385816132,0.8356685222140531
HTDPA_3h_140726,3,454,39.6886385706476,-47.224995979696025,86.91363455034363,0.8404159226971958
HTDPA_3h_140726,3,455,39.68063028342987,-47.04871145303621,86.72934173646608,0.8433946235284016
HTDPA_3h_140726,3,456,39.711797671520465,-47.04871145303621,86.76050912455668,0.8440570728735171
HTDPA_3h_140726,3,457,39.72071380511197,-46.47436935872547,86.19508316383744,0.8546799957309047
HTDPA_3h_140726,3,458,39.75212769453585,-46.47436935872547,86.22649705326131,0.8553559358212672
HTDPA_3h_140726,3,459,39.75212769453585,-46.183708213424545,85.9358359079604,0.8607391920725157
HTDPA_3h_140726,3,460,39.83843322232145,-46.183708213424545,86.022141435746,0.862607936076067
HTDPA_3h_140726,3,461,39.83843322232145,-46.23033303877998,86.06876626110143,0.861737967340691
HTDPA_3h_140726,3,462,39.563656382447874,-46.22852335826006,85.79217974070794,0.855827820322941
HTDPA_3h_140726,3,463,39.563656382447874,-46.20685528984214,85.77051167229001,0.8562291489926459
HTDPA_3h_140726,3,464,39.911511849297,-46.2098313425244,86.12134319182141,0.8637017424594796
HTDPA_3h_140726,3,465,39.911511849297,-46.76139310630364,86.67290495560064,0.8535141747929822
HTDPA_3h_140726,3,466,39.594396902375955,-46.76139310630364,86.3557900086796,0.8467326200561475
HTDPA_3h_140726,3,467,39.594396902375955,-46.19131368139032,85.78571058376627,0.8571827416618344
HTDPA_3h_140726,3,468,39.63397539693622,-46.19042988392711,85.82440528086333,0.8580559976716662
HTDPA_3h_140726,3,469,39.63397539693622,-46.214094011921816,85.84806940885804,0.8576166263632016
HTDPA_3h_140726,3,470,39.87877526979212,-46.21710613796993,86.09588140776205,0.8628574699321013
HTDPA_3h_140726,3,471,39.87877526979212,-46.20916999748389,86.08794526727601,0.8630056603908605
HTDPA_3h_140726,3,472,39.83380380703794,-46.20916999748389,86.04297380452184,0.8620324452745398
HTDPA_3h_140726,3,473,39.829300648534876,-45.793310223788154,85.62261087232304,0.8697624271731471
HTDPA_3h_140726,3,474,39.666922404408545,-45.793310223788154,85.4602326281967,0.8662165327328282
HTDPA_3h_140726,3,475,39.67045158203377,-45.801781452534236,85.472233034568,0.8661333756885734
HTDPA_3h_140726,3,476,39.862572316299804,-45.801781452534236,85.66435376883405,0.8703279883908137
HTDPA_3h_140726,3,477,39.862572316299804,-45.65066411077937,85.51323642707916,0.8732090341460589
HTDPA_3h_140726,3,478,39.69591336609312,-45.65066411077937,85.34657747687248,0.8695582887855478
HTDPA_3h_140726,3,479,39.69255854306949,-45.73597762100422,85.4285361640737,0.8678629081023668
HTDPA_3h_140726,3,480,39.68822973916801,-45.73597762100422,85.42420736017223,0.8677682604283332
HTDPA_3h_140726,3,481,39.690953278289356,-45.773674288312876,85.46462756660223,0.8671131145882999
HTDPA_3h_140726,3,482,39.70649488674116,-45.773674288312876,85.48016917505404,0.8674526461791857
HTDPA_3h_140726,3,483,39.70649488674116,-45.85535040081495,85.56184528755611,0.8659075667217122
HTDPA_3h_140726,3,484,39.728319273077744,-45.85535040081495,85.5836696738927,0.8663835065225385
HTDPA_3h_140726,3,485,39.72668394715941,-45.77387870405266,85.50056265121208,0.8678898330641608
HTDPA_3h_140726,3,486,39.54169972710318,-45.77387870405266,85.31557843115584,0.8638485714255693
HTDPA_3h_140726,3,487,39.550086784662284,-46.31531587648457,85.86540266114685,0.8539310600868176
HTDPA_3h_140726,3,488,39.68136377520206,-46.31531587648457,85.99667965168663,0.8567654786383367
HTDPA_3h_140726,3,489,39.68136377520206,-45.68836077808802,85.36972455329007,0.8685223785536448
HTDPA_3h_140726,3,490,39.76601594038641,-45.68836077808802,85.45437671847444,0.8703751954142783
HTDPA_3h_140726,3,491,39.762564921720504,-45.701299091971315,85.46386401369182,0.8700532744528894
HTDPA_3h_140726,3,492,39.58907608091374,-45.701299091971315,85.29037517288506,0.8662571276418847
HTDPA_3h_140726,3,493,39.593074212294965,-45.77135958067111,85.36443379296608,0.8650185306930409
HTDPA_3h_140726,3,494,39.77593611599395,-45.77135958067111,85.54729569666506,0.8690136469704304
HTDPA_3h_140726,3,495,39.77593611599395,-45.69728893613481,85.47322505212875,0.870422229458374
HTDPA_3h_140726,3,496,39.688638570647605,-45.69728893613481,85.38592750678242,0.8685118853793554
HTDPA_3h_140726,3,497,39.688638570647605,-45.796821364730455,85.48545993537806,0.8666243068391871
HTDPA_3h_140726,3,498,39.455604627285005,-45.79388739764168,85.2494920249267,0.8615910740374688
HTDPA_3h_140726,3,499,39.455604627285005,-45.72448224175474,85.18008686903974,0.8628988824559042
HTDPA_3h_140726,3,500,39.60398640546325,-45.72671879043718,85.33070519590044,0.8661016458881722
HTDPA_3h_140726,3,501,39.60398640546325,-45.70886247434361,85.31284887980686,0.8664399913188164
HTDPA_3h_140726,3,502,39.87414585450859,-45.70886247434361,85.5830083288522,0.8723504304420167
HTDPA_3h_140726,3,503,39.87414585450859,-45.70092633385757,85.57507218836616,0.8725019174276079
HTDPA_3h_140726,3,504,39.672766289675536,-45.70092633385757,85.37369262353312,0.8680954517170023
HTDPA_3h_140726,3,505,39.672766289675536,-45.63082375956429,85.30359004923983,0.8694291056132877
HTDPA_3h_140726,3,506,39.58869129834472,-45.628887822263906,85.21757912060863,0.8676234111283343
HTDPA_3h_140726,3,507,39.58869129834472,-45.659718525606614,85.24840982395133,0.8670375678321982
HTDPA_3h_140726,3,508,39.50478464938784,-45.66025361386666,85.1650382632545,0.8651897771630105
HTDPA_3h_140726,3,509,39.50478464938784,-45.9161941445412,85.42097879392904,0.8603671402954116
HTDPA_3h_140726,3,510,39.56331368547233,-45.9161941445412,85.47950783001353,0.8616418329648486
HTDPA_3h_140726,3,511,39.55817323083934,-45.718277622829305,85.27645085366865,0.8652594823713583
HTDPA_3h_140726,3,512,39.512059444833376,-45.72308139271441,85.23514083754779,0.8641600312425419
HTDPA_3h_140726,3,513,39.51446433588975,-45.81976402540826,85.33422836129802,0.8623890841947144
HTDPA_3h_140726,3,514,39.622383822044505,-45.80600804856581,85.42839187061031,0.8650040793782965
HTDPA_3h_140726,3,515,39.622383822044505,-45.69136689190847,85.31375071395297,0.8671744033348512
HTDPA_3h_140726,3,516,39.482298918010756,-45.69232884833104,85.17462776634179,0.864090316977855
HTDPA_3h_140726,3,517,39.480375005165655,-47.630719137589146,87.11109414275481,0.8288847138990305
HTDPA_3h_140726,3,518,38.9416493473998,-47.72728753795782,86.66893688535762,0.8159200188451786
HTDPA_3h_140726,3,519,38.9416493473998,-46.13609137050835,85.07774071790816,0.8440604349134903
HTDPA_3h_140726,3,520,39.07827722054002,-46.13533382982559,85.21361105036561,0.8470357527851393
HTDPA_3h_140726,3,521,39.08218516850663,-46.237607834225514,85.31979300273215,0.8452466941764585
HTDPA_3h_140726,3,522,39.27959666309668,-46.237607834225514,85.5172044973222,0.8495161947807679
HTDPA_3h_140726,3,523,39.27959666309668,-46.162214499608204,85.44181116270488,0.8509036468220142
HTDPA_3h_140726,3,524,39.31101055252056,-46.162214499608204,85.47322505212875,0.8515841577066067
HTDPA_3h_140726,3,525,39.31101055252056,-46.16320651716895,85.4742170696895,0.8515658577118135
HTDPA_3h_140726,3,526,39.23988589952831,-46.15796385466606,85.39784975419437,0.8501216826435379
HTDPA_3h_140726,3,527,39.23988589952831,-48.15825603971521,87.39814193924352,0.8148111897400917
HTDPA_3h_140726,3,528,39.774613425912946,-48.25702491540048,88.03163834131342,0.8242243175090451
HTDPA_3h_140726,3,529,39.774613425912946,-46.35268187127297,86.12729529718592,0.8580865619894849
HTDPA_3h_140726,3,530,39.777258806074954,-46.35268187127297,86.12994067734792,0.8581436326929526
HTDPA_3h_140726,3,531,39.763214242305736,-46.34340500402302,86.10661924632876,0.8580123587995733
HTDPA_3h_140726,3,532,39.48133696158821,-46.34340500402302,85.82474196561122,0.851929998630029
HTDPA_3h_140726,3,533,39.482298918010756,-46.453206317429384,85.93550523544013,0.8499370021568754
HTDPA_3h_140726,3,534,39.80172857257356,-46.453206317429384,86.25493489000294,0.8568133768979437
HTDPA_3h_140726,3,535,39.80172857257356,-46.58911272325269,86.39084129582625,0.8543139425943277
HTDPA_3h_140726,3,536,39.631432224644115,-46.58911272325269,86.2205449478968,0.85065866053431
HTDPA_3h_140726,3,537,39.62534183804385,-48.47988616959461,88.10522800763846,0.817356329992703
HTDPA_3h_140726,3,538,39.55632146472593,-48.47988616959461,88.03620763432053,0.8159326390814565
HTDPA_3h_140726,3,539,39.563644357992594,-46.6774022861598,86.24104664415239,0.8475973901770346
HTDPA_3h_140726,3,540,39.783541583959725,-46.6774022861598,86.46094387011952,0.8523083898299081
HTDPA_3h_140726,3,541,39.783541583959725,-47.6234563665989,87.40699795055863,0.835377030967921
HTDPA_3h_140726,3,542,39.70021210885639,-47.6234563665989,87.32366847545529,0.8336272739897237
HTDPA_3h_140726,3,543,39.689408135785634,-46.65844573240793,86.34785386819357,0.8506371678861614
HTDPA_3h_140726,3,544,40.187749660487334,-46.65844573240793,86.84619539289525,0.8613177963742974
HTDPA_3h_140726,3,545,40.22234401833327,-46.58316061788816,86.80550463622143,0.8634524468674135
HTDPA_3h_140726,3,546,39.46477327443744,-46.58316061788816,86.0479338923256,0.8471896872382415
HTDPA_3h_140726,3,547,39.46477327443744,-46.64334301657391,86.10811629101136,0.8460965857531763
HTDPA_3h_140726,3,548,39.900268983608456,-46.64334301657391,86.54361200018236,0.8554333030852995
HTDPA_3h_140726,3,549,39.886609202408245,-46.59637549424293,86.48298469665117,0.8560023988847869
HTDPA_3h_140726,3,550,39.496175139406034,-46.59637549424293,86.09255063364895,0.8476233337995541
HTDPA_3h_140726,3,551,39.500155234104334,-46.636729566168896,86.13688480027324,0.8469752403641623
HTDPA_3h_140726,3,552,39.71839909747021,-46.636729566168896,86.3551286636391,0.8516548966221387
HTDPA_3h_140726,3,553,39.71839909747021,-46.53223704976946,86.25063614723967,0.8535673678226263
HTDPA_3h_140726,3,554,39.380121109253096,-46.53223704976946,85.91235815902256,0.8462976122797045
HTDPA_3h_140726,3,555,39.380121109253096,-53.73825261108679,93.11837372033989,0.7328135768435564
HTDPA_3h_140726,3,556,46.301632046373804,-53.347000885125404,99.64863293149921,0.8679331785881886
HTDPA_3h_140726,3,557,46.301632046373804,-46.472667898303094,92.7742999446769,0.9963196463714205
HTDPA_3h_140726,3,558,39.64333643537316,-46.474700031245725,86.11803646661889,0.8530089792665746
HTDPA_3h_140726,3,559,39.64333643537316,-45.891724378042596,85.53506081341575,0.8638449954245117
HTDPA_3h_140726,3,560,39.30373575707503,-45.891724378042596,85.19546013511763,0.8564449536326497
HTDPA_3h_140726,3,561,39.29808426309255,-44.200262290225275,83.49834655331782,0.8890916530100134
HTDPA_3h_140726,3,562,39.4963915796011,-44.200262290225275,83.69665386982638,0.8935782172572216
HTDPA_3h_140726,3,563,39.499301497779314,-44.17290665445902,83.67220815223834,0.894197472825621
HTDPA_3h_140726,3,564,39.31167189756106,-44.16858987501283,83.4802617725739,0.8900368340670203
HTDPA_3h_140726,3,565,39.308232903350444,-44.191460388958944,83.49969329230939,0.8894983908060989
HTDPA_3h_140726,3,566,39.65490997358195,-44.196697039234195,83.85160701281615,0.8972369572861877
HTDPA_3h_140726,3,567,39.65490997358195,-44.21058528508476,83.86549525866671,0.8969551006365042
HTDPA_3h_140726,3,568,39.40955096355546,-44.21058528508476,83.62013624864022,0.8914053209074114
HTDPA_3h_140726,3,569,39.40606387152372,-44.33447926008147,83.7405431316052,0.888835608970482
HTDPA_3h_140726,3,570,39.569211680788094,-44.33447926008147,83.90369094086957,0.8925155396246189
HTDPA_3h_140726,3,571,39.574225878640625,-44.332934117577764,83.90715999621838,0.8926597498303109
HTDPA_3h_140726,3,572,39.47634681264623,-44.332934117577764,83.80928093022399,0.8904519314681244
HTDPA_3h_140726,3,573,39.47634681264623,-44.38253499561546,83.85888180826169,0.8894567833168179
HTDPA_3h_140726,3,574,39.42443122696677,-44.38253499561546,83.80696622258222,0.8882870532487948
HTDPA_3h_140726,3,575,39.42241713070705,-44.32856322808279,83.75098035878985,0.8893231420081844
HTDPA_3h_140726,3,576,39.28985953567975,-44.32856322808279,83.61842276376254,0.8863327993177332
HTDPA_3h_140726,3,577,39.29249289138648,-44.18148610330263,83.4739789946891,0.8893429433205351
HTDPA_3h_140726,3,578,39.365902190882274,-44.18148610330263,83.54738829418491,0.8910044831638113
HTDPA_3h_140726,3,579,39.365902190882274,-44.49132625477814,83.85722844566041,0.8847994767666558
HTDPA_3h_140726,3,580,39.38607321461761,-44.49132625477814,83.87739946939575,0.8852528465677678
HTDPA_3h_140726,3,581,39.38607321461761,-44.64740368433677,84.03347689895438,0.8821581987853653
HTDPA_3h_140726,3,582,39.734932723482785,-44.64740368433677,84.38233640781957,0.8899718560213304
HTDPA_3h_140726,3,583,39.734932723482785,-47.60361601538382,87.3385487388666,0.8347040844679078
HTDPA_3h_140726,3,584,39.20561620197498,-47.53050732727008,86.73612352924506,0.8248516249158825
HTDPA_3h_140726,3,585,39.20561620197498,-45.45643308461137,84.66204928658635,0.8624877391721149
HTDPA_3h_140726,3,586,39.512390117353625,-45.458212703993084,84.97060282134672,0.869202455772812
HTDPA_3h_140726,3,587,39.512390117353625,-45.57956951892533,85.09195963627896,0.8668881811388648
HTDPA_3h_140726,3,588,39.437327455256565,-45.57956951892533,85.01689697418189,0.8652413322789629
HTDPA_3h_140726,3,589,39.437327455256565,-46.191644353910576,85.62897180916714,0.8537762187701337
HTDPA_3h_140726,3,590,39.36028075803801,-46.191644353910576,85.55192511194858,0.8521082396735629
HTDPA_3h_140726,3,591,39.36028075803801,-45.457882031472835,84.81816278951084,0.8658626182976773
HTDPA_3h_140726,3,592,39.18599229095498,-45.454196535928936,84.64018882688391,0.862098448049361
HTDPA_3h_140726,3,593,39.18599229095498,-45.51042288882696,84.69641517978194,0.8610333590324721
HTDPA_3h_140726,3,594,39.406574910873196,-45.51277366983456,84.91934858070775,0.8658354948160741
HTDPA_3h_140726,3,595,39.406574910873196,-45.57593212120257,84.98250703207577,0.8646356328177147
HTDPA_3h_140726,3,596,39.538513246453476,-45.57593212120257,85.11444536765605,0.8675305453173519
HTDPA_3h_140726,3,597,39.538513246453476,-45.94959206908659,85.48810531554007,0.8604758272283709
HTDPA_3h_140726,3,598,39.31198453339839,-45.93062950310708,85.24261403650547,0.8558991017255498
HTDPA_3h_140726,3,599,39.31398660520282,-45.6959662460538,85.00995285125663,0.8603382275256711
HTDPA_3h_140726,3,600,39.45716780647165,-45.6959662460538,85.15313405252544,0.8634715719547583
HTDPA_3h_140726,3,601,39.44110313421507,-46.107966169604055,85.54906930381912,0.8554075664308088
HTDPA_3h_140726,3,602,39.53355315864971,-46.135760697988104,85.66931385663781,0.8568960944947354
HTDPA_3h_140726,3,603,39.53355315864971,-45.58188422656709,85.11543738521681,0.8673084456567473
HTDPA_3h_140726,3,604,40.28484112466078,-45.58188422656709,85.86672535122787,0.8837906069091597
HTDPA_3h_140726,3,605,40.28484112466078,-46.42443780816752,86.7092789328283,0.8677507585794266
HTDPA_3h_140726,3,606,46.96908551015968,-46.388111928761006,93.35719743892068,1.0125241911611078
HTDPA_3h_140726,3,607,46.96908551015968,-45.60544013446427,92.57452564462395,1.0299009366355156
HTDPA_3h_140726,3,608,39.41682575900098,-45.60602332054544,85.02284907954642,0.8642899092945857
HTDPA_3h_140726,3,609,39.41682575900098,-45.62156492899726,85.03839068799823,0.863995477146543
HTDPA_3h_140726,3,610,39.29117020130547,-45.62156492899726,84.91273513030274,0.8612411753620454
HTDPA_3h_140726,3,611,39.28283725379514,-45.59351187482466,84.8763491286198,0.861588319005668
HTDPA_3h_140726,3,612,39.22798168879927,-45.59351187482466,84.82149356362393,0.8603851749016017
HTDPA_3h_140726,3,613,39.23098780261973,-46.228018331138216,85.45900613375795,0.8486409155937054
HTDPA_3h_140726,3,614,39.114591075491255,-46.228018331138216,85.34260940662946,0.8461230329041488
HTDPA_3h_140726,3,615,39.114591075491255,-46.924414658787555,86.03900573427882,0.8335658816399588
HTDPA_3h_140726,3,616,39.31795467544583,-46.924414658787555,86.24236933423339,0.8378997364452524
HTDPA_3h_140726,3,617,39.31795467544583,-46.27265912137215,85.59061379681799,0.8497016471933397
HTDPA_3h_140726,3,618,40.054687038338194,-46.25399115454704,86.30867819288522,0.865972558011366
HTDPA_3h_140726,3,619,40.054687038338194,-45.596133206076104,85.65082024441429,0.8784667519350202
HTDPA_3h_140726,3,620,41.74509097409072,-45.5980871800594,87.34317815415012,0.9155009246165563
HTDPA_3h_140726,3,621,41.74509097409072,-46.66682076551176,88.41191173960249,0.8945347098712508
HTDPA_3h_140726,3,622,39.29480759902824,-46.66682076551176,85.96162836453999,0.842028810929163
HTDPA_3h_140726,3,623,39.29480759902824,-45.80178145253423,85.09658905156246,0.8579318610074291
HTDPA_3h_140726,3,624,39.40260684063017,-45.80178145253423,85.2043882931644,0.8602854646923348
HTDPA_3h_140726,3,625,39.402023654549005,-45.6822042569837,85.08422791153271,0.8625245715573234
HTDPA_3h_140726,3,626,39.086333605578865,-45.6822042569837,84.76853786256257,0.8556140020236329
HTDPA_3h_140726,3,627,39.09210534411415,-45.80872557545951,84.90083091957366,0.853376837120665
HTDPA_3h_140726,3,628,39.69888941877539,-45.80872557545951,85.5076149942349,0.8666228741373835
HTDPA_3h_140726,3,629,39.69888941877539,-45.8421235000049,85.5410129187803,0.8659915027446567
HTDPA_3h_140726,3,630,39.51172877231313,-45.8421235000049,85.35385227231802,0.861908780737631
HTDPA_3h_140726,3,631,39.505674459078705,-45.67357069809133,85.17924515717004,0.8649569949373286
HTDPA_3h_140726,3,632,39.229376525611954,-45.67357069809133,84.90294722370328,0.8589075897946232
HTDPA_3h_140726,3,633,39.23297183774123,-45.6939822109323,84.92695404867354,0.858602597966494
HTDPA_3h_140726,3,634,39.34969923738996,-45.6939822109323,85.04368144832226,0.861157144407859
HTDPA_3h_140726,3,635,39.34969923738996,-45.71415323466762,85.06385247205759,0.8607771653429395
HTDPA_3h_140726,3,636,39.340109734302665,-45.71415323466762,85.05426296897028,0.8605673943549903
HTDPA_3h_140726,3,637,39.340109734302665,-45.66554437419068,85.00565410849335,0.861483428554877
HTDPA_3h_140726,3,638,39.1054765383876,-45.659189449574214,84.76466598796182,0.8564645367078952
HTDPA_3h_140726,3,639,39.1054765383876,-45.63194203390551,84.73741857229311,0.8569759426265793
HTDPA_3h_140726,3,640,39.47237874240321,-45.6321464496453,85.1045251920485,0.865012536413571
HTDPA_3h_140726,3,641,39.47237874240321,-45.8923857230831,85.3647644654863,0.8601073603055084
HTDPA_3h_140726,3,642,39.40227616810992,-45.8923857230831,85.29466189119302,0.8585798177036422
HTDPA_3h_140726,3,643,39.39233194359181,-45.65247980352693,85.04481174711874,0.8628738704474169
HTDPA_3h_140726,3,644,39.33709159602692,-45.65247980352693,84.98957139955385,0.8616638518941504
HTDPA_3h_140726,3,645,39.343085786984936,-45.879158822273055,85.22224460925798,0.8575372085480556
HTDPA_3h_140726,3,646,39.42509257200727,-45.879158822273055,85.30425139428033,0.8593246603481206
HTDPA_3h_140726,3,647,39.42509257200727,-45.902967243731155,85.32805981573843,0.8588789557474947
HTDPA_3h_140726,3,648,39.35366730763298,-45.902967243731155,85.25663455136413,0.8573229503591058
HTDPA_3h_140726,3,649,39.35366730763298,-46.691621204530605,86.04528851216358,0.8428421693743715
HTDPA_3h_140726,3,650,39.36722488096328,-46.691621204530605,86.05884608549388,0.8431325335335192
HTDPA_3h_140726,3,651,39.36722488096328,-45.51012828967255,84.87735317063583,0.8650211801291876
HTDPA_3h_140726,3,652,39.33598534614101,-45.50635862294169,84.84234396908269,0.8644063497163683
HTDPA_3h_140726,3,653,39.33598534614101,-45.60392505309874,84.93991039923975,0.8625570123698851
HTDPA_3h_140726,3,654,39.233633182781745,-45.605692648025176,84.83932583080693,0.8602792963935094
HTDPA_3h_140726,3,655,39.233633182781745,-45.61230609843021,84.84593928121195,0.8601545621946093
HTDPA_3h_140726,3,656,39.3821051443746,-45.61230609843021,84.9944112428048,0.8634096478127855
HTDPA_3h_140726,3,657,39.3821051443746,-45.631154432084536,85.01325957645913,0.8630530091669989
HTDPA_3h_140726,3,658,39.184958187800746,-45.62475140964695,84.80970959744769,0.8588530781455488
HTDPA_3h_140726,3,659,39.184958187800746,-45.48603729351534,84.67099548131608,0.861472234544096
HTDPA_3h_140726,3,660,39.26273236456386,-45.48698121325496,84.74971357781882,0.8631641695563357
HTDPA_3h_140726,3,661,39.26273236456386,-45.5825455716076,84.84527793617146,0.8613545354303289
HTDPA_3h_140726,3,662,39.37615303901007,-45.5825455716076,84.95869861061766,0.86384278335558
HTDPA_3h_140726,3,663,39.37615303901007,-45.65694688866415,85.03309992767421,0.8624350886849709
HTDPA_3h_140726,3,664,39.321922745688845,-45.65694688866415,84.978869634353,0.861247311204942
HTDPA_3h_140726,3,665,39.317082902437896,-45.481564196150465,84.79864709858836,0.8644619770083825
HTDPA_3h_140726,3,666,39.08349583413234,-45.481564196150465,84.56506003028281,0.8593261143256886
HTDPA_3h_140726,3,667,39.086814583790144,-45.6076766831467,84.69449126693684,0.857022708158116
HTDPA_3h_140726,3,668,39.32820552357362,-45.6076766831467,84.93588220672032,0.8623154780893824
HTDPA_3h_140726,3,669,39.32820552357362,-45.61230609843022,84.94051162200384,0.8622279574881466
HTDPA_3h_140726,3,670,39.23793192554501,-45.61230609843022,84.85023802397524,0.8602488074352245
HTDPA_3h_140726,3,671,39.22985750382324,-45.69223265268877,84.92209015651201,0.8585673149748078
HTDPA_3h_140726,3,672,39.31691456006394,-45.69223265268877,85.00914721275271,0.8604726072134785
HTDPA_3h_140726,3,673,39.325560143411614,-45.766068820347094,85.09162896375871,0.859273281648519
HTDPA_3h_140726,3,674,39.53156912352821,-45.766068820347094,85.2976379438753,0.8637746291626626
HTDPA_3h_140726,3,675,39.53156912352821,-45.665213701670424,85.19678282519862,0.8656823415255834
HTDPA_3h_140726,3,676,41.6052164980244,-45.665213701670424,87.27043019969483,0.9110921229851265
HTDPA_3h_140726,3,677,41.6052164980244,-45.62817837940228,87.23339487742668,0.9118316350934152
HTDPA_3h_140726,3,678,39.13661987756763,-45.621456708899714,84.75807658646735,0.8578555508932919
HTDPA_3h_140726,3,679,39.13661987756763,-46.665516112113664,85.80213598968129,0.8386625315263224
HTDPA_3h_140726,3,680,38.72935758939844,-46.72534980159624,85.45470739099468,0.8288725018400047
HTDPA_3h_140726,3,681,38.72935758939844,-46.63805225624989,85.36740984564833,0.8304239931934203
HTDPA_3h_140726,3,682,56.00170601220726,-46.63805225624989,102.63975826845714,1.2007728304027223
HTDPA_3h_140726,3,683,56.00170601220726,-45.41092653359715,101.4126325458044,1.2332209511465164
HTDPA_3h_140726,3,684,39.21227775020115,-45.40775808963037,84.62003583983153,0.8635589907962432
HTDPA_3h_140726,3,685,39.21227775020115,-45.70899474335171,84.92127249355286,0.857867865403111
HTDPA_3h_140726,3,686,39.26934581496889,-45.719113322471394,84.98845913744029,0.8589262337173896
HTDPA_3h_140726,3,687,39.26934581496889,-45.522693845442106,84.79203966041099,0.8626322938685377
HTDPA_3h_140726,3,688,38.97174054674267,-45.522693845442106,84.49443439218479,0.8560947794315266
HTDPA_3h_140726,3,689,38.97133171526309,-45.55046432491559,84.52179604017869,0.8555638738889038
HTDPA_3h_140726,3,690,39.2361102205698,-45.55046432491559,84.7865745454854,0.8613767346188849
HTDPA_3h_140726,3,691,39.25343746063098,-45.47041752610418,84.72385498673515,0.8632741812431327
HTDPA_3h_140726,3,692,38.37090857744599,-45.46747153456012,83.8383801120061,0.8439200000000002
HTDPA_3h_140726,3,693,38.365515609252064,-45.70072191811778,84.06623752736985,0.8394947387919114
HTDPA_3h_140726,3,694,38.70951723818336,-45.706547766701846,84.41606500488521,0.84691404469589
HTDPA_3h_140726,3,695,38.70951723818336,-45.638759900050324,84.34827713823368,0.8481719775681432
HTDPA_3h_140726,3,696,38.61146381758738,-45.63723279422953,84.24869661181691,0.8460518189540513
HTDPA_3h_140726,3,697,38.61146381758738,-45.61631024203908,84.22777405962646,0.8464398723332915
HTDPA_3h_140726,3,698,38.569642762117034,-45.62387963663901,84.19352239875604,0.8453827922854471
HTDPA_3h_140726,3,699,38.569642762117034,-45.898007155927374,84.4676499180444,0.8403337127707093
HTDPA_3h_140726,3,700,38.51673515887682,-45.898007155927374,84.41474231480419,0.8391809916283627
HTDPA_3h_140726,3,701,38.50591314912314,-45.7106541181806,84.21656726730373,0.8423837700849723
HTDPA_3h_140726,3,702,38.33009156399169,-45.7106541181806,84.04074568217229,0.8385373673475081
HTDPA_3h_140726,3,703,38.335117786299506,-45.5784933301776,83.91361111647711,0.8410790920312795
HTDPA_3h_140726,3,704,38.365617817121965,-45.57460943112156,83.94022724824353,0.8418200023218019
HTDPA_3h_140726,3,705,38.36376003878091,-45.480866777744126,83.84462681652504,0.843514267796542
HTDPA_3h_140726,3,706,38.509129690911045,-45.483674488052436,83.99280417896348,0.846658281775949
HTDPA_3h_140726,3,707,38.509129690911045,-45.69133683077028,84.20046652168134,0.8428103085173366
HTDPA_3h_140726,3,708,38.44795527466454,-45.69133683077028,84.13929210543482,0.8414714460438423
HTDPA_3h_140726,3,709,38.44795527466454,-45.57791615632408,84.02587143098862,0.8435654482928738
HTDPA_3h_140726,3,710,38.41325269672108,-45.572252637886315,83.9855053346074,0.8429087980782932
HTDPA_3h_140726,3,711,38.41325269672108,-45.56915032842358,83.98240302514466,0.8429661826009726
HTDPA_3h_140726,3,712,38.43704308149625,-45.57527077616206,84.01231385765831,0.8433749800473062
HTDPA_3h_140726,3,713,38.43704308149625,-45.67248849711597,84.10953157861222,0.8415797856935996
HTDPA_3h_140726,3,714,38.435389718894996,-45.67248849711597,84.10787821601096,0.8415435852881551
HTDPA_3h_140726,3,715,38.435389718894996,-45.58882834949237,84.02421806838737,0.8430879035592275
HTDPA_3h_140726,3,716,39.81455866635931,-45.58701866897245,85.40157733533175,0.8733749174402141
HTDPA_3h_140726,3,717,39.81455866635931,-45.548877096818366,85.36343576317768,0.874106261318578
HTDPA_3h_140726,3,718,38.97008718414142,-45.55179302722422,84.52188021136564,0.8555115966752568
HTDPA_3h_140726,3,719,38.97008718414142,-45.60602332054543,84.57611050468685,0.854494304628079
HTDPA_3h_140726,3,720,38.766062239146336,-45.60602332054543,84.37208555969177,0.8500206643029605
HTDPA_3h_140726,3,721,38.766062239146336,-45.65430150850213,84.42036374764847,0.8491217904610148
HTDPA_3h_140726,3,722,38.80177487133348,-45.65430150850213,84.45607637983561,0.8499040307101727
HTDPA_3h_140726,3,723,38.79524559211542,-45.638868120147855,84.43411371226327,0.8500483730223969
HTDPA_3h_140726,3,724,38.68820389119625,-45.638868120147855,84.32707201134411,0.8477029664571558
HTDPA_3h_140726,3,725,38.6936449572113,-45.60933004574795,84.30297500295924,0.8483712634761363
HTDPA_3h_140726,3,726,40.662469142787806,-45.60933004574795,86.27179918853577,0.8915384001914027
HTDPA_3h_140726,3,727,40.662469142787806,-45.855681073335205,86.51815021612302,0.8867487777088711
HTDPA_3h_140726,3,728,38.79086267816519,-45.855681073335205,84.64654375150039,0.8459336285100307
HTDPA_3h_140726,3,729,38.79086267816519,-47.62147233147739,86.41233500964259,0.8145666393545072
HTDPA_3h_140726,3,730,38.796153438489206,-47.62147233147739,86.4176257699666,0.8146777396641992
HTDPA_3h_140726,3,731,38.796153438489206,-45.683070017764,84.47922345625321,0.849245758295211
HTDPA_3h_140726,3,732,39.24356538284456,-45.66986716586451,84.91343254870907,0.8592879247999384
HTDPA_3h_140726,3,733,39.24356538284456,-45.529132941245535,84.7726983240901,0.8619440531294023
HTDPA_3h_140726,3,734,38.59543521869664,-45.53129133096863,84.12672654966528,0.8476683636786184
HTDPA_3h_140726,3,735,38.59543521869664,-45.48863457585621,84.08406979455285,0.8484632607368207
HTDPA_3h_140726,3,736,38.827898000433336,-45.48863457585621,84.31653257628955,0.8535736093745456
HTDPA_3h_140726,3,737,38.823190426190486,-45.56977560009826,84.39296602628875,0.8519504411627336
HTDPA_3h_140726,3,738,38.61762033869169,-45.56977560009826,84.18739593878995,0.8474393351765467
HTDPA_3h_140726,3,739,38.619243640154735,-45.73300156832195,84.35224520847669,0.8444502288453611
HTDPA_3h_140726,3,740,38.87386148074827,-45.73300156832195,84.60686304907023,0.8500177147278076
HTDPA_3h_140726,3,741,38.87386148074827,-46.40625081955369,85.28011230030197,0.8376858891683707
HTDPA_3h_140726,3,742,38.78755595296268,-46.40625081955369,85.19380677251637,0.8358261067842867
HTDPA_3h_140726,3,743,38.78755595296268,-45.63049308704404,84.41804904000671,0.8500358713847804
HTDPA_3h_140726,3,744,38.78491057280066,-45.63049308704404,84.4154036598447,0.8499778974295797
HTDPA_3h_140726,3,745,38.78491057280066,-45.867254611544,84.65216518434465,0.8455904086973448
HTDPA_3h_140726,3,746,38.87035033980597,-45.84881510936925,84.71916544917522,0.8477939996286354
HTDPA_3h_140726,3,747,38.87035033980597,-45.60690711800866,84.47725745781463,0.8522908654872883
HTDPA_3h_140726,3,748,38.84310893636491,-45.61164475338971,84.45475368975463,0.8516050922166802
HTDPA_3h_140726,3,749,38.84310893636491,-45.659261596305896,84.5023705326708,0.8507169756662807
HTDPA_3h_140726,3,750,39.19196844523007,-45.659261596305896,84.85123004153596,0.8583574739281576
HTDPA_3h_140726,3,751,39.19196844523007,-45.51012828967255,84.70209673490263,0.8611702475495715
HTDPA_3h_140726,3,752,40.21573056792825,-45.51012828967255,85.7258588576008,0.8836655065429525
HTDPA_3h_140726,3,753,40.21573056792825,-45.44730051082479,85.66303107875304,0.8848871135558323
HTDPA_3h_140726,3,754,39.443628269824266,-45.44635659108516,84.88998486090944,0.8679161813724271
HTDPA_3h_140726,3,755,39.443628269824266,-45.86593793369064,85.3095662035149,0.8599764890199947
HTDPA_3h_140726,3,756,39.829174391754414,-45.87849747723254,85.70767186898695,0.8681446991920313
HTDPA_3h_140726,3,757,39.8205949429108,-46.28693816201937,86.10753310493017,0.8602987478568088
HTDPA_3h_140726,3,758,39.88968746296042,-46.32391336201111,86.21360082497154,0.8611035762723964
HTDPA_3h_140726,3,759,39.908613955574076,-45.544440072819356,85.45305402839344,0.8762565505639248
HTDPA_3h_140726,3,760,38.6240413978122,-45.541397885633046,84.16543928344524,0.8481083847010531
HTDPA_3h_140726,3,761,38.6240413978122,-45.58446948445269,84.20851088226489,0.8473070287893895
HTDPA_3h_140726,3,762,38.91420352821894,-45.593127092255635,84.50733062047458,0.85351029881056
HTDPA_3h_140726,3,763,38.91420352821894,-45.6341304847668,84.54833401298575,0.8527433987420655
HTDPA_3h_140726,3,764,38.85335978449269,-45.6341304847668,84.4874902692595,0.8514101040549549
HTDPA_3h_140726,3,765,38.85335978449269,-45.59048171209363,84.44384149658632,0.8522252524080305
HTDPA_3h_140726,3,766,38.97570861698569,-45.59048171209363,84.56619032907932,0.854908901009632
HTDPA_3h_140726,3,767,38.97570861698569,-45.49491735374099,84.47062597072667,0.856704680084022
HTDPA_3h_140726,3,768,40.53614622782415,-45.490774928896386,86.02692115672053,0.8910849791234269
HTDPA_3h_140726,3,769,40.53614622782415,-45.801775440306585,86.33792166813073,0.8850343865087691
HTDPA_3h_140726,3,770,40.71471540098752,-45.81368566326327,86.5284010642508,0.8887020289143759
HTDPA_3h_140726,3,771,40.71471540098752,-51.99296304920019,92.70767845018771,0.7830812674103566
HTDPA_3h_140726,3,772,39.04018975843471,-51.99296304920019,91.0331528076349,0.7508744927941794
HTDPA_3h_140726,3,773,39.04018975843471,-45.56501992803427,84.60520968646898,0.8568017707463987
HTDPA_3h_140726,3,774,38.817538932208016,-45.55525005811775,84.37278899032577,0.8520980322286893
HTDPA_3h_140726,3,775,38.817538932208016,-45.61573306818555,84.43327200039357,0.8509682147206596
HTDPA_3h_140726,3,776,38.63809197380907,-45.621234256477,84.25932623028606,0.8469321929474867
HTDPA_3h_140726,3,777,38.63809197380907,-51.27540368025477,89.91349565406384,0.7535404736108962
HTDPA_3h_140726,3,778,39.15096505271891,-51.27540368025477,90.42636873297369,0.7635427952329362
HTDPA_3h_140726,3,779,39.15096505271891,-53.984272966153796,93.13523801887271,0.7252290880580194
HTDPA_3h_140726,3,780,38.73901923921743,-53.52272627461461,92.26174551383204,0.7237863602174358
HTDPA_3h_140726,3,781,38.73901923921743,-45.533269353862494,84.27228859307992,0.8507849269103993
HTDPA_3h_140726,3,782,38.91916361602271,-45.53757410885341,84.45673772487612,0.8546604507958637
HTDPA_3h_140726,3,783,38.91916361602271,-45.84013946488338,84.75930308090608,0.8490193108124682
HTDPA_3h_140726,3,784,38.82062320498781,-45.84013946488338,84.66076266987119,0.8468696574260428
HTDPA_3h_140726,3,785,38.81667317142772,-45.74744895134311,84.56412212277084,0.8484991854455766
HTDPA_3h_140726,3,786,38.917510253421455,-45.758132679861056,84.67564293328252,0.8505047731230895
HTDPA_3h_140726,3,787,38.92254850018456,-45.57132675482961,84.49387525501417,0.8541017186000532
HTDPA_3h_140726,3,788,39.76453693238674,-45.55267682468743,85.31721375707417,0.8729352412246433
HTDPA_3h_140726,3,789,39.76453693238674,-45.71760425333352,85.48214118572025,0.8697861049769967
HTDPA_3h_140726,3,790,38.695959664853056,-45.7326708958017,84.42863056065475,0.8461338230828189
HTDPA_3h_140726,3,791,38.695959664853056,-45.47706103764742,84.17302070250048,0.8508896305506475
HTDPA_3h_140726,3,792,38.85964256237747,-45.47706103764742,84.33670360002489,0.854488871438024
HTDPA_3h_140726,3,793,38.85964256237747,-45.415886621400915,84.27552918377839,0.8556398532152844
HTDPA_3h_140726,3,794,38.956830222193155,-45.41304884995439,84.36987907214754,0.8578334027056251
HTDPA_3h_140726,3,795,38.95818297341237,-45.32660504093305,84.28478801434542,0.8594992485810583
HTDPA_3h_140726,3,796,38.62023565771549,-45.32660504093305,83.94684069864854,0.8520434218013626
HTDPA_3h_140726,3,797,38.61603311059448,-45.424929011772875,84.04096212236735,0.8501066253859478
HTDPA_3h_140726,3,798,38.94826279780484,-45.43175890237297,84.3800217001778,0.8572915453592643
HTDPA_3h_140726,3,799,38.94826279780484,-45.3920781999428,84.34034099774763,0.8580409697534825
HTDPA_3h_140726,3,800,38.85501314709395,-45.3920781999428,84.24709134703676,0.8559866542339299
HTDPA_3h_140726,3,801,38.85501314709395,-45.583537589168344,84.4385507362623,0.8523913500808844
HTDPA_3h_140726,3,802,45.40090415011969,-45.577326958015256,90.97823110813495,0.9961291541283657
HTDPA_3h_140726,3,803,45.40090415011969,-45.23345158586442,90.63435573598412,1.0037019630026995
HTDPA_3h_140726,3,804,38.69232226713029,-45.236992787944935,83.92931505507522,0.8553248101284329
HTDPA_3h_140726,3,805,38.69232226713029,-45.5742787586013,84.26660102573159,0.8489947251184491
HTDPA_3h_140726,3,806,38.72538951915543,-45.5742787586013,84.29966827775672,0.8497202934198212
HTDPA_3h_140726,3,807,38.72538951915543,-45.45722068643233,84.18261020558776,0.8519084302642779
HTDPA_3h_140726,3,808,39.02306092188568,-45.45501419888811,84.47807512077378,0.8584984871226866
HTDPA_3h_140726,3,809,39.02306092188568,-45.46105047543961,84.4841113973253,0.8583844964816186
HTDPA_3h_140726,3,810,38.92147832366447,-45.46449548187787,84.38597380554233,0.8560851255718556
HTDPA_3h_140726,3,811,38.92147832366447,-45.53426738365089,84.45574570731537,0.854773351149584
HTDPA_3h_140726,3,812,38.786563935401915,-45.53426738365089,84.32083131905281,0.8518104312210425
HTDPA_3h_140726,3,813,38.782066789126496,-45.55669299275158,84.33875978187808,0.8512924060422257
HTDPA_3h_140726,3,814,38.552255399779455,-45.55669299275158,84.10894839253103,0.8462478917403732
HTDPA_3h_140726,3,815,38.55443182618548,-49.77117438563139,88.32560621181688,0.7746337574328142
HTDPA_3h_140726,3,816,42.628647948202314,-49.77117438563139,92.3998223338337,0.8564927083679368
HTDPA_3h_140726,3,817,42.628647948202314,-45.52732326072562,88.15597120892794,0.9363310841728342
HTDPA_3h_140726,3,818,38.80144419881323,-45.52732326072562,84.32876745953885,0.8522671973620178
HTDPA_3h_140726,3,819,38.80070469481339,-45.4541003402867,84.25480503510009,0.8536238624092556
HTDPA_3h_140726,3,820,38.75253472695423,-45.4541003402867,84.20663506724094,0.8525641127387409
HTDPA_3h_140726,3,821,38.756472736059045,-45.44267109554127,84.19914383160031,0.8528651991995633
HTDPA_3h_140726,3,822,38.90659806025317,-45.44267109554127,84.34926915579445,0.8561688193560125
HTDPA_3h_140726,3,823,38.90659806025317,-45.46383413683736,84.37043219709054,0.8557702798042026
HTDPA_3h_140726,3,824,38.89766990220637,-45.46383413683736,84.36150403904372,0.8555739004574909
HTDPA_3h_140726,3,825,38.89766990220637,-45.47970641780943,84.3773763200158,0.8552753077353727
HTDPA_3h_140726,3,826,38.728365571837685,-45.47970641780943,84.20807198964712,0.8515526730988751
HTDPA_3h_140726,3,827,38.728365571837685,-45.32230629816978,84.05067187000746,0.8545100356775451
HTDPA_3h_140726,3,828,38.752438531311974,-45.32096557140585,84.07340410271783,0.8550664806612566
HTDPA_3h_140726,3,829,38.752438531311974,-45.375243962548204,84.12768249386018,0.8540436402567321
HTDPA_3h_140726,3,830,38.93701993211628,-45.376536591491,84.31355652360728,0.8580870832574238
HTDPA_3h_140726,3,831,38.93701993211628,-45.54947831958246,84.48649825169875,0.8548291082266165
HTDPA_3h_140726,3,832,38.79846814613098,-45.54947831958246,84.34794646571345,0.8517873217759968
HTDPA_3h_140726,3,833,38.7950051030098,-45.524178865669406,84.3191839686792,0.8521846207810637
HTDPA_3h_140726,3,834,38.66619913803043,-45.524178865669406,84.19037800369983,0.8493552240035964
HTDPA_3h_140726,3,835,38.66884451819244,-45.453913961229816,84.12275847942226,0.8507263984169824
HTDPA_3h_140726,3,836,38.82525262027132,-45.453913961229816,84.27916658150113,0.8541674244683868
HTDPA_3h_140726,3,837,38.82525262027132,-45.433742937494486,84.25899555776581,0.8545466455115793
HTDPA_3h_140726,3,838,38.85369045701294,-45.433742937494486,84.28743339450742,0.8551725643750271
HTDPA_3h_140726,3,839,38.85369045701294,-45.59841785257965,84.45210830959259,0.8520841793815629
HTDPA_3h_140726,3,840,38.82723665539283,-45.59841785257965,84.42565450797248,0.851504032024134
HTDPA_3h_140726,3,841,38.82723665539283,-45.45722068643233,84.28445734182516,0.8541489353963438
HTDPA_3h_140726,3,842,38.55194276394213,-45.45501419888811,84.00695696283023,0.8481339945304683
HTDPA_3h_140726,3,843,38.55194276394213,-45.43110958178776,83.98305234572989,0.8485802596244904
HTDPA_3h_140726,3,844,38.839802211162386,-45.43308159245398,84.27288380361637,0.8548793269090803
HTDPA_3h_140726,3,845,38.83841338657733,-45.509436883493834,84.34785027007116,0.8534145013924339
HTDPA_3h_140726,3,846,38.73396896799904,-45.509436883493834,84.24340585149287,0.851119495658883
HTDPA_3h_140726,3,847,38.736746617169146,-45.323598927112585,84.06034554428173,0.8546705807600115
HTDPA_3h_140726,3,848,38.761763496383075,-45.321975625649536,84.08373912203261,0.8552531737924997
HTDPA_3h_140726,3,849,38.75681543303458,-45.360237442356436,84.11705287539101,0.8544226754166918
HTDPA_3h_140726,3,850,38.83517279587887,-45.363971035721455,84.19914383160032,0.8560796576935131
HTDPA_3h_140726,3,851,38.83517279587887,-45.52699258820537,84.36216538408424,0.853014235909355
HTDPA_3h_140726,3,852,38.76738492922735,-45.52699258820537,84.29437751743271,0.8515252760023243
HTDPA_3h_140726,3,853,38.76738492922735,-45.50417618430802,84.27156111353537,0.8519522421899413
HTDPA_3h_140726,3,854,38.75554084077469,-45.49976922144721,84.2553100622219,0.851774448616467
HTDPA_3h_140726,3,855,38.75554084077469,-45.351796274748565,84.10733711552325,0.8545536014932532
HTDPA_3h_140726,3,856,38.814009754582784,-45.3533895150734,84.16739926965619,0.8558127665779593
HTDPA_3h_140726,3,857,38.814009754582784,-47.28319434326027,86.09720409784305,0.8208838318495569
HTDPA_3h_140726,3,858,43.10845377508702,-47.28319434326027,90.39164811834729,0.9117077298571239
HTDPA_3h_140726,3,859,42.8914243817046,-45.51157723653401,88.40300161823862,0.9424288716426619
HTDPA_3h_140726,3,860,38.60667808438517,-45.51641106755732,84.1230891519425,0.8481924909915143
HTDPA_3h_140726,3,861,38.60667808438517,-45.51740308511808,84.12408116950326,0.8481740052742075
HTDPA_3h_140726,3,862,39.051077902692434,-45.5067434055107,84.55782130820313,0.8581382665577316
HTDPA_3h_140726,3,863,39.05837674704853,-45.34975211735065,84.40812886439917,0.8612699060841159
HTDPA_3h_140726,3,864,39.052424641684006,-45.34975211735065,84.40217675903466,0.8611386571778569
HTDPA_3h_140726,3,865,39.05110195160301,-45.44642873781686,84.49753068941988,0.8592776822330997
HTDPA_3h_140726,3,866,39.245537393510794,-45.45589799635133,84.70143538986213,0.8633761321063543
HTDPA_3h_140726,3,867,39.24924092573761,-45.35026916892777,84.59951009466538,0.8654687534386158
HTDPA_3h_140726,3,868,39.20429351189399,-45.342465297449834,84.54675880934383,0.8646264214949717
HTDPA_3h_140726,3,869,39.20429351189399,-45.28623894455181,84.4905324564458,0.8656999217774627
HTDPA_3h_140726,3,870,39.52131827540041,-45.28990039118514,84.81121866658555,0.8726298343348204
HTDPA_3h_140726,3,871,39.52131827540041,-45.34512270206712,84.86644097746753,0.8715671260847371
HTDPA_3h_140726,3,872,39.57687125880263,-45.34512270206712,84.92199396086976,0.8727922409392547
HTDPA_3h_140726,3,873,39.57687125880263,-45.31370881264325,84.89058007144588,0.8733973072572698
HTDPA_3h_140726,3,874,39.63842444539052,-45.304419920938,84.94284436632853,0.8749350397723805
HTDPA_3h_140726,3,875,39.63842444539052,-45.55498552010155,85.19340996549207,0.8701226439398099
HTDPA_3h_140726,3,876,39.65127257585919,-45.56601194559502,85.21728452145422,0.8701940521633115
HTDPA_3h_140726,3,877,39.65127257585919,-45.37157650368723,85.02284907954642,0.8739231834414402
HTDPA_3h_140726,3,878,39.87811392475162,-45.37157650368723,85.24969042843884,0.8789228190365135
HTDPA_3h_140726,3,879,39.87811392475162,-45.42646814204896,85.30458206680058,0.8778607617051013
HTDPA_3h_140726,3,880,39.63224387537564,-45.41932561561153,85.05156949098716,0.8725854762967518
HTDPA_3h_140726,3,881,39.63224387537564,-45.259256066899304,84.89149994227495,0.8756715712868507
HTDPA_3h_140726,3,882,39.725343220395494,-45.26212389948403,84.98746711987953,0.8776729812462103
HTDPA_3h_140726,3,883,39.725343220395494,-45.527323260725616,85.25266648112111,0.8725604840174026
HTDPA_3h_140726,3,884,39.99550266944083,-45.527323260725616,85.52282593016645,0.8784944908883576
HTDPA_3h_140726,3,885,39.99550266944083,-45.32958109361532,85.32508376305614,0.8823267655362076
HTDPA_3h_140726,3,886,39.73327936088153,-45.32958109361532,85.06286045449684,0.876541949038174
HTDPA_3h_140726,3,887,39.73327936088153,-45.314700830204,85.04798019108554,0.8768297844393527
HTDPA_3h_140726,3,888,41.07491397118349,-45.31353445804166,86.38844842922515,0.9064601660949017
HTDPA_3h_140726,3,889,41.07491397118349,-45.27818255951296,86.35309653069646,0.9071679040384459
HTDPA_3h_140726,3,890,40.152572116560236,-45.28163357817886,85.43420569473909,0.8867297609136984
HTDPA_3h_140726,3,891,40.142585806448636,-47.28400599399179,87.42659180044043,0.8489675306180574
HTDPA_3h_140726,3,892,50.79262180068779,-47.37710533901165,98.16972713969943,1.0720921305182338
HTDPA_3h_140726,3,893,51.42099578480761,-45.182984947046435,96.60398073185405,1.1380610609297284
HTDPA_3h_140726,3,894,39.85440771116342,-45.178620069779114,85.03302778094253,0.8821519481915923
HTDPA_3h_140726,3,895,39.85440771116342,-45.555851280881846,85.41025899204527,0.8748471730982422
HTDPA_3h_140726,3,896,40.00145477480537,-45.563366565433014,85.56482134023838,0.877930183612744
HTDPA_3h_140726,3,897,39.99237631106757,-45.4435428685492,85.43591917961677,0.8800452998735205
HTDPA_3h_140726,3,898,39.56463637555335,-45.44763118334504,85.01226755889839,0.8705544237485451
HTDPA_3h_140726,3,899,39.56987302582859,-45.23194852895419,84.80182155478278,0.8748213223778951
HTDPA_3h_140726,3,900,39.54465774310251,-45.22943541780028,84.7740931609028,0.8743124334366443
HTDPA_3h_140726,3,901,39.54465774310251,-45.11262985919221,84.65728760229473,0.8765762019756168
HTDPA_3h_140726,3,902,39.68632386300583,-45.11530530049243,84.80162916349826,0.8796643090116174
HTDPA_3h_140726,3,903,39.68632386300583,-45.30974074240023,84.99606460540606,0.8758894492165549
HTDPA_3h_140726,3,904,39.91647193710077,-45.30974074240023,85.226212679501,0.8809688884347884
HTDPA_3h_140726,3,905,39.91647193710077,-45.529637968367375,85.44610990546815,0.8767140201034223
HTDPA_3h_140726,3,906,39.56084265991191,-45.522639735393334,85.08348239530525,0.8690366571416949
HTDPA_3h_140726,3,907,39.56084265991191,-45.249227671194234,84.81007033110615,0.8742876883420585
HTDPA_3h_140726,3,908,39.78982436184451,-45.250881033795494,85.04070539564,0.8793160144689247
HTDPA_3h_140726,3,909,39.78982436184451,-45.360333637998686,85.1501579998432,0.8771942613868317
HTDPA_3h_140726,3,910,39.92771480278931,-45.360333637998686,85.288048440788,0.8802341517466611
HTDPA_3h_140726,3,911,39.92771480278931,-45.19003729006925,85.11775209285855,0.8835512691989665
HTDPA_3h_140726,3,912,39.86619167733965,-45.187133384118674,85.05332506145832,0.8822465310745048
HTDPA_3h_140726,3,913,39.86619167733965,-46.50970322057124,86.37589489791088,0.8571585909347802
HTDPA_3h_140726,3,914,39.90522907141223,-46.58051523772617,86.4857443091384,0.8566935953317335
HTDPA_3h_140726,3,915,39.90522907141223,-45.52963796836738,85.43486703977962,0.8764670850037766
HTDPA_3h_140726,3,916,39.83975591240247,-45.52963796836738,85.36939388076985,0.8750290511881936
HTDPA_3h_140726,3,917,39.83975591240247,-45.23765413298545,85.07741004538792,0.8806768758451811
HTDPA_3h_140726,3,918,39.553267253084336,-45.234798324855994,84.78806557794033,0.8743991068343124
HTDPA_3h_140726,3,919,39.553267253084336,-45.996066588751,85.54933384183533,0.8599271673973456
HTDPA_3h_140726,3,920,39.33085090373564,-46.04614844499998,85.37699934873561,0.85416157989228
HTDPA_3h_140726,3,921,39.33085090373564,-45.25121170631574,84.58206261005138,0.8691668006372126
HTDPA_3h_140726,3,922,39.206848708641374,-45.25121170631574,84.45806041495712,0.8664264940151701
HTDPA_3h_140726,3,923,39.206848708641374,-45.39472358010482,84.60157228874618,0.8636873543123543
HTDPA_3h_140726,3,924,39.374830348929066,-45.39472358010482,84.76955392903389,0.8673878205128207
HTDPA_3h_140726,3,925,39.374830348929066,-45.14242044715306,84.51725079608212,0.8722356922581069
HTDPA_3h_140726,3,926,39.14515724081776,-45.139348198828536,84.2845054396463,0.8672069669325367
HTDPA_3h_140726,3,927,39.14515724081776,-45.2631760393212,84.40833328013896,0.864834522588769
HTDPA_3h_140726,3,928,39.56099897783058,-45.26576129720681,84.82676027503739,0.8739718021769304
HTDPA_3h_140726,3,929,39.56099897783058,-45.327266385973545,84.88826536380412,0.872785899792816
HTDPA_3h_140726,3,930,39.35995008551776,-45.327266385973545,84.6872164714913,0.8683504041553592
HTDPA_3h_140726,3,931,39.35995008551776,-45.25782515672077,84.61777524223854,0.8696827553957887
HTDPA_3h_140726,3,932,42.99928374558295,-45.256153757436586,88.25543750301954,0.9501312015168151
HTDPA_3h_140726,3,933,42.99928374558295,-52.43718250067821,95.43646624626116,0.820015143739403
HTDPA_3h_140726,3,934,39.47733883020698,-52.844114116327155,92.32145294653414,0.747052713255907
HTDPA_3h_140726,3,935,39.47733883020698,-46.03755095947344,85.51488978968042,0.857503016721255
HTDPA_3h_140726,3,936,39.66879821943251,-46.03755095947344,85.70634917890595,0.8616617824513014
HTDPA_3h_140726,3,937,39.66879821943251,-45.37620591897075,85.04500413840326,0.8742202530169649
HTDPA_3h_140726,3,938,39.3596194129975,-45.37620591897075,84.73582533196824,0.8674065761091355
HTDPA_3h_140726,3,939,39.356691458136375,-45.29239546565614,84.64908692379251,0.8689470065229684
HTDPA_3h_140726,3,940,39.30351931687996,-45.29239546565614,84.5959147825361,0.8677730314944951
HTDPA_3h_140726,3,941,39.31101055252056,-45.14242044715304,84.4534309996736,0.8708219489147873
HTDPA_3h_140726,3,942,39.40789760095421,-45.14242044715304,84.55031804810724,0.8729682017624182
HTDPA_3h_140726,3,943,39.40789760095421,-45.22277386957413,84.63067147052834,0.8714170810178417
HTDPA_3h_140726,3,944,39.281580698218185,-45.22277386957413,84.50435456779232,0.8686238666276689
HTDPA_3h_140726,3,945,39.27725790654435,-45.1694093370332,84.44666724357755,0.8695543838856881
HTDPA_3h_140726,3,946,39.575752984461424,-45.1694093370332,84.74516232149463,0.8761627297174841
HTDPA_3h_140726,3,947,39.58381538172791,-47.25806323172117,86.84187861344907,0.8376097680439419
HTDPA_3h_140726,3,948,39.24454537595003,-47.25806323172117,86.50260860767119,0.8304306755763914
HTDPA_3h_140726,3,949,39.241521225446654,-46.23985039513558,85.48137162058224,0.8486515611558909
HTDPA_3h_140726,3,950,39.38375850697585,-46.295475525269495,85.67923403224535,0.8507042655924116
HTDPA_3h_140726,3,951,39.39438812544501,-45.34456957712417,84.73895770256918,0.8687785217244414
HTDPA_3h_140726,3,952,39.04306961547471,-45.33703024366243,84.38009985913715,0.8611739543953136
HTDPA_3h_140726,3,953,39.04306961547471,-45.12785281957906,84.17092243505377,0.8651656831883562
HTDPA_3h_140726,3,954,38.88245896627481,-45.133822961626514,84.01628192790133,0.8614926991523251
HTDPA_3h_140726,3,955,38.88018634422654,-48.228791494398656,87.1089778386252,0.8061613227182383
HTDPA_3h_140726,3,956,39.161877245887204,-48.399544771628804,87.56142201751601,0.8091373055401835
HTDPA_3h_140726,3,957,39.172572998860424,-45.06818747247044,84.24076047133087,0.8691845666699751
HTDPA_3h_140726,3,958,38.939346664213325,-45.06130948404921,84.00065614826254,0.8641414799096565
HTDPA_3h_140726,3,959,38.939346664213325,-45.01879101017253,83.95813767438585,0.8649576274808117
HTDPA_3h_140726,3,960,38.92709975650874,-45.02304766734232,83.95014742385106,0.8646038367754633
HTDPA_3h_140726,3,961,38.919145579339784,-50.36584983382379,89.28499541316357,0.772728857107523
HTDPA_3h_140726,3,962,39.098057449478695,-50.65175530706073,89.74981275653943,0.7718993589157713
HTDPA_3h_140726,3,963,39.11069515197993,-45.206973735333754,84.31766888731369,0.8651473859089804
HTDPA_3h_140726,3,964,38.936845577514696,-45.197979442782916,84.13482502029761,0.8614731467543959
HTDPA_3h_140726,3,965,38.936845577514696,-45.32959913029823,84.26644470781292,0.8589717607162639
HTDPA_3h_140726,3,966,39.13707680686835,-45.34809875474939,84.48517556161774,0.8630367729092381
HTDPA_3h_140726,3,967,39.13707680686835,-45.211861676405825,84.34893848327417,0.8656373649681484
HTDPA_3h_140726,3,968,49.27053618997086,-45.211861676405825,94.48239786637669,1.089770125871262
HTDPA_3h_140726,3,969,49.27053618997086,-45.36959246856572,94.64012865853658,1.085981458266523
HTDPA_3h_140726,3,970,39.00848728208406,-45.36278662687619,84.37127390896026,0.8599226410613102
HTDPA_3h_140726,3,971,39.00848728208406,-45.03670744854251,84.04519473062658,0.8661487371529969
HTDPA_3h_140726,3,972,38.98728215519449,-45.04123465595614,84.02851681115064,0.8655908847303082
HTDPA_3h_140726,3,973,38.98728215519449,-45.118281353174694,84.10556350836919,0.8641127495529304
HTDPA_3h_140726,3,974,38.77565174223363,-45.118281353174694,83.89393309540833,0.8594221805282755
HTDPA_3h_140726,3,975,38.77565174223363,-45.10902252260767,83.8846742648413,0.859598580811635
HTDPA_3h_140726,3,976,38.879813586112796,-45.10902252260767,83.98883610872046,0.8619076941121274
HTDPA_3h_140726,3,977,38.879813586112796,-45.00684471385,83.88665829996279,0.8638644595795953
HTDPA_3h_140726,3,978,38.815254285704455,-45.0032313650378,83.81848565074225,0.8624992719047132
HTDPA_3h_140726,3,979,38.815254285704455,-45.01316356510062,83.82841785080507,0.8623089605681149
HTDPA_3h_140726,3,980,38.90196864496965,-45.01709556197778,83.91906420694744,0.8641598965755339
HTDPA_3h_140726,3,981,38.90196864496965,-45.049832141482675,83.95180078645232,0.8635319333220786
HTDPA_3h_140726,3,982,39.156586485563174,-45.049832141482675,84.20641862704585,0.8691838487341911
HTDPA_3h_140726,3,983,39.156586485563174,-45.177802406819936,84.33438889238312,0.8667218058320647
HTDPA_3h_140726,3,984,38.904944697651906,-45.177802406819936,84.08274710447185,0.8611517742124373
HTDPA_3h_140726,3,985,38.904944697651906,-45.12125740585697,84.02620210350888,0.8622309513165705
HTDPA_3h_140726,3,986,38.88925278350906,-45.10935920735556,83.99861199086462,0.8621105124713843
HTDPA_3h_140726,3,987,38.88925278350906,-45.09192374719685,83.98117653070591,0.8624438602694704
HTDPA_3h_140726,3,988,39.009437214051324,-45.099763692040625,84.10920090609196,0.8649587940288002
HTDPA_3h_140726,3,989,39.009437214051324,-45.211200331365326,84.22063754541665,0.8628268422014993
HTDPA_3h_140726,3,990,39.08879861891166,-45.211200331365326,84.29999895027699,0.8645821905284332
HTDPA_3h_140726,3,991,39.08879861891166,-45.21384571152734,84.302644330439,0.8645316053915296
HTDPA_3h_140726,3,992,38.93703796879921,-45.2068775396915,84.14391550849071,0.8613078382733382
HTDPA_3h_140726,3,993,38.93703796879921,-44.95467661460961,83.89171458340883,0.8661398746697967
HTDPA_3h_140726,3,994,38.91056613049618,-44.95625181825154,83.86681794874772,0.8655206908218958
HTDPA_3h_140726,3,995,38.907962835927655,-48.75243247301341,87.66039530894106,0.7980722368563847
HTDPA_3h_140726,3,996,38.68240209152275,-48.949453172806805,87.63185526432956,0.7902519759508209
HTDPA_3h_140726,3,997,38.68792732872476,-44.92166948486089,83.60959681358565,0.8612308440977028
HTDPA_3h_140726,3,998,38.59006028718564,-44.91677553156117,83.50683581874682,0.8591458275999798
HTDPA_3h_140726,3,999,38.59006028718564,-45.37548445165384,83.96554473883948,0.8504605681577273
HTDPA_3h_140726,3,1000,38.75184332077553,-45.38976349230106,84.14160681307658,0.8537573307106691
HTDPA_3h_140726,3,1001,38.74647440149217,-45.12621749366074,83.87269189515291,0.8586244660752969
HTDPA_3h_140726,3,1002,38.43836577157725,-45.1285322013025,83.56689797287976,0.8517530683275324
HTDPA_3h_140726,3,1003,38.441654460096835,-44.9590655407875,83.40072000088433,0.8550367761808133
HTDPA_3h_140726,3,1004,38.594725775835016,-44.95549427756879,83.5502200534038,0.8585096526253172
HTDPA_3h_140726,3,1005,38.594725775835016,-45.19316966067016,83.78789543650518,0.8539946648049006
HTDPA_3h_140726,3,1006,40.99611771572142,-45.20061881071729,86.19673652643871,0.9069813377422399
HTDPA_3h_140726,3,1007,40.99611771572142,-44.97906822214888,85.9751859378703,0.9114487991001522
HTDPA_3h_140726,3,1008,38.42229508709303,-44.97853313388884,83.40082822098188,0.8542362858459686
HTDPA_3h_140726,3,1009,38.42229508709303,-45.199205937221656,83.62150102431468,0.8500657100139934
HTDPA_3h_140726,3,1010,38.53426080245015,-45.204586880960285,83.73884768341043,0.8524413883910614
HTDPA_3h_140726,3,1011,38.53426080245015,-45.03462120555111,83.56888200800125,0.8556585971172839
HTDPA_3h_140726,3,1012,38.4033144844306,-45.03462120555111,83.43793568998171,0.8527509159929803
HTDPA_3h_140726,3,1013,38.400843458870185,-45.014366010628805,83.41520946949899,0.853079735695999
HTDPA_3h_140726,3,1014,39.82322228638989,-45.01874892457905,84.84197121096895,0.8845919364197938
HTDPA_3h_140726,3,1015,39.89416056032526,-45.06181451117105,84.95597507149631,0.8853207753193183
HTDPA_3h_140726,3,1016,38.55086056296677,-45.0483230723448,83.59918363531156,0.8557668284578871
HTDPA_3h_140726,3,1017,38.55086056296677,-45.13230186803336,83.68316243100013,0.8541744818531372
HTDPA_3h_140726,3,1018,38.77102232695011,-45.143743137234054,83.91476546418417,0.8588349045201837
HTDPA_3h_140726,3,1019,38.77102232695011,-45.16986626633391,83.94088859328403,0.8583382137628112
HTDPA_3h_140726,3,1020,38.51309776115406,-45.16986626633391,83.68296402748797,0.852628111273792
HTDPA_3h_140726,3,1021,38.51309776115406,-45.18408518470472,83.69718294585877,0.8523597988920032
HTDPA_3h_140726,3,1022,38.44855649742863,-45.17224710847972,83.62080360590835,0.8511543914363091
HTDPA_3h_140726,3,1023,38.44855649742863,-45.143965589656766,83.5925220870854,0.8516876174971619
HTDPA_3h_140726,3,1024,44.478760699008596,-45.15035658763908,89.62911728664767,0.9851253469653803
HTDPA_3h_140726,3,1025,44.478760699008596,-45.01941026961955,89.49817096862814,0.9879907451614087
HTDPA_3h_140726,3,1026,38.559061241469,-45.01941026961955,83.57847151108855,0.8564985860663266
HTDPA_3h_140726,3,1027,38.559061241469,-45.11728933561394,83.67635057708294,0.8546404673082141
HTDPA_3h_140726,3,1028,38.58558718982079,-45.11053760397318,83.69612479379397,0.8553564031660379
HTDPA_3h_140726,3,1029,38.58558718982079,-45.21245688694228,83.79804407676306,0.853428232982504
HTDPA_3h_140726,3,1030,39.24322268586903,-45.22343521461462,84.46665790048365,0.8677629750954214
HTDPA_3h_140726,3,1031,39.24322268586903,-44.97939889466914,84.22262158053817,0.8724710345233193
HTDPA_3h_140726,3,1032,38.394055653863575,-44.97939889466914,83.37345454853272,0.8535920131741457
HTDPA_3h_140726,3,1033,38.394055653863575,-45.123902786018974,83.51795843988255,0.8508584870402534
HTDPA_3h_140726,3,1034,38.57493352244106,-45.123902786018974,83.69883630846003,0.8548669583250892
HTDPA_3h_140726,3,1035,38.5707971098241,-45.07631600424099,83.64711311406509,0.8556776713118077
HTDPA_3h_140726,3,1036,38.5477823024146,-45.07631600424099,83.62409830665558,0.8551670970357882
HTDPA_3h_140726,3,1037,38.55873056894874,-45.17978644194145,83.73851701089019,0.853450925858157
HTDPA_3h_140726,3,1038,38.588821768291616,-45.17978644194145,83.76860821023307,0.8541169582082998
HTDPA_3h_140726,3,1039,38.588821768291616,-46.20487125472062,84.79369302301224,0.8351678236599156
HTDPA_3h_140726,3,1040,51.01946314958022,-46.20487125472062,97.22433440430083,1.1042009589923423
HTDPA_3h_140726,3,1041,51.01946314958022,-45.10703848748615,96.12650163706637,1.1310754343523202
HTDPA_3h_140726,3,1042,38.34973952392226,-45.1054151860231,83.45515470994536,0.850224731681569
HTDPA_3h_140726,3,1043,38.34973952392226,-44.83467255089658,83.18441207481884,0.8553589742489457
HTDPA_3h_140726,3,1044,38.46581159075811,-44.83720971096106,83.30302130171917,0.8578993170789265
HTDPA_3h_140726,3,1045,38.46581159075811,-45.04024263839539,83.5060542291535,0.8540320686009629
HTDPA_3h_140726,3,1046,38.60370203170293,-45.04024263839539,83.64394467009832,0.8570935627863268
HTDPA_3h_140726,3,1047,38.60370203170293,-44.976092169466625,83.57979420116956,0.8583160557001486
HTDPA_3h_140726,3,1048,38.47551532617059,-44.97139060745141,83.44690593362199,0.8555553832439304
HTDPA_3h_140726,3,1049,38.47551532617059,-44.87161167752247,83.34712700369306,0.8574578422250904
HTDPA_3h_140726,3,1050,38.45523007011007,-44.87424503322921,83.32947510333928,0.8569554772817708
HTDPA_3h_140726,3,1051,38.45523007011007,-44.98006023970964,83.4352903098197,0.8549394968608942
HTDPA_3h_140726,3,1052,38.56005325902975,-44.98006023970964,83.54011349873939,0.8572699336891477
HTDPA_3h_140726,3,1053,38.56005325902975,-44.980721584750135,83.54077484377989,0.8572573293733644
HTDPA_3h_140726,3,1054,38.43403095544814,-44.979855823969835,83.41388677941796,0.8544720798097041
HTDPA_3h_140726,3,1055,38.43403095544814,-44.963310173502,83.39734112895013,0.8547865094260402
HTDPA_3h_140726,3,1056,47.8598872185786,-44.97047073662235,92.83035795520095,1.0642514173106756
HTDPA_3h_140726,3,1057,47.8598872185786,-44.88052781111398,92.74041502969257,1.0663842328237243
HTDPA_3h_140726,3,1058,38.49325740993898,-44.88052781111398,83.37378522105296,0.8576828145146437
HTDPA_3h_140726,3,1059,38.49237361247576,-44.958813027226576,83.45118663970234,0.8561697033497123
HTDPA_3h_140726,3,1060,38.44398720442154,-44.964187958737575,83.40817516315911,0.8549912485843301
HTDPA_3h_140726,3,1061,38.45011967661527,-44.85083341879542,83.30095309541069,0.8572888560974248
HTDPA_3h_140726,3,1062,38.567502409076866,-44.84369089235798,83.41119330143485,0.860042999173588
HTDPA_3h_140726,3,1063,38.567502409076866,-44.86564754770267,83.43314995677954,0.8596221054888508
HTDPA_3h_140726,3,1064,38.57724823008282,-44.86895427290519,83.44620250298802,0.8597759599086152
HTDPA_3h_140726,3,1065,38.57724823008282,-44.91194170053786,83.48918993062068,0.8589530260639082
HTDPA_3h_140726,3,1066,38.47176369612264,-44.91194170053786,83.3837053966605,0.856604329259314
HTDPA_3h_140726,3,1067,38.47176369612264,-46.08020771458586,84.5519714107085,0.8348869417952971
HTDPA_3h_140726,3,1068,38.192291306461485,-45.983296617241656,84.17558792370315,0.8305687959775616
HTDPA_3h_140726,3,1069,38.20028155699628,-44.83390298575854,83.03418454275482,0.8520400637243332
HTDPA_3h_140726,3,1070,38.0941356779956,-44.83390298575854,82.92803866375414,0.8496725277318858
HTDPA_3h_140726,3,1071,38.090732757150825,-45.33039274434683,83.42112550149766,0.8402912582728755
HTDPA_3h_140726,3,1072,38.39835439662684,-45.34346933946586,83.7418237360927,0.8468331814038288
HTDPA_3h_140726,3,1073,38.397236122285626,-45.52514082209195,83.92237694437758,0.8434292663110804
HTDPA_3h_140726,3,1074,38.30775012607797,-45.53228334852939,83.84003347460737,0.8413316290959795
HTDPA_3h_140726,3,1075,38.312391565816775,-46.00680442731771,84.31919599313449,0.8327548944709539
HTDPA_3h_140726,3,1076,38.95957179799743,-45.957997163328606,84.91756896132603,0.8477212716546435
HTDPA_3h_140726,3,1077,38.95957179799743,-45.845592555353726,84.80516435335116,0.8497997217716806
HTDPA_3h_140726,3,1078,42.08039290962559,-45.85138233057194,87.93177524019752,0.9177562544623219
HTDPA_3h_140726,3,1079,41.894067962805416,-46.057295115046266,87.95136307785168,0.9096076497362351
HTDPA_3h_140726,3,1080,38.507476328309785,-46.06003669085053,84.56751301916032,0.836027912586509
HTDPA_3h_140726,3,1081,38.5119133523088,-46.05748750633077,84.56940085863957,0.836170521612044
HTDPA_3h_140726,3,1082,38.389035443783385,-46.04108614932631,84.4301215931097,0.8337995180929307
HTDPA_3h_140726,3,1083,38.389035443783385,-45.9453955341932,84.33443097797658,0.8355360748872808
HTDPA_3h_140726,3,1084,38.5114443985528,-45.953890811849845,84.46533521040264,0.8380453475905045
HTDPA_3h_140726,3,1085,38.5114443985528,-46.08715183751114,84.59859623606394,0.8356221389929255
HTDPA_3h_140726,3,1086,38.48168387173018,-46.08715183751114,84.56883570924133,0.834976394449467
HTDPA_3h_140726,3,1087,38.48168387173018,-45.930413062912,84.4120969346422,0.8378257739380851
HTDPA_3h_140726,3,1088,38.40894794173016,-45.92776768274999,84.33671562448015,0.8362903289148143
HTDPA_3h_140726,3,1089,38.40894794173016,-45.91442053738712,84.32336847911728,0.8365334352952267
HTDPA_3h_140726,3,1090,38.81334840954229,-45.92049288730447,84.73384129684676,0.8452293511917623
HTDPA_3h_140726,3,1091,38.81334840954229,-45.9800139409497,84.793362350492,0.8441352031643298
HTDPA_3h_140726,3,1092,38.64139869901158,-45.9800139409497,84.62141263996128,0.8403955411722404
HTDPA_3h_140726,3,1093,38.63423813589122,-46.10772568049842,84.74196381638964,0.8379124662015555
HTDPA_3h_140726,3,1094,38.7058798404606,-46.11592034677302,84.8218001872336,0.8393170850632077
HTDPA_3h_140726,3,1095,38.71013649763038,-46.796306112214545,85.50644260984492,0.8272049594001277
HTDPA_3h_140726,3,1096,38.49412918294692,-46.71654790032992,85.21067708327683,0.8239934437166551
HTDPA_3h_140726,3,1097,38.49412918294692,-45.969708982773156,84.46383816572008,0.8373803105295345
HTDPA_3h_140726,3,1098,38.76044080630206,-45.974392508105446,84.7348333144075,0.843087612293484
HTDPA_3h_140726,3,1099,38.7519575531007,-45.947968767623536,84.69992632072424,0.8433878274159231
HTDPA_3h_140726,3,1100,38.72968826191869,-45.94860005152583,84.67828831344451,0.8428915836062034
HTDPA_3h_140726,3,1101,38.73357216097474,-46.02868893593071,84.76226109690545,0.8415093511546602
HTDPA_3h_140726,3,1102,38.41106424585976,-46.012948923966746,84.42401316982651,0.8347881442967592
HTDPA_3h_140726,3,1103,38.41106424585976,-45.881257089719725,84.29232133557949,0.8371842160023607
HTDPA_3h_140726,3,1104,38.924454376346745,-45.88643361771857,84.81088799406533,0.848278048815641
HTDPA_3h_140726,3,1105,38.924454376346745,-46.11393631165151,85.03839068799826,0.8440930766196983
HTDPA_3h_140726,3,1106,39.13509277174684,-46.11393631165151,85.24902908339834,0.8486608583414004
HTDPA_3h_140726,3,1107,39.11735670020609,-46.274673217631864,85.39202991783796,0.8453297231562372
HTDPA_3h_140726,3,1108,38.946940107723826,-46.27596584657466,85.22290595429848,0.8416234949444427
HTDPA_3h_140726,3,1109,38.95162363305611,-46.47257170266084,85.42419533571695,0.8381637212219502
HTDPA_3h_140726,3,1110,38.90082030949023,-46.43368461427928,85.33450492376952,0.837771558140089
HTDPA_3h_140726,3,1111,38.90082030949023,-45.86740491723503,84.76822522672526,0.848114698873512
HTDPA_3h_140726,3,1112,39.0653208699738,-45.87254537186802,84.93786624184182,0.8516056947197693
HTDPA_3h_140726,3,1113,39.060529124543976,-45.969324200204134,85.0298533247481,0.8497085785822912
HTDPA_3h_140726,3,1114,38.97174054674267,-45.97538452566619,84.94712507240887,0.8476653528582524
HTDPA_3h_140726,3,1115,38.97374863077474,-45.91505783351707,84.8888064642918,0.8488228147743874
HTDPA_3h_140726,3,1116,38.781417468541285,-45.90857665212013,84.68999412066142,0.8447532094583092
HTDPA_3h_140726,3,1117,38.781417468541285,-45.83068223080421,84.61209969934549,0.8461889629579876
HTDPA_3h_140726,3,1118,38.8308740531156,-45.834848704559384,84.66572275767498,0.8471910598725928
HTDPA_3h_140726,3,1119,38.826124393279265,-45.89857230532562,84.72469669860489,0.8459113746501928
HTDPA_3h_140726,3,1120,38.94495607260231,-45.901313881129894,84.8462699537322,0.8484497017548913
HTDPA_3h_140726,3,1121,38.947691636178945,-45.917991800605826,84.86568343678476,0.8482011104776818
HTDPA_3h_140726,3,1122,38.81419613363965,-45.90727801094968,84.72147414458934,0.8454911250538921
HTDPA_3h_140726,3,1123,38.81419613363965,-45.745597185229705,84.55979331886935,0.8484793842886357
HTDPA_3h_140726,3,1124,38.861626597498976,-45.751849901976286,84.61347649947527,0.8494001156403583
HTDPA_3h_140726,3,1125,38.861626597498976,-45.8408008099239,84.70242740742287,0.8477519133803171
HTDPA_3h_140726,3,1126,38.84476229896616,-45.8408008099239,84.68556310889005,0.8473840249875566
HTDPA_3h_140726,3,1127,38.84476229896616,-46.065327451174554,84.91008975014071,0.8432537973411435
HTDPA_3h_140726,3,1128,39.966072815138475,-46.065327451174554,86.03140026631303,0.8675955436873691
HTDPA_3h_140726,3,1129,39.966072815138475,-45.80938692050001,85.77545973563849,0.872442866011232
HTDPA_3h_140726,3,1130,38.80488920525149,-45.807090249541176,84.61197945479267,0.8471371788484247
HTDPA_3h_140726,3,1131,38.80488920525149,-45.864735488162445,84.66962469341394,0.8460724517917894
HTDPA_3h_140726,3,1132,39.85827357353653,-45.86527057642249,85.72354414995903,0.8690295090949727
HTDPA_3h_140726,3,1133,39.802534211077436,-45.86081551574056,85.663349726818,0.8678985265191419
HTDPA_3h_140726,3,1134,38.860303907417965,-45.86328654130098,84.72359044871894,0.8473074399590473
HTDPA_3h_140726,3,1135,38.8641577453358,-45.829359540723196,84.693517286059,0.8480187839151836
HTDPA_3h_140726,3,1136,38.71470579063749,-45.82168793825337,84.53639372889086,0.8448991630951519
HTDPA_3h_140726,3,1137,38.71470579063749,-45.73085520305414,84.44556099369163,0.8465773408071302
HTDPA_3h_140726,3,1138,38.95223086804784,-45.7333322408422,84.68556310889005,0.8517251850994909
HTDPA_3h_140726,3,1139,38.95223086804784,-45.8434461900859,84.79567705813375,0.8496793785208855
HTDPA_3h_140726,3,1140,38.649334839497605,-45.8434461900859,84.49278102958351,0.8430721957341835
HTDPA_3h_140726,3,1141,38.649334839497605,-48.78577027528238,87.43510511477999,0.7922255735927067
HTDPA_3h_140726,3,1142,38.85782085740226,-48.64228846263151,87.50010932003377,0.7988485345884584
HTDPA_3h_140726,3,1143,38.85782085740226,-45.58509475612735,84.4429156135296,0.8524238254913172
HTDPA_3h_140726,3,1144,38.718776068750394,-45.587174986891114,84.30595105564151,0.8493348420884652
HTDPA_3h_140726,3,1145,38.718776068750394,-45.86394788634149,84.5827239550919,0.8442094030959126
HTDPA_3h_140726,3,1146,38.83715683100038,-45.86394788634149,84.70110471734188,0.8467905320153714
HTDPA_3h_140726,3,1147,38.835190832561786,-45.719912948747634,84.55510378130941,0.8494152400529792
HTDPA_3h_140726,3,1148,38.72935758939844,-45.72341206523467,84.4527696546331,0.8470355959905694
HTDPA_3h_140726,3,1149,38.73925972832306,-45.7596056756331,84.49886540395616,0.8465820270158413
HTDPA_3h_140726,3,1150,38.72285837131859,-45.74704011986354,84.46989849118214,0.8464560389013009
HTDPA_3h_140726,3,1151,38.72285837131859,-45.5723969313497,84.2952553026683,0.8496998397879035
HTDPA_3h_140726,3,1152,38.792516040766436,-45.57692413876332,84.36944017952976,0.8511437920351733
HTDPA_3h_140726,3,1153,38.792516040766436,-45.861633178699726,84.65414921946616,0.8458598909814551
HTDPA_3h_140726,3,1154,38.93999598479855,-45.861633178699726,84.80162916349828,0.8490756496409311
HTDPA_3h_140726,3,1155,38.93999598479855,-45.82889659919485,84.76889258399339,0.8496821628797991
HTDPA_3h_140726,3,1156,38.61634574643181,-45.8277001658943,84.44404591232612,0.8426420179638582
HTDPA_3h_140726,3,1157,38.61634574643181,-45.71151987896089,84.3278656253927,0.8447836748522839
HTDPA_3h_140726,3,1158,38.68041805640124,-45.71745995987014,84.39787801627138,0.8460753963661612
HTDPA_3h_140726,3,1159,38.68041805640124,-45.700264988817075,84.38068304521832,0.8463937367948828
HTDPA_3h_140726,3,1160,38.720098758831405,-45.700264988817075,84.42036374764848,0.8472620184654569
HTDPA_3h_140726,3,1161,38.70924668793952,-45.783738757383794,84.49298544532331,0.8454802455751097
HTDPA_3h_140726,3,1162,38.84939171424967,-45.785578499041925,84.6349702132916,0.8485071716427609
HTDPA_3h_140726,3,1163,38.8523617547043,-45.69345914712753,84.54582090183183,0.8502827861993179
HTDPA_3h_140726,3,1164,38.6298852830792,-45.689226538868304,84.3191118219475,0.8454922135794167
HTDPA_3h_140726,3,1165,38.6298852830792,-45.61176499794252,84.24165028102172,0.846928095959929
HTDPA_3h_140726,3,1166,38.60899279202694,-45.614620806071976,84.22361359809892,0.8464170502736595
HTDPA_3h_140726,3,1167,38.60899279202694,-45.650994783299616,84.25998757532656,0.8457426388033753
HTDPA_3h_140726,3,1168,38.82624463783208,-45.650994783299616,84.4772394211317,0.8505016116765058
HTDPA_3h_140726,3,1169,38.82331067074331,-45.64694855409727,84.47025922484059,0.8505127264910796
HTDPA_3h_140726,3,1170,38.60634741186493,-45.64801873061736,84.2543661424823,0.8457398258551496
HTDPA_3h_140726,3,1171,38.60772421199471,-45.55231609102897,84.16004030302368,0.8475468982706255
HTDPA_3h_140726,3,1172,38.6386390865244,-45.549935248883166,84.18857433540757,0.8482699014917211
HTDPA_3h_140726,3,1173,38.6386390865244,-45.31036000184725,83.94899908837165,0.8527550671623255
HTDPA_3h_140726,3,1174,38.71513867102763,-45.31503150272425,84.03017017375188,0.8543553295047396
HTDPA_3h_140726,3,1175,38.71056937802052,-45.390923852235765,84.1014932302563,0.852826206050305
HTDPA_3h_140726,3,1176,38.836164813439616,-45.39439290758458,84.2305577210242,0.8555277937630662
HTDPA_3h_140726,3,1177,38.8401569325932,-45.45281372357153,84.29297065616473,0.8545160079375009
HTDPA_3h_140726,3,1178,38.775693827827105,-45.451094226466225,84.22678805429334,0.8531300398318677
HTDPA_3h_140726,3,1179,38.775693827827105,-45.33207616808631,84.10776999591342,0.8553699081429921
HTDPA_3h_140726,3,1180,38.655286944862134,-45.33685588906084,83.99214283392297,0.852623901389446
HTDPA_3h_140726,3,1181,38.655286944862134,-45.38083533425427,84.0361222791164,0.8517976070767571
HTDPA_3h_140726,3,1182,38.57625621252206,-45.38083533425427,83.95709154677633,0.850056106909165
HTDPA_3h_140726,3,1183,38.57625621252206,-45.45523665131082,84.03149286383288,0.8486647316005034
HTDPA_3h_140726,3,1184,38.869893410505256,-45.45523665131082,84.32513006181608,0.855124651724464
HTDPA_3h_140726,3,1185,38.869893410505256,-45.273036092652326,84.14292950315757,0.8585660862451794
HTDPA_3h_140726,3,1186,38.880234442047666,-45.27005402774243,84.1502884697901,0.8588510722390799
HTDPA_3h_140726,3,1187,38.880234442047666,-45.255047507550664,84.13528194959832,0.8591358662381389
HTDPA_3h_140726,3,1188,38.80342823393474,-45.25881717428154,84.06224540821628,0.8573672635878099
HTDPA_3h_140726,3,1189,38.79668852674925,-45.237828487587024,84.03451701433627,0.8576160665491452
HTDPA_3h_140726,3,1190,38.951238850487094,-45.244928928430966,84.19616777891807,0.8608973375137948
HTDPA_3h_140726,3,1191,38.95758776287592,-45.217940038550815,84.17552780142674,0.861551581731994
HTDPA_3h_140726,3,1192,38.644579167433626,-45.206829441870376,83.851408609304,0.8548394046772317
HTDPA_3h_140726,3,1193,38.644579167433626,-44.93183014957406,83.57640931700769,0.8600713355941493
HTDPA_3h_140726,3,1194,38.73530969476297,-44.934758104435204,83.67006779919816,0.8620344545916153
HTDPA_3h_140726,3,1195,38.73530969476297,-45.072979217900276,83.80828891266324,0.8593909337011305
HTDPA_3h_140726,3,1196,38.83881019360163,-45.072979217900276,83.9117894115019,0.8616872207590217
HTDPA_3h_140726,3,1197,38.833146675163874,-44.96754278176122,83.80068945692508,0.8635816918800943
HTDPA_3h_140726,3,1198,38.85468247457369,-44.9694787190616,83.82416119363529,0.8640234127976232
HTDPA_3h_140726,3,1199,38.86080292231216,-45.12255003479977,83.98335295711193,0.8612279867237472
HTDPA_3h_140726,3,1200,38.77429899101442,-45.10866178894921,83.88296077996364,0.8595754662913411
HTDPA_3h_140726,3,1201,38.77429899101442,-44.93647158931287,83.71077058032729,0.8628692378294341
HTDPA_3h_140726,3,1202,38.84046355620288,-44.93839550215797,83.77885905836084,0.8643046357615891
HTDPA_3h_140726,3,1203,38.84046355620288,-45.95852022713337,84.79898378333624,0.8451199769759324
HTDPA_3h_140726,3,1204,38.83649548595987,-45.95852022713337,84.79501571309325,0.8450336367233874
HTDPA_3h_140726,3,1205,38.82602819763701,-45.04562959436166,83.87165779199867,0.8619266407699815
HTDPA_3h_140726,3,1206,38.78953998808419,-45.04850945140167,83.83804943948586,0.8610615636446383
HTDPA_3h_140726,3,1207,38.79468044271718,-44.90309170145041,83.69777214416759,0.8639645728773745
HTDPA_3h_140726,3,1208,38.75582942770148,-44.89885909319119,83.65468852089268,0.8631807179612435
HTDPA_3h_140726,3,1209,38.75582942770148,-55.81898840197166,94.57481782967314,0.6943126440881994
HTDPA_3h_140726,3,1210,38.68703150680626,-56.454727364951616,95.14175887175787,0.6852753225910369
HTDPA_3h_140726,3,1211,38.685678755587055,-44.61265300857219,83.29833176415924,0.8671458912823167
HTDPA_3h_140726,3,1212,38.636438611207815,-44.61433643231165,83.25077504351947,0.8660094871034688
HTDPA_3h_140726,3,1213,38.637568910004305,-44.804166507846496,83.4417354178508,0.8623655325278232
HTDPA_3h_140726,3,1214,39.400436426451805,-44.785516577704314,84.18595300415612,0.8797584450787963
HTDPA_3h_140726,3,1215,39.400436426451805,-44.5371153804915,83.9375518069433,0.8846652076553277
HTDPA_3h_140726,3,1216,38.64768147689636,-44.5392737702146,83.18695524711096,0.8677214109122225
HTDPA_3h_140726,3,1217,38.64768147689636,-44.690060439449205,83.33774191634556,0.8647936721692355
HTDPA_3h_140726,3,1218,38.681079401441735,-44.690060439449205,83.37113984089095,0.8655409954938622
HTDPA_3h_140726,3,1219,38.681079401441735,-44.793560938287875,83.4746403397296,0.8635410668674609
HTDPA_3h_140726,3,1220,38.865594667741995,-44.793560938287875,83.65915560602987,0.8676603032584785
HTDPA_3h_140726,3,1221,38.865594667741995,-44.56308219167269,83.42867685941468,0.872147812859422
HTDPA_3h_140726,3,1222,38.523997929867065,-44.55914418256788,83.08314211243494,0.8645587485259234
HTDPA_3h_140726,3,1223,38.523997929867065,-44.724865225262576,83.24886315512964,0.8613552603420035
HTDPA_3h_140726,3,1224,38.74060045508699,-44.73569324724389,83.47629370233088,0.8659886020090625
HTDPA_3h_140726,3,1225,38.730313533593346,-44.61298969332008,83.34330322691343,0.8681398355015972
HTDPA_3h_140726,3,1226,38.6976130274543,-44.616981812473675,83.31459483992798,0.8673292422625396
HTDPA_3h_140726,3,1227,38.706529161045815,-44.593437929031765,83.29996709007759,0.867987106592798
HTDPA_3h_140726,3,1228,38.42604671714098,-44.58338548441612,83.0094322015571,0.8618916284536667
HTDPA_3h_140726,3,1229,38.42604671714098,-44.504553155588205,82.93059987272918,0.8634183244757737
HTDPA_3h_140726,3,1230,38.8689013929445,-44.506867863229964,83.37576925617446,0.8733236747278872
HTDPA_3h_140726,3,1231,38.8689013929445,-44.54291116793736,83.41181256088186,0.872616997268084
HTDPA_3h_140726,3,1232,38.507476328309785,-44.54291116793736,83.05038749624714,0.864502910084333
HTDPA_3h_140726,3,1233,38.50341206242451,-44.643676103199404,83.14708816562391,0.8624606086071203
HTDPA_3h_140726,3,1234,38.64371340665333,-44.65236377214055,83.2960771787939,0.8654348872514532
HTDPA_3h_140726,3,1235,38.651505253675985,-44.514040450805595,83.16554570448159,0.8682991896992915
HTDPA_3h_140726,3,1236,38.71766380663683,-44.50121035701985,83.21887416365668,0.8700361966790708
HTDPA_3h_140726,3,1237,38.71766380663683,-44.51018060066011,83.22784440729694,0.8698608561939339
HTDPA_3h_140726,3,1238,38.84575431652691,-44.516126693797,83.36188101032391,0.8726220630947162
HTDPA_3h_140726,3,1239,38.84575431652691,-44.51149727851348,83.3572515950404,0.872712820093753
HTDPA_3h_140726,3,1240,38.674796623556965,-44.51149727851348,83.18629390207045,0.8688720665037256
HTDPA_3h_140726,3,1241,38.674796623556965,-44.63880619881025,83.31360282236722,0.8663940619583091
HTDPA_3h_140726,3,1242,39.60023477541531,-44.631339012080204,84.2315737874955,0.8872741811465001
HTDPA_3h_140726,3,1243,39.60023477541531,-44.43887558083864,84.03911035625396,0.8911169388923585
HTDPA_3h_140726,3,1244,38.700919752656816,-44.44172537674045,83.14264512939727,0.8708239705948003
HTDPA_3h_140726,3,1245,38.6997714171774,-44.54346429288032,83.24323571005772,0.8688091964001786
HTDPA_3h_140726,3,1246,38.553439808624724,-44.54853260078164,83.10197240940636,0.8654255832424045
HTDPA_3h_140726,3,1247,38.5599871245257,-44.50182360423922,83.06181072876493,0.8664810563145663
HTDPA_3h_140726,3,1248,38.53106830957281,-44.4979878030043,83.02905611257711,0.8659058580390767
HTDPA_3h_140726,3,1249,38.53106830957281,-44.42487911489056,82.95594742446337,0.8673308532798634
HTDPA_3h_140726,3,1250,38.70191177021757,-44.428829148450646,83.13074091866821,0.8710990704009406
HTDPA_3h_140726,3,1251,38.70191177021757,-44.47843002648835,83.18034179670592,0.870127649450966
HTDPA_3h_140726,3,1252,38.479369164088425,-44.47843002648835,82.95779919057676,0.8651242667776878
HTDPA_3h_140726,3,1253,38.479369164088425,-44.51910274647926,82.99847191056769,0.8643338879315469
HTDPA_3h_140726,3,1254,38.28848694871642,-44.51359554596016,82.80208249467657,0.860152645031419
HTDPA_3h_140726,3,1255,38.28848694871642,-44.42701946793072,82.71550641664714,0.8618288466628883
HTDPA_3h_140726,3,1256,38.67975671136073,-44.4298211660114,83.10957787737213,0.870580967833167
HTDPA_3h_140726,3,1257,38.67302902863053,-44.512705736269304,83.18573476489983,0.8688087679450913
HTDPA_3h_140726,3,1258,38.52632466196411,-44.516126693797,83.0424513557611,0.8654464690283236
HTDPA_3h_140726,3,1259,38.529938010776306,-44.565781681883465,83.09571969265977,0.8645632715657986
HTDPA_3h_140726,3,1260,38.385788840857295,-44.560106138990434,82.94589497984774,0.861438451720146
HTDPA_3h_140726,3,1261,38.37741981998111,-44.41949215892427,82.79691197890537,0.8639770054703505
HTDPA_3h_140726,3,1262,38.22045258073162,-44.41949215892427,82.63994473965589,0.8604432586483947
HTDPA_3h_140726,3,1263,38.220783253251874,-44.405351399512796,82.62613465276468,0.8607247110687479
HTDPA_3h_140726,3,1264,38.50681498326929,-44.405351399512796,82.91216638278209,0.8671660907899441
HTDPA_3h_140726,3,1265,38.49966043237657,-44.50373549262903,83.0033959250056,0.8650882899201373
HTDPA_3h_140726,3,1266,38.11265333912968,-44.5058758456692,82.61852918479889,0.8563510461245841
HTDPA_3h_140726,3,1267,38.112845730414186,-44.618484869383884,82.73133059979807,0.8541940821609183
HTDPA_3h_140726,3,1268,38.329827025975476,-44.60062855329032,82.9304555792658,0.859401050372591
HTDPA_3h_140726,3,1269,38.329827025975476,-44.495342422842285,82.82516944881776,0.8614345893043031
HTDPA_3h_140726,3,1270,38.37818337289151,-44.496617015102174,82.87480038799369,0.8624966558663536
HTDPA_3h_140726,3,1271,38.37287457588457,-45.945491729835474,84.31836630572005,0.835182585519408
HTDPA_3h_140726,3,1272,38.571626797238544,-46.01605724565711,84.58768404289566,0.838221027745241
HTDPA_3h_140726,3,1273,38.580007842570005,-44.511551388562246,83.09155923113225,0.8667414780892939
HTDPA_3h_140726,3,1274,38.22615217253522,-44.509435084432646,82.73558725696788,0.8588325621302926
HTDPA_3h_140726,3,1275,38.22615217253522,-44.36247219197766,82.58862436451288,0.8616776812417567
HTDPA_3h_140726,3,1276,38.29353120770716,-44.36434800700163,82.6578792147088,0.8631600131182731
HTDPA_3h_140726,3,1277,38.28803001941571,-44.51299432319607,82.80102434261178,0.8601539977611328
HTDPA_3h_140726,3,1278,41.17897961942041,-44.51414265867549,85.6931222780959,0.9250763276554967
HTDPA_3h_140726,3,1279,41.34485096780613,-44.78763288183391,86.13248384964004,0.9231309695890585
HTDPA_3h_140726,3,1280,38.09544634362132,-44.77890312729927,82.87434947092059,0.8507454109655622
HTDPA_3h_140726,3,1281,38.09544634362132,-44.69218275580646,82.78762909942779,0.8523961908902717
HTDPA_3h_140726,3,1282,38.28427237714013,-44.701633977658,82.98590635479812,0.85644011125577
HTDPA_3h_140726,3,1283,38.28427237714013,-44.55514605118665,82.83941842832678,0.859255905774783
HTDPA_3h_140726,3,1284,38.28890179242365,-44.55514605118665,82.8440478436103,0.8593598088184001
HTDPA_3h_140726,3,1285,38.28890179242365,-44.86796225534442,83.15686404776807,0.8533684140706187
HTDPA_3h_140726,3,1286,38.2280580486974,-44.86796225534442,83.09602030404182,0.8520123519570779
HTDPA_3h_140726,3,1287,38.2280580486974,-44.48041406160985,82.70847211030724,0.8594357506597778
HTDPA_3h_140726,3,1288,38.28863124217981,-44.479422044049095,82.7680532862289,0.8608167436227389
HTDPA_3h_140726,3,1289,38.28863124217981,-46.83164598628795,85.12027722846776,0.8175803014352839
HTDPA_3h_140726,3,1290,38.75118197573502,-46.952191150488666,85.70337312622368,0.8253327699133741
HTDPA_3h_140726,3,1291,38.75118197573502,-44.59317339101556,83.34435536675059,0.8689935931660437
HTDPA_3h_140726,3,1292,38.22502187373872,-44.58783453287042,82.81285640660914,0.8572971142063203
HTDPA_3h_140726,3,1293,38.22502187373872,-44.56958140975254,82.79460328349126,0.8576482135274098
HTDPA_3h_140726,3,1294,40.14628933867545,-44.572341022239726,84.71863036091517,0.9006995912250635
HTDPA_3h_140726,3,1295,40.14628933867545,-44.55977546647018,84.70606480514563,0.900953582427368
HTDPA_3h_140726,3,1296,38.39273296378257,-44.55977546647018,82.95250843025275,0.8616006827204928
HTDPA_3h_140726,3,1297,38.38831397646648,-44.55216999850439,82.94048397497087,0.8616485791321762
HTDPA_3h_140726,3,1298,38.26046395568202,-44.553162016065144,82.81362597174717,0.8587597877314728
HTDPA_3h_140726,3,1299,38.262417929665325,-44.6499167954907,82.91233472515603,0.8569426479542631
HTDPA_3h_140726,3,1300,38.26465447834776,-44.64634553227198,82.91100001061974,0.8570612896119055
HTDPA_3h_140726,3,1301,38.26465447834776,-44.576435349263214,82.84108982761097,0.8584054372795473
HTDPA_3h_140726,3,1302,38.810041684339765,-44.58060783524601,83.39064951958578,0.8705588274562743
HTDPA_3h_140726,3,1303,38.810041684339765,-44.594826753616815,83.40486843795658,0.8702812525489209
HTDPA_3h_140726,3,1304,39.32886686861412,-44.594826753616815,83.92369362223093,0.8819154536893541
HTDPA_3h_140726,3,1305,39.32886686861412,-44.65236377214055,83.98123064075467,0.8807790572814453
HTDPA_3h_140726,3,1306,38.251205125115,-44.65236377214055,82.90356889725555,0.8566445736290593
HTDPA_3h_140726,3,1307,38.251205125115,-44.64541964921528,82.89662477433028,0.8567778156339344
HTDPA_3h_140726,3,1308,39.54169972710318,-44.639034663460606,84.18073439056379,0.8858099200668902
HTDPA_3h_140726,3,1309,39.54169972710318,-44.397775992685226,83.9394757197884,0.890623434237289
HTDPA_3h_140726,3,1310,38.390418256140805,-44.40105265674953,82.79147091289033,0.8646285607894246
HTDPA_3h_140726,3,1311,38.38504332462981,-45.065253505381676,83.4502968300115,0.8517658359570947
HTDPA_3h_140726,3,1312,38.85865054481671,-45.09050486147359,83.9491554062903,0.8617923144617189
HTDPA_3h_140726,3,1313,38.86956875021264,-44.62725069728438,83.49681944749702,0.8709828219953039
HTDPA_3h_140726,3,1314,38.32296106200953,-44.62326459035843,82.94622565236796,0.8588112370041573
HTDPA_3h_140726,3,1315,38.316455831702044,-44.48216361985337,82.79861945155541,0.8613892111713867
HTDPA_3h_140726,3,1316,39.70807009038309,-44.48216361985337,84.19023371023646,0.8926739811878329
HTDPA_3h_140726,3,1317,39.79180839696601,-44.47380061120483,84.26560900817084,0.8947247109557975
HTDPA_3h_140726,3,1318,38.328251822333556,-44.47380061120483,82.80205243353839,0.8618164244023941
HTDPA_3h_140726,3,1319,38.328251822333556,-47.06561182493488,85.39386364726843,0.8143578790582648
HTDPA_3h_140726,3,1320,38.4863132870137,-47.06561182493488,85.55192511194858,0.8177162007405171
HTDPA_3h_140726,3,1321,38.4863132870137,-44.33458748017901,82.82090076719271,0.8680877724241837
HTDPA_3h_140726,3,1322,38.219683015593574,-44.333974232959626,82.55365724855321,0.862085650493737
HTDPA_3h_140726,3,1323,38.219683015593574,-46.35542945930488,84.57511247489845,0.8244920489658364
HTDPA_3h_140726,3,1324,38.61263018974971,-46.463126493036924,85.07575668278663,0.8310381393627545
HTDPA_3h_140726,3,1325,38.61263018974971,-44.747266785452695,83.3598969752024,0.8629047752767471
HTDPA_3h_140726,3,1326,38.18804667374699,-44.747266785452695,82.93531345919968,0.8534162959459659
HTDPA_3h_140726,3,1327,38.18804667374699,-44.55547672370691,82.7435233974539,0.8570898457793413
HTDPA_3h_140726,3,1328,38.30678816965543,-44.55363698204878,82.8604251517042,0.8597903732323742
HTDPA_3h_140726,3,1329,38.30678816965543,-44.36189501812413,82.66868318777955,0.8635065782019709
HTDPA_3h_140726,3,1330,38.1797798607407,-44.3699694398459,82.5497493005866,0.8604869541887451
HTDPA_3h_140726,3,1331,38.1797798607407,-46.171473330175246,84.35125319091594,0.826912747351911
HTDPA_3h_140726,3,1332,38.1424138659523,-46.171473330175246,84.31388719612755,0.8261034598829755
HTDPA_3h_140726,3,1333,38.13758003492899,-44.451597454526855,82.58917748945584,0.8579574687713531
HTDPA_3h_140726,3,1334,38.2158231654481,-44.45263756990874,82.66846073535683,0.8596975400019342
HTDPA_3h_140726,3,1335,38.21870903471575,-44.67424226852591,82.89295130324166,0.8554976445933312
HTDPA_3h_140726,3,1336,38.19527337137139,-44.654930993343235,82.85020436471463,0.8553427924245411
HTDPA_3h_140726,3,1337,38.19527337137139,-44.323392712311595,82.51866608368299,0.8617407430718179
HTDPA_3h_140726,3,1338,38.19829752187478,-44.32632066717272,82.5246181890475,0.8617520458936658
HTDPA_3h_140726,3,1339,38.19829752187478,-44.5399351152551,82.73823263712987,0.857619065295668
HTDPA_3h_140726,3,1340,38.23830889682519,-44.5399351152551,82.77824401208028,0.8585173911429526
HTDPA_3h_140726,3,1341,38.22968736238809,-44.461096774199525,82.69078413658761,0.8598458008479116
HTDPA_3h_140726,3,1342,38.24922108999349,-44.46751783332005,82.71673892331354,0.8601609209078201
HTDPA_3h_140726,3,1343,38.25366412622014,-44.35656818443426,82.6102323106544,0.8624126187391618
HTDPA_3h_140726,3,1344,41.957869722530994,-44.34611893279431,86.3039886553253,0.9461452486094067
HTDPA_3h_140726,3,1345,41.957869722530994,-44.29643388356964,86.25430360610063,0.9472064914483768
HTDPA_3h_140726,3,1346,38.45853679531259,-44.29755215791086,82.75608895322344,0.868186500649438
HTDPA_3h_140726,3,1347,38.45853679531259,-44.48405145933262,82.94258825464522,0.8645466303911512
HTDPA_3h_140726,3,1348,40.280542381897504,-44.48405145933262,84.76459384123012,0.9055052554896451
HTDPA_3h_140726,3,1349,40.280542381897504,-44.35145177871184,84.63199416060934,0.9082124883504191
HTDPA_3h_140726,3,1350,38.36198041939919,-44.35145177871184,82.71343219811104,0.8649543336439884
HTDPA_3h_140726,3,1351,38.36198041939919,-44.387825755939474,82.74980617533866,0.8642455395388684
HTDPA_3h_140726,3,1352,38.75070700975139,-44.385871781956176,83.13657879170756,0.8730414759027982
HTDPA_3h_140726,3,1353,38.75070700975139,-44.33303632544766,83.08374333519905,0.8740819538116781
HTDPA_3h_140726,3,1354,38.474739748804915,-44.33855555042202,82.81329529922694,0.867749056575631
HTDPA_3h_140726,3,1355,38.46921451160289,-44.39486607450701,82.8640805861099,0.8665239455175017
HTDPA_3h_140726,3,1356,38.46019015791384,-44.39708458650651,82.85727474442035,0.8662773809612478
HTDPA_3h_140726,3,1357,38.46686974282292,-44.37281322352007,82.83968296634299,0.8669017569170785
HTDPA_3h_140726,3,1358,38.58491382032501,-44.364612545017835,82.94952636534285,0.8697227724275057
HTDPA_3h_140726,3,1359,38.58491382032501,-45.261420468850055,83.84633428917508,0.8524901211812395
HTDPA_3h_140726,3,1360,38.75118197573502,-45.310071414920486,84.06125339065551,0.8552443367585238
HTDPA_3h_140726,3,1361,38.75118197573502,-44.413287539998834,83.16446951573386,0.8725132527249984
HTDPA_3h_140726,3,1362,38.39736237906609,-44.413287539998834,82.81064991906493,0.8645467270236464
HTDPA_3h_140726,3,1363,38.39736237906609,-44.40568207203305,82.80304445109914,0.8646948000208505
HTDPA_3h_140726,3,1364,38.49061202977697,-44.40568207203305,82.89629410181001,0.8667947486391291
HTDPA_3h_140726,3,1365,38.49061202977697,-44.534313682410826,83.0249257121878,0.8642911240143156
HTDPA_3h_140726,3,1366,44.65906740596019,-44.52268603415326,89.18175344011345,1.003063188319373
HTDPA_3h_140726,3,1367,44.65906740596019,-44.1672190871107,88.82628649307088,1.0111360490656978
HTDPA_3h_140726,3,1368,38.59609656373715,-44.168259202492585,82.76435576622973,0.8738423759648427
HTDPA_3h_140726,3,1369,38.594773873656145,-44.462443513191104,83.05721738684724,0.8680308778397628
HTDPA_3h_140726,3,1370,38.88212829375456,-44.464872453158044,83.34700074691261,0.8744459648392182
HTDPA_3h_140726,3,1371,38.89857173635252,-44.38828869746783,83.28686043382035,0.8763251046119183
HTDPA_3h_140726,3,1372,38.49718339458851,-44.382601130119504,82.87978452470801,0.8673935824924657
HTDPA_3h_140726,3,1373,38.49718339458851,-44.56910043154127,83.06628382612979,0.8637639759797416
HTDPA_3h_140726,3,1374,38.72274413899341,-44.57399438484098,83.29673852383439,0.8687295063724982
HTDPA_3h_140726,3,1375,38.70934288358176,-44.43218998370193,83.1415328672837,0.871200426937782
HTDPA_3h_140726,3,1376,38.351729571271406,-44.43643461641643,82.78816418768784,0.8630694587072674
HTDPA_3h_140726,3,1377,38.35244502636068,-44.66608968784481,83.01853471420549,0.858647920478199
HTDPA_3h_140726,3,1378,48.49397883118495,-44.64995286885655,93.14393170004149,1.0860924976476205
HTDPA_3h_140726,3,1379,48.49397883118495,-44.46968223527079,92.96366106645573,1.0904952856335528
HTDPA_3h_140726,3,1380,38.47969983660868,-44.47545397380608,82.95515381041477,0.8651895910780671
HTDPA_3h_140726,3,1381,38.47715065208892,-44.51631307285387,82.99346372494279,0.8643382166245112
HTDPA_3h_140726,3,1382,39.737247431124544,-44.517780056398266,84.25502748752281,0.8926152063463766
HTDPA_3h_140726,3,1383,39.796161249778045,-44.34643156863165,84.1425928184097,0.8973926388685526
HTDPA_3h_140726,4,1,45.43771945865345,-42.57208514261355,88.009804601267,1.0673125196109192
HTDPA_3h_140726,4,2,45.38499768906488,-42.56856347655788,87.95356116562276,1.0661623034110135
HTDPA_3h_140726,4,3,45.389296550388,-42.456872016050944,87.84616856643895,1.0690683132103667
HTDPA_3h_140726,4,4,45.60369315112191,-42.456872016050944,88.06056516717285,1.0741180634758327
HTDPA_3h_140726,4,5,45.58940004440631,-42.44158919973694,88.03098924414326,1.0741680720261269
HTDPA_3h_140726,4,6,45.602023395664474,-42.44484977675745,88.04687317242193,1.0743829613136215
HTDPA_3h_140726,4,7,45.602023395664474,-47.513225492237886,93.11524888790237,0.9597753661896593
HTDPA_3h_140726,4,8,45.4550849154107,-47.513225492237886,92.96831040764859,0.9566827855717054
HTDPA_3h_140726,4,9,45.44258300091308,-42.45873607032523,87.9013190712383,1.0702763955489785
HTDPA_3h_140726,4,10,45.60674121381147,-42.45873607032523,88.0654772841367,1.0741426955873612
HTDPA_3h_140726,4,11,45.62473206988552,-41.90284715527594,87.52757922516146,1.0888217667123594
HTDPA_3h_140726,4,12,45.470446665619065,-41.90284715527594,87.37329382089501,1.0851397876884823
HTDPA_3h_140726,4,13,45.470446665619065,-41.847077322997805,87.31752398861687,1.0865859595080962
HTDPA_3h_140726,4,14,45.154243556686204,-41.84181303942839,86.99605659611458,1.0791655589621905
HTDPA_3h_140726,4,15,45.154243556686204,-42.02508539843581,87.17932895512202,1.0744592932669415
HTDPA_3h_140726,4,16,45.23968646140236,-42.033088080955416,87.27277454235778,1.0762874803362308
HTDPA_3h_140726,4,17,45.23968646140236,-41.821029137861906,87.06071559926426,1.0817449353594562
HTDPA_3h_140726,4,18,45.57163384633927,-41.821029137861906,87.39266298420117,1.0896822671702695
HTDPA_3h_140726,4,19,45.57163384633927,-42.54403325092874,88.11566709726802,1.0711639297937139
HTDPA_3h_140726,4,20,45.550594927575666,-42.54403325092874,88.09462817850441,1.070669408772646
HTDPA_3h_140726,4,21,45.54041245520436,-41.83255955827522,87.37297201347958,1.0886355732492028
HTDPA_3h_140726,4,22,45.20920583450674,-41.83255955827522,87.04176539278197,1.0807181370656427
HTDPA_3h_140726,4,23,45.21697778718132,-41.94091757970532,87.15789536688663,1.0781113145951113
HTDPA_3h_140726,4,24,45.43271019228116,-41.94091757970532,87.37362777198648,1.0832550362289992
HTDPA_3h_140726,4,25,45.43271019228116,-41.93624226442453,87.36895245670568,1.083375804293814
HTDPA_3h_140726,4,26,44.967425244271,-41.930971909017074,86.89839715328807,1.0724155247782594
HTDPA_3h_140726,4,27,44.97319349039667,-41.97765219976878,86.95084569016544,1.0713603818615751
HTDPA_3h_140726,4,28,45.70488033184211,-41.97765219976878,87.68253253161089,1.0887907716785996
HTDPA_3h_140726,4,29,45.692718440274,-47.10728668910376,92.80000512937775,0.9699713494821819
HTDPA_3h_140726,4,30,45.604027102213394,-47.41003460496875,93.01406170718215,0.9619066402755572
HTDPA_3h_140726,4,31,45.604027102213394,-41.98433122159849,87.58835832381189,1.0862153993000319
HTDPA_3h_140726,4,32,45.36191256088616,-41.98433122159849,87.34624378248465,1.080448615972001
HTDPA_3h_140726,4,33,45.36191256088616,-42.06381158137211,87.42572414225828,1.078407088076978
HTDPA_3h_140726,4,34,45.178895219075876,-42.053890198035965,87.23278541711184,1.0743095348925855
HTDPA_3h_140726,4,35,45.178895219075876,-42.128743817233016,87.3076390363089,1.0724007203982944
HTDPA_3h_140726,4,36,48.03018178185794,-42.138616625864934,90.16879840772287,1.139813919576485
HTDPA_3h_140726,4,37,48.03018178185794,-42.11223448963756,90.1424162714955,1.1405279810948192
HTDPA_3h_140726,4,38,45.42536326826846,-42.11223448963756,87.53759775790601,1.0786737825428416
HTDPA_3h_140726,4,39,45.42536326826846,-42.21275376817479,87.63811703644325,1.0761051865447293
HTDPA_3h_140726,4,40,45.30914828843141,-42.21275376817479,87.5219020566062,1.0733521091104714
HTDPA_3h_140726,4,41,45.30914828843141,-42.40177008595577,87.71091837438718,1.0685673781208163
HTDPA_3h_140726,4,42,45.16733443947244,-42.390172875324176,87.55750731479662,1.0655142778567173
HTDPA_3h_140726,4,43,45.16733443947244,-42.19451396674164,87.36184840621408,1.070455141990118
HTDPA_3h_140726,4,44,45.3705952892648,-42.19572226250902,87.56631755177382,1.0752415850830608
HTDPA_3h_140726,4,45,45.3705952892648,-42.224442056376795,87.5950373456416,1.0745102381385492
HTDPA_3h_140726,4,46,44.92777614195459,-42.224442056376795,87.15221819833138,1.0640229675970232
HTDPA_3h_140726,4,47,44.9213278499699,-42.21469675634344,87.13602460631334,1.0641158483086757
HTDPA_3h_140726,4,48,57.075180304533326,-42.21469675634344,99.28987706087676,1.3520215633423176
HTDPA_3h_140726,4,49,57.75416966374232,-42.264516187355085,100.0186858510974,1.3664930980807373
HTDPA_3h_140726,4,50,45.344881055220384,-42.264516187355085,87.60939724257547,1.0728830031842858
HTDPA_3h_140726,4,51,45.344881055220384,-42.175351245928375,87.52023230114875,1.075151236816267
HTDPA_3h_140726,4,52,45.29178283167413,-42.175351245928375,87.46713407760251,1.073892249707028
HTDPA_3h_140726,4,53,45.29178283167413,-42.17768890356877,87.4694717352429,1.0738327302670647
HTDPA_3h_140726,4,54,45.24094940371197,-42.169449419366124,87.4103988230781,1.0728370900411917
HTDPA_3h_140726,4,55,45.24094940371197,-42.25188069242088,87.49283009613285,1.070744039373075
HTDPA_3h_140726,4,56,45.22733027101737,-42.257169263342405,87.48449953435977,1.0702877419252868
HTDPA_3h_140726,4,57,45.22733027101737,-42.123588826748076,87.35091909776546,1.0736817904342104
HTDPA_3h_140726,4,58,45.14484435142038,-42.123588826748076,87.26843317816846,1.0717236021151606
HTDPA_3h_140726,4,59,45.14484435142038,-42.30425636724191,87.4491007186623,1.0671466237231406
HTDPA_3h_140726,4,60,45.19059565095394,-42.30425636724191,87.49485201819584,1.0682281059063137
HTDPA_3h_140726,4,61,45.19059565095394,-42.185369778672964,87.3759654296269,1.0712385807697786
HTDPA_3h_140726,4,62,44.971772680298336,-42.17695421116752,87.14872689146586,1.066264113220172
HTDPA_3h_140726,4,63,44.971772680298336,-42.35371755980998,87.32549024010831,1.0618140572144878
HTDPA_3h_140726,4,64,55.33402610374453,-42.35768854187964,97.69171464562416,1.3063514088837733
HTDPA_3h_140726,4,65,55.33402610374453,-42.167002468641236,97.50102857238576,1.3122589433502025
HTDPA_3h_140726,4,66,45.320836576633404,-42.167002468641236,87.48783904527464,1.07479388913968
HTDPA_3h_140726,4,67,45.320836576633404,-45.50217201931022,90.82300859594363,0.9960147958959
HTDPA_3h_140726,4,68,44.878685331506176,-45.50217201931022,90.3808573508164,0.9862976499772483
HTDPA_3h_140726,4,69,44.86920719234601,-42.18428899150414,87.05349618385014,1.0636473498790655
HTDPA_3h_140726,4,70,45.34611363833988,-42.18428899150414,87.53040262984402,1.0749526594479886
HTDPA_3h_140726,4,71,45.353563783599014,-42.216093279089655,87.56965706268866,1.0743193000775229
HTDPA_3h_140726,4,72,45.53924059046515,-42.216093279089655,87.7553338695548,1.0787175471071242
HTDPA_3h_140726,4,73,45.53924059046515,-42.233124784755425,87.77236537522057,1.078282528762899
HTDPA_3h_140726,4,74,45.07538252439132,-42.233124784755425,87.30850730914675,1.0672992527576801
HTDPA_3h_140726,4,75,45.0729052144763,-42.20228591941622,87.27519113389252,1.068020469330534
HTDPA_3h_140726,4,76,45.15621083220694,-42.20228591941622,87.35849675162316,1.0699944291745507
HTDPA_3h_140726,4,77,45.1605400527202,-42.241139610951095,87.4016796636713,1.069112729170125
HTDPA_3h_140726,4,78,45.435715752104535,-42.241139610951095,87.67685536305564,1.0756271296318256
HTDPA_3h_140726,4,79,45.435715752104535,-42.20640869743656,87.64212444954109,1.0765122443327928
HTDPA_3h_140726,4,80,44.9511527183586,-42.20640869743656,87.15756141579516,1.0650314515171897
HTDPA_3h_140726,4,81,44.9511527183586,-42.200063626698324,87.15121634505692,1.0651915863444283
HTDPA_3h_140726,4,82,44.782015598278065,-42.19036082953116,86.97237642780922,1.0614276511930867
HTDPA_3h_140726,4,83,44.782015598278065,-42.22251728372223,87.00453288200029,1.060619273298103
HTDPA_3h_140726,4,84,45.543915905745955,-42.224442056376795,87.76835796212275,1.0786149843007304
HTDPA_3h_140726,4,85,45.543915905745955,-42.2221043987364,87.76602030448235,1.0786747026069352
HTDPA_3h_140726,4,86,45.252042651787335,-42.2221043987364,87.47414705052373,1.071761895722602
HTDPA_3h_140726,4,87,45.245879736189906,-42.390464323549466,87.63634405973937,1.067359852226345
HTDPA_3h_140726,4,88,45.08039179076361,-42.39475711303457,87.47514890379819,1.0633482737162168
HTDPA_3h_140726,4,89,45.08039179076361,-42.17468334374541,87.25507513450901,1.0688969831340567
HTDPA_3h_140726,4,90,45.21909078681471,-42.168915097619745,87.38800588443445,1.0723323254139667
HTDPA_3h_140726,4,91,45.22499261337697,-42.31561070435243,87.54060331772939,1.0687543405518023
HTDPA_3h_140726,4,92,45.37660640891155,-42.31561070435243,87.69221711326398,1.0723372687669677
HTDPA_3h_140726,4,93,45.37660640891155,-42.34433049822021,87.72093690713176,1.0716099623022446
HTDPA_3h_140726,4,94,45.21297037408349,-42.34433049822021,87.5573008723037,1.0677455480370355
HTDPA_3h_140726,4,95,45.21297037408349,-42.34867186240953,87.56164223649301,1.067636088351957
HTDPA_3h_140726,4,96,45.40658914508895,-42.339849481756275,87.74643862684522,1.0724315202077914
HTDPA_3h_140726,4,97,45.4153447355239,-42.23479454021286,87.65013927573676,1.0753063967739385
HTDPA_3h_140726,4,98,45.10310046498464,-42.23479454021286,87.33789500519751,1.0679133391318096
HTDPA_3h_140726,4,99,45.10044707176684,-42.28282277900655,87.38326985077339,1.0666375636150582
HTDPA_3h_140726,4,100,45.390298403662456,-42.28488720393573,87.6751856075982,1.0734402148159847
HTDPA_3h_140726,4,101,45.390298403662456,-42.16199320226895,87.5522916059314,1.0765690840541138
HTDPA_3h_140726,4,102,45.20963086316863,-42.16199320226895,87.37162406543757,1.0722840034217278
HTDPA_3h_140726,4,103,45.20963086316863,-42.21408957254073,87.42372043570936,1.0709606986899565
HTDPA_3h_140726,4,104,44.98143904643735,-42.206171895753506,87.18761094219086,1.0657550075268274
HTDPA_3h_140726,4,105,44.98788733842204,-42.10722522326527,87.0951125616873,1.0684125372755537
HTDPA_3h_140726,4,106,45.45575281759368,-42.10722522326527,87.56297804085895,1.0795238246304169
HTDPA_3h_140726,4,107,45.447586195447336,-42.144093423765305,87.59167961921264,1.0783856645927794
HTDPA_3h_140726,4,108,45.07638437766579,-42.14997096297546,87.22635534064125,1.0694285985928886
HTDPA_3h_140726,4,109,45.07638437766579,-42.23479454021286,87.31117891787865,1.0672807780501306
HTDPA_3h_140726,4,110,45.09374983442304,-42.23479454021286,87.3285443746359,1.067691942753222
HTDPA_3h_140726,4,111,45.09374983442304,-42.061139972640234,87.15488980706328,1.0721000396982927
HTDPA_3h_140726,4,112,45.00900519107999,-42.0548859794724,87.0638911705524,1.0702443757200897
HTDPA_3h_140726,4,113,45.00900519107999,-42.09022407678963,87.09922926786962,1.0693458202780133
HTDPA_3h_140726,4,114,45.20295184133891,-42.09119557087395,87.29414741221285,1.0739289114566803
HTDPA_3h_140726,4,115,45.20295184133891,-42.131937604035215,87.33488944537413,1.072890410741745
HTDPA_3h_140726,4,116,45.15519683525644,-42.131937604035215,87.28713443929166,1.0717569474168136
HTDPA_3h_140726,4,117,45.13937969719606,-42.14130037827288,87.28068007546895,1.0711434932479902
HTDPA_3h_140726,4,118,44.95598590142811,-42.14130037827288,87.097286279701,1.066791615301136
HTDPA_3h_140726,4,119,44.95749778909683,-42.113570294003495,87.07106808310033,1.067529954720991
HTDPA_3h_140726,4,120,45.09341588333156,-42.113570294003495,87.20698617733505,1.0707573727073043
HTDPA_3h_140726,4,121,45.09341588333156,-42.08117703812938,87.17459292146094,1.071581620506309
HTDPA_3h_140726,4,122,44.767813569132876,-42.08117703812938,86.84899060726227,1.0638441393540194
HTDPA_3h_140726,4,123,44.767813569132876,-42.12859809312036,86.89641166225323,1.062646648487539
HTDPA_3h_140726,4,124,44.570569910825284,-42.12230766892438,86.69287757974966,1.0581226997614641
HTDPA_3h_140726,4,125,44.570569910825284,-42.273545010501266,86.84411492132655,1.0543371723320911
HTDPA_3h_140726,4,126,45.237348803761954,-42.27687237774007,87.51422118150202,1.0700259091914437
HTDPA_3h_140726,4,127,45.237348803761954,-42.11223448963756,87.34958329339952,1.0742091782114622
HTDPA_3h_140726,4,128,44.78918643898797,-42.11223448963756,86.90142092862553,1.0635670840503397
HTDPA_3h_140726,4,129,44.78918643898797,-42.290230421399514,87.07941686038748,1.0590906219400484
HTDPA_3h_140726,4,130,44.87300816295091,-42.290230421399514,87.16323858435042,1.0610726807542876
HTDPA_3h_140726,4,131,44.867361353585785,-42.21149082586517,87.07885217945096,1.0629181882885128
HTDPA_3h_140726,4,132,44.87263170899324,-42.21149082586517,87.08412253485841,1.063043044229498
HTDPA_3h_140726,4,133,44.87935323368915,-42.144627745511684,87.02398097920084,1.0648890649762284
HTDPA_3h_140726,4,134,45.19961233042406,-42.144627745511684,87.34424007593574,1.072488114104596
HTDPA_3h_140726,4,135,45.19961233042406,-43.20759406971107,88.40720640013512,1.0461034293531613
HTDPA_3h_140726,4,136,44.949816913992656,-43.20759406971107,88.15741098370373,1.040322144331172
HTDPA_3h_140726,4,137,44.949816913992656,-42.18269816994106,87.13251508393373,1.065598429311082
HTDPA_3h_140726,4,138,44.78633874695329,-42.176978498519624,86.96331724547292,1.0618669317083786
HTDPA_3h_140726,4,139,44.78885248789648,-42.143625892237225,86.9324783801337,1.0627669437466818
HTDPA_3h_140726,4,140,45.25003894523841,-42.143625892237225,87.39366483747563,1.0737101515883896
HTDPA_3h_140726,4,141,45.24580687413358,-42.102222028731006,87.34802890286458,1.074665532932142
HTDPA_3h_140726,4,142,44.94514159871185,-42.1088949787227,87.05403657743454,1.0673550474649662
HTDPA_3h_140726,4,143,44.94514159871185,-42.43182568418951,87.37696728290136,1.0592318589642684
HTDPA_3h_140726,4,144,44.883949615075586,-42.42332511095168,87.30727472602726,1.0580016888748942
HTDPA_3h_140726,4,145,44.883949615075586,-42.202043045895145,87.08599266097073,1.0635492117351721
HTDPA_3h_140726,4,146,45.16655117236696,-42.207410550711025,87.37396172307798,1.0701095040668418
HTDPA_3h_140726,4,147,45.16655117236696,-42.21542537690668,87.38197654927365,1.0699063380058855
HTDPA_3h_140726,4,148,45.38395333292423,-42.21542537690668,87.59937870983092,1.075056165553903
HTDPA_3h_140726,4,149,45.38395333292423,-42.06247577700617,87.44642910993039,1.0789653365514393
HTDPA_3h_140726,4,150,44.68132023643805,-42.06247577700617,86.74379601344421,1.0622608253806947
HTDPA_3h_140726,4,151,44.68132023643805,-42.166000615366784,86.84732085180482,1.059652790977634
HTDPA_3h_140726,4,152,45.26858841041095,-42.16240608725477,87.43099449766572,1.0736718468279054
HTDPA_3h_140726,4,153,45.26858841041095,-42.18805353108089,87.45664194149184,1.07301912796381
HTDPA_3h_140726,4,154,45.01126391482604,-42.19338460486861,87.20464851969464,1.0667848606208348
HTDPA_3h_140726,4,155,45.01126391482604,-42.160991348994486,87.17225526382052,1.067604495877195
HTDPA_3h_140726,4,156,44.883026695695484,-42.160991348994486,87.04401804468998,1.0645628876268327
HTDPA_3h_140726,4,157,44.883026695695484,-42.19538831141753,87.07841500711302,1.063695074078764
HTDPA_3h_140726,4,158,44.9768001621847,-42.19225524299559,87.1690554051803,1.0659965887851273
HTDPA_3h_140726,4,159,44.988889191696494,-42.140620332413846,87.12950952411035,1.067589628173836
HTDPA_3h_140726,4,160,44.85965011929147,-42.140620332413846,87.00027045170532,1.064522775541256
HTDPA_3h_140726,4,161,44.851331701194475,-42.18931647339052,87.04064817458499,1.0630969034419633
HTDPA_3h_140726,4,162,45.061356578548924,-42.19639016469199,87.25774674324092,1.0678960072810733
HTDPA_3h_140726,4,163,45.0572155850145,-42.21831557180754,87.27553115682204,1.0672433273274105
HTDPA_3h_140726,4,164,44.700021497561245,-42.22410810528531,86.92412960284656,1.058637434948354
HTDPA_3h_140726,4,165,44.700021497561245,-42.15197466952438,86.85199616708562,1.0604490500863555
HTDPA_3h_140726,4,166,45.06753770966042,-42.14635214751136,87.21388985717178,1.0693105194946642
HTDPA_3h_140726,4,167,45.06970535583607,-42.13694687040751,87.20665222624359,1.0696006403702736
HTDPA_3h_140726,4,168,45.144844351420375,-42.13694687040751,87.28179122182789,1.0713838496714931
HTDPA_3h_140726,4,169,45.144844351420375,-42.1983938712409,87.34323822266128,1.0698237589129558
HTDPA_3h_140726,4,170,44.99323055588581,-42.1983938712409,87.19162442712671,1.0662308781981782
HTDPA_3h_140726,4,171,44.99323055588581,-42.289896470308015,87.28312702619382,1.0639238757057687
HTDPA_3h_140726,4,172,44.643893426839526,-42.28342996280925,86.92732338964878,1.0558247868279949
HTDPA_3h_140726,4,173,44.643893426839526,-42.12145761160059,86.76535103844012,1.0598848178165667
HTDPA_3h_140726,4,174,44.71872275868446,-42.12191907129065,86.84064182997511,1.0616497003139567
HTDPA_3h_140726,4,175,44.71872275868446,-42.1726796371965,86.89140239588096,1.0603718602514964
HTDPA_3h_140726,4,176,45.105438122625046,-42.1726796371965,87.27811775982155,1.069541667986443
HTDPA_3h_140726,4,177,45.0985283709503,-42.18878215164414,87.28731052259444,1.0689696661270598
HTDPA_3h_140726,4,178,44.683991845169935,-42.19505436032605,86.87904620549598,1.058986474186987
HTDPA_3h_140726,4,179,44.683991845169935,-42.080843087037884,86.76483493220782,1.061860660746455
HTDPA_3h_140726,4,180,44.958098901061504,-42.077400354876566,87.03549925593808,1.0684618945535944
HTDPA_3h_140726,4,181,44.96217310437762,-42.23679824676178,87.19897135113939,1.0645260760934878
HTDPA_3h_140726,4,182,49.36632009889275,-42.23679824676178,91.60311834565454,1.168798823492204
HTDPA_3h_140726,4,183,49.36632009889275,-42.399432428315386,91.76575252720814,1.1643155880059541
HTDPA_3h_140726,4,184,47.938011280607846,-42.399432428315386,90.33744370892323,1.130628608334711
HTDPA_3h_140726,4,185,47.77708328553984,-42.17044520080255,89.94752848634238,1.132951835296977
HTDPA_3h_140726,4,186,44.50878288706239,-42.17044520080255,86.67922808786494,1.0554496798676278
HTDPA_3h_140726,4,187,44.52107228722906,-42.102683488421064,86.62375577565012,1.057440253172297
HTDPA_3h_140726,4,188,44.59215529501133,-42.09887644597812,86.69103174098944,1.0592243560759305
HTDPA_3h_140726,4,189,44.586648137920825,-42.12772374844447,86.71437188636529,1.0583683183112202
HTDPA_3h_140726,4,190,44.702359155201655,-42.13060179966928,86.83296095487094,1.0610425022590722
HTDPA_3h_140726,4,191,44.702359155201655,-42.09186347305693,86.79422262825858,1.0620190095365036
HTDPA_3h_140726,4,192,45.103768367167625,-42.09186347305693,87.19563184022456,1.0715555132416177
HTDPA_3h_140726,4,193,45.103768367167625,-42.20106547997279,87.30483384714042,1.0687826919576795
HTDPA_3h_140726,4,194,44.70099299164557,-42.190579415700135,86.8915724073457,1.0595017563331033
HTDPA_3h_140726,4,195,44.70099299164557,-42.05199578457154,86.75298877621711,1.062993376596074
HTDPA_3h_140726,4,196,44.76914937349882,-42.05345909753604,86.82260847103487,1.0645770962541794
HTDPA_3h_140726,4,197,44.76914937349882,-42.691305682273985,87.4604550557728,1.048671354928542
HTDPA_3h_140726,4,198,45.436049703196026,-42.691305682273985,88.12735538547001,1.064292810375713
HTDPA_3h_140726,4,199,45.436049703196026,-42.19238275159415,87.62843245479019,1.076878022525981
HTDPA_3h_140726,4,200,44.95222136185134,-42.18771350815138,87.13993487000272,1.0655287434140228
HTDPA_3h_140726,4,201,44.962507055469125,-42.10555546780784,87.06806252327696,1.0678521291530185
HTDPA_3h_140726,4,202,45.170224634373305,-42.10555546780784,87.27578010218114,1.072785387403536
HTDPA_3h_140726,4,203,45.165367163951686,-43.00974322760079,88.17511039155247,1.0501194328211558
HTDPA_3h_140726,4,204,45.264732793263796,-43.056314225268004,88.3210470185318,1.0512913984332584
HTDPA_3h_140726,4,205,45.264732793263796,-42.16266110445192,87.42739389771572,1.0735739065692969
HTDPA_3h_140726,4,206,45.237348803761954,-42.16266110445192,87.40000990821387,1.0729244221965244
HTDPA_3h_140726,4,207,45.21656490219548,-42.17522980916784,87.39179471136332,1.072111879574549
HTDPA_3h_140726,4,208,44.79294490672669,-42.17522980916784,86.96817471589452,1.0620675953492926
HTDPA_3h_140726,4,209,44.79853706954957,-42.131937604035215,86.93047467358478,1.0632916409061366
HTDPA_3h_140726,4,210,44.919761315758926,-42.131937604035215,87.05169891979415,1.066168893961732
HTDPA_3h_140726,4,211,44.919761315758926,-42.1135702940035,87.03333160976243,1.0666338902677885
HTDPA_3h_140726,4,212,45.27642108146579,-42.1135702940035,87.3899913754693,1.0751028888166398
HTDPA_3h_140726,4,213,45.27642108146579,-42.148301207518024,87.42472228898382,1.0742169858411708
HTDPA_3h_140726,4,214,44.58754676994882,-42.14020744742802,86.72775421737684,1.0580761099853147
HTDPA_3h_140726,4,215,44.59015158846241,-42.84692689090638,87.4370784793688,1.040684941115952
HTDPA_3h_140726,4,216,45.215308031723886,-42.84692689090638,88.06223492263027,1.0552754027575348
HTDPA_3h_140726,4,217,45.21236319028078,-42.2040103214159,87.41637351169669,1.0712812087276533
HTDPA_3h_140726,4,218,44.94781320744374,-42.21642723018113,87.16424043762487,1.0646996005220901
HTDPA_3h_140726,4,219,44.94781320744374,-42.090861619782466,87.0386748272262,1.067875816215616
HTDPA_3h_140726,4,220,45.173898096379645,-42.090861619782466,87.2647597161621,1.0732471695268926
HTDPA_3h_140726,4,221,45.156939452770196,-46.095621324394614,91.2525607771648,0.9796362030784115
HTDPA_3h_140726,4,222,44.80846452472374,-46.095621324394614,90.90408584911836,0.972076375961773
HTDPA_3h_140726,4,223,44.81456672194089,-42.02106584166193,86.83563256360281,1.0664785822140983
HTDPA_3h_140726,4,224,45.399315083132585,-42.02106584166193,87.42038092479451,1.0803941826273544
HTDPA_3h_140726,4,225,45.399315083132585,-42.08652025559315,87.48583533872574,1.0787139161760273
HTDPA_3h_140726,4,226,44.585476273181605,-42.08652025559315,86.67199652877476,1.0593766365670574
HTDPA_3h_140726,4,227,44.58251928806246,-42.045996808600854,86.6285160966633,1.0603273241685338
HTDPA_3h_140726,4,228,44.67743426010075,-42.045996808600854,86.72343106870161,1.062584732227388
HTDPA_3h_140726,4,229,44.68599555171884,-42.228449469474626,86.91444502119347,1.0581964555440446
HTDPA_3h_140726,4,230,44.83527168961301,-42.228449469474626,87.06372115908763,1.0617314216574008
HTDPA_3h_140726,4,231,44.83527168961301,-42.15097281624991,86.98624450586291,1.0636829637376306
HTDPA_3h_140726,4,232,44.849631586546906,-42.15097281624991,87.00060440279682,1.0640236414485935
HTDPA_3h_140726,4,233,44.849631586546906,-42.19405250705159,87.0436840935985,1.0629372843258302
HTDPA_3h_140726,4,234,44.70068939974423,-42.19405250705159,86.89474190679582,1.0594073511254631
HTDPA_3h_140726,4,235,44.6959412224071,-42.01490899790253,86.71085022030962,1.0638114490415393
HTDPA_3h_140726,4,236,44.72664043547169,-42.01490899790253,86.74154943337422,1.064542123314001
HTDPA_3h_140726,4,237,44.730077095794975,-42.046446124614846,86.77652322040981,1.0638253935475672
HTDPA_3h_140726,4,238,44.77415863987111,-42.046446124614846,86.82060476448595,1.0648737947357554
HTDPA_3h_140726,4,239,44.77415863987111,-42.06147392373171,86.83563256360281,1.06449333470953
HTDPA_3h_140726,4,240,44.64859302947244,-42.06147392373171,86.71006695320415,1.061508046780097
HTDPA_3h_140726,4,241,44.64859302947244,-42.069822701018865,86.7184157304913,1.0612973899790434
HTDPA_3h_140726,4,242,44.64729365613465,-42.062730794203304,86.71002445033795,1.0614454366878037
HTDPA_3h_140726,4,243,44.64729365613465,-42.037860545644655,86.68515420177931,1.062073404227046
HTDPA_3h_140726,4,244,44.68733135608479,-42.0404350049681,86.72776636105289,1.0629607269954247
HTDPA_3h_140726,4,245,44.68733135608479,-47.79174070253707,92.47907205862185,0.9350429739361329
HTDPA_3h_140726,4,246,44.933453310509854,-47.79174070253707,92.72519401304692,0.9401928586402069
HTDPA_3h_140726,4,247,44.933453310509854,-45.182246873666784,90.11570018417663,0.9944935548722803
HTDPA_3h_140726,4,248,44.635174267432724,-45.02530200434451,89.66047627177724,0.9913353665706863
HTDPA_3h_140726,4,249,44.64091215436825,-42.19538831141753,86.83630046578578,1.0579571356211217
HTDPA_3h_140726,4,250,44.973527441488145,-42.19538831141753,87.16891575290568,1.0658398759022414
HTDPA_3h_140726,4,251,44.96640517548246,-42.18705774964446,87.15346292512692,1.065881518505789
HTDPA_3h_140726,4,252,44.93913047906512,-42.19271670268564,87.13184718175076,1.065092129424429
HTDPA_3h_140726,4,253,44.93913047906512,-42.12492463111402,87.06405511017914,1.0668061930696604
HTDPA_3h_140726,4,254,44.56002920001038,-42.12065612898102,86.6806853289914,1.0579139380820557
HTDPA_3h_140726,4,255,44.56310155005206,-47.02131553447925,91.58441708453131,0.9477212843476347
HTDPA_3h_140726,4,256,44.81423277084941,-47.02131553447925,91.83554830532866,0.9530620796431896
HTDPA_3h_140726,4,257,44.80365562900634,-42.1738940048019,86.97754963380825,1.0623552006818489
HTDPA_3h_140726,4,258,44.8589822171085,-42.1796926101177,87.0386748272262,1.0635208424052884
HTDPA_3h_140726,4,259,44.8589822171085,-42.123588826748076,86.98257104385658,1.0649373300459022
HTDPA_3h_140726,4,260,44.42227133885348,-42.12012180723466,86.54239314608813,1.0546567633910164
HTDPA_3h_140726,4,261,44.42651555363436,-42.06314367918913,86.4896592328235,1.0561862872749217
HTDPA_3h_140726,4,262,44.4846230435529,-42.06314367918913,86.54776672274204,1.0575677220616728
HTDPA_3h_140726,4,263,44.479030880730015,-42.133892735879925,86.61292361660995,1.055659185339242
HTDPA_3h_140726,4,264,44.731078949069435,-42.13494316385861,86.86602211292805,1.0616147926227102
HTDPA_3h_140726,4,265,44.731078949069435,-42.09086161978247,86.82194056885191,1.0627266163647757
HTDPA_3h_140726,4,266,44.874598984513995,-42.09027265149385,86.96487163600784,1.0661513018951976
HTDPA_3h_140726,4,267,44.88670015770183,-41.99635346089198,86.8830536185938,1.0688237539361938
HTDPA_3h_140726,4,268,44.68165418752953,-41.99635346089198,86.67800764842151,1.063941283119692
HTDPA_3h_140726,4,269,44.66895797421505,-42.16578202919781,86.83474000341286,1.0593651018563799
HTDPA_3h_140726,4,270,44.85597665728515,-42.173681490470955,87.0296581477561,1.0636011624316044
HTDPA_3h_140726,4,271,44.85597665728515,-42.21108401271737,87.06706067000252,1.0626587235658511
HTDPA_3h_140726,4,272,45.02306756795057,-42.202480218233084,87.22554778618365,1.066834634721276
HTDPA_3h_140726,4,273,45.04566087724909,-42.14162218568832,87.18728306293741,1.0689114120658367
HTDPA_3h_140726,4,274,44.78952039007945,-42.14162218568832,86.93114257576778,1.0628333240880885
HTDPA_3h_140726,4,275,44.787213091629184,-42.071887125948045,86.85910021757724,1.0645401514211243
HTDPA_3h_140726,4,276,44.911078587380295,-42.07616777175709,86.98724635913739,1.0673756895114885
HTDPA_3h_140726,4,277,44.911078587380295,-42.12826414202888,87.03934272940919,1.066055758575041
HTDPA_3h_140726,4,278,44.71974282747299,-42.12563503616318,86.84537786363617,1.0615802655338695
HTDPA_3h_140726,4,279,44.73909377526509,-42.162995055543405,86.9020888308085,1.0610985703536493
HTDPA_3h_140726,4,280,44.551413261850065,-42.162995055543405,86.71440831739346,1.0566472614945945
HTDPA_3h_140726,4,281,44.54157081240827,-42.298658132581004,86.84022894498926,1.0530256225338657
HTDPA_3h_140726,4,282,44.796199411909164,-42.31126934016311,87.10746875207226,1.0587297453018572
HTDPA_3h_140726,4,283,44.796199411909164,-42.12258697347362,86.91878638538279,1.0634721803795961
HTDPA_3h_140726,4,284,44.498982940486776,-42.12258697347362,86.6215699139604,1.0564161923034232
HTDPA_3h_140726,4,285,44.49564342957191,-42.08978690445168,86.58543033402358,1.0571601022970676
HTDPA_3h_140726,4,286,44.54475245553442,-42.08978690445168,86.63453935998609,1.0583268705221953
HTDPA_3h_140726,4,287,44.54874165311817,-42.115574000552414,86.66431565367058,1.057773584007993
HTDPA_3h_140726,4,288,44.36339879734353,-42.115574000552414,86.47897279789595,1.0533727688660168
HTDPA_3h_140726,4,289,44.36339879734353,-43.1598390636286,87.52323786097213,1.0278861033735684
HTDPA_3h_140726,4,290,46.58784701773064,-43.1598390636286,89.74768608135923,1.0794258743423089
HTDPA_3h_140726,4,291,46.58784701773064,-42.1913808983197,88.77922791605033,1.1042029444356496
HTDPA_3h_140726,4,292,44.56988986496626,-42.17680848705486,86.74669835202113,1.0567392712667174
HTDPA_3h_140726,4,293,44.56988986496626,-41.89869401806547,86.46858388303173,1.06375367799648
HTDPA_3h_140726,4,294,44.63423313253853,-41.90017554654406,86.53440867908259,1.0652516976440205
HTDPA_3h_140726,4,295,44.63423313253853,-42.072828260842236,86.70706139338077,1.060880263523435
HTDPA_3h_140726,4,296,52.73488475871031,-42.072828260842236,94.80771301955255,1.253419057824344
HTDPA_3h_140726,4,297,52.30635871811569,-41.87384805685892,94.18020677497461,1.249141436609572
HTDPA_3h_140726,4,298,44.37328374965152,-41.87384805685892,86.24713180651044,1.0596896585524864
HTDPA_3h_140726,4,299,44.38510561829012,-41.9061866661908,86.29129228448092,1.0591540092121832
HTDPA_3h_140726,4,300,44.48328723918694,-41.9061866661908,86.38947390537774,1.0614969000525956
HTDPA_3h_140726,4,301,44.48328723918694,-42.31026748688865,86.7935547260756,1.0513591589316158
HTDPA_3h_140726,4,302,44.974529294762604,-42.31026748688865,87.28479678165125,1.0629696280861276
HTDPA_3h_140726,4,303,44.974529294762604,-41.96596391156677,86.94049320632936,1.0716906059762066
HTDPA_3h_140726,4,304,44.37712115128459,-41.958343754842865,86.33546490612746,1.0576471133030019
HTDPA_3h_140726,4,305,44.37712115128459,-41.94500999853553,86.32213114982012,1.0579833251400816
HTDPA_3h_140726,4,306,44.69401037791451,-41.95160401463288,86.64561439254739,1.065370715320565
HTDPA_3h_140726,4,307,44.69401037791451,-42.02373745039381,86.71774782830832,1.0635420143358922
HTDPA_3h_140726,4,308,44.80755374901968,-42.02373745039381,86.8312911994135,1.066243900888444
HTDPA_3h_140726,4,309,44.80755374901968,-41.914535443477945,86.72208919249763,1.069021838723299
HTDPA_3h_140726,4,310,44.495309478480436,-41.914535443477945,86.40984492195838,1.0615722924683892
HTDPA_3h_140726,4,311,44.495309478480436,-41.87178970376777,86.36709918224821,1.0626560219487489
HTDPA_3h_140726,4,312,44.49795072802219,-41.8674847706066,86.36543549862878,1.0628283731833428
HTDPA_3h_140726,4,313,44.49795072802219,-42.03480033927903,86.53275106730122,1.058597884820723
HTDPA_3h_140726,4,314,44.612860262683455,-42.03976710278513,86.65262736546859,1.0612061706623455
HTDPA_3h_140726,4,315,44.612860262683455,-41.97331083557946,86.58617109826292,1.062886376474894
HTDPA_3h_140726,4,316,45.187590091130566,-41.97331083557946,87.16090092671003,1.0765791211501585
HTDPA_3h_140726,4,317,45.187590091130566,-41.85342239373604,87.0410124848666,1.0796629643814633
HTDPA_3h_140726,4,318,44.4874343045594,-41.850847934412585,86.33828223897198,1.0629995926075093
HTDPA_3h_140726,4,319,44.4874343045594,-41.999899414299755,86.48733371885916,1.0592271630396504
HTDPA_3h_140726,4,320,44.55375091949046,-42.00503618927061,86.55878710876107,1.0606764083891176
HTDPA_3h_140726,4,321,44.55375091949046,-41.9910102434282,86.54476116291866,1.0610306982662638
HTDPA_3h_140726,4,322,43.78265784924968,-41.9910102434282,85.77366809267788,1.0426674089390808
HTDPA_3h_140726,4,323,43.78265784924968,-41.87412736140816,85.65678521065784,1.0455777972725098
HTDPA_3h_140726,4,324,44.622933441970275,-41.869816356408975,86.49274979837925,1.0657542192716085
HTDPA_3h_140726,4,325,44.633231279264095,-41.79665070818345,86.42988198744754,1.0678662171015838
HTDPA_3h_140726,4,326,44.46258227151482,-41.79665070818345,86.25923297969827,1.0637833778104475
HTDPA_3h_140726,4,327,44.45661365473427,-42.04932417583966,86.50593783057393,1.0572491835737463
HTDPA_3h_140726,4,328,44.38577352047309,-42.05679860845092,86.44257212892401,1.0553768947966045
HTDPA_3h_140726,4,329,44.38577352047309,-41.9816596128666,86.36743313333969,1.0572658139238895
HTDPA_3h_140726,4,330,44.569525554684645,-41.9774336135998,86.54695916828445,1.0617496525620151
HTDPA_3h_140726,4,331,44.572118229522175,-42.0026985316302,86.57481676115238,1.061172729079706
HTDPA_3h_140726,4,332,44.49998479376124,-42.0026985316302,86.50268332539144,1.0594553766646793
HTDPA_3h_140726,4,333,44.492704659966854,-42.198764253360544,86.6914689133274,1.0543603692476287
HTDPA_3h_140726,4,334,44.46959524443603,-42.20908030616845,86.67867555060448,1.0535551810622423
HTDPA_3h_140726,4,335,44.46959524443603,-41.96162254737746,86.43121779181348,1.0597682488141849
HTDPA_3h_140726,4,336,44.6375726434534,-41.96162254737746,86.59919519083087,1.0637713685416863
HTDPA_3h_140726,4,337,44.63371702630624,-41.92395286425785,86.55766989056409,1.064635225853395
HTDPA_3h_140726,4,338,44.67675421424173,-41.92395286425785,86.60070707849958,1.0656617795296393
HTDPA_3h_140726,4,339,44.68065233425507,-42.72770635124595,87.40835868550101,1.0457067825488877
HTDPA_3h_140726,4,340,44.435532233104475,-42.72770635124595,87.16323858435042,1.0399699873384083
HTDPA_3h_140726,4,341,44.435532233104475,-41.88180823651233,86.3173404696168,1.0609745401194455
HTDPA_3h_140726,4,342,44.38093426556554,-41.87841407905523,86.25934834462078,1.0597568041088237
HTDPA_3h_140726,4,343,44.38510561829011,-41.883811943061254,86.26891756135137,1.059719819166155
HTDPA_3h_140726,4,344,44.38577352047309,-41.883811943061254,86.26958546353434,1.0597357657133288
HTDPA_3h_140726,4,345,44.37306516348254,-41.99878219610278,86.37184735958533,1.0565321860118144
HTDPA_3h_140726,4,346,44.50065269594421,-42.00269853163021,86.50335122757443,1.0594712780759292
HTDPA_3h_140726,4,347,44.50065269594421,-42.0077077980025,86.50836049394671,1.0593449399793304
HTDPA_3h_140726,4,348,44.352275190078046,-42.004975470890344,86.35725066096839,1.0558814686325526
HTDPA_3h_140726,4,349,44.358389530971245,-41.99869111853238,86.35708064950362,1.0561850464763085
HTDPA_3h_140726,4,350,44.47927982608912,-41.99869111853238,86.47797094462149,1.0590634765392046
HTDPA_3h_140726,4,351,44.46900020430938,-42.06802543696286,86.53702564127224,1.0570736264040792
HTDPA_3h_140726,4,352,44.61720162687276,-42.07182640756778,86.68902803444054,1.0605007064501277
HTDPA_3h_140726,4,353,44.61720162687276,-41.915537296752404,86.53273892362517,1.0644549611995475
HTDPA_3h_140726,4,354,44.307926485128725,-41.91431078547095,86.22223727059968,1.0571073615383768
HTDPA_3h_140726,4,355,44.31096847598027,-41.96596391156677,86.27693238754703,1.0558787251820316
HTDPA_3h_140726,4,356,44.38443771610714,-41.96596391156677,86.3504016276739,1.0576294115306568
HTDPA_3h_140726,4,357,44.38078854145291,-41.941464045127766,86.32225258658067,1.0581602133320978
HTDPA_3h_140726,4,358,44.45389954313619,-41.94592684607762,86.39982638921381,1.0597906134309938
HTDPA_3h_140726,4,359,44.45389954313619,-41.91386754129497,86.36776708443116,1.0606012317841749
HTDPA_3h_140726,4,360,44.8499655376384,-41.91386754129497,86.76383307893337,1.0700507533324306
HTDPA_3h_140726,4,361,44.833431922690835,-42.09746170771783,86.93089363040866,1.0649913344887352
HTDPA_3h_140726,4,362,44.3464462255721,-42.09746170771783,86.44390793328992,1.0534232808017963
HTDPA_3h_140726,4,363,44.35171050914153,-41.967633667024195,86.31934417616573,1.0568075117370892
HTDPA_3h_140726,4,364,44.59683061029213,-41.967633667024195,86.56446427731632,1.062648205617888
HTDPA_3h_140726,4,365,44.59683061029213,-41.90551876400783,86.50234937429997,1.0642233272767843
HTDPA_3h_140726,4,366,44.71805485650148,-41.90551876400783,86.62357362050932,1.0671161263587388
HTDPA_3h_140726,4,367,44.7098093004608,-41.75894459403568,86.46875389449647,1.0706642549305851
HTDPA_3h_140726,4,368,44.547059753984676,-41.75894459403568,86.30600434802037,1.0667668971774544
HTDPA_3h_140726,4,369,44.55041140857559,-41.96663181374975,86.51704322232534,1.0615674759483391
HTDPA_3h_140726,4,370,44.39879761304103,-41.96663181374975,86.36542942679078,1.057954753435667
HTDPA_3h_140726,4,371,44.39879761304103,-41.967299715932704,86.36609732897374,1.0579379162721119
HTDPA_3h_140726,4,372,44.56610710987543,-41.967299715932704,86.53340682580813,1.0619245796497148
HTDPA_3h_140726,4,373,44.56610710987543,-41.77093647413904,86.33704358401448,1.066916638018564
HTDPA_3h_140726,4,374,44.396915343252665,-41.76824664989307,86.16516199314574,1.062934619099371
HTDPA_3h_140726,4,375,44.396915343252665,-41.799990219098305,86.19690556235096,1.062127409852068
HTDPA_3h_140726,4,376,44.75445552547344,-41.80065812128128,86.55511364675472,1.070663897099944
HTDPA_3h_140726,4,377,44.75445552547344,-41.78295871343253,86.53741423890597,1.0711174340816996
HTDPA_3h_140726,4,378,44.56877871860733,-41.78295871343253,86.35173743203985,1.0666735935164688
HTDPA_3h_140726,4,379,44.56369659017871,-41.89407942116493,86.45777601134364,1.0637230178082175
HTDPA_3h_140726,4,380,44.46105824017005,-41.89407942116493,86.35513766133498,1.061273068998582
HTDPA_3h_140726,4,381,44.47961377718061,-41.798320463640884,86.2779342408215,1.0641483505508817
HTDPA_3h_140726,4,382,44.3029536497846,-41.798320463640884,86.10127411342549,1.0599218618920925
HTDPA_3h_140726,4,383,44.3029536497846,-41.92188236749064,86.22483601727524,1.0567978141205896
HTDPA_3h_140726,4,384,44.269892491727504,-41.92188236749064,86.19177485921814,1.056009176869827
HTDPA_3h_140726,4,385,44.26799807826307,-41.78082749828505,86.04882557654813,1.0595289928156666
HTDPA_3h_140726,4,386,44.26479214778481,-41.78082749828505,86.04561964606987,1.0594522607193866
HTDPA_3h_140726,4,387,44.27022644281899,-41.92455397622252,86.1947804190415,1.0559498490532975
HTDPA_3h_140726,4,388,44.424845798176925,-41.92455397622252,86.34939977439944,1.0596378872240941
HTDPA_3h_140726,4,389,44.418263925755646,-41.781410394735644,86.19967432049128,1.0631106874111707
HTDPA_3h_140726,4,390,44.241506648951216,-41.783960566706995,86.02546721565821,1.058815537084399
HTDPA_3h_140726,4,391,44.241506648951216,-41.81000875184288,86.0515154007941,1.0581558810843628
HTDPA_3h_140726,4,392,44.372603703792485,-41.801544609633225,86.17414831342572,1.061506317964307
HTDPA_3h_140726,4,393,44.38310191174119,-41.768264865407154,86.15136677714835,1.0626034395912785
HTDPA_3h_140726,4,394,44.54072682692251,-41.768264865407154,86.30899169232967,1.0663772356943544
HTDPA_3h_140726,4,395,44.54072682692251,-41.745556191186125,86.28628301810863,1.0669573217071315
HTDPA_3h_140726,4,396,43.974345775762544,-41.745556191186125,85.71990196694867,1.0533898644054236
HTDPA_3h_140726,4,397,43.971085198742045,-41.77541141876495,85.746496617507,1.0525589983535344
HTDPA_3h_140726,4,398,44.535110376747525,-41.77541141876495,86.31052179551247,1.0660603657572347
HTDPA_3h_140726,4,399,44.547405848752234,-41.7104913265801,86.25789717533233,1.0680144115292238
HTDPA_3h_140726,4,400,44.18406706121564,-41.7104913265801,85.89455838779574,1.0593034427542036
HTDPA_3h_140726,4,401,44.18406706121564,-41.779953153609156,85.9640202148248,1.0575422834670845
HTDPA_3h_140726,4,402,44.21412265944937,-41.779953153609156,85.99407581305853,1.0582616619240977
HTDPA_3h_140726,4,403,44.21412265944937,-41.75724447938812,85.9713671388375,1.0588371721049266
HTDPA_3h_140726,4,404,44.38018135765021,-41.74947252671354,86.12965388436375,1.0630117860591748
HTDPA_3h_140726,4,405,44.38018135765021,-41.73113557587196,86.11131693352218,1.0634788808217783
HTDPA_3h_140726,4,406,44.539724973648056,-41.73386790298411,86.27359287663216,1.0672321357125711
HTDPA_3h_140726,4,407,44.539724973648056,-41.74088087590531,86.28060584955337,1.067052827803602
HTDPA_3h_140726,4,408,44.4064784881452,-41.74088087590531,86.14735936405052,1.063860597963053
HTDPA_3h_140726,4,409,44.39506950449245,-41.82809068548733,86.22316018997978,1.0613697344759692
HTDPA_3h_140726,4,410,44.16137660250869,-41.82809068548733,85.98946728799602,1.0557827497928542
HTDPA_3h_140726,4,411,44.1663676533669,-41.838728545710666,86.00509619907757,1.0556336004597555
HTDPA_3h_140726,4,412,44.61519792032385,-41.838728545710666,86.45392646603452,1.0663612272915934
HTDPA_3h_140726,4,413,44.61519792032385,-41.678765972888954,86.2939638932128,1.0704539080966307
HTDPA_3h_140726,4,414,44.268222736270076,-41.678765972888954,85.94698870915903,1.0621289211169425
HTDPA_3h_140726,4,415,44.262776297559846,-41.68865699703497,85.9514332945948,1.0617462755086584
HTDPA_3h_140726,4,416,44.07100336531459,-41.68865699703497,85.75966036234956,1.0571461529319368
HTDPA_3h_140726,4,417,44.07386320102532,-41.72217961478213,85.79604281580745,1.0563653099611794
HTDPA_3h_140726,4,418,44.33668271002467,-41.72217961478213,86.0588623248068,1.0626645855845034
HTDPA_3h_140726,4,419,44.33668271002467,-41.76392350121784,86.1006062112425,1.0616024308332
HTDPA_3h_140726,4,420,46.16573283809256,-41.76392350121784,87.9296563393104,1.1053974092435632
HTDPA_3h_140726,4,421,46.16573283809256,-42.12659438657145,88.292327224664,1.0958809633282072
HTDPA_3h_140726,4,422,44.003508813806306,-42.10571940743457,86.10922822124087,1.0450720100043378
HTDPA_3h_140726,4,423,44.009410640368564,-41.932234851326704,85.94164549169527,1.0495364913510241
HTDPA_3h_140726,4,424,44.51701629942702,-41.932234851326704,86.44925115075372,1.0616418718741039
HTDPA_3h_140726,4,425,44.49338470582588,-41.71772895750831,86.21111366333419,1.0665342006307372
HTDPA_3h_140726,4,426,44.02043102638759,-41.719174054958735,85.73960508134633,1.0551606551078239
HTDPA_3h_140726,4,427,44.02043102638759,-41.73019444097776,85.75062546736535,1.0548820012964255
HTDPA_3h_140726,4,428,44.26020791007441,-41.73019444097776,85.99040235105218,1.0606278859465907
HTDPA_3h_140726,4,429,44.26020791007441,-41.67642831524854,85.93663622532296,1.0619961858363116
HTDPA_3h_140726,4,430,44.055435172613336,-41.66869279360213,85.72412796621546,1.0572790317861296
HTDPA_3h_140726,4,431,44.055435172613336,-41.704759511482614,85.76019468409595,1.0563646856777464
HTDPA_3h_140726,4,432,44.37842659646039,-41.70815366893971,86.0865802654001,1.0640228035198127
HTDPA_3h_140726,4,433,44.37842659646039,-41.713830837494974,86.09225743395537,1.0638779921543509
HTDPA_3h_140726,4,434,44.60718309412819,-41.713830837494974,86.32101393162316,1.0693619405972297
HTDPA_3h_140726,4,435,44.60718309412819,-41.579582498717656,86.18676559284584,1.0728145982587465
HTDPA_3h_140726,4,436,43.826071491142834,-41.579582498717656,85.4056539898605,1.0540286567931378
HTDPA_3h_140726,4,437,43.82506963786838,-41.508760579970556,85.33383021783894,1.0558028961967014
HTDPA_3h_140726,4,438,44.28206045513364,-41.508760579970556,85.79082103510419,1.0668123990312854
HTDPA_3h_140726,4,439,44.290931410491105,-41.77093647413905,86.06186788463015,1.060328906868349
HTDPA_3h_140726,4,440,44.22414119219395,-41.77093647413905,85.995077666333,1.058729942996938
HTDPA_3h_140726,4,441,44.22414119219395,-42.01338496655775,86.2375261587517,1.0526202834500467
HTDPA_3h_140726,4,442,44.498363613008024,-41.9943133233149,86.49267693632292,1.0596283184919444
HTDPA_3h_140726,4,443,44.498363613008024,-41.7586531458104,86.25701675881842,1.0656082095758996
HTDPA_3h_140726,4,444,44.20477202888777,-41.762587696851895,85.96735972573967,1.0584778019447287
HTDPA_3h_140726,4,445,44.20477202888777,-41.8023278767387,86.00709990562646,1.0574715398442183
HTDPA_3h_140726,4,446,44.40714639032819,-41.8023278767387,86.2094742670669,1.0623127621330142
HTDPA_3h_140726,4,447,44.40714639032819,-41.825036550959744,86.23218294128793,1.0617359852446846
HTDPA_3h_140726,4,448,44.02148145436626,-41.81259535484239,85.83407680920865,1.052828246627079
HTDPA_3h_140726,4,449,44.02148145436626,-41.65055014157741,85.67203159594368,1.0569243696596957
HTDPA_3h_140726,4,450,44.12662747348008,-41.65338568993604,85.78001316341611,1.0593767287479252
HTDPA_3h_140726,4,451,44.12662747348008,-41.77026857195608,85.89689604543616,1.056412347396445
HTDPA_3h_140726,4,452,44.17772199047741,-41.77026857195608,85.94799056243349,1.0576355743170311
HTDPA_3h_140726,4,453,44.17772199047741,-41.99434975434306,86.17207174482047,1.0519920477137175
HTDPA_3h_140726,4,454,43.8788357635976,-41.99434975434306,85.87318551794067,1.0448747514910537
HTDPA_3h_140726,4,455,43.8788357635976,-41.61798687423853,85.49682263783613,1.054323840703562
HTDPA_3h_140726,4,456,44.2918968327374,-41.616474986569806,85.9083718193072,1.064287565129699
HTDPA_3h_140726,4,457,44.2918968327374,-41.612880458457816,85.90477729119522,1.0643794984813428
HTDPA_3h_140726,4,458,44.39512415103469,-41.61598316768962,86.01110731872431,1.066780615806832
HTDPA_3h_140726,4,459,44.39512415103469,-41.76559325667527,86.16071740770997,1.0629592611841843
HTDPA_3h_140726,4,460,44.39579205321766,-41.76559325667527,86.16138530989292,1.0629752528685084
HTDPA_3h_140726,4,461,44.39091636728197,-41.64253531538175,86.03345168266372,1.065999368940561
HTDPA_3h_140726,4,462,44.08120405319999,-41.64253531538175,85.72373936858173,1.0585619660126087
HTDPA_3h_140726,4,463,44.09390026651448,-41.72284751696508,85.81674778347957,1.0568286416353845
HTDPA_3h_140726,4,464,44.391450689028346,-41.72284751696508,86.11429820599344,1.0639602359589233
HTDPA_3h_140726,4,465,44.391450689028346,-41.72318146805657,86.11463215708491,1.0639517200531463
HTDPA_3h_140726,4,466,53.0508024912559,-41.72318146805657,94.77398395931247,1.2714946613520304
HTDPA_3h_140726,4,467,53.0508024912559,-42.00937755345993,95.06018004471582,1.2628323860248816
HTDPA_3h_140726,4,468,43.967369233869505,-42.00254673567952,85.96991596954902,1.046778651555453
HTDPA_3h_140726,4,469,43.967369233869505,-41.4986570414936,85.4660262753631,1.059488965869606
HTDPA_3h_140726,4,470,44.015087808923816,-41.500436090035514,85.51552389895933,1.0605933805956338
HTDPA_3h_140726,4,471,44.015087808923816,-41.56221704196039,85.5773048508842,1.0590168412933088
HTDPA_3h_140726,4,472,43.97868713995187,-41.56221704196039,85.54090418191225,1.0581410297615228
HTDPA_3h_140726,4,473,43.9778613699802,-41.52384302562966,85.50170439560986,1.059099017950623
HTDPA_3h_140726,4,474,44.04321863450298,-41.52384302562966,85.56706166013264,1.0606729875006582
HTDPA_3h_140726,4,475,44.04781501588943,-41.64570481483185,85.69351983072127,1.057679662566356
HTDPA_3h_140726,4,476,44.34169197639696,-41.64570481483185,85.9873967912288,1.064736259682774
HTDPA_3h_140726,4,477,44.34169197639696,-41.536502807915994,85.87819478431295,1.067535516445702
HTDPA_3h_140726,4,478,44.04514340715754,-41.536502807915994,85.58164621507353,1.0603960475642993
HTDPA_3h_140726,4,479,44.03789970439131,-41.506307557407645,85.54420726179896,1.0609929501313071
HTDPA_3h_140726,4,480,44.09861808466146,-41.506307557407645,85.6049256420691,1.0624558212909778
HTDPA_3h_140726,4,481,44.10525460362499,-42.09921039706961,86.2044650006946,1.0476503997969286
HTDPA_3h_140726,4,482,44.36473460170948,-42.09921039706961,86.46394499877908,1.053813935778652
HTDPA_3h_140726,4,483,44.36473460170948,-41.6801017772549,86.04483637896438,1.064410419120416
HTDPA_3h_140726,4,484,43.89119195398257,-41.6801017772549,85.57129373123746,1.053049058962094
HTDPA_3h_140726,4,485,43.889552557715284,-41.48112157327159,85.37067413098687,1.0580608935606883
HTDPA_3h_140726,4,486,43.784169736918415,-41.48112157327159,85.26529131019001,1.055520392802754
HTDPA_3h_140726,4,487,43.78666526234751,-41.636688135361744,85.42335339770926,1.05163660279598
HTDPA_3h_140726,4,488,44.285922144118814,-41.636688135361744,85.92261027948055,1.0636273951507467
HTDPA_3h_140726,4,489,44.285922144118814,-41.74989755537543,86.03581969949425,1.060743252971572
HTDPA_3h_140726,4,490,44.12428981583968,-41.74989755537543,85.87418737121511,1.0568718104592938
HTDPA_3h_140726,4,491,44.115400644968126,-52.159225939045065,96.27462658401319,0.8457832694166664
HTDPA_3h_140726,4,492,44.18284662177222,-52.159225939045065,96.34207256081729,0.8470763479773589
HTDPA_3h_140726,4,493,44.1924158385028,-41.64971222792969,85.84212806643248,1.0610497281867894
HTDPA_3h_140726,4,494,44.33735061220764,-41.64971222792969,85.98706284013733,1.0645295787296138
HTDPA_3h_140726,4,495,44.33735061220764,-41.509118818414144,85.8464694306218,1.068135192321617
HTDPA_3h_140726,4,496,44.15534726734787,-41.509118818414144,85.66446608576202,1.0637505329975787
HTDPA_3h_140726,4,497,44.15534726734787,-41.54217997647124,85.69752724381911,1.0629039518955596
HTDPA_3h_140726,4,498,43.79235457457882,-41.53557381669785,85.32792839127667,1.054333684369944
HTDPA_3h_140726,4,499,43.79235457457882,-41.65839495630832,85.45074953088715,1.0512252001189344
HTDPA_3h_140726,4,500,44.16603370227541,-41.658728907399805,85.82476260967522,1.0601867810333079
HTDPA_3h_140726,4,501,44.16603370227541,-41.68978635890799,85.85582006118341,1.0593969784841155
HTDPA_3h_140726,4,502,52.078336912849174,-41.68978635890799,93.76812327175716,1.249186946282382
HTDPA_3h_140726,4,503,52.078336912849174,-42.7711199931391,94.84945690598828,1.2176051719291672
HTDPA_3h_140726,4,504,44.01809336874718,-42.7711199931391,86.78921336188628,1.0291545644773414
HTDPA_3h_140726,4,505,44.00989638741071,-41.453992600966885,85.46388898837759,1.061656396068933
HTDPA_3h_140726,4,506,44.16535972825442,-41.453992600966885,85.6193523292213,1.0654066582533306
HTDPA_3h_140726,4,507,44.17237877301364,-41.653719641027514,85.82609841404116,1.0604666078730056
HTDPA_3h_140726,4,508,43.93928091115654,-41.653719641027514,85.59300055218405,1.0548705203238997
HTDPA_3h_140726,4,509,43.93928091115654,-41.56555655287525,85.5048374640318,1.057107965227452
HTDPA_3h_140726,4,510,43.81872456713014,-41.56555655287525,85.3842811200054,1.054207574759372
HTDPA_3h_140726,4,511,43.81872456713014,-41.704814158024845,85.52353872515499,1.0506874434470663
HTDPA_3h_140726,4,512,43.83653326806338,-41.69917342049775,85.53570668856113,1.051256647847964
HTDPA_3h_140726,4,513,43.842435094625635,-41.57123372143051,85.41366881605614,1.0546339660837223
HTDPA_3h_140726,4,514,43.98837172160495,-41.57123372143051,85.55960544303545,1.0581444855924103
HTDPA_3h_140726,4,515,43.982403104824385,-41.55811247945414,85.54051558427852,1.058334955096163
HTDPA_3h_140726,4,516,43.922249405490746,-41.56088123759445,85.48313064308519,1.0568170861054864
HTDPA_3h_140726,4,517,43.922249405490746,-41.6350183799043,85.55726778539506,1.0549352711872564
HTDPA_3h_140726,4,518,43.55863738524295,-41.63233462749636,85.19097201273931,1.0462693907267537
HTDPA_3h_140726,4,519,43.55863738524295,-41.52241007185528,85.08104745709824,1.0490392371219286
HTDPA_3h_140726,4,520,43.86848327976154,-41.52414661753101,85.39262989729255,1.0564571906515903
HTDPA_3h_140726,4,521,43.86848327976154,-41.60997204804288,85.47845532780443,1.0542781242225057
HTDPA_3h_140726,4,522,44.08287988049543,-41.60997204804288,85.69285192853832,1.059430653536545
HTDPA_3h_140726,4,523,44.07321351435643,-41.54888328565307,85.6220968000095,1.0607556696854719
HTDPA_3h_140726,4,524,43.926256818588584,-41.55253246030731,85.4787892788959,1.0571258649649995
HTDPA_3h_140726,4,525,43.93084105629898,-41.56399001866429,85.49483107496327,1.0569447504094736
HTDPA_3h_140726,4,526,43.625209017371155,-41.552234940243984,85.17744395761514,1.049888389399711
HTDPA_3h_140726,4,527,43.625209017371155,-41.61081603352863,85.23602505089978,1.0484103215428267
HTDPA_3h_140726,4,528,43.93260188932681,-41.615983167689606,85.54858505701642,1.0556665623470314
HTDPA_3h_140726,4,529,43.93260188932681,-41.51379413369495,85.44639602302176,1.0582651575484068
HTDPA_3h_140726,4,530,44.168037408824325,-41.51379413369495,85.68183154251928,1.0639364175334445
HTDPA_3h_140726,4,531,44.168037408824325,-44.94614345198631,89.11418086081063,0.9826880354263722
HTDPA_3h_140726,4,532,43.6765524797276,-44.75811684380373,88.43466932353132,0.9758353469639807
HTDPA_3h_140726,4,533,43.68080276634651,-41.58025040090063,85.26105316724714,1.0505180306802668
HTDPA_3h_140726,4,534,44.19742510487509,-41.58025040090063,85.77767550577572,1.0629427355232515
HTDPA_3h_140726,4,535,44.18794696571491,-41.580262544576684,85.7682095102916,1.0627144770512842
HTDPA_3h_140726,4,536,44.26454927426373,-41.58225410744955,85.84680338171327,1.0645057663272188
HTDPA_3h_140726,4,537,44.26454927426373,-41.51579784024387,85.7803471145076,1.0662097701842868
HTDPA_3h_140726,4,538,43.835998946317005,-41.51293800453315,85.34893695085015,1.0559599260724495
HTDPA_3h_140726,4,539,43.8410992902597,-41.34715253904353,85.18825182930323,1.0603172551933575
HTDPA_3h_140726,4,540,43.987035917239005,-41.34715253904353,85.33418845628253,1.063846799987077
HTDPA_3h_140726,4,541,43.978104243501264,-41.535719540810504,85.51382378431177,1.0588020318340945
HTDPA_3h_140726,4,542,44.109929918905785,-41.53783861228193,85.64776853118772,1.061921645240909
HTDPA_3h_140726,4,543,44.109929918905785,-41.59961956420681,85.7095494831126,1.060344550767452
HTDPA_3h_140726,4,544,43.94007025010006,-41.59874521953091,85.53881546963098,1.0562835493766258
HTDPA_3h_140726,4,545,43.94796363953516,-41.52548242189696,85.47344606143213,1.058337220336802
HTDPA_3h_140726,4,546,43.87783391032314,-41.52548242189696,85.4033163322201,1.056648384346903
HTDPA_3h_140726,4,547,43.86635813645208,-41.557165272721925,85.42352340917401,1.0555666597703648
HTDPA_3h_140726,4,548,43.95030129717556,-41.563218895234854,85.51352019241041,1.0574325681549746
HTDPA_3h_140726,4,549,43.95030129717556,-41.47138234507625,85.4216836422518,1.059774206016878
HTDPA_3h_140726,4,550,43.78402401280575,-41.46487333471129,85.24889734751704,1.0559304898720874
HTDPA_3h_140726,4,551,43.78402401280575,-41.42375484759234,85.2077788603981,1.0569786388003064
HTDPA_3h_140726,4,552,43.897537024720805,-41.42429524117675,85.32183226589756,1.059705102262925
HTDPA_3h_140726,4,553,43.897537024720805,-41.48407248655272,85.38160951127352,1.0581781004974964
HTDPA_3h_140726,4,554,43.81438320294083,-41.48407248655272,85.29845568949355,1.0561736246397577
HTDPA_3h_140726,4,555,43.79896073435222,-41.45408975037532,85.25305048472754,1.0565654920442602
HTDPA_3h_140726,4,556,43.8317486596981,-41.45408975037532,85.28583841007341,1.0573564375346405
HTDPA_3h_140726,4,557,43.83275051297256,-41.50878486732267,85.34153538029523,1.0559873205895605
HTDPA_3h_140726,4,558,44.0367946298704,-41.50878486732267,85.54557949719307,1.0609030057282616
HTDPA_3h_140726,4,559,44.0367946298704,-41.50878486732267,85.54557949719307,1.0609030057282616
HTDPA_3h_140726,4,560,43.69115525018256,-41.50878486732267,85.19994011750524,1.0525761086438823
HTDPA_3h_140726,4,561,43.69115525018256,-41.514128084786435,85.205283334969,1.0524406332453826
HTDPA_3h_140726,4,562,43.83303588935983,-41.50662329298504,85.33965918234486,1.0560491895462856
HTDPA_3h_140726,4,563,43.8364239749789,-41.528821932811816,85.36524590779072,1.0555662774614816
HTDPA_3h_140726,4,564,56.21565698526711,-41.528821932811816,97.74447891807893,1.35365402553958
HTDPA_3h_140726,4,565,55.68179062674181,-42.10127482199879,97.7830654487406,1.322567804945586
HTDPA_3h_140726,4,566,59.93153078022993,-42.13293945730968,102.06447023753961,1.4224388697340782
HTDPA_3h_140726,4,567,59.93153078022993,-41.467374931978426,101.39890571220835,1.445269464935734
HTDPA_3h_140726,4,568,43.5064802965909,-41.467374931978426,84.97385522856933,1.0491737267660985
HTDPA_3h_140726,4,569,43.49923052198665,-41.36216212264631,84.86139264463296,1.0516672313454878
HTDPA_3h_140726,4,570,43.77914225503204,-41.36216212264631,85.14130437767835,1.0584345693829773
HTDPA_3h_140726,4,571,43.786999213438996,-41.56288494414337,85.34988415758237,1.0535120281540762
HTDPA_3h_140726,4,572,43.722212701690744,-41.56288494414337,85.28509764583411,1.0519532693760143
HTDPA_3h_140726,4,573,43.722212701690744,-41.519805253341694,85.24201795503244,1.0530447441867947
HTDPA_3h_140726,4,574,43.6971663698293,-41.519805253341694,85.21697162317099,1.0524415060042305
HTDPA_3h_140726,4,575,43.6971663698293,-53.39877952858414,97.09594589841345,0.8183176985616007
HTDPA_3h_140726,4,576,43.53830887152851,-52.74982148025676,96.28813035178527,0.8253735775736047
HTDPA_3h_140726,4,577,43.550895791758514,-41.38388715910696,84.93478295086547,1.0523635835444878
HTDPA_3h_140726,4,578,43.492120399657004,-41.38388715910696,84.87600755876397,1.0509433353238327
HTDPA_3h_140726,4,579,43.48541101863716,-41.728488254492184,85.21389927312934,1.0421036763524698
HTDPA_3h_140726,4,580,43.797685648366546,-41.73620556062452,85.53389120899107,1.0493930883282525
HTDPA_3h_140726,4,581,43.797685648366546,-41.44733786648927,85.24502351485582,1.0567068454299344
HTDPA_3h_140726,4,582,43.59898474893247,-41.44733786648927,85.04632261542174,1.0519127884491428
HTDPA_3h_140726,4,583,43.58620352988561,-41.39869030021683,84.98489383010244,1.0528401554205042
HTDPA_3h_140726,4,584,43.345928755480564,-41.39869030021683,84.7446190556974,1.0470362332997172
HTDPA_3h_140726,4,585,43.34985723468404,-41.37286677308793,84.72272400777197,1.047784710506986
HTDPA_3h_140726,4,586,43.62269527642797,-41.37286677308793,84.9955620495159,1.0543793234266159
HTDPA_3h_140726,4,587,43.62269527642797,-41.45000947522115,85.07270475164913,1.05241701579117
HTDPA_3h_140726,4,588,43.45805738832544,-41.45000947522115,84.9080668635466,1.0484450531743474
HTDPA_3h_140726,4,589,43.45805738832544,-43.247334249597884,86.70539163792333,1.004872511621442
HTDPA_3h_140726,4,590,50.20353548524772,-43.247334249597884,93.45086973484561,1.1608469367268461
HTDPA_3h_140726,4,591,50.20353548524772,-41.583589911815494,91.78712539706322,1.207292001284934
HTDPA_3h_140726,4,592,43.33213353948319,-41.57266060336686,84.90479414285005,1.0423228369457265
HTDPA_3h_140726,4,593,43.33213353948319,-41.54711030894918,84.87924384843237,1.0429638359265028
HTDPA_3h_140726,4,594,43.691489201274045,-41.55219850921582,85.24368771048987,1.051484416440294
HTDPA_3h_140726,4,595,43.691489201274045,-41.49175336165689,85.18324256293093,1.0530162179564568
HTDPA_3h_140726,4,596,43.7302275278864,-41.49175336165689,85.22198088954329,1.053949857137108
HTDPA_3h_140726,4,597,43.7302275278864,-42.751082927649946,86.48131045553635,1.0229033870766153
HTDPA_3h_140726,4,598,46.9784665735226,-42.67513637760805,89.65360295113065,1.1008392839764314
HTDPA_3h_140726,4,599,47.18695527585623,-41.577578792168744,88.76453406802497,1.1349134953655364
HTDPA_3h_140726,4,600,43.85312152955319,-41.577578792168744,85.43070032172193,1.0547300444972774
HTDPA_3h_140726,4,601,43.83170008499388,-41.48197163059537,85.31367171558924,1.056644570208072
HTDPA_3h_140726,4,602,58.07108924956237,-41.48741199746757,99.55850124702994,1.3997279283920405
HTDPA_3h_140726,4,603,58.07108924956237,-41.29372036440579,99.36480961396816,1.406293468767185
HTDPA_3h_140726,4,604,43.227916511587495,-41.2874299402098,84.51534645179728,1.046999451750516
HTDPA_3h_140726,4,605,43.230302743932114,-41.296725924229165,84.52702866816128,1.0468215524700593
HTDPA_3h_140726,4,606,43.50247288349306,-41.296725924229165,84.79919880772223,1.0534121509610952
HTDPA_3h_140726,4,607,43.497263246465884,-41.357741824562645,84.85500507102853,1.0517320658119822
HTDPA_3h_140726,4,608,43.87148883958491,-41.35884082724554,85.23032966683044,1.0607523799526835
HTDPA_3h_140726,4,609,43.87148883958491,-41.335464250841525,85.20695309042644,1.061352270615704
HTDPA_3h_140726,4,610,43.47341913853381,-41.335464250841525,84.80888338937532,1.0517220485227465
HTDPA_3h_140726,4,611,43.47341913853381,-41.31409138098642,84.78751051952023,1.0522661320960613
HTDPA_3h_140726,4,612,43.27627262963465,-41.30741843099473,84.58369106062938,1.0476634530412243
HTDPA_3h_140726,4,613,43.27627262963465,-49.094744999458435,92.37101762909307,0.8814848234798252
HTDPA_3h_140726,4,614,43.85011596972981,-49.53463144900161,93.38474741873142,0.885241591327387
HTDPA_3h_140726,4,615,43.85011596972981,-41.460361959057224,85.31047792878704,1.0576394873984098
HTDPA_3h_140726,4,616,43.61000513495151,-41.460361959057224,85.07036709400873,1.0518481526528178
HTDPA_3h_140726,4,617,43.61000513495151,-41.3808815992836,84.9908867342351,1.0538684399538385
HTDPA_3h_140726,4,618,43.19442425303048,-41.37262997140488,84.56705422443537,1.044033804060432
HTDPA_3h_140726,4,619,43.19442425303048,-41.32701832414594,84.52144257717643,1.045186079340098
HTDPA_3h_140726,4,620,43.61601625459826,-41.3287852290118,84.94480148361006,1.055342324070558
HTDPA_3h_140726,4,621,43.61601625459826,-41.365185897983764,84.98120215258203,1.0544136405470428
HTDPA_3h_140726,4,622,43.4052931158707,-41.365185897983764,84.77047901385447,1.0493194258311402
HTDPA_3h_140726,4,623,43.4052931158707,-41.406595833328,84.8118889491987,1.04827002177595
HTDPA_3h_140726,4,624,43.57360446597954,-41.406595833328,84.98020029930754,1.052334865714977
HTDPA_3h_140726,4,625,43.573015497690925,-41.27511625269102,84.84813175038195,1.0556727504032188
HTDPA_3h_140726,4,626,43.39059319600729,-41.27511625269102,84.66570944869831,1.0512530826167774
HTDPA_3h_140726,4,627,43.39761224076651,-42.03843129841919,85.4360435391857,1.032331866351027
HTDPA_3h_140726,4,628,43.565255688692396,-42.03843129841919,85.60368698711159,1.036319727999237
HTDPA_3h_140726,4,629,43.565255688692396,-41.39156803421114,84.95682372290354,1.0525152285287827
HTDPA_3h_140726,4,630,43.75193434883299,-41.39156803421114,85.14350238304414,1.0570252934769455
HTDPA_3h_140726,4,631,43.74343984743319,-41.20786457470379,84.95130442213699,1.0615313435650802
HTDPA_3h_140726,4,632,43.330069114554,-41.20786457470379,84.53793368925778,1.0514999882122735
HTDPA_3h_140726,4,633,43.33783499539055,-42.06113997264023,85.39897496803079,1.0303533148074633
HTDPA_3h_140726,4,634,43.534198237184214,-42.06113997264023,85.59533820982443,1.0350218340611352
HTDPA_3h_140726,4,635,43.534198237184214,-41.11605838373533,84.65025662091955,1.058812540610786
HTDPA_3h_140726,4,636,43.540543307922455,-41.11605838373533,84.65660169165778,1.0589668615984407
HTDPA_3h_140726,4,637,43.52439221877058,-41.05798732484496,84.58237954361553,1.0600712566451875
HTDPA_3h_140726,4,638,52.61553671045129,-41.05798732484496,93.67352403529625,1.2814933253830647
HTDPA_3h_140726,4,639,53.16902117764187,-40.96143902837739,94.13046020601927,1.2980262031518783
HTDPA_3h_140726,4,640,43.533530335001245,-40.96143902837739,84.49496936337863,1.0627929918390306
HTDPA_3h_140726,4,641,43.533530335001245,-41.06563176892097,84.59916210392223,1.060096447072026
HTDPA_3h_140726,4,642,43.24065522776818,-41.06563176892097,84.30628699668915,1.052964568305833
HTDPA_3h_140726,4,643,43.24065522776818,-41.095353416063205,84.33600864383138,1.0522030262152808
HTDPA_3h_140726,4,644,43.4252755348176,-41.08871082526166,84.51398636007926,1.0568663426675193
HTDPA_3h_140726,4,645,43.4252755348176,-41.07326406932093,84.49853960413853,1.0572638069749483
HTDPA_3h_140726,4,646,43.37590541981994,-41.07464844839108,84.45055386821102,1.0560262122345443
HTDPA_3h_140726,4,647,43.37590541981994,-41.2746851521911,84.65059057201103,1.050908208260852
HTDPA_3h_140726,4,648,43.3792449307348,-41.2746851521911,84.6539300829259,1.0509891176827544
HTDPA_3h_140726,4,649,43.3792449307348,-41.28570553821014,84.66495046894494,1.0507085773449378
HTDPA_3h_140726,4,650,43.55557110703931,-41.28570553821014,84.84127664524945,1.0549794544925095
HTDPA_3h_140726,4,651,43.55557110703931,-41.18084489548358,84.7364160025229,1.0576657962599543
HTDPA_3h_140726,4,652,43.25793567879306,-41.17828257983618,84.43621825862924,1.050503638536281
HTDPA_3h_140726,4,653,43.25793567879306,-41.26756288618542,84.52549856497848,1.0482309265050864
HTDPA_3h_140726,4,654,43.287408380576196,-41.2700098369103,84.55741821748649,1.0488829188952995
HTDPA_3h_140726,4,655,43.287408380576196,-41.218915319912966,84.50632370048916,1.0501831026995496
HTDPA_3h_140726,4,656,43.59698104238356,-41.218915319912966,84.81589636229653,1.0576935541368249
HTDPA_3h_140726,4,657,43.579087335717944,-41.20563013830985,84.78471747402779,1.0576003130989966
HTDPA_3h_140726,4,658,43.224807730517675,-41.20563013830985,84.43043786882752,1.0490024684838044
HTDPA_3h_140726,4,659,43.22996879284063,-41.17449982474535,84.40446861758598,1.049920921367452
HTDPA_3h_140726,4,660,43.40796472460257,-41.17449982474535,84.58246454934792,1.0542438866134067
HTDPA_3h_140726,4,661,43.40796472460257,-41.21223629808325,84.62020102268582,1.0532785556852067
HTDPA_3h_140726,4,662,43.43267710537253,-41.21223629808325,84.64491340345577,1.05387819266174
HTDPA_3h_140726,4,663,43.43267710537253,-45.81608604530689,89.24876315067942,0.9479787745819789
HTDPA_3h_140726,4,664,43.44002402938523,-45.81608604530689,89.25611007469212,0.9481391314488975
HTDPA_3h_140726,4,665,43.43846356701228,-41.19343788755162,84.63190145456389,1.0544995949497842
HTDPA_3h_140726,4,666,43.12785262090229,-41.19343788755162,84.3212905084539,1.0469592933377196
HTDPA_3h_140726,4,667,43.13679643831609,-41.11739418810128,84.25419062641737,1.0491130892433644
HTDPA_3h_140726,4,668,43.37056220235616,-41.11739418810128,84.48795639045744,1.0547984146064129
HTDPA_3h_140726,4,669,43.37056220235616,-41.25398018451898,84.62454238687513,1.051306128726737
HTDPA_3h_140726,4,670,43.148818677609576,-41.25398018451898,84.40279886212855,1.045931046764832
HTDPA_3h_140726,4,671,43.14444088239209,-41.11020513187729,84.25464601426938,1.0494825006099868
HTDPA_3h_140726,4,672,43.354040731084645,-41.11020513187729,84.46424586296193,1.0545809876649694
HTDPA_3h_140726,4,673,43.360877620703064,-41.14110471559676,84.50198233629982,1.0539551118146027
HTDPA_3h_140726,4,674,48.2338919476643,-41.14110471559676,89.37499666326106,1.172401477332684
HTDPA_3h_140726,4,675,48.2338919476643,-41.1758356291113,89.4097275767756,1.1714125824215929
HTDPA_3h_140726,4,676,43.35720415869673,-41.1758356291113,84.53303978780804,1.0529769097884005
HTDPA_3h_140726,4,677,43.35720415869673,-41.14143866668825,84.49864282538499,1.05385726809312
HTDPA_3h_140726,4,678,43.26910786076277,-41.13203946142243,84.40114732218521,1.0519562955623607
HTDPA_3h_140726,4,679,43.26910786076277,-41.1075335231454,84.37664138390818,1.0525834111745067
HTDPA_3h_140726,4,680,43.265033657446644,-41.10871145972265,84.37374511716929,1.0524541422281433
HTDPA_3h_140726,4,681,43.265033657446644,-41.218581368821475,84.48361502626813,1.0496487802506747
HTDPA_3h_140726,4,682,43.55824271577121,-41.218581368821475,84.77682408459268,1.0567622967422041
HTDPA_3h_140726,4,683,43.55824271577121,-41.1758356291113,84.7340783448825,1.0578593500352802
HTDPA_3h_140726,4,684,54.859250872898116,-41.17233217856972,96.03158305146783,1.3324300074857665
HTDPA_3h_140726,4,685,54.859250872898116,-41.215272217096754,96.07452308999487,1.3310418182836028
HTDPA_3h_140726,4,686,43.60399401530477,-41.21791346663851,84.82190748194327,1.0578894065221798
HTDPA_3h_140726,4,687,43.60399401530477,-41.183516504215476,84.78751051952025,1.0587729683268192
HTDPA_3h_140726,4,688,43.414977697523774,-41.183516504215476,84.59849420173924,1.0541833573895976
HTDPA_3h_140726,4,689,43.414977697523774,-41.074648448391095,84.48962614591487,1.0569774626817128
HTDPA_3h_140726,4,690,43.13045136757785,-41.067556541575534,84.19800790915338,1.0502317400820744
HTDPA_3h_140726,4,691,43.13145322085231,-41.17049241164753,84.30194563249984,1.04763024910166
HTDPA_3h_140726,4,692,43.29475530458888,-41.17049241164753,84.4652477162364,1.0515967327206506
HTDPA_3h_140726,4,693,43.28873204126608,-41.3127373611064,84.60146940237249,1.047830156178902
HTDPA_3h_140726,4,694,43.61234279259191,-41.3217722560906,84.93411504868251,1.0554325337815997
HTDPA_3h_140726,4,695,43.61234279259191,-41.19253318368558,84.80487597627749,1.058743889289739
HTDPA_3h_140726,4,696,43.378352370544825,-41.186297406031834,84.56464977657666,1.0532229188485382
HTDPA_3h_140726,4,697,43.378352370544825,-41.06279622056235,84.44114859110718,1.0563906105552294
HTDPA_3h_140726,4,698,43.30711149497386,-41.06563176892097,84.37274326389483,1.054582862347421
HTDPA_3h_140726,4,699,43.30711149497386,-41.33646610411597,84.64357759908984,1.0476732913233158
HTDPA_3h_140726,4,700,43.56892915069875,-41.33646610411597,84.90539525481472,1.0540071093876235
HTDPA_3h_140726,4,701,43.564102039467265,-41.23249194974138,84.79659398920865,1.0565478820093606
HTDPA_3h_140726,4,702,43.34019694038306,-41.23249194974138,84.57268889012444,1.0511175747808494
HTDPA_3h_140726,4,703,43.34847892745191,-41.16078354264233,84.50926247009423,1.0531499936716011
HTDPA_3h_140726,4,704,43.56091432450308,-41.15746831907957,84.71838264358266,1.0583963519522248
HTDPA_3h_140726,4,705,43.55676725913063,-41.13558541483021,84.69235267396084,1.0588585726903874
HTDPA_3h_140726,4,706,43.59197177601127,-41.13876705795636,84.73073883396762,1.0596324317303636
HTDPA_3h_140726,4,707,43.58564492078712,-41.16985486865468,84.7554997894418,1.0586786147252547
HTDPA_3h_140726,4,708,43.4473709533979,-41.176169580202775,84.62354053360067,1.0551581508515815
HTDPA_3h_140726,4,709,43.46278735014849,-42.129035265458306,85.59182261560679,1.0316587378819881
HTDPA_3h_140726,4,710,43.440868014870986,-42.05048996874084,85.49135798361183,1.0330644909765312
HTDPA_3h_140726,4,711,43.440868014870986,-41.063719139942464,84.50458715481345,1.0578892736633854
HTDPA_3h_140726,4,712,43.219950260096056,-41.065965720012464,84.28591598010851,1.0524518175164672
HTDPA_3h_140726,4,713,43.219950260096056,-41.150455346158374,84.37040560625442,1.0502909359453998
HTDPA_3h_140726,4,714,43.41531164861527,-41.150455346158374,84.56576699477364,1.0550384262678234
HTDPA_3h_140726,4,715,43.39530494231626,-41.09373830714802,84.48904324946429,1.0560077211268923
HTDPA_3h_140726,4,716,43.222767592940585,-41.09373830714802,84.3165059000886,1.0518090924188863
HTDPA_3h_140726,4,717,43.24173601493698,-41.11366607955268,84.35540209448966,1.0517606464786333
HTDPA_3h_140726,4,718,43.35252884341593,-41.105705899899256,84.45823474331519,1.0546596365231666
HTDPA_3h_140726,4,719,43.3466330886917,-41.19166491084773,84.53829799953942,1.052315636731558
HTDPA_3h_140726,4,720,43.57360446597955,-41.19821035224084,84.77181481822039,1.057657701473664
HTDPA_3h_140726,4,721,43.57360446597955,-41.2202511242789,84.79385559025846,1.0570921641065527
HTDPA_3h_140726,4,722,43.53887355246501,-41.2202511242789,84.75912467674391,1.0562495949186597
HTDPA_3h_140726,4,723,43.53887355246501,-41.08500093222715,84.62387448469217,1.0597267266534984
HTDPA_3h_140726,4,724,43.20464922826798,-41.078680148841016,84.283329377109,1.0517535877911341
HTDPA_3h_140726,4,725,43.20826197189405,-41.03257061086387,84.24083258275792,1.0530235207943355
HTDPA_3h_140726,4,726,43.136128536133114,-41.03257061086387,84.16869914699699,1.0512655652315457
HTDPA_3h_140726,4,727,43.129285574676665,-41.0882493655716,84.21753494024827,1.0496744504966735
HTDPA_3h_140726,4,728,43.498799421486716,-41.09268180733132,84.59148122881803,1.058553433563592
HTDPA_3h_140726,4,729,43.498799421486716,-41.15646646580512,84.65526588729183,1.05691287801949
HTDPA_3h_140726,4,730,43.233308303755486,-41.15646646580512,84.3897747695606,1.0504621027093255
HTDPA_3h_140726,4,731,43.233308303755486,-41.04492680124885,84.27823510500434,1.053316735417836
HTDPA_3h_140726,4,732,43.287469098956464,-41.036420156173,84.32388925512947,1.0548549053308405
HTDPA_3h_140726,4,733,43.287469098956464,-40.995277381701946,84.2827464806584,1.055913555503289
HTDPA_3h_140726,4,734,43.148150775426615,-40.99717179516637,84.14532257059298,1.0524665211299733
HTDPA_3h_140726,4,735,43.148150775426615,-40.9778026318602,84.12595340728681,1.0529639952406566
HTDPA_3h_140726,4,736,43.37022825126468,-40.9778026318602,84.34803088312488,1.058383453131876
HTDPA_3h_140726,4,737,43.37022825126468,-41.05928669818274,84.42951494944742,1.056283041886946
HTDPA_3h_140726,4,738,43.03789226869404,-41.04951103895924,84.08740330765328,1.0484386093624274
HTDPA_3h_140726,4,739,43.0422882794256,-40.894648810080234,83.93693708950583,1.0525163935095583
HTDPA_3h_140726,4,740,42.81386573284929,-40.894648810080234,83.70851454292952,1.0469307593685944
HTDPA_3h_140726,4,741,42.80395649318919,-40.64935262562684,83.45330911881604,1.0530046293087583
HTDPA_3h_140726,4,742,42.75241873201589,-40.65119846438704,83.40361719640293,1.051689011566772
HTDPA_3h_140726,4,743,42.75241873201589,-40.84255243980843,83.59497117182431,1.0467616781547167
HTDPA_3h_140726,4,744,42.905034380824915,-40.84255243980843,83.74758682063334,1.050498360602121
HTDPA_3h_140726,4,745,42.905034380824915,-40.90132783190995,83.80636221273487,1.0489887897319492
HTDPA_3h_140726,4,746,42.80667667662531,-40.893731962538155,83.70040863916347,1.0467784333266419
HTDPA_3h_140726,4,747,42.80667667662531,-40.77246521346259,83.5791418900879,1.049891794683316
HTDPA_3h_140726,4,748,42.797168178274994,-40.775762221511265,83.57293039978626,1.0495737135649996
HTDPA_3h_140726,4,749,42.797168178274994,-40.8645932118465,83.66176139012148,1.0472921621025277
HTDPA_3h_140726,4,750,43.28573862511876,-40.8645932118465,84.15033183696525,1.059247999869246
HTDPA_3h_140726,4,751,43.28573862511876,-43.87983761687205,87.1655762419908,0.9864607750616456
HTDPA_3h_140726,4,752,42.814867586123746,-43.87983761687205,86.6947052029958,0.9757298547901002
HTDPA_3h_140726,4,753,42.814867586123746,-40.746040574369026,83.56090816049277,1.0507736943907158
HTDPA_3h_140726,4,754,44.644209162416935,-40.74181457510223,85.38602373751917,1.0957835243229324
HTDPA_3h_140726,4,755,44.644209162416935,-40.96851271967886,85.6127218820958,1.0897200361626134
HTDPA_3h_140726,4,756,43.36922639799023,-40.975798925311274,84.34502532330151,1.0584107579462108
HTDPA_3h_140726,4,757,43.36922639799023,-41.12841457412031,84.49764097211055,1.0544833018017652
HTDPA_3h_140726,4,758,43.09004328550807,-41.12841457412031,84.21845785962839,1.0476952182985941
HTDPA_3h_140726,4,759,43.09004328550807,-40.71498312286084,83.80502640836892,1.0583338117930758
HTDPA_3h_140726,4,760,42.50791795834405,-40.71111536203763,83.21903332038168,1.0441354303444583
HTDPA_3h_140726,4,761,42.50791795834405,-40.73634992087791,83.24426787922197,1.0434886297104933
HTDPA_3h_140726,4,762,42.82355031450237,-40.739361552539314,83.56291186704169,1.0511590923995013
HTDPA_3h_140726,4,763,42.82355031450237,-41.49442497038877,84.31797528489113,1.0320314197645126
HTDPA_3h_140726,4,764,43.14380941123729,-41.49442497038877,84.63823438162606,1.0397495432705852
HTDPA_3h_140726,4,765,43.14380941123729,-44.23549552930447,87.37930494054177,0.9753210378903978
HTDPA_3h_140726,4,766,43.002068424334645,-44.06121556241505,87.0632839867497,0.9759619174241785
HTDPA_3h_140726,4,767,43.00722341481957,-40.671903432059175,83.67912684687875,1.0574185072666062
HTDPA_3h_140726,4,768,42.985516593872994,-40.671903432059175,83.65742002593217,1.0568848017078576
HTDPA_3h_140726,4,769,42.976688141381715,-40.735669875018885,83.7123580164006,1.0550136593614023
HTDPA_3h_140726,4,770,42.99620302880055,-40.737357845990395,83.73356087479095,1.0554489859492073
HTDPA_3h_140726,4,771,42.99620302880055,-40.72700536215433,83.72320839095488,1.0557172727645445
HTDPA_3h_140726,4,772,42.61416298014077,-40.72700536215433,83.3411683422951,1.04633676356033
HTDPA_3h_140726,4,773,42.610896331282234,-40.76381891611213,83.37471524739436,1.045311687282568
HTDPA_3h_140726,4,774,42.65201481840117,-40.76381891611213,83.4158337345133,1.0463203878462604
HTDPA_3h_140726,4,775,42.659580328582834,-40.77242271059641,83.43200303917925,1.0462851479634043
HTDPA_3h_140726,4,776,42.90870784283126,-40.77242271059641,83.68113055342766,1.0523953444561844
HTDPA_3h_140726,4,777,42.90870784283126,-40.73268253070958,83.64139037354084,1.053422096874693
HTDPA_3h_140726,4,778,43.00087834408135,-40.73268253070958,83.73356087479092,1.0556849112911164
HTDPA_3h_140726,4,779,42.99497651751909,-40.75322963059302,83.7482061481121,1.0550078339127071
HTDPA_3h_140726,4,780,42.841140429266645,-40.75322963059302,83.59437005985967,1.0512330143549224
HTDPA_3h_140726,4,781,42.84792874418085,-40.71899053595867,83.56691928013952,1.0522836686322596
HTDPA_3h_140726,4,782,42.96047026201157,-40.71899053595867,83.67946079797024,1.055047526879957
HTDPA_3h_140726,4,783,42.96047026201157,-40.80214435773865,83.76261461975022,1.0528973645441153
HTDPA_3h_140726,4,784,42.98150918077517,-40.80214435773865,83.78365353851382,1.0534129972172204
HTDPA_3h_140726,4,785,42.98150918077517,-40.7961332380919,83.77764241886706,1.0535682127011674
HTDPA_3h_140726,4,786,42.928744908320425,-40.7961332380919,83.72487814641232,1.0522748481524538
HTDPA_3h_140726,4,787,42.92592757547589,-40.77433533957492,83.70026291505081,1.0527682969687226
HTDPA_3h_140726,4,788,42.78365226682686,-40.77433533957492,83.55798760640178,1.0492789621343437
HTDPA_3h_140726,4,789,42.791491009719735,-40.65053056220408,83.44202157192382,1.05266746627672
HTDPA_3h_140726,4,790,43.22529347755983,-40.65053056220408,83.87582403976391,1.063338974417955
HTDPA_3h_140726,4,791,43.22529347755983,-40.75906466693697,83.98435814449681,1.0605074927694162
HTDPA_3h_140726,4,792,43.038948768510735,-40.75906466693697,83.7980134354477,1.0559356334646994
HTDPA_3h_140726,4,793,43.038948768510735,-40.75271959619875,83.7916683647095,1.056100039333945
HTDPA_3h_140726,4,794,43.134045895689844,-40.746672045523844,83.88071794121369,1.0585906463109116
HTDPA_3h_140726,4,795,43.14180570468837,-40.7727566616879,83.91456236637627,1.058103725059791
HTDPA_3h_140726,4,796,55.658626564668744,-40.7727566616879,96.43138322635664,1.365093536022016
HTDPA_3h_140726,4,797,54.93837906606618,-40.680804746606775,95.61918381267296,1.3504742447517253
HTDPA_3h_140726,4,798,42.91304920702057,-40.68292381807821,83.59597302509877,1.0548172348407114
HTDPA_3h_140726,4,799,42.91304920702057,-40.60811877358538,83.52116798060595,1.056760335200125
HTDPA_3h_140726,4,800,42.97716781658586,-40.60811877358538,83.58528659017125,1.0583392955534174
HTDPA_3h_140726,4,801,42.96223716687743,-40.47572234540632,83.43795951228375,1.0614322531479987
HTDPA_3h_140726,4,802,42.774835958011636,-40.47572234540632,83.25055830341796,1.0568022873807033
HTDPA_3h_140726,4,803,42.777799014968814,-40.68926888881643,83.46706790378525,1.0513287700464538
HTDPA_3h_140726,4,804,43.02759443140022,-40.68926888881643,83.71686332021665,1.0574678682227805
HTDPA_3h_140726,4,805,43.02759443140022,-40.844222195265864,83.87181662666609,1.0534560855559008
HTDPA_3h_140726,4,806,42.744069954728744,-40.844222195265864,83.5882921499946,1.046514480074567
HTDPA_3h_140726,4,807,42.744069954728744,-40.72266399796502,83.46673395269377,1.049638352659461
HTDPA_3h_140726,4,808,43.14543666382853,-40.71667716567038,83.86211382949891,1.0596502383599689
HTDPA_3h_140726,4,809,43.14543666382853,-41.111953821229065,84.25739048505758,1.049462082280055
HTDPA_3h_140726,4,810,43.03260369777251,-41.11338677500345,84.14599047277596,1.046681070894795
HTDPA_3h_140726,4,811,43.03260369777251,-40.829194396149006,83.86179809392152,1.0539665142604755
HTDPA_3h_140726,4,812,42.86061888565731,-40.829194396149006,83.68981328180632,1.0497542143447216
HTDPA_3h_140726,4,813,42.84949527839182,-40.686900871985905,83.53639615037773,1.0531521044871452
HTDPA_3h_140726,4,814,42.32362553054809,-40.686900871985905,83.010526402534,1.0402273120705814
HTDPA_3h_140726,4,815,42.326631090371464,-41.05360952962749,83.38024061999894,1.031008760869742
HTDPA_3h_140726,4,816,44.35605187333085,-41.05360952962749,85.40966140295833,1.080442192088373
HTDPA_3h_140726,4,817,44.35605187333085,-40.68125406262077,85.03730593595162,1.090331478106684
HTDPA_3h_140726,4,818,42.789487303170816,-40.68125406262077,83.47074136579158,1.0518232116764354
HTDPA_3h_140726,4,819,42.789487303170816,-40.61746940414699,83.4069567073178,1.0534749685513904
HTDPA_3h_140726,4,820,42.68200969825463,-40.6133344824506,83.29534418070523,1.0509358623753962
HTDPA_3h_140726,4,821,42.68200969825463,-40.78847057850181,83.47048027675643,1.0464233910440084
HTDPA_3h_140726,4,822,49.13088457939523,-40.795131384817445,89.92601596421267,1.2043320590378113
HTDPA_3h_140726,4,823,49.13088457939523,-40.776764074785724,89.90764865418095,1.2048745331848258
HTDPA_3h_140726,4,824,43.02058145847901,-40.776764074785724,83.79734553326473,1.0550268623468517
HTDPA_3h_140726,4,825,43.02058145847901,-40.65420402421043,83.67478548268943,1.0582074472017544
HTDPA_3h_140726,4,826,42.726965587006646,-40.65000838413376,83.37697397114042,1.0510936475890997
HTDPA_3h_140726,4,827,42.73705698180755,-40.45583707586784,83.19289405767539,1.0563879052029421
HTDPA_3h_140726,4,828,42.42113924926195,-40.45583707586784,82.87697632512979,1.0485789521474622
HTDPA_3h_140726,4,829,42.41929341050174,-40.44543601732757,82.8647294278293,1.0488029698166321
HTDPA_3h_140726,4,830,42.64388462728299,-40.446820396397726,83.09070502368073,1.0543198256217179
HTDPA_3h_140726,4,831,42.64388462728299,-40.5723860067964,83.2162706340794,1.0510568597109273
HTDPA_3h_140726,4,832,42.56974748497315,-40.5723860067964,83.14213349176956,1.0492295789023147
HTDPA_3h_140726,4,833,42.56974748497315,-40.700957177018445,83.2707046619916,1.0459151439566121
HTDPA_3h_140726,4,834,42.26016267948973,-40.69129688271746,82.95145956220719,1.0385553156807497
HTDPA_3h_140726,4,835,42.2645161873551,-40.60444531157904,82.86896149893414,1.0408839688127118
HTDPA_3h_140726,4,836,42.496946147029234,-40.60444531157904,83.10139145860828,1.0466082179162417
HTDPA_3h_140726,4,837,42.4893867086856,-40.69523143375897,83.18461814244458,1.0440876046582273
HTDPA_3h_140726,4,838,42.90904179392275,-40.6972837150121,83.60632550893484,1.0543465773882792
HTDPA_3h_140726,4,839,42.90904179392275,-40.6972837150121,83.60632550893484,1.0543465773882792
HTDPA_3h_140726,4,840,42.54169559328833,-40.6972837150121,83.23897930830043,1.0453202698045394
HTDPA_3h_140726,4,841,42.54169559328833,-40.6455212958318,83.18721688912012,1.0466514941131038
HTDPA_3h_140726,4,842,42.47899172198335,-40.6398562709526,83.11884799293594,1.0452544772493517
HTDPA_3h_140726,4,843,42.47899172198335,-40.720101682317626,83.19909340430098,1.0431946377095984
HTDPA_3h_140726,4,844,42.93308627250972,-40.723331900148,83.65641817265771,1.0542626123466505
HTDPA_3h_140726,4,845,42.93308627250972,-45.05501150781069,87.9880977803204,0.9529036800948744
HTDPA_3h_140726,4,846,42.53679562000054,-44.80117831909133,87.33797393909187,0.9494570726920846
HTDPA_3h_140726,4,847,42.5400258378309,-40.59976999629824,83.13979583412915,1.0477898234819942
HTDPA_3h_140726,4,848,46.35441520478204,-40.59976999629824,86.95418520108029,1.141740832743843
HTDPA_3h_140726,4,849,46.15211370539796,-40.726149232992526,86.87826293839049,1.1332304815111227
HTDPA_3h_140726,4,850,42.99920858862392,-40.72934301979473,83.72855160841866,1.0557304734261492
HTDPA_3h_140726,4,851,42.99920858862392,-40.6879330844505,83.68714167307442,1.0568049377041644
HTDPA_3h_140726,4,852,42.778132966060305,-40.6879330844505,83.4660660505108,1.0513714932943745
HTDPA_3h_140726,4,853,42.767501177675,-40.695887192265886,83.46338836994089,1.0509047505371212
HTDPA_3h_140726,4,854,42.84954385309602,-40.695887192265886,83.54543104536191,1.05292074480783
HTDPA_3h_140726,4,855,42.856945423650956,-40.65687563294231,83.51382105659326,1.0541131052609964
HTDPA_3h_140726,4,856,42.69865260628668,-40.65687563294231,83.35552823922899,1.0502197215491398
HTDPA_3h_140726,4,857,42.69865260628668,-40.6946121062802,83.39326471256689,1.0492458435227892
HTDPA_3h_140726,4,858,43.143809411237285,-40.6946121062802,83.83842151751749,1.0601848052651448
HTDPA_3h_140726,4,859,43.143809411237285,-43.08904143223361,86.23285084347089,1.0012710419443842
HTDPA_3h_140726,4,860,42.381065118283644,-43.08904143223361,85.47010655051724,0.983569457792107
HTDPA_3h_140726,4,861,42.381065118283644,-40.58808170809624,82.96914682637988,1.0441751207431356
HTDPA_3h_140726,4,862,42.53606699943729,-40.5820280855833,83.1180950850206,1.0481503514248505
HTDPA_3h_140726,4,863,42.53606699943729,-40.6986316630541,83.23469866249138,1.0451473492179149
HTDPA_3h_140726,4,864,42.69063778009101,-40.70396273684182,83.39460051693283,1.0488079024662387
HTDPA_3h_140726,4,865,42.69063778009101,-40.69594791064616,83.38658569073718,1.0490144589781882
HTDPA_3h_140726,4,866,42.78147247697517,-40.69594791064616,83.47742038762132,1.0512464919334985
HTDPA_3h_140726,4,867,42.78147247697517,-40.54132855528822,83.32280103226338,1.0552558093559257
HTDPA_3h_140726,4,868,42.558241351911946,-40.53879659883095,83.0970379507429,1.0498151134841343
HTDPA_3h_140726,4,869,42.558241351911946,-40.57867643099239,83.13691778290433,1.0487833782426585
HTDPA_3h_140726,4,870,42.833568847246944,-40.58273849063246,83.4163073378794,1.0554627519070463
HTDPA_3h_140726,4,871,42.833568847246944,-40.61379594214065,83.44736478938759,1.054655637416129
HTDPA_3h_140726,4,872,42.58778084391338,-40.61379594214065,83.20157678605403,1.0486038021312982
HTDPA_3h_140726,4,873,42.58778084391338,-40.62381447488522,83.2115953187986,1.0483451983624614
HTDPA_3h_140726,4,874,42.44309501556763,-40.617754780534256,83.06084979610188,1.0449394666173955
HTDPA_3h_140726,4,875,42.44309501556763,-40.607748391465734,83.05084340703337,1.0451969561673018
HTDPA_3h_140726,4,876,42.66692725259553,-40.610790382317276,83.2777176349128,1.0506303091104952
HTDPA_3h_140726,4,877,42.66692725259553,-40.60043789848122,83.26736515107675,1.0508982035928143
HTDPA_3h_140726,4,878,42.8983553589952,-40.60043789848122,83.49879325747642,1.056598341777982
HTDPA_3h_140726,4,879,42.89270247779205,-40.61605466588669,83.50875714367874,1.0560529039719238
HTDPA_3h_140726,4,880,42.77158145282915,-40.61605466588669,83.38763611871585,1.0530708067209906
HTDPA_3h_140726,4,881,42.7734576507795,-40.59810024084081,83.37155789162031,1.0535827390206385
HTDPA_3h_140726,4,882,42.69698285082925,-40.59810024084081,83.29508309167005,1.0516990351158602
HTDPA_3h_140726,4,883,42.69698285082925,-40.64184783382545,83.33883068465471,1.0505669679539853
HTDPA_3h_140726,4,884,42.90536833191641,-40.64184783382545,83.54721616574186,1.0556943303204602
HTDPA_3h_140726,4,885,42.90536833191641,-40.59041936573663,83.49578769765304,1.057031905615981
HTDPA_3h_140726,4,886,42.58444133299852,-40.59041936573663,83.17486069873516,1.049125433992069
HTDPA_3h_140726,4,887,42.58444133299852,-40.55869401204547,83.14313534504399,1.0499460687849422
HTDPA_3h_140726,4,888,42.855081369376656,-40.555336285616534,83.41041765499318,1.0567063497529363
HTDPA_3h_140726,4,889,42.855081369376656,-40.60721406971936,83.46229543909601,1.0553563535729855
HTDPA_3h_140726,4,890,42.98451474059854,-40.60945457795133,83.59396931854988,1.0584853992089007
HTDPA_3h_140726,4,891,42.98451474059854,-40.69694976392061,83.68146450451914,1.0562097402863826
HTDPA_3h_140726,4,892,42.81620339048969,-40.69694976392061,83.5131531544103,1.0520740163295452
HTDPA_3h_140726,4,893,42.810295492089395,-40.468460427126,83.2787559192154,1.0578681531307692
HTDPA_3h_140726,4,894,42.75951063883145,-40.468460427126,83.22797106595745,1.0566132288583374
HTDPA_3h_140726,4,895,42.76711258004127,-40.61212618668321,83.37923876672448,1.0530626341367146
HTDPA_3h_140726,4,896,42.95212148472442,-40.61212618668321,83.56424767140763,1.0576181430956082
HTDPA_3h_140726,4,897,42.95212148472442,-40.6972837150121,83.64940519973652,1.0554051170958267
HTDPA_3h_140726,4,898,42.50329121776747,-40.6972837150121,83.20057493277957,1.0443766103753305
HTDPA_3h_140726,4,899,42.49769298310655,-40.568985777501275,83.06667876060783,1.0475414203397437
HTDPA_3h_140726,4,900,42.556055490222214,-40.568985777501275,83.12504126772349,1.0489800194567085
HTDPA_3h_140726,4,901,42.560396854411536,-40.523629147439465,83.084026001851,1.0502612364643251
HTDPA_3h_140726,4,902,42.842585526717066,-40.523629147439465,83.36621467415654,1.0572247952136866
HTDPA_3h_140726,4,903,42.842585526717066,-40.5463378216605,83.38892334837757,1.056632678274334
HTDPA_3h_140726,4,904,42.71969152505028,-40.5463378216605,83.26602934671078,1.053601726324806
HTDPA_3h_140726,4,905,42.714797623600504,-40.60087507081914,83.31567269441965,1.0520659357487763
HTDPA_3h_140726,4,906,42.42196501923363,-40.60087507081914,83.02284009005277,1.0448534654792048
HTDPA_3h_140726,4,907,42.42447876017681,-40.552348941307244,82.97682770148405,1.04616575531985
HTDPA_3h_140726,4,908,42.71835572068434,-40.552348941307244,83.27070466199159,1.0534126095263194
HTDPA_3h_140726,4,909,42.71835572068434,-40.5747236644368,83.29307938512115,1.052831710549058
HTDPA_3h_140726,4,910,42.71000694339719,-40.5747236644368,83.28473060783399,1.0526259475386628
HTDPA_3h_140726,4,911,42.70041951115253,-40.48356716013722,83.18398667128974,1.0547593136307951
HTDPA_3h_140726,4,912,42.84570645146295,-40.48356716013722,83.32927361160017,1.058348101637932
HTDPA_3h_140726,4,913,42.854941717102044,-40.585410099364346,83.44035181646639,1.055919888752664
HTDPA_3h_140726,4,914,42.7193575739588,-40.585410099364346,83.30476767332314,1.0525791773292412
HTDPA_3h_140726,4,915,42.7193575739588,-40.581736637358,83.30109421131681,1.0526744568795263
HTDPA_3h_140726,4,916,42.800173738098366,-40.581736637358,83.38191037545636,1.0546658986175115
HTDPA_3h_140726,4,917,42.79659742550046,-40.63752468515021,83.43412211065066,1.053130025932392
HTDPA_3h_140726,4,918,42.530918080790386,-40.63752468515021,83.1684427659406,1.0465922422763132
HTDPA_3h_140726,4,919,42.53960080916902,-40.49986397340173,83.03946478257075,1.0503640416448532
HTDPA_3h_140726,4,920,45.844471888083184,-40.49624515793763,86.34071704602081,1.1320672252276025
HTDPA_3h_140726,4,921,45.74782644220719,-40.76479041019645,86.51261685240364,1.1222387256715625
HTDPA_3h_140726,4,922,42.860284934565804,-40.77008505295601,83.63036998752182,1.0512679794240027
HTDPA_3h_140726,4,923,42.860284934565804,-40.80648572192797,83.66677065649378,1.0503302153151157
HTDPA_3h_140726,4,924,42.82655587432575,-40.80648572192797,83.63304159625372,1.0495036540554694
HTDPA_3h_140726,4,925,42.819233237665166,-40.55261610218043,83.3718493398456,1.0558932407658619
HTDPA_3h_140726,4,926,42.5035462349646,-40.55261610218043,83.05616233714503,1.048108613458338
HTDPA_3h_140726,4,927,42.510638141780156,-40.63249720326385,83.14313534504402,1.0462226313367085
HTDPA_3h_140726,4,928,42.929412810503386,-40.63249720326385,83.56191001376723,1.0565290288644882
HTDPA_3h_140726,4,929,42.929412810503386,-47.54261318828863,90.47202599879202,0.9029670422297773
HTDPA_3h_140726,4,930,42.40778120560252,-47.54261318828863,89.95039439389114,0.8919951673175804
HTDPA_3h_140726,4,931,42.40778120560252,-40.5346495334585,82.94243073906102,1.0462106295158142
HTDPA_3h_140726,4,932,42.34072382643217,-40.52981027855097,82.87053410498314,1.0446810270128395
HTDPA_3h_140726,4,933,42.34072382643217,-40.43120362899224,82.77192745542442,1.0472288733959594
HTDPA_3h_140726,4,934,42.307595878156775,-40.43279445055531,82.7403903287121,1.0463683367196925
HTDPA_3h_140726,4,935,42.307595878156775,-40.499250717760994,82.80684659591776,1.0446513238725854
HTDPA_3h_140726,4,936,42.58410738190704,-40.499250717760994,83.08335809966803,1.0514788947251246
HTDPA_3h_140726,4,937,42.57349380903582,-40.46627456543629,83.0397683744721,1.0520734677513255
HTDPA_3h_140726,4,938,42.220307134680404,-40.46627456543629,82.68658170011669,1.0433455411470542
HTDPA_3h_140726,4,939,42.22391380646844,-40.43532033517456,82.659234141643,1.0442334438423624
HTDPA_3h_140726,4,940,42.32796689473741,-40.43279445055532,82.76076134529274,1.0468721608272629
HTDPA_3h_140726,4,941,42.32513134637879,-40.46860615123865,82.79373749761744,1.0458756891255894
HTDPA_3h_140726,4,942,42.678949491889014,-40.47286858153362,83.15181807342263,1.0545076488935097
HTDPA_3h_140726,4,943,42.678949491889014,-40.627821887983046,83.30677137987206,1.0504857880287364
HTDPA_3h_140726,4,944,48.91882563630174,-40.627821887983046,89.5466475242848,1.2040720708872414
HTDPA_3h_140726,4,945,48.91882563630174,-40.49758096230358,89.41640659860532,1.207944387637299
HTDPA_3h_140726,4,946,42.73104586216079,-40.49379213537472,83.2248379975355,1.0552493014066628
HTDPA_3h_140726,4,947,42.73104586216079,-40.50071403072552,83.23175989288632,1.0550689508768476
HTDPA_3h_140726,4,948,42.84392133108301,-40.50592973959072,83.34985107067374,1.0577197365058164
HTDPA_3h_140726,4,949,42.84392133108301,-40.65620773075934,83.50012906184236,1.0538100753226058
HTDPA_3h_140726,4,950,43.09905996497819,-40.65620773075934,83.75526769573753,1.0600855901365993
HTDPA_3h_140726,4,951,43.09751771811933,-40.62958272101088,83.7271004391302,1.0607423170957697
HTDPA_3h_140726,4,952,43.19544432181902,-40.62958272101088,83.8250270428299,1.063152546222958
HTDPA_3h_140726,4,953,43.19557183041759,-40.586078001547314,83.7816498319649,1.0642952942822115
HTDPA_3h_140726,4,954,43.43134130100658,-40.586078001547314,84.01741930255389,1.0701044160845203
HTDPA_3h_140726,4,955,43.43134130100658,-40.499918619943976,83.93125992095057,1.0723809523809522
HTDPA_3h_140726,4,956,43.429671545549155,-40.499918619943976,83.92959016549312,1.072339723768295
HTDPA_3h_140726,4,957,43.429671545549155,-40.34763692222643,83.77730846777558,1.076386992112168
HTDPA_3h_140726,4,958,43.61894288052727,-40.346076459853485,83.96501934038076,1.0811198190220668
HTDPA_3h_140726,4,959,43.61894288052727,-40.38158456863548,84.00052744916275,1.0801691747977185
HTDPA_3h_140726,4,960,43.56091432450308,-40.38570734665583,83.94662167115891,1.0786220469185412
HTDPA_3h_140726,4,961,43.56091432450308,-40.674241089699585,84.23515541420267,1.070970549356716
HTDPA_3h_140726,4,962,43.57961558562629,-40.674241089699585,84.25385667532588,1.0714303307963249
HTDPA_3h_140726,4,963,43.57961558562629,-40.466189559703906,84.0458051453302,1.0769389472989255
HTDPA_3h_140726,4,964,43.38748441493746,-40.46289862349327,83.85038303843072,1.0722782077146136
HTDPA_3h_140726,4,965,43.38748441493746,-40.42277591781075,83.81026033274821,1.073342526083678
HTDPA_3h_140726,4,966,43.52785316644599,-40.424779624359665,83.95263279080567,1.076761668731929
HTDPA_3h_140726,4,967,43.52785316644599,-40.50559578849924,84.03344895494524,1.0746133298156513
HTDPA_3h_140726,4,968,43.33282572901827,-40.50559578849924,83.8384215175175,1.0697985027866634
HTDPA_3h_140726,4,969,43.32897618370914,-40.58550117693475,83.91447736064389,1.0675974160036625
HTDPA_3h_140726,4,970,43.39921520600565,-40.58550117693475,83.9847163829404,1.0693280592200736
HTDPA_3h_140726,4,971,43.416847823636104,-40.42776696866895,83.84461479230505,1.0739363333444476
HTDPA_3h_140726,4,972,43.42032091498755,-40.42411172217669,83.84443263716423,1.0741193576102042
HTDPA_3h_140726,4,973,43.41509913428432,-40.4271476411902,83.84224677547452,1.0739095302892399
HTDPA_3h_140726,4,974,43.13312297630974,-40.42978889073195,83.56291186704169,1.0668649072812126
HTDPA_3h_140726,4,975,43.13312297630974,-40.44815620076367,83.58127917707341,1.0663804491413476
HTDPA_3h_140726,4,976,43.33516338665867,-40.44815620076367,83.78331958742234,1.0713754953764862
HTDPA_3h_140726,4,977,43.33516338665867,-40.45082780949556,83.78599119615423,1.0713047354864278
HTDPA_3h_140726,4,978,43.25664844913134,-40.44436737383481,83.70101582296616,1.0695345546958888
HTDPA_3h_140726,4,979,43.25664844913134,-40.451289269185615,83.70793771831696,1.0693515393607678
HTDPA_3h_140726,4,980,43.235645961395896,-40.45416732041041,83.68981328180631,1.0687562944740712
HTDPA_3h_140726,4,981,43.235645961395896,-40.50526183740775,83.74090779880365,1.0674081341566977
HTDPA_3h_140726,4,982,43.588966216187906,-40.50526183740775,84.09422805359566,1.0761309577792253
HTDPA_3h_140726,4,983,43.57612427876076,-40.61542319473188,84.19154747349265,1.0728959801756517
HTDPA_3h_140726,4,984,42.869848079458365,-40.61542319473188,83.48527127419024,1.0555066205741
HTDPA_3h_140726,4,985,42.878530807836995,-40.31388357463426,83.19241438247126,1.0636169727596383
HTDPA_3h_140726,4,986,43.07000622001891,-40.31257205762042,83.38257827763934,1.0684013453286278
HTDPA_3h_140726,4,987,43.06324826429485,-40.485267274784775,83.54851553907963,1.0636770154439787
HTDPA_3h_140726,4,988,43.52885501972045,-40.48856428283345,84.0174193025539,1.0750901097813448
HTDPA_3h_140726,4,989,43.52885501972045,-40.44247903220841,83.97133405192886,1.076315202761286
HTDPA_3h_140726,4,990,43.38559000147303,-40.44247903220841,83.82806903368143,1.0727727636805033
HTDPA_3h_140726,4,991,43.38559000147303,-40.645855246923276,84.0314452483963,1.0674050216905484
HTDPA_3h_140726,4,992,43.23253110848804,-40.63822901836135,83.87076012684939,1.0638389554071
HTDPA_3h_140726,4,993,43.23253110848804,-40.374492661819936,83.60702377030798,1.0707882194485332
HTDPA_3h_140726,4,994,43.435348714104414,-40.37602276500274,83.81137147910715,1.075770859524912
HTDPA_3h_140726,4,995,43.435348714104414,-40.43947347238504,83.87482218648945,1.0740829438287611
HTDPA_3h_140726,4,996,43.17486686274547,-40.43947347238504,83.6143403351305,1.0676416668043007
HTDPA_3h_140726,4,997,43.17486686274547,-40.32058688381608,83.49545374656154,1.0707896436912987
HTDPA_3h_140726,4,998,43.173828578442844,-40.319044636957216,83.49287321540007,1.0708048508388732
HTDPA_3h_140726,4,999,43.173828578442844,-40.37920440812889,83.55303298657174,1.06920949065929
HTDPA_3h_140726,4,1000,43.29842876659523,-40.38203388464947,83.68046265124471,1.072220108830486
HTDPA_3h_140726,4,1001,43.29842876659523,-40.34062394930524,83.63905271590048,1.0733207503435487
HTDPA_3h_140726,4,1002,43.07668524184863,-40.34062394930524,83.41730919115386,1.0678239705955395
HTDPA_3h_140726,4,1003,43.07668524184863,-40.273499779916584,83.35018502176521,1.069603721485609
HTDPA_3h_140726,4,1004,43.18058046232889,-40.27112569124802,83.45170615357691,1.0722466710612257
HTDPA_3h_140726,4,1005,43.18058046232889,-40.3325241173772,83.5131045797061,1.070614383981106
HTDPA_3h_140726,4,1006,43.437686371744824,-40.33561468293295,83.77330105467777,1.0769065183014168
HTDPA_3h_140726,4,1007,43.437686371744824,-40.30856464452258,83.74625101626741,1.0776292024987164
HTDPA_3h_140726,4,1008,42.95006920347129,-40.307435282649564,83.25750448612085,1.0655619466307065
HTDPA_3h_140726,4,1009,42.95646284891374,-40.31190415543745,83.26836700435119,1.065602425608059
HTDPA_3h_140726,4,1010,42.78147247697516,-40.31190415543745,83.09337663241261,1.061261515010935
HTDPA_3h_140726,4,1011,42.77830904936309,-40.32552935997007,83.10383840933315,1.060824488316025
HTDPA_3h_140726,4,1012,43.095052551880364,-40.326931954554304,83.42198450643467,1.0686419834875003
HTDPA_3h_140726,4,1013,43.095052551880364,-40.32292454145648,83.41797709333684,1.0687481883307801
HTDPA_3h_140726,4,1014,43.28874418494214,-40.32292454145648,83.61166872639862,1.0735516998633485
HTDPA_3h_140726,4,1015,43.28874418494214,-40.17865766993461,83.46740185487675,1.077406431557687
HTDPA_3h_140726,4,1016,42.844030624167495,-40.176842190364525,83.02087281453203,1.0663862137587965
HTDPA_3h_140726,4,1017,42.844030624167495,-40.309038247888694,83.1530688720562,1.062888932270955
HTDPA_3h_140726,4,1018,43.36087762070308,-40.31424181307785,83.67511943378094,1.0755721965887723
HTDPA_3h_140726,4,1019,43.36087762070308,-40.262813344989034,83.6236909656921,1.076946045701489
HTDPA_3h_140726,4,1020,42.980173376409226,-40.262813344989034,83.24298672139827,1.0674905652552564
HTDPA_3h_140726,4,1021,42.97054344129838,-40.34153472500929,83.31207816630767,1.0651687828489893
HTDPA_3h_140726,4,1022,42.842281934815716,-40.34153472500929,83.183816659825,1.0619893919964358
HTDPA_3h_140726,4,1023,42.852968369743266,-40.303549306312284,83.15651767605556,1.0632554479024927
HTDPA_3h_140726,4,1024,42.97883757204328,-40.29654240522911,83.2753799772724,1.0665639036679757
HTDPA_3h_140726,4,1025,42.96745894758066,-40.345712149571874,83.31317109715253,1.0649820429067975
HTDPA_3h_140726,4,1026,43.08403216586133,-40.34930667768386,83.43333884354519,1.0677762696153084
HTDPA_3h_140726,4,1027,43.07808783643288,-40.3039136165939,83.38200145302679,1.0688313856125573
HTDPA_3h_140726,4,1028,43.005954400671925,-40.3039136165939,83.30986801726583,1.067041647860359
HTDPA_3h_140726,4,1029,43.008893170277005,-40.313573910894874,83.32246708117188,1.066858851694459
HTDPA_3h_140726,4,1030,42.87598063586565,-40.313573910894874,83.18955454676052,1.0635618844073331
HTDPA_3h_140726,4,1031,42.87598063586565,-40.24644974150622,83.12243037737187,1.0653357230575196
HTDPA_3h_140726,4,1032,43.022585165027934,-40.24644974150622,83.26903490653416,1.0689783929104852
HTDPA_3h_140726,4,1033,43.008213124417985,-40.34170473647404,83.34991786089202,1.0660980592010798
HTDPA_3h_140726,4,1034,42.942151526684064,-40.34170473647404,83.2838562631581,1.0644605082308007
HTDPA_3h_140726,4,1035,42.949364870260155,-40.27678464428919,83.22614951454935,1.0663553520861777
HTDPA_3h_140726,4,1036,42.94944987599254,-40.272497926642124,83.22194780263467,1.066470968704911
HTDPA_3h_140726,4,1037,42.9440459401485,-40.26381519826348,83.20786113841197,1.0665667356331552
HTDPA_3h_140726,4,1038,42.93642578342458,-40.26615285590389,83.20257863932846,1.0663155712212316
HTDPA_3h_140726,4,1039,42.93642578342458,-40.305893035790696,83.24231881921528,1.0652642219165827
HTDPA_3h_140726,4,1040,43.23865152121926,-40.305893035790696,83.54454455700996,1.0727625234063005
HTDPA_3h_140726,4,1041,43.23865152121926,-40.22574477383411,83.46439629505338,1.0748999618111479
HTDPA_3h_140726,4,1042,42.64628300330367,-40.22038941269428,82.86667241599795,1.0603150199695415
HTDPA_3h_140726,4,1043,42.64628300330367,-40.17242189228086,82.81870489558453,1.0615810796186567
HTDPA_3h_140726,4,1044,42.74106439490538,-40.17565211011124,82.91671650501661,1.0638549009176752
HTDPA_3h_140726,4,1045,42.74106439490538,-40.20971512144278,82.95077951634815,1.0629536734049803
HTDPA_3h_140726,4,1046,43.003883903904715,-40.20971512144278,83.21359902534749,1.0694898925302727
HTDPA_3h_140726,4,1047,43.003883903904715,-40.30188562269288,83.3057695265976,1.0670439667887504
HTDPA_3h_140726,4,1048,42.71212601486862,-40.2957773536377,83.00790336850633,1.0599653070351498
HTDPA_3h_140726,4,1049,42.71212601486862,-40.200328059853035,82.91245407472167,1.0624820262977916
HTDPA_3h_140726,4,1050,42.578764164443264,-40.20670956161942,82.78547372606269,1.0589964866234207
HTDPA_3h_140726,4,1051,42.578764164443264,-40.21238673017468,82.79115089461794,1.0588469779261547
HTDPA_3h_140726,4,1052,44.29994808996123,-40.21238673017468,84.5123348201359,1.1016493098809108
HTDPA_3h_140726,4,1053,44.29994808996123,-40.23676515985315,84.53671324981437,1.100981848664171
HTDPA_3h_140726,4,1054,42.316023589338265,-40.232265927875126,82.54828951721339,1.0517931966645557
HTDPA_3h_140726,4,1055,42.317948361992826,-40.511272957054494,82.82922131904732,1.0445968559628716
HTDPA_3h_140726,4,1056,42.74941317219252,-40.511272957054494,83.260686129247,1.055247343560659
HTDPA_3h_140726,4,1057,42.74423389435548,-40.37633850058013,83.1205723949356,1.0586456197295186
HTDPA_3h_140726,4,1058,42.86462629875515,-40.378360422643134,83.24298672139828,1.061574215745466
HTDPA_3h_140726,4,1059,42.86462629875515,-40.38737710211324,83.25200340086839,1.0613372141097097
HTDPA_3h_140726,4,1060,42.58277157754109,-40.38737710211324,82.97014867965433,1.0543584315930479
HTDPA_3h_140726,4,1061,42.58277157754109,-40.20303609961308,82.78580767715417,1.0591929294103963
HTDPA_3h_140726,4,1062,42.600574206636296,-40.199769450754545,82.80034365739084,1.0597218538485098
HTDPA_3h_140726,4,1063,42.600574206636296,-40.19979373810665,82.80036794474294,1.0597212136005034
HTDPA_3h_140726,4,1064,42.943438756345785,-40.20203424633862,83.14547300268441,1.0681906913766892
HTDPA_3h_140726,4,1065,42.943438756345785,-40.21105092580872,83.1544896821545,1.0679511668466075
HTDPA_3h_140726,4,1066,42.97983942531775,-40.21105092580872,83.19089035112647,1.0688564072751436
HTDPA_3h_140726,4,1067,42.971806383608005,-40.25407597006816,83.22588235367616,1.0675144155727405
HTDPA_3h_140726,4,1068,42.61752677840773,-40.25407597006816,82.87160274847588,1.0587133290575834
HTDPA_3h_140726,4,1069,42.625140863293616,-40.14745449431378,82.7725953576074,1.0617146566373408
HTDPA_3h_140726,4,1070,42.450860896404194,-40.143926756420086,82.59478765282428,1.0574665790415025
HTDPA_3h_140726,4,1071,42.44338646379294,-40.018100056986235,82.46148652077918,1.0606047364405873
HTDPA_3h_140726,4,1072,42.843253428900034,-40.02103275475327,82.8642861836533,1.0705184369289313
HTDPA_3h_140726,4,1073,42.835262890056484,-40.16401846845147,82.99928135850794,1.0665083954112624
HTDPA_3h_140726,4,1074,42.476575130448595,-40.16997494155598,82.64655007200457,1.0574210014382268
HTDPA_3h_140726,4,1075,42.48067969295486,-40.13063550297895,82.6113151959338,1.0585598548470896
HTDPA_3h_140726,4,1076,42.12505213971259,-40.124090061585825,82.24914220129841,1.0498693447017868
HTDPA_3h_140726,4,1077,42.12505213971259,-40.0987097786329,82.22376191834549,1.0505338543874907
HTDPA_3h_140726,4,1078,42.296575492137734,-40.10218286998436,82.3987583621221,1.054720029312814
HTDPA_3h_140726,4,1079,42.296575492137734,-40.22006760527886,82.51664309741659,1.0516286523244516
HTDPA_3h_140726,4,1080,41.97598244431135,-40.22006760527886,82.19605004959021,1.0436576799488528
HTDPA_3h_140726,4,1081,41.97364478667094,-40.25686901556059,82.23051380223153,1.0426455363542246
HTDPA_3h_140726,4,1082,41.729556897984935,-40.25686901556059,81.98642591354553,1.036582275731754
HTDPA_3h_140726,4,1083,41.73052839206925,-40.21906575200439,81.94959414407364,1.0375807496221996
HTDPA_3h_140726,4,1084,42.12191907129065,-40.21906575200439,82.34098482329503,1.047312220801435
HTDPA_3h_140726,4,1085,42.12191907129065,-40.09049458178236,82.21241365307301,1.0506709760181256
HTDPA_3h_140726,4,1086,44.37809264536891,-40.09049458178236,84.46858722715126,1.1069479962348703
HTDPA_3h_140726,4,1087,44.37809264536891,-40.13724773459036,84.51534037995927,1.1056585877243341
HTDPA_3h_140726,4,1088,41.90121990268471,-40.13210488778148,82.0333247904662,1.0440822882290894
HTDPA_3h_140726,4,1089,41.911195932563096,-40.132906370401045,82.04410230296415,1.044310011982426
HTDPA_3h_140726,4,1090,42.327632943645916,-40.132906370401045,82.46053931404697,1.0546864598588737
HTDPA_3h_140726,4,1091,42.31036463629709,-40.10453874313883,82.41490337943591,1.0550019015874015
HTDPA_3h_140726,4,1092,42.10021225034407,-40.108861891814065,82.20907414215813,1.0496486378471992
HTDPA_3h_140726,4,1093,42.10021225034407,-40.20871326816833,82.30892551851241,1.0470420172254844
HTDPA_3h_140726,4,1094,42.176978498519624,-40.202343910077985,82.3793224085976,1.0491173995441254
HTDPA_3h_140726,4,1095,42.18269816994106,-40.057099472633766,82.23979764257483,1.0530642189597244
HTDPA_3h_140726,4,1096,41.913199639112,-40.057099472633766,81.97029911174576,1.0463363596195048
HTDPA_3h_140726,4,1097,41.90857897037344,-40.074398139172736,81.98297710954617,1.0457693918404178
HTDPA_3h_140726,4,1098,42.27987793756344,-40.078138391397374,82.35801632896082,1.0549361730493616
HTDPA_3h_140726,4,1099,42.27987793756344,-39.9899753032451,82.26985324080854,1.0572619166917194
HTDPA_3h_140726,4,1100,42.30125080741853,-39.9899753032451,82.29122611066364,1.0577963723820023
HTDPA_3h_140726,4,1101,42.30125080741853,-40.91101241356304,83.21226322098158,1.0339820090444545
HTDPA_3h_140726,4,1102,41.800791701717884,-40.864514277952146,82.66530597967002,1.0229117472777816
HTDPA_3h_140726,4,1103,41.80600133874506,-40.119548326741615,81.92554966548667,1.0420356928814012
HTDPA_3h_140726,4,1104,42.28154769302087,-40.119548326741615,82.40109601976249,1.053888925883998
HTDPA_3h_140726,4,1105,42.27857249238764,-40.114763718376324,82.39333621076396,1.0539404591586834
HTDPA_3h_140726,4,1106,42.114906098369445,-40.11787857128419,82.23278466965363,1.049778991267866
HTDPA_3h_140726,4,1107,42.114906098369445,-40.170308892647455,82.2852149910169,1.0484088188347966
HTDPA_3h_140726,4,1108,42.00537014036209,-40.170308892647455,82.17567903300954,1.0456820297951583
HTDPA_3h_140726,4,1109,41.99499336917392,-40.166762939239696,82.16175630841362,1.0455160011948135
HTDPA_3h_140726,4,1110,41.83406537410592,-40.166762939239696,82.00082831334561,1.0415095046964167
HTDPA_3h_140726,4,1111,41.83605693697878,-40.08081000012926,81.91686693710804,1.0437927012164638
HTDPA_3h_140726,4,1112,42.05546280408496,-40.08081000012926,82.13627280421423,1.0492667888685216
HTDPA_3h_140726,4,1113,42.05546280408496,-40.06377849446349,82.11924129854845,1.049712842484308
HTDPA_3h_140726,4,1114,42.14663145206061,-40.06377849446349,82.2104099465241,1.0519884303445057
HTDPA_3h_140726,4,1115,42.14045032094909,-40.099146950970834,82.23959727191993,1.0509064038812137
HTDPA_3h_140726,4,1116,41.84766629128643,-40.099146950970834,81.94681324225726,1.0436049011828983
HTDPA_3h_140726,4,1117,41.85108473609564,-40.119548326741615,81.97063306283727,1.0431594193247653
HTDPA_3h_140726,4,1118,41.84540756754038,-40.119548326741615,81.96495589428199,1.043017913031897
HTDPA_3h_140726,4,1119,41.84540756754038,-40.03171918968084,81.87712675722122,1.0453062824822936
HTDPA_3h_140726,4,1120,42.112234489637565,-40.03171918968084,82.1439536793184,1.0519716700174353
HTDPA_3h_140726,4,1121,42.112234489637565,-40.197692882149305,82.30992737178687,1.0476281465481432
HTDPA_3h_140726,4,1122,41.84790916480751,-40.191560325742024,82.03946949054954,1.0412113594406691
HTDPA_3h_140726,4,1123,41.84790916480751,-40.091277848887835,81.93918701369535,1.0438157976041766
HTDPA_3h_140726,4,1124,42.16700246864124,-40.09483594597167,82.26183841461291,1.0516816311572355
HTDPA_3h_140726,4,1125,42.16700246864124,-40.205373757253476,82.37237622589473,1.0487902120555184
HTDPA_3h_140726,4,1126,41.96128859628596,-40.205373757253476,82.16666235353944,1.04367363551037
HTDPA_3h_140726,4,1127,41.96128859628596,-40.21606019218102,82.17734878846699,1.0433963047539963
HTDPA_3h_140726,4,1128,41.99835716744089,-40.21606019218102,82.2144173596219,1.0443180402740295
HTDPA_3h_140726,4,1129,41.99835716744089,-40.09116248396532,82.08951965140622,1.0475714488009262
HTDPA_3h_140726,4,1130,41.888153307250576,-40.090112055986644,81.97826536323723,1.0448499931542454
HTDPA_3h_140726,4,1131,41.888153307250576,-40.093293699112806,81.98144700636338,1.0447670780457103
HTDPA_3h_140726,4,1132,41.79999021909831,-40.09683965252057,81.89682987161888,1.0424759303061601
HTDPA_3h_140726,4,1133,41.79999021909831,-40.13858353895632,81.93857375805463,1.0413917615834531
HTDPA_3h_140726,4,1134,41.76759696322418,-40.13858353895632,81.90618050218049,1.0405847262319765
HTDPA_3h_140726,4,1135,41.765817914682266,-40.042023098812685,81.80784101349495,1.0430496434112664
HTDPA_3h_140726,4,1136,41.89791682279801,-40.042023098812685,81.93993992161069,1.0463486502518988
HTDPA_3h_140726,4,1137,41.89883974217812,-39.95591229191356,81.85475203409169,1.04862678234124
HTDPA_3h_140726,4,1138,42.04611217352337,-39.95591229191356,82.00202446543693,1.0523126556675526
HTDPA_3h_140726,4,1139,42.04611217352337,-40.10418657653327,82.15029875005663,1.0484220168207177
HTDPA_3h_140726,4,1140,41.53115959045221,-40.10418657653327,81.63534616698549,1.0355816470980095
HTDPA_3h_140726,4,1141,41.53061919686782,-40.22395965345416,81.75457885032198,1.0324846075491092
HTDPA_3h_140726,4,1142,41.82874644399426,-40.22395965345416,82.05270609744842,1.039896290777089
HTDPA_3h_140726,4,1143,41.835055083704326,-40.05576366826782,81.89081875197215,1.0444203593313603
HTDPA_3h_140726,4,1144,41.74255063136274,-40.05576366826782,81.79831429963056,1.042110967526783
HTDPA_3h_140726,4,1145,41.74255063136274,-40.08748902195898,81.83003965332172,1.0412862379206929
HTDPA_3h_140726,4,1146,41.89416442689731,-40.08748902195898,81.98165344885629,1.0450683105631455
HTDPA_3h_140726,4,1147,41.89416442689731,-40.073129125025076,81.96729355192238,1.0454428027367353
HTDPA_3h_140726,4,1148,41.842402007717006,-40.073129125025076,81.91553113274207,1.0441511037775946
HTDPA_3h_140726,4,1149,41.842402007717006,-40.082813706678174,81.92521571439518,1.0438988219219167
HTDPA_3h_140726,4,1150,41.58344418770284,-40.07833269021424,81.66177687791708,1.0375542443125658
HTDPA_3h_140726,4,1151,41.58344418770284,-40.07835697756634,81.66180116526917,1.037553615558117
HTDPA_3h_140726,4,1152,41.85843166010833,-40.081811853403714,81.94024351351204,1.0443248377394334
HTDPA_3h_140726,4,1153,41.85843166010833,-40.07012356520172,81.92855522531005,1.0446294629462944
HTDPA_3h_140726,4,1154,42.12024931583322,-40.07012356520172,82.19037288103493,1.051163449678301
HTDPA_3h_140726,4,1155,42.12024931583322,-40.2000305397897,82.32027985562291,1.0477665999318806
HTDPA_3h_140726,4,1156,41.607950125979876,-40.19583489971303,81.8037850256929,1.0351308843264486
HTDPA_3h_140726,4,1157,41.607950125979876,-40.09003919393032,81.69798931991019,1.0378625454743722
HTDPA_3h_140726,4,1158,41.819359382404485,-40.097507554703554,81.91686693710804,1.0429416173898558
HTDPA_3h_140726,4,1159,41.819359382404485,-40.11888042455864,81.93823980696313,1.0423860022974345
HTDPA_3h_140726,4,1160,41.69179006545691,-40.11888042455864,81.81067049001555,1.0392062197213114
HTDPA_3h_140726,4,1161,41.69179006545691,-40.022368559119236,81.71415862457614,1.0417122116066588
HTDPA_3h_140726,4,1162,41.77260622959647,-40.022368559119236,81.7949747887157,1.0437314865034002
HTDPA_3h_140726,4,1163,41.770553948343334,-39.930009830890306,81.70056377923365,1.0460942565566103
HTDPA_3h_140726,4,1164,41.498535604733064,-39.930009830890306,81.42854543562336,1.0392818779781348
HTDPA_3h_140726,4,1165,41.510454622780095,-39.8654115461209,81.375866168901,1.0412649214659684
HTDPA_3h_140726,4,1166,41.5127922804205,-39.8654115461209,81.37820382654141,1.041323560209424
HTDPA_3h_140726,4,1167,41.5127922804205,-39.92118137839904,81.43397365881954,1.0398688327115155
HTDPA_3h_140726,4,1168,41.90184530200149,-39.92118137839904,81.82302668040053,1.0496143614796472
HTDPA_3h_140726,4,1169,41.90184530200149,-39.97060613993893,81.87245144194043,1.048316484250982
HTDPA_3h_140726,4,1170,41.61364551004921,-39.97060613993893,81.58425164998815,1.0411061909933996
HTDPA_3h_140726,4,1171,41.61364551004921,-39.82133000204476,81.43497551209397,1.0450089313418818
HTDPA_3h_140726,4,1172,41.66281525439199,-39.81738937916523,81.48020463355721,1.0463472343114588
HTDPA_3h_140726,4,1173,41.66281525439199,-39.80199119792872,81.46480645232072,1.0467520342690821
HTDPA_3h_140726,4,1174,41.78229081124956,-39.80530034965345,81.587591160903,1.049666512857083
HTDPA_3h_140726,4,1175,41.78229081124956,-39.76656202304109,81.54885283429064,1.0506890383694858
HTDPA_3h_140726,4,1176,41.66340422268061,-39.76656202304109,81.4299662457217,1.047699426431193
HTDPA_3h_140726,4,1177,41.66245094411037,-39.749069057685254,81.41152000179562,1.0481365207232487
HTDPA_3h_140726,4,1178,41.81949296284108,-39.749069057685254,81.56856202052634,1.0520873558611186
HTDPA_3h_140726,4,1179,41.826038404234204,-39.95290673209018,81.77894513632438,1.0468834892215622
HTDPA_3h_140726,4,1180,41.590268933645206,-39.95290673209018,81.54317566573539,1.0409823048053697
HTDPA_3h_140726,4,1181,41.590268933645206,-39.95090302554127,81.54117195918647,1.0410345144653141
HTDPA_3h_140726,4,1182,41.47839531799746,-39.95090302554127,81.42929834353873,1.0382342369452735
HTDPA_3h_140726,4,1183,41.47839531799746,-40.013685830740606,81.49208114873807,1.0366052128627348
HTDPA_3h_140726,4,1184,41.74121482699681,-40.013685830740606,81.75490065773741,1.0431734532920491
HTDPA_3h_140726,4,1185,41.74121482699681,-39.80997566493425,81.55119049193107,1.04851143789479
HTDPA_3h_140726,4,1186,41.78145896943985,-39.80665436953347,81.58811333897333,1.0496099114880106
HTDPA_3h_140726,4,1187,41.78145896943985,-39.8636810722832,81.64514004172305,1.048108399564988
HTDPA_3h_140726,4,1188,41.70882157112267,-39.86708130157833,81.575902872701,1.0461970179259505
HTDPA_3h_140726,4,1189,41.70882157112267,-40.04507723334027,81.75389880446295,1.0415467880880303
HTDPA_3h_140726,4,1190,41.62767145589162,-40.04507723334027,81.6727486892319,1.0395203188978677
HTDPA_3h_140726,4,1191,41.62767145589162,-39.97327774867082,81.60094920456244,1.0413874918545007
HTDPA_3h_140726,4,1192,44.82075392489042,-39.96784952547466,84.78860345036509,1.12142020291391
HTDPA_3h_140726,4,1193,45.015605279015354,-39.80129293655562,84.81689821557097,1.1310086170007465
HTDPA_3h_140726,4,1194,41.39524149621749,-39.80129293655562,81.1965344327731,1.0400476578035458
HTDPA_3h_140726,4,1195,41.394221427428946,-39.71557679912824,81.10979822655719,1.0422666561483138
HTDPA_3h_140726,4,1196,41.49876633457809,-39.71646935931821,81.2152356938963,1.0448755139621122
HTDPA_3h_140726,4,1197,41.49876633457809,-39.75387188156463,81.25263821614271,1.0438924404196874
HTDPA_3h_140726,4,1198,41.52247686207359,-39.75387188156463,81.27634874363821,1.0444888735813713
HTDPA_3h_140726,4,1199,41.52247686207359,-39.751868175015716,81.2743450370893,1.0445415214012688
HTDPA_3h_140726,4,1200,41.47699272341321,-39.746616035122344,81.22360875853556,1.0435351952166647
HTDPA_3h_140726,4,1201,41.47699272341321,-39.59846318726318,81.0754559106764,1.0474394555987279
HTDPA_3h_140726,4,1202,41.700138842744046,-39.603259939304515,81.30339878204856,1.052947128762965
HTDPA_3h_140726,4,1203,41.700138842744046,-40.464519804246486,82.16465864699053,1.0305358631333095
HTDPA_3h_140726,4,1204,41.65104803229563,-40.464519804246486,82.11556783654211,1.029322681543959
HTDPA_3h_140726,4,1205,41.65104803229563,-39.83468804570419,81.48573607799982,1.0455974447322756
HTDPA_3h_140726,4,1206,41.65305173884454,-39.83468804570419,81.48773978454872,1.0456477452780364
HTDPA_3h_140726,4,1207,41.65305173884454,-39.728825549703195,81.38187728854774,1.0484340063547566
HTDPA_3h_140726,4,1208,41.68365380250069,-39.72604464788682,81.40969845038751,1.0492777262867523
HTDPA_3h_140726,4,1209,41.68365380250069,-39.732432221491244,81.41608602399194,1.0491090394399272
HTDPA_3h_140726,4,1210,41.38188345255805,-39.73416876716696,81.11605221972502,1.0414684574137265
HTDPA_3h_140726,4,1211,41.38188345255805,-39.75554163702205,81.13742508958009,1.0409085563563667
HTDPA_3h_140726,4,1212,41.41093719751731,-39.75554163702205,81.16647883453936,1.0416393662953818
HTDPA_3h_140726,4,1213,41.41093719751731,-39.66403903795494,81.07497623547226,1.0440423668878185
HTDPA_3h_140726,4,1214,41.49372670901567,-39.66199890037786,81.15572560939353,1.046183446609403
HTDPA_3h_140726,4,1215,41.49372670901567,-39.70935923698858,81.20308594600425,1.0449356903841696
HTDPA_3h_140726,4,1216,41.54652134066056,-39.71079219076296,81.25731353142352,1.0462274623250807
HTDPA_3h_140726,4,1217,41.54652134066056,-39.776914506877155,81.32343584753772,1.044488288137016
HTDPA_3h_140726,4,1218,41.56655840614972,-39.776914506877155,81.34347291302687,1.04499202417933
HTDPA_3h_140726,4,1219,41.56530153567813,-39.84879292544096,81.41409446111909,1.0430755484475738
HTDPA_3h_140726,4,1220,41.82600197320605,-39.84879292544096,81.67479489864701,1.049617790216746
HTDPA_3h_140726,4,1221,41.846306199568374,-39.819478091446534,81.66578429101492,1.05090041872139
HTDPA_3h_140726,4,1222,41.31075187007156,-39.81030961602574,81.1210614860973,1.0376897911249054
HTDPA_3h_140726,4,1223,41.30559687958664,-39.721575775098934,81.02717265468557,1.0398781033626745
HTDPA_3h_140726,4,1224,41.520807106616154,-39.72448418551387,81.24529129213002,1.0452195404907823
HTDPA_3h_140726,4,1225,41.520807106616154,-39.80029108328115,81.3210981898973,1.0432287296526266
HTDPA_3h_140726,4,1226,41.55954543322851,-39.80029108328115,81.35983651650966,1.0442020473233766
HTDPA_3h_140726,4,1227,41.55041338883587,-39.868101370366865,81.41851475920274,1.0421969434370766
HTDPA_3h_140726,4,1228,41.06209188735122,-39.868101370366865,80.93019325771809,1.0299485171338465
HTDPA_3h_140726,4,1229,41.07130893747623,-39.73216506061806,80.80347399809429,1.033704276492738
HTDPA_3h_140726,4,1230,41.77594574051133,-39.73216506061806,81.50811080112939,1.0514389456697149
HTDPA_3h_140726,4,1231,41.77594574051133,-39.79761947454927,81.5735652150606,1.0497096633437386
HTDPA_3h_140726,4,1232,41.48106692672934,-39.79761947454927,81.2786864012786,1.0423002047460814
HTDPA_3h_140726,4,1233,41.48106692672934,-39.870086861401695,81.35115378813103,1.0404057325214218
HTDPA_3h_140726,4,1234,41.38655876783886,-39.870086861401695,81.25664562924055,1.0380353298880134
HTDPA_3h_140726,4,1235,41.38139770551589,-39.75982835466913,81.14122606018502,1.040784113462007
HTDPA_3h_140726,4,1236,41.58592149761787,-39.75982835466913,81.345749852287,1.0459280942226274
HTDPA_3h_140726,4,1237,41.599285613115335,-39.88144119851221,81.48072681162755,1.0430737797576686
HTDPA_3h_140726,4,1238,41.756910528296636,-39.88144119851221,81.63835172680885,1.0470261172470965
HTDPA_3h_140726,4,1239,41.756910528296636,-39.67839893488883,81.43530946318546,1.0523839582544292
HTDPA_3h_140726,4,1240,41.53115959045221,-39.67839893488883,81.20955852534104,1.046694440937592
HTDPA_3h_140726,4,1241,41.53115959045221,-40.321922688182035,81.85308227863425,1.0299895645260138
HTDPA_3h_140726,4,1242,41.158488387868104,-40.2933486184269,81.451837006295,1.0214710317981752
HTDPA_3h_140726,4,1243,41.158488387868104,-39.79489929111317,80.95338767898127,1.0342654239876277
HTDPA_3h_140726,4,1244,41.671752999967744,-39.798955278915216,81.47070827888297,1.0470564543196617
HTDPA_3h_140726,4,1245,41.671752999967744,-39.687749565450424,81.35950256541817,1.0499903233678047
HTDPA_3h_140726,4,1246,41.36852540889861,-39.687749565450424,81.05627497434904,1.0423499911648144
HTDPA_3h_140726,4,1247,41.363012179970085,-39.742948644954026,81.10596082492411,1.0407635464969898
HTDPA_3h_140726,4,1248,41.40408209238481,-39.742948644954026,81.14703073733884,1.0417969351562366
HTDPA_3h_140726,4,1249,41.40592793114502,-39.728491598611704,81.13441952975673,1.0422225024166771
HTDPA_3h_140726,4,1250,48.08828927177647,-39.728491598611704,87.81678087038817,1.2104232337242045
HTDPA_3h_140726,4,1251,48.08828927177647,-40.36767398771559,88.45596325949205,1.1912573730755545
HTDPA_3h_140726,4,1252,41.40926744205988,-40.36767398771559,81.77694142977546,1.0258026621662981
HTDPA_3h_140726,4,1253,41.40926744205988,-39.987637645604714,81.39690508766459,1.0355517324892891
HTDPA_3h_140726,4,1254,41.15795406612173,-39.97462569671282,81.13257976283455,1.0296019874804285
HTDPA_3h_140726,4,1255,41.15795406612173,-39.78465002852357,80.9426040946453,1.0345184395643439
HTDPA_3h_140726,4,1256,41.730528392069246,-39.79094045271955,81.5214688447888,1.0487444608567207
HTDPA_3h_140726,4,1257,41.730528392069246,-39.67873288598032,81.40926127804957,1.0517102073794773
HTDPA_3h_140726,4,1258,41.51613179133535,-39.67873288598032,81.19486467731566,1.0463068946943173
HTDPA_3h_140726,4,1259,41.50693902856245,-39.807577288913585,81.31451631747603,1.0426894037613823
HTDPA_3h_140726,4,1260,41.3386519658057,-39.807577288913585,81.14622925471929,1.0384618904531655
HTDPA_3h_140726,4,1261,41.34800259636731,-39.820473872882964,81.16847646925027,1.0383603853726253
HTDPA_3h_140726,4,1262,41.181178846575065,-39.8089738116598,80.99015265823486,1.034469741455967
HTDPA_3h_140726,4,1263,41.17398371851305,-39.58818963732148,80.76217335583453,1.0400572518147326
HTDPA_3h_140726,4,1264,41.55620592231366,-39.5945772109259,81.15078313323956,1.049542862926352
HTDPA_3h_140726,4,1265,41.55620592231366,-39.682740299078155,81.23894622139181,1.047211095028108
HTDPA_3h_140726,4,1266,40.88496422842713,-39.682740299078155,80.56770452750528,1.0302958898576091
HTDPA_3h_140726,4,1267,40.88496422842713,-39.60993896113425,80.49490318956137,1.0321895287075284
HTDPA_3h_140726,4,1268,41.19518657690339,-39.60890674866965,80.80409332557304,1.0400485637813524
HTDPA_3h_140726,4,1269,41.19518657690339,-39.661731739504674,80.85691831640807,1.0386633354153654
HTDPA_3h_140726,4,1270,42.136946870407506,-39.6650408912294,81.80198776163691,1.062319511681751
HTDPA_3h_140726,4,1271,42.136946870407506,-39.696098342737585,81.83304521314508,1.0614883736581753
HTDPA_3h_140726,4,1272,42.58878269718784,-39.696098342737585,82.28488103992542,1.0728707473836523
HTDPA_3h_140726,4,1273,42.58878269718784,-39.78659908853024,82.37538178571808,1.0704303376728024
HTDPA_3h_140726,4,1274,41.531347817431055,-39.78601012024162,81.31735793767268,1.0438681258038858
HTDPA_3h_140726,4,1275,41.531347817431055,-39.784261430889835,81.3156092483209,1.0439140082963743
HTDPA_3h_140726,4,1276,41.63334862444688,-39.78860279507915,81.42195141952604,1.0463636745142475
HTDPA_3h_140726,4,1277,41.63334862444688,-39.7759126536027,81.40926127804958,1.0466975072833669
HTDPA_3h_140726,4,1278,41.647708521380785,-39.7759126536027,81.42362117498348,1.0470585272066295
HTDPA_3h_140726,4,1279,41.647708521380785,-41.34715253904353,82.99486106042431,1.0072690853875232
HTDPA_3h_140726,4,1280,41.17145783389381,-41.269578736410374,82.44103657030419,0.9976224399298267
HTDPA_3h_140726,4,1281,41.17145783389381,-39.648665144070534,80.82012297796435,1.0384071616103578
HTDPA_3h_140726,4,1282,41.43097426300647,-39.65134889647848,81.08232315948496,1.0448818367106305
HTDPA_3h_140726,4,1283,41.43097426300647,-39.64466987464877,81.07564413765525,1.0450578701753794
HTDPA_3h_140726,4,1284,41.326447571371396,-39.64466987464877,80.97111744602017,1.0424212813989922
HTDPA_3h_140726,4,1285,41.326447571371396,-39.64834333665511,80.9747909080265,1.0423246999368287
HTDPA_3h_140726,4,1286,41.343813028128665,-39.64834333665511,80.99215636478377,1.0427626868814488
HTDPA_3h_140726,4,1287,41.343813028128665,-39.70444712002473,81.04826014815339,1.0412892264473097
HTDPA_3h_140726,4,1288,41.21976537723675,-39.696924112709254,80.91668948994601,1.0383616942260758
HTDPA_3h_140726,4,1289,41.21976537723675,-39.59914323312221,80.81890861035896,1.0409256870678703
HTDPA_3h_140726,4,1290,41.802661827830185,-39.60192413493859,81.40458596276878,1.0555714839863046
HTDPA_3h_140726,4,1291,41.802661827830185,-39.62997602662339,81.43263785445357,1.0548243026881265
HTDPA_3h_140726,4,1292,41.18377152141261,-39.62675795246907,80.81052947388167,1.039291974650339
HTDPA_3h_140726,4,1293,41.18652206403883,-42.02874671676611,83.21526878080493,0.9799607478566261
HTDPA_3h_140726,4,1294,41.1965405967834,-42.02874671676611,83.2252873135495,0.9801991211969515
HTDPA_3h_140726,4,1295,41.192514968171494,-39.63421416956624,80.82672913773774,1.039317060556276
HTDPA_3h_140726,4,1296,41.25264438015303,-39.63966060827648,80.89230498842952,1.0406911599929232
HTDPA_3h_140726,4,1297,41.25264438015303,-39.43928995338497,80.691934333538,1.0459783740759871
HTDPA_3h_140726,4,1298,41.25665179325086,-39.43928995338497,80.69594174663584,1.0460799837424535
HTDPA_3h_140726,4,1299,41.25665179325086,-39.46166467651452,80.71831646976538,1.0454868574716925
HTDPA_3h_140726,4,1300,41.09546270914769,-39.457669407092745,80.55313211624043,1.0415076036335928
HTDPA_3h_140726,4,1301,41.09546270914769,-39.49781640012737,80.59327910927506,1.0404489780608521
HTDPA_3h_140726,4,1302,41.587263373821834,-39.50207275858432,81.08933613240615,1.0527868658432455
HTDPA_3h_140726,4,1303,41.587263373821834,-39.33309350629249,80.92035688011433,1.0573097528463842
HTDPA_3h_140726,4,1304,41.18752391731329,-39.33309350629249,80.52061742360578,1.0471468233416252
HTDPA_3h_140726,4,1305,41.18752391731329,-39.527453041537235,80.71497695885053,1.0419979216478121
HTDPA_3h_140726,4,1306,41.10871145972264,-39.527453041537235,80.63616450125988,1.040004055321342
HTDPA_3h_140726,4,1307,41.10871145972264,-39.24058905395091,80.34930051367355,1.0476068899782134
HTDPA_3h_140726,4,1308,41.064326323745156,-39.237358836120535,80.30168515986568,1.0465619384641858
HTDPA_3h_140726,4,1309,41.064326323745156,-39.40392149687762,80.46824782062278,1.0421380604719535
HTDPA_3h_140726,4,1310,41.26667032599545,-39.40622879532789,80.67289912132334,1.0472118644067796
HTDPA_3h_140726,4,1311,41.26667032599545,-39.395542360400334,80.66221268639578,1.0474959310999596
HTDPA_3h_140726,4,1312,41.483404584369744,-39.395542360400334,80.87894694477008,1.0529974230299743
HTDPA_3h_140726,4,1313,41.483404584369744,-39.53446601445844,81.01787059882818,1.0492972023246385
HTDPA_3h_140726,4,1314,41.28269997838675,-39.53446601445844,80.81716599284519,1.0442205027706446
HTDPA_3h_140726,4,1315,41.28269997838675,-39.22255569501067,80.50525567339741,1.05252447850149
HTDPA_3h_140726,4,1316,41.171797856823325,-39.218366126772025,80.39016398359536,1.049809105349695
HTDPA_3h_140726,4,1317,41.171797856823325,-39.288532287012224,80.46033014383555,1.0479342306822101
HTDPA_3h_140726,4,1318,41.16314548763483,-39.293687277497156,80.45683276513199,1.0475765533770174
HTDPA_3h_140726,4,1319,41.16314548763483,-39.40556089314491,80.56870638077973,1.0446024508889982
HTDPA_3h_140726,4,1320,41.26049526672196,-39.40280427868065,80.66329954540261,1.0471461618544353
HTDPA_3h_140726,4,1321,41.266002423812466,-39.36648861544108,80.63249103925355,1.04825205079699
HTDPA_3h_140726,4,1322,41.0789898125804,-39.36648861544108,80.44547842802149,1.043501497272673
HTDPA_3h_140726,4,1323,41.07518277013747,-39.42240417183186,80.49758694196933,1.0419248554984517
HTDPA_3h_140726,4,1324,41.39557544730897,-39.42526400754257,80.82083945485155,1.0499758591189003
HTDPA_3h_140726,4,1325,41.39557544730897,-39.368826273081474,80.76440172039045,1.0514810667752443
HTDPA_3h_140726,4,1326,41.14077076450528,-39.368826273081474,80.50959703758676,1.0450088219326816
HTDPA_3h_140726,4,1327,41.13432247252059,-39.43510645698437,80.56942892950497,1.0430889166583006
HTDPA_3h_140726,4,1328,41.07732005712298,-39.43510645698437,80.51242651410735,1.0416434428021624
HTDPA_3h_140726,4,1329,41.08767254095904,-39.391868898393994,80.47954143935303,1.043049585866036
HTDPA_3h_140726,4,1330,41.028229246674556,-39.391868898393994,80.42009814506855,1.0415405613910154
HTDPA_3h_140726,4,1331,41.028229246674556,-39.57387224325376,80.60210148992832,1.0367504345918215
HTDPA_3h_140726,4,1332,41.13642940031596,-39.57387224325376,80.71030164356972,1.0394845656613392
HTDPA_3h_140726,4,1333,41.13642940031596,-39.43261093155527,80.56904033187124,1.0432083605044078
HTDPA_3h_140726,4,1334,40.853906776918954,-39.43261093155527,80.28651770847422,1.0360436656814505
HTDPA_3h_140726,4,1335,40.853906776918954,-39.50741597604809,80.36132275296704,1.0340819759431292
HTDPA_3h_140726,4,1336,41.040719017496116,-39.50153236499992,80.54225138249603,1.0389652390766486
HTDPA_3h_140726,4,1337,41.040719017496116,-39.34939639139502,80.39011540889113,1.0429821746000394
HTDPA_3h_140726,4,1338,40.95743161527956,-39.35279662069015,80.3102282359697,1.040775627970129
HTDPA_3h_140726,4,1339,40.95743161527956,-39.39687816476628,80.35430978004584,1.0396110941579357
HTDPA_3h_140726,4,1340,41.18184674875803,-39.39687816476628,80.57872491352431,1.045307361068728
HTDPA_3h_140726,4,1341,41.18184674875803,-39.3491231586838,80.53096990744183,1.04657597026199
HTDPA_3h_140726,4,1342,40.98481560478139,-39.3491231586838,80.3339387634652,1.041568713983824
HTDPA_3h_140726,4,1343,40.98481560478139,-39.28032923383772,80.26514483861911,1.0433928738427007
HTDPA_3h_140726,4,1344,41.187973233327284,-39.276752921239805,80.46472615456709,1.0486603440951439
HTDPA_3h_140726,4,1345,41.187973233327284,-39.500439434155055,80.68841266748234,1.042721899385075
HTDPA_3h_140726,4,1346,46.833635021064204,-39.514094997877805,86.347730018942,1.1852387109860294
HTDPA_3h_140726,4,1347,46.833635021064204,-39.360811446885805,86.19444646795,1.1898544084707796
HTDPA_3h_140726,4,1348,41.05928669818274,-39.360811446885805,80.42009814506855,1.0431514287653567
HTDPA_3h_140726,4,1349,41.05928669818274,-40.18266508303244,81.24195178121518,1.0218159152295865
HTDPA_3h_140726,4,1350,40.88413845845547,-40.13994970251238,81.02408816096785,1.018539852726734
HTDPA_3h_140726,4,1351,40.88630003279308,-39.43928995338498,80.32558998617806,1.036689557066529
HTDPA_3h_140726,4,1352,41.18785786840478,-39.43928995338498,80.62714782178975,1.0443356844681155
HTDPA_3h_140726,4,1353,41.18479159020114,-39.37725398426297,80.56204557446411,1.0459030892977084
HTDPA_3h_140726,4,1354,40.970455707847506,-39.38084851237496,80.35130422022246,1.040364980835114
HTDPA_3h_140726,4,1355,40.970455707847506,-39.3471194521349,80.3175751599824,1.0412568004549194
HTDPA_3h_140726,4,1356,40.82284932541077,-39.3471194521349,80.16996877754568,1.0375054106583603
HTDPA_3h_140726,4,1357,40.82284932541077,-39.425597958634064,80.24844728404483,1.0354402073557065
HTDPA_3h_140726,4,1358,41.307175557473656,-39.4228413441698,80.73001690164345,1.0477980315232285
HTDPA_3h_140726,4,1359,41.307175557473656,-39.432629147069335,80.73980470454299,1.0475379514617944
HTDPA_3h_140726,4,1360,41.239954238676575,-39.43928995338497,80.67924419206155,1.0456566101321776
HTDPA_3h_140726,4,1361,41.239954238676575,-39.256284755250746,80.49623899392732,1.050531258772788
HTDPA_3h_140726,4,1362,41.17449982474536,-39.256284755250746,80.4307845799961,1.0488638973722046
HTDPA_3h_140726,4,1363,41.17449982474536,-39.35012501195826,80.52462483670362,1.04636261796456
HTDPA_3h_140726,4,1364,40.79881699049985,-39.34286309367795,80.1416800841778,1.0370068109520951
HTDPA_3h_140726,4,1365,40.80080855337271,-39.237917445219026,80.03872599859173,1.0398311431878533
HTDPA_3h_140726,4,1366,40.794129531543,-39.237917445219026,80.03204697676202,1.0396609246272215
HTDPA_3h_140726,4,1367,40.79310946275445,-39.244887915274035,80.03799737802848,1.0394502731367938
HTDPA_3h_140726,4,1368,41.12206950338207,-39.24893783123806,80.37100733462013,1.0477243914267966
HTDPA_3h_140726,4,1369,41.12206950338207,-39.27097860327613,80.3930481066582,1.0471363578383432
HTDPA_3h_140726,4,1370,41.192533183685576,-39.27097860327613,80.4635117869617,1.0489306518134272
HTDPA_3h_140726,4,1371,41.192533183685576,-39.22422545046811,80.4167586341537,1.050180920352475
HTDPA_3h_140726,4,1372,40.899148042058236,-39.22358790747528,80.1227359495335,1.0427181760764834
HTDPA_3h_140726,4,1373,40.899148042058236,-39.22373363158792,80.12288167364616,1.042714302167325
HTDPA_3h_140726,4,1374,41.09969478025253,-39.22489335265107,80.3245881329036,1.0477962147849853
HTDPA_3h_140726,4,1375,41.09969478025253,-39.153761770164586,80.25345655041711,1.0496997714168745
HTDPA_3h_140726,4,1376,40.514278516877866,-39.153761770164586,79.66804028704246,1.0347480468083659
HTDPA_3h_140726,4,1377,40.51310058030061,-39.25674014310277,79.76984072340338,1.0320036873316027
HTDPA_3h_140726,4,1378,40.80544743762535,-39.25674014310277,80.06218758072811,1.0394507360742913
HTDPA_3h_140726,4,1379,40.807821526293914,-39.2432606626828,80.05108218897672,1.039868268772551
HTDPA_3h_140726,4,1380,41.13142013394369,-39.2432606626828,80.37468079662649,1.0481142351419432
HTDPA_3h_140726,4,1381,41.13142013394369,-39.30570951679065,80.43712965073433,1.0464489927696925
HTDPA_3h_140726,4,1382,40.81717215685551,-39.30570951679065,80.12288167364616,1.0384540225490446
HTDPA_3h_140726,4,1383,40.81717215685551,-39.38051456128347,80.19768671813898,1.0364814327993692
