sheet,channel,cycle,start_idx,end_idx,t_start_s,t_end_s,Q_plus_ml_min,Q_minus_ml_min,P_to_P_ml_min,symmetry_abs_Qp_over_abs_Qm,CV_signal_raw,CV_residual_pct
HTDPA_3h_150726,1,1,9,26,9.841,25.85,39.47329244042382,-46.95873602948795,86.43202846991177,0.8405952923357304,1.0882734023273324,0.7842191026105897
HTDPA_3h_150726,1,2,17,33,17.844,32.853,39.462667049150284,-46.96838561952209,86.43105266867238,0.840196368868763,1.0748117789364398,0.38699944804747
HTDPA_3h_150726,1,3,26,41,26.851,40.858,39.46490777792226,-46.725537603663014,86.19044538158528,0.8446111013782843,1.0496640016722572,0.3451843038510939
HTDPA_3h_150726,1,4,33,50,33.853,49.863,39.417418784271106,-46.71102707782517,86.12844586209627,0.8438568203306214,1.070577773765481,0.5637662123495374
HTDPA_3h_150726,1,5,41,58,41.858,57.866,39.417418784271106,-46.55229674288164,85.96971552715274,0.84673413649131,1.055531678481844,0.462466216429262
HTDPA_3h_150726,1,6,50,66,50.861,65.873,39.4442804239448,-46.559904378470335,86.00418480241512,0.8471727111661368,1.0427755820282087,0.39406017253234726
HTDPA_3h_150726,1,7,58,74,58.866,73.879,39.4442804239448,-46.767126613894405,86.2114070378392,0.8434189414627409,1.055588753188499,0.686238543744174
HTDPA_3h_150726,1,8,66,82,66.873,81.883,39.59534891211964,-46.767126613894405,86.36247552601404,0.8466491695976026,1.0777714801428515,0.635558432591057
HTDPA_3h_150726,1,9,74,90,74.879,89.888,39.59534891211964,-46.70997899501245,86.3053279071321,0.8476850078726756,1.0806279334457114,0.456709946739574
HTDPA_3h_150726,1,10,82,99,82.884,98.894,39.430501749036495,-46.704124187576014,86.13462593661251,0.8442616671425688,1.0768673008780374,0.6256845862976688
HTDPA_3h_150726,1,11,90,107,90.887,106.895,39.430501749036495,-46.42797243682385,85.85847418586035,0.8492833022740965,1.0626866870980956,0.7036472283362873
HTDPA_3h_150726,1,12,99,115,99.893,114.9,39.408501045166524,-46.43318574529735,85.84168679046388,0.8487141343550335,1.0477969017146607,0.30983698232044943
HTDPA_3h_150726,1,13,107,123,107.896,122.905,39.408501045166524,-46.72836562021796,86.13686666538447,0.8433528654833939,1.058722864890009,0.6483424101167532
HTDPA_3h_150726,1,14,115,131,115.9,130.911,39.39905926465561,-46.72836562021796,86.12742488487356,0.8431508087586275,1.073901864845887,0.657395466111238
HTDPA_3h_150726,1,15,123,140,123.906,139.917,39.396240283297324,-46.57452332666811,85.97076360996543,0.8458753298874758,1.1072987419819458,0.41135307515550956
HTDPA_3h_150726,1,16,131,148,131.911,147.918,39.37589302041635,-46.57452332666811,85.95041634708446,0.8454384545009418,1.086308823220252,0.49785505154923093
HTDPA_3h_150726,1,17,140,156,140.915,155.923,39.376200217102834,-46.33777406855534,85.71397428565817,0.8497646036869818,1.0494005871282543,0.4039899121662718
HTDPA_3h_150726,1,18,148,164,148.918,163.927,39.38912054832831,-46.33777406855534,85.72689461688364,0.8500434330326979,1.0482923082176916,0.48600396496453946
HTDPA_3h_150726,1,19,156,172,156.923,171.933,39.38912054832831,-46.6026408586777,85.99176140700601,0.8452121987630623,1.0518669437700594,0.5671859180324034
HTDPA_3h_150726,1,20,164,180,164.926,179.935,39.467636407313925,-46.6026408586777,86.07027726599162,0.846896992962252,1.0699730864397605,0.5743724668306363
HTDPA_3h_150726,1,21,172,189,172.933,188.939,39.462703189936924,-46.64731087097055,86.11001406090747,0.8459802387986156,1.1003124909991957,0.7529277557922461
HTDPA_3h_150726,1,22,180,197,180.936,196.943,39.375965301989645,-46.64731087097055,86.0232761729602,0.8441207985366206,1.0852510831028441,0.7257818350938898
HTDPA_3h_150726,1,23,189,205,189.939,204.948,39.37818796036829,-46.44063978254282,85.81882774291111,0.8479251824426991,1.055128552866344,0.436119423727243
HTDPA_3h_150726,1,24,197,213,197.943,212.952,39.34837181138641,-46.44063978254282,85.78901159392922,0.8472831553491558,1.0502032585606054,0.5461975485993561
HTDPA_3h_150726,1,25,205,221,205.948,220.955,39.34837181138641,-46.58425423347221,85.93262604485861,0.8446710687731349,1.0478942998454515,0.7459083417666568
HTDPA_3h_150726,1,26,213,229,213.952,228.958,39.38415119016466,-46.58425423347221,85.96840542363687,0.8454391261214169,1.0710031373624183,0.6084764475684639
HTDPA_3h_150726,1,27,221,238,221.956,237.964,39.38124185683977,-46.71193059749128,86.09317245433105,0.8430660294514735,1.110761841708292,0.7942141022374399
HTDPA_3h_150726,1,28,229,246,229.959,245.969,40.12964526667827,-46.71193059749128,86.84157586416956,0.8590877052902942,1.1005450469444842,1.4033330323043107
HTDPA_3h_150726,1,29,238,253,238.967,252.974,40.22406307178755,-46.54958618388327,86.77364925567082,0.8641121515643937,1.0594011231894447,1.4921467878139438
HTDPA_3h_150726,1,30,246,262,246.97,261.981,39.422912183841106,-46.54648711142849,85.9693992952696,0.8469578400076868,1.0706270364153427,0.4456395701709182
HTDPA_3h_150726,1,31,253,270,253.974,269.985,39.41915354203007,-46.482798010163876,85.90195155219394,0.8480374510460993,1.0711275852870954,0.7890582993600919
HTDPA_3h_150726,1,32,262,278,262.981,277.988,39.87114829020203,-46.48983642836293,86.36098471856496,0.8576315029983003,1.0603109684763181,0.9925973174057822
HTDPA_3h_150726,1,33,270,286,270.985,285.991,39.87114829020203,-46.762654191547114,86.63380248174914,0.8526279994049011,1.069170418305475,1.2501273403083717
HTDPA_3h_150726,1,34,278,294,278.988,293.994,39.38862361251195,-46.762654191547114,86.15127780405906,0.8423094089392363,1.0794061089775073,0.6798759841951838
HTDPA_3h_150726,1,35,286,302,286.992,301.998,39.38862361251195,-46.250313364875154,85.6389369773871,0.851640145695222,1.0985485507130712,0.3157323569347804
HTDPA_3h_150726,1,36,294,311,294.994,311.005,39.250448349972594,-46.24567830898797,85.49612665896056,0.8487376504183347,1.078736221180125,0.45380962707359607
HTDPA_3h_150726,1,37,302,319,302.999,319.012,39.250448349972594,-46.073503601412604,85.3239519513852,0.8519093466286594,1.0515415551240932,0.5700237750632366
HTDPA_3h_150726,1,38,311,327,312.006,327.016,39.39458684230832,-46.082349058943905,85.47693590125223,0.8548736695674678,1.046775654249953,0.5068187526161468
HTDPA_3h_150726,1,39,319,335,320.013,335.025,39.39458684230832,-46.56835228734853,85.96293912965686,0.8459519159970549,1.0569675647281547,0.5570913253095593
HTDPA_3h_150726,1,40,327,343,328.017,343.03,39.36775230822463,-46.56835228734853,85.93610459557317,0.8453756762813331,1.0732987737749184,0.6481423912289133
HTDPA_3h_150726,1,41,335,351,336.026,351.034,39.36775230822463,-46.1722944417059,85.54004674993053,0.8526271606001249,1.07811508490848,0.48232840503093777
HTDPA_3h_150726,1,42,343,360,344.032,360.04,39.50097628299367,-46.16468680611719,85.66566308911086,0.8556535095513629,1.0679754734079385,0.6259198373898679
HTDPA_3h_150726,1,43,351,368,352.035,368.043,39.50097628299367,-46.211091576169,85.71206785916266,0.8547942698536962,1.0511147035690793,0.5845090436225729
HTDPA_3h_150726,1,44,360,376,361.04,376.049,39.308616946077244,-46.216024793546,85.52464173962323,0.8505408485839014,1.0442111060572277,0.40488425603123335
HTDPA_3h_150726,1,45,368,384,369.044,384.052,39.308616946077244,-46.84415166543092,86.15276861150817,0.8391360617826154,1.0579632008012902,0.5644155784227777
HTDPA_3h_150726,1,46,376,392,377.049,392.055,39.45570994772117,-46.84415166543092,86.29986161315209,0.8422761122780216,1.0723344593708115,0.563453565505805
HTDPA_3h_150726,1,47,384,400,385.053,400.057,39.45570994772117,-46.8486240877782,86.30433403549937,0.8421957040572792,1.0766497946500815,0.5518997771674307
HTDPA_3h_150726,1,48,392,409,393.055,409.062,39.59432793489693,-46.83845949153438,86.4327874264313,0.8453379629629629,1.0799155789806467,0.6235262034205122
HTDPA_3h_150726,1,49,400,417,401.057,417.066,39.59432793489693,-46.56317511966168,86.15750305455862,0.8503356532956428,1.0679530069709189,0.5472820006871023
HTDPA_3h_150726,1,50,409,425,410.062,425.071,39.305635331179055,-46.56835228734854,85.8739876185276,0.8440417880504958,1.0489258029654256,0.44055802137644473
HTDPA_3h_150726,1,51,417,433,418.067,433.075,39.305635331179055,-46.68016284603058,85.98579817720963,0.8420200987906661,1.0554882868522582,0.5603705672939092
HTDPA_3h_150726,1,52,425,441,426.071,441.081,39.313586304240886,-46.68016284603058,85.99374915027147,0.8421904275251235,1.0744331854919744,0.4883512089131345
HTDPA_3h_150726,1,53,433,449,434.076,449.086,39.313586304240886,-46.60611940939226,85.91970571363314,0.8435284207832642,1.0790464326614382,0.7713166068051297
HTDPA_3h_150726,1,54,441,458,442.082,458.089,39.3837717119049,-46.589847020205475,85.97361873211037,0.8453294919561469,1.100665821143329,0.811959074394264
HTDPA_3h_150726,1,55,449,465,450.086,465.095,39.384151190164665,-46.45703866448286,85.84118985464752,0.8477542332088953,1.0930973319891715,0.3699183170179805
HTDPA_3h_150726,1,56,458,474,459.089,474.099,39.32004646985362,-46.45703866448286,85.77708513433649,0.8463743622107885,1.0661920183157299,0.29718652237389204
HTDPA_3h_150726,1,57,465,482,466.095,482.104,39.31665827110568,-46.496459227515565,85.81311749862124,0.8455839202448121,1.062766539329435,0.41598009107094686
HTDPA_3h_150726,1,58,474,490,475.099,490.109,39.63510377742882,-46.50524143867023,86.14034521609905,0.8522717558557017,1.042963885204217,0.36906128312074804
HTDPA_3h_150726,1,59,482,498,483.104,498.11,39.63510377742882,-46.744764502157985,86.3798682795868,0.8479046626836477,1.053749854472399,0.6567536315259507
HTDPA_3h_150726,1,60,490,506,491.107,506.114,39.543667587217726,-46.744764502157985,86.2884320893757,0.8459485892883722,1.0734042457986208,0.7091063170564466
HTDPA_3h_150726,1,61,498,514,499.11,514.117,39.543667587217726,-46.49927820887385,86.04294579609157,0.8504146539563119,1.0768499374851421,0.43969291988888254
HTDPA_3h_150726,1,62,506,523,507.114,523.121,39.36465323576986,-46.496603790662135,85.86125702643199,0.8466135163978454,1.073956880264366,0.39590184801055656
HTDPA_3h_150726,1,63,514,531,515.118,531.125,39.36465323576986,-46.33050073524308,85.69515397101293,0.8496487758835212,1.057338048129626,0.2751173693080399
HTDPA_3h_150726,1,64,523,539,524.121,539.127,39.364770693326456,-46.33429551784077,85.69906621116723,0.8495817245817251,1.0399803492106172,0.20632860746282278
HTDPA_3h_150726,1,65,531,547,532.126,547.133,39.364770693326456,-46.58822972000311,85.95300041332956,0.8449509871894704,1.0526747234592924,0.6085855023530604
HTDPA_3h_150726,1,66,539,555,540.128,555.138,39.37470940965374,-46.58822972000311,85.96293912965686,0.8451643182472722,1.068643516418582,0.6539395095556804
HTDPA_3h_150726,1,67,547,563,548.134,563.144,39.37470940965374,-46.541517753264856,85.9162271629186,0.8460125778105212,1.07280825018474,0.5196629109502038
HTDPA_3h_150726,1,68,555,572,556.139,572.148,39.43715165377912,-46.53563584023843,85.97278749401755,0.8474613259647052,1.0725799793505446,0.5827364712905049
HTDPA_3h_150726,1,69,563,580,564.144,580.15,39.43715165377912,-46.362196205130495,85.79934785890961,0.8506316542747161,1.0605703712960335,0.20883528479620087
HTDPA_3h_150726,1,70,572,588,573.148,588.155,39.33644535179366,-46.3636147310063,85.70006008279995,0.8484335309060118,1.0440631522817454,0.18784282458814966
HTDPA_3h_150726,1,71,580,596,581.152,596.16,39.33644535179366,-46.5365483951012,85.87299374689485,0.8452806817089709,1.0516407557013616,0.7399916090390882
HTDPA_3h_150726,1,72,588,604,589.156,604.162,39.48602303251942,-46.5365483951012,86.02257142762062,0.848494879707839,1.0622014975261536,0.6423520848497398
HTDPA_3h_150726,1,73,596,612,597.16,612.164,39.48602303251942,-46.66575170735601,86.15177473987544,0.8461456547435229,1.0674770414499795,0.6952653922914548
HTDPA_3h_150726,1,74,604,621,605.162,621.171,39.402890188039926,-46.65182846930114,86.05471865734106,0.844616202213139,1.0873049652569111,0.8824255038748776
HTDPA_3h_150726,1,75,612,629,613.164,629.176,39.402890188039926,-46.38738633342186,85.79027652146178,0.8494311342488887,1.0866796622462573,0.4980973384222558
HTDPA_3h_150726,1,76,621,637,622.172,637.181,39.39259909904286,-46.39541862325364,85.7880177222965,0.8490622623523236,1.0530273411516118,0.7385775687292098
HTDPA_3h_150726,1,77,629,645,630.176,645.185,39.39259909904286,-46.37554119059905,85.7681402896419,0.8494261864706448,1.0464500084916961,0.787712319084089
HTDPA_3h_150726,1,78,637,653,638.182,653.192,39.422415248024734,-46.37554119059905,85.79795643862379,0.850069114794852,1.0588074970445196,0.6122614014155459
HTDPA_3h_150726,1,79,645,662,646.186,662.196,39.42085215900235,-46.67286240712835,86.0937145661307,0.844620409503352,1.096181845770576,0.684609365554851
HTDPA_3h_150726,1,80,653,670,654.192,670.197,39.408997980982896,-46.67286240712835,86.08186038811124,0.8443664251233916,1.103333905028599,0.9288938588860309
HTDPA_3h_150726,1,81,662,678,663.196,678.202,39.40949491679926,-46.47691609713743,85.8864110139367,0.8479369593807137,1.0940659524427965,0.41690404554711163
HTDPA_3h_150726,1,82,670,686,671.198,686.206,39.45968543425209,-46.47691609713743,85.93660153138953,0.8490168614410811,1.0715257299065388,0.4685287943885631
HTDPA_3h_150726,1,83,678,694,679.203,694.208,39.45968543425209,-46.42275009315369,85.88243552740578,0.8500074932025947,1.0425127512107495,0.6005068740452703
HTDPA_3h_150726,1,84,686,702,687.206,702.215,39.48552609670306,-46.42275009315369,85.90827618985675,0.8505641311096365,1.0518514695098478,0.6003262454013268
HTDPA_3h_150726,1,85,694,711,695.209,711.219,39.481424117418875,-46.76733442341761,86.24875854083649,0.8442094167686732,1.0922003068123087,0.7517165549394007
HTDPA_3h_150726,1,86,702,718,703.213,718.222,39.55161856027956,-46.78104081675261,86.33265937703217,0.8454625606815455,1.080921781510131,0.9088637541011926
HTDPA_3h_150726,1,87,711,726,712.219,726.226,39.55368762031497,-46.46725747190665,86.02094509222161,0.8512163138577413,1.0675316734452571,0.479631957902055
HTDPA_3h_150726,1,88,718,735,719.222,735.233,39.39255392305955,-46.45851140153863,85.85106532459818,0.8479082246650489,1.089619932090924,0.48132999812248256
HTDPA_3h_150726,1,89,726,743,727.227,743.236,39.39255392305955,-46.291504826453455,85.68405874951301,0.8509672362292385,1.0588119497491955,0.4684479726814241
HTDPA_3h_150726,1,90,735,751,736.231,751.239,39.36626150077554,-46.29801920324617,85.6642807040217,0.8502796054396943,1.040206998376631,0.4515271050265645
HTDPA_3h_150726,1,91,743,759,744.236,759.244,39.36626150077554,-46.71792996807429,86.08419146884984,0.8426371101561506,1.0515242502216746,0.6718472550943799
HTDPA_3h_150726,1,92,751,767,752.24,767.249,39.379181832001024,-46.71792996807429,86.09711180007531,0.8429136705952435,1.078150705794539,0.5305513228979111
HTDPA_3h_150726,1,93,759,775,760.245,775.252,39.379181832001024,-46.564873736633984,85.94405556863501,0.8456842824212415,1.0823495091089896,0.27260610125587037
HTDPA_3h_150726,1,94,767,784,768.25,784.257,39.599279222667256,-46.55807926874477,86.15735849141203,0.8505350702740636,1.0747979176353915,0.4252015132950002
HTDPA_3h_150726,1,95,775,792,776.252,792.26,39.599279222667256,-46.422985008266885,86.02226423093414,0.8530101891469392,1.05922345874534,0.5356223324184262
HTDPA_3h_150726,1,96,784,800,785.255,800.26,39.372721666388266,-46.430204130399154,85.80292579678742,0.8479980306743868,1.0506662694887279,0.39670180234441865
HTDPA_3h_150726,1,97,792,808,793.258,808.268,39.372721666388266,-46.65034669704871,86.02306836343698,0.8439963355916311,1.062170488722285,0.5567019242433898
HTDPA_3h_150726,1,98,800,816,801.261,816.271,39.310107753526324,-46.65034669704871,85.96045445057504,0.8426541395031741,1.0739203198116278,0.5571074279834228
HTDPA_3h_150726,1,99,808,825,809.267,825.277,39.30961081770997,-46.66885077981079,85.97846159752075,0.8423093811154126,1.106602062268497,0.5460534757020497
HTDPA_3h_150726,1,100,816,833,817.272,833.289,39.33765606814625,-46.66885077981079,86.00650684795704,0.8429103226420983,1.0855782827696219,0.6167731828757869
HTDPA_3h_150726,1,101,825,841,826.286,841.293,39.340917774140934,-46.44859075560465,85.78950852974558,0.8469776398844548,1.0463360125693995,0.661273075875974
HTDPA_3h_150726,1,102,833,849,834.29,849.301,39.43632945088295,-46.44859075560465,85.8849202064876,0.8490317749010378,1.0460615344201696,0.9217513843162822
HTDPA_3h_150726,1,103,841,857,842.294,857.306,39.43632945088295,-46.626493777863196,86.06282322874614,0.8457923008057296,1.0527536156105086,0.9532326906753998
HTDPA_3h_150726,1,104,849,865,850.301,865.31,39.342408581590036,-46.626493777863196,85.96890235945324,0.8437779767233663,1.0717222494644905,0.4876353483855184
HTDPA_3h_150726,1,105,857,874,858.307,874.317,39.33852344702573,-46.636577057337064,85.97510050436279,0.8435122371579975,1.1063519149286427,0.5827207937806238
HTDPA_3h_150726,1,106,865,882,866.311,882.318,39.32070603920989,-46.636577057337064,85.95728309654694,0.8431301892260935,1.0968485307367193,0.5828415813817617
HTDPA_3h_150726,1,107,874,890,875.315,890.323,39.3245188922009,-46.55592889193942,85.88044778414033,0.8446726298486431,1.0737217338440337,0.22305057285034233
HTDPA_3h_150726,1,108,882,898,883.319,898.327,39.1838860561697,-46.55592889193942,85.73981494810911,0.8416519010311037,1.0610280961857614,0.45413685180569563
HTDPA_3h_150726,1,109,890,906,891.323,906.332,39.1838860561697,-46.52263419224298,85.70652024841269,0.8422542432625855,1.0482391975984002,0.7177891807270758
HTDPA_3h_150726,1,110,898,914,899.328,914.333,39.41744588986111,-46.52263419224298,85.94008008210409,0.8472745916961305,1.0709859742539418,0.42007285763849805
HTDPA_3h_150726,1,111,906,922,907.332,922.336,39.41744588986111,-46.43616736019555,85.85361325005667,0.8488522660388466,1.0799250865885701,0.4093399164187328
HTDPA_3h_150726,1,112,914,931,915.333,931.341,39.295407488558595,-46.42952649064958,85.72493397920817,0.8463452130288747,1.0979384128054357,0.33265136350682367
HTDPA_3h_150726,1,113,922,939,923.336,939.346,39.295407488558595,-46.39674679716283,85.69215428572141,0.8469431630702504,1.1194139643419356,0.37923755780629353
HTDPA_3h_150726,1,114,931,947,932.341,947.351,39.132204731267784,-46.40187878886638,85.53408352013416,0.8433323337902673,1.0774386648399297,0.2941547033226229
HTDPA_3h_150726,1,115,939,955,940.347,955.356,39.132204731267784,-46.3298230954935,85.46202782676129,0.8446439489011166,1.047376356453477,0.3698353277744869
HTDPA_3h_150726,1,116,947,963,948.352,963.362,39.321537277302724,-46.3298230954935,85.65136037279623,0.8487305724490782,1.0662444979103218,0.4124569648234273
HTDPA_3h_150726,1,117,955,972,956.357,972.366,39.31969409718385,-46.623602514931626,85.94329661211547,0.8433431132781163,1.1076572271965572,0.5713400509837213
HTDPA_3h_150726,1,118,963,979,964.362,979.369,39.99289756521137,-46.63494168674139,86.62783925195276,0.8575736586925251,1.0823652542854163,1.6074172231018127
HTDPA_3h_150726,1,119,972,988,973.366,988.377,39.99289756521137,-46.393430879988166,86.38632844519954,0.8620379395666193,1.089644099931051,1.5675622130949376
HTDPA_3h_150726,1,120,979,996,980.372,996.38,39.279866950301376,-46.387675459715005,85.66754241001638,0.8467737725813326,1.092236413810102,0.4055536318166065
HTDPA_3h_150726,1,121,988,1004,989.377,1004.386,39.282279347809904,-46.44709994815556,85.72937929596546,0.8457423475665207,1.0418992888842493,0.6772060562498531
HTDPA_3h_150726,1,122,996,1012,997.38,1012.388,39.38315731853194,-46.44709994815556,85.83025726668751,0.8479142371104241,1.0541820683556142,0.5665363972695541
HTDPA_3h_150726,1,123,1004,1020,1005.385,1020.393,39.38315731853194,-46.68314446092877,86.06630177946072,0.8436269187370933,1.064299550852036,0.596655888772138
HTDPA_3h_150726,1,124,1012,1028,1013.391,1028.399,39.09294680177498,-46.68314446092877,85.77609126270374,0.837410317004109,1.0727784682292087,0.5497155437112552
HTDPA_3h_150726,1,125,1020,1036,1021.393,1036.406,39.09294680177498,-46.44660301233919,85.53954981411417,0.8416750476108962,1.0775609850309742,0.3272961762347901
HTDPA_3h_150726,1,126,1028,1045,1029.4,1045.41,39.24025664813878,-46.44065785293614,85.68091450107492,0.8449547974191299,1.064711829125574,0.6178036776485437
HTDPA_3h_150726,1,127,1036,1053,1037.407,1053.416,39.24025664813878,-46.266350838948746,85.50660748708754,0.8481381379035596,1.0496949809822156,0.36188777272033756
HTDPA_3h_150726,1,128,1045,1061,1046.41,1061.422,39.243021418317106,-46.26969386171338,85.51271528003048,0.8481366126087424,1.0456685994947552,0.379093444909347
HTDPA_3h_150726,1,129,1053,1069,1054.416,1069.427,39.243021418317106,-46.79197340471264,86.03499482302975,0.8386699376599653,1.0578772441645143,0.7022035337403579
HTDPA_3h_150726,1,130,1061,1077,1062.423,1077.431,39.32153727730272,-46.79197340471264,86.11351068201536,0.8403479147417718,1.0769903063245818,0.6797463774388517
HTDPA_3h_150726,1,131,1069,1085,1070.426,1085.438,39.32153727730272,-46.64140185235414,85.96293912965686,0.8430607939653518,1.0805234343163312,0.756787138843606
HTDPA_3h_150726,1,132,1077,1094,1078.432,1094.442,39.31087574524253,-46.62790326854235,85.93877901378488,0.8430762052250316,1.0850275167540153,0.9407903985425601
HTDPA_3h_150726,1,133,1085,1102,1086.439,1102.448,39.31087574524253,-46.24094386593752,85.55181961118004,0.8501313437548603,1.068231471203616,0.4489421092252218
HTDPA_3h_150726,1,134,1094,1110,1095.443,1110.451,39.32600969965,-46.24435013507878,85.57035983472878,0.850395985342632,1.0385033051708283,0.26518664777347106
HTDPA_3h_150726,1,135,1102,1118,1103.448,1118.456,39.32600969965,-48.2266271065574,87.5526368062074,0.8154418432116066,1.051529687923731,3.9929261855435993
HTDPA_3h_150726,1,136,1110,1126,1111.452,1126.46,39.40204087955378,-48.2266271065574,87.62866798611118,0.817018382656005,1.071679125400816,3.3698129728135675
HTDPA_3h_150726,1,137,1118,1135,1119.457,1135.462,39.39580659385758,-46.58301641152962,85.9788230053872,0.8457117986053571,1.1016535053792522,0.8226290323190713
HTDPA_3h_150726,1,138,1126,1143,1127.461,1143.466,39.26649485924284,-46.58301641152962,85.84951127077247,0.8429358569730601,1.0891529811327794,0.7704415263159702
HTDPA_3h_150726,1,139,1135,1151,1136.462,1151.47,39.26737127331898,-46.280129513857034,85.547500787176,0.8484715078760028,1.060884066291696,0.1894696485622985
HTDPA_3h_150726,1,140,1143,1159,1144.468,1159.477,39.298181293933574,-46.280129513857034,85.57831080779061,0.8491372367954816,1.0515312209571457,0.4958873946066384
HTDPA_3h_150726,1,141,1151,1167,1152.472,1167.481,39.298181293933574,-46.420762349888236,85.7189436438218,0.8465647547476822,1.0470433287226153,0.6618174439838865
HTDPA_3h_150726,1,142,1159,1175,1160.477,1175.487,39.240536739235274,-46.420762349888236,85.6612990891235,0.8453229708608987,1.0570959161767903,0.4902464917420342
HTDPA_3h_150726,1,143,1167,1183,1168.482,1183.487,39.240536739235274,-46.52014951316117,85.76068625239645,0.8435169953212124,1.0655419028966087,0.7469742552686084
HTDPA_3h_150726,1,144,1175,1192,1176.485,1192.496,39.35265449460381,-46.50603653597641,85.85869103058022,0.8461837951759478,1.1024891810456152,0.7690485938090119
HTDPA_3h_150726,1,145,1183,1199,1184.488,1199.498,39.353341169550056,-46.336780196922604,85.69012136647265,0.8492895061397394,1.0922363973037197,0.3241416865289945
HTDPA_3h_150726,1,146,1192,1208,1193.495,1208.499,39.37769102455192,-46.336780196922604,85.71447122147453,0.8498150034854416,1.055412079861565,0.49853785234743553
HTDPA_3h_150726,1,147,1199,1216,1200.499,1216.501,39.36989364983333,-46.32139325700863,85.69128690684195,0.8499289611474822,1.0552915958154054,0.7044573079925709
HTDPA_3h_150726,1,148,1208,1224,1209.499,1224.505,39.32004646985363,-46.3298230954935,85.64986956534713,0.8486983943109052,1.064077153444012,0.361282461881223
HTDPA_3h_150726,1,149,1216,1233,1217.502,1233.515,39.317561790771805,-46.64651577366437,85.96407756443617,0.8428831422596769,1.1041130346140295,0.38420872206168954
HTDPA_3h_150726,1,150,1224,1240,1225.506,1240.524,39.50788820843947,-46.65382524776326,86.16171345620273,0.8468306296134551,1.0781141857410987,0.7721429642531713
HTDPA_3h_150726,1,151,1233,1249,1234.515,1249.53,39.50788820843947,-46.09278471108757,85.60067291952703,0.8571382366259136,1.0866399067124592,0.4733798916734925
HTDPA_3h_150726,1,152,1240,1257,1241.525,1257.545,39.3619426767715,-46.08463496369919,85.44657764047068,0.8541229133696482,1.0891675707125539,0.5233030491441301
HTDPA_3h_150726,1,153,1249,1265,1250.53,1265.556,39.37023698730646,-46.14297522854039,85.51321221584685,0.8532227666792312,1.037850379077869,0.7754139039173606
HTDPA_3h_150726,1,154,1257,1273,1258.546,1273.561,39.40800410935017,-46.14297522854039,85.55097933789057,0.8540412471057026,1.0376600524808322,0.3173487572390295
HTDPA_3h_150726,1,155,1265,1281,1266.556,1281.569,39.40800410935017,-46.48983642836293,85.89784053771311,0.8476692356204504,1.0509133294720536,0.576812067918197
HTDPA_3h_150726,1,156,1273,1289,1274.561,1289.571,39.32998518618093,-46.48983642836293,85.81982161454386,0.8459910425106625,1.0707944562933525,0.6009450022582822
HTDPA_3h_150726,1,157,1281,1297,1282.567,1297.578,39.32998518618093,-46.23242367548603,85.56240886166697,0.8507013489546946,1.0738750388878802,0.44775932164014853
HTDPA_3h_150726,1,158,1289,1306,1290.572,1306.583,39.276361293996835,-46.222981894975106,85.49934318897195,0.8497150050431204,1.0838274133287107,0.47660438849741976
HTDPA_3h_150726,1,159,1297,1314,1298.579,1314.588,39.276361293996835,-46.287204072842734,85.56356536683957,0.8485360496647659,1.0747396492784187,0.48419975949384436
HTDPA_3h_150726,1,160,1306,1322,1307.584,1322.592,39.292714999953574,-46.29155903763342,85.584274037587,0.8488094982502095,1.0461369360542885,0.4665837513935415
HTDPA_3h_150726,1,161,1314,1330,1315.588,1330.597,39.292714999953574,-46.47790996877017,85.77062496872375,0.8454062376375243,1.0485222809144659,0.6781688769923395
HTDPA_3h_150726,1,162,1322,1338,1323.593,1338.599,39.381169575266476,-46.47790996877017,85.85907954403665,0.8473093906702733,1.0724836841555079,0.6594501004184484
HTDPA_3h_150726,1,163,1330,1347,1331.597,1347.603,39.37751935581536,-46.57437876352155,85.9518981193369,0.8454759977744891,1.111425804889074,0.8057432517664286
HTDPA_3h_150726,1,164,1338,1355,1339.599,1355.607,39.45149954607706,-46.57437876352155,86.02587830959861,0.8470644288437972,1.0881174786641021,0.7302444944941966
HTDPA_3h_150726,1,165,1347,1363,1348.603,1363.61,39.45272833282298,-46.16334959701134,85.61607792983432,0.8546331381329657,1.0474243528001785,0.3046296898216857
HTDPA_3h_150726,1,166,1355,1371,1356.607,1371.618,39.45570994772117,-46.16334959701134,85.61905954473251,0.8546977264898379,1.043164439777169,0.3588309517452657
HTDPA_3h_150726,1,167,1363,1379,1364.611,1379.621,39.45570994772117,-46.508719989384765,85.96442993710593,0.8483508029618233,1.0468195419727606,0.6980661776182147
HTDPA_3h_150726,1,168,1371,1387,1372.619,1387.624,39.3021567804645,-46.508719989384765,85.81087676984927,0.8450492034490499,1.0646960570543127,0.5494927032661496
HTDPA_3h_150726,1,169,1379,1395,1380.621,1395.629,39.3021567804645,-46.531082101121186,85.83323888158569,0.8446430859925671,1.070045147635154,0.6094346504559359
HTDPA_3h_150726,1,170,1387,1404,1388.626,1404.635,39.821472778958885,-46.5217939189535,86.34326669791238,0.8559745750203148,1.1072143463629383,1.170153109082529
HTDPA_3h_150726,1,171,1395,1411,1396.629,1411.639,39.834871975607406,-46.42523477223552,86.26010674784293,0.8580435224730525,1.1004773747645262,0.591044796755463
HTDPA_3h_150726,1,172,1404,1420,1405.635,1420.643,39.449746717924796,-46.42523477223552,85.87498149016031,0.8497479207475673,1.0569591355782955,0.3727755498845549
HTDPA_3h_150726,1,173,1411,1428,1412.64,1428.647,39.441994519189514,-46.41376910767248,85.855763626862,0.8497908115949478,1.0549766117652417,0.4716925633694847
HTDPA_3h_150726,1,174,1420,1436,1421.643,1436.652,39.5819316450778,-46.422750093153695,86.0046817382315,0.8526408186859064,1.0482256102640082,0.46258970358814405
HTDPA_3h_150726,1,175,1428,1444,1429.649,1444.657,39.5819316450778,-46.9008023484965,86.4827339935743,0.8439499894045348,1.0579652164563007,0.7411636940332821
HTDPA_3h_150726,1,176,1436,1452,1437.655,1452.661,39.79760178938006,-46.9008023484965,86.69840413787657,0.8485484212756939,1.077659669671151,0.968764114497955
HTDPA_3h_150726,1,177,1444,1460,1445.657,1460.666,39.79760178938006,-46.65531605521235,86.4529178445924,0.8530132288094071,1.0821410604053692,0.5590472029981766
HTDPA_3h_150726,1,178,1452,1469,1453.661,1469.666,39.444488233468,-46.64756385647706,86.09205208994507,0.8455851704245235,1.0804560389857152,0.5355615772438929
HTDPA_3h_150726,1,179,1460,1477,1461.665,1477.674,39.444488233468,-46.56895764552484,86.01344587899284,0.8470124784349455,1.0631434037137009,0.7089204627818774
HTDPA_3h_150726,1,180,1469,1485,1470.667,1485.68,39.17046878912786,-46.57829100367583,85.7487597928037,0.8409597678462835,1.0385632889741236,0.3780498971342495
HTDPA_3h_150726,1,181,1477,1493,1478.675,1493.687,39.17046878912786,-46.37355344733359,85.54402223646144,0.8446725747168314,1.051625340787239,0.3470880605078394
HTDPA_3h_150726,1,182,1485,1501,1486.68,1501.693,39.397071521390146,-46.37355344733359,85.77062496872374,0.8495590394239115,1.0767977503937374,0.5235515269497552
HTDPA_3h_150726,1,183,1493,1509,1494.689,1509.696,39.397071521390146,-46.324853737329846,85.72192525871999,0.8504521513392906,1.0808664323249069,0.6708188938035092
HTDPA_3h_150726,1,184,1501,1518,1502.694,1518.699,39.3990592646556,-46.31073172494843,85.70979098960403,0.8507544104173722,1.0838083477037734,0.7363134115071448
HTDPA_3h_150726,1,185,1509,1526,1510.697,1526.702,39.3990592646556,-46.121534706863414,85.52059397151902,0.8542443245886301,1.0663924756871146,0.482438116939478
HTDPA_3h_150726,1,186,1518,1534,1519.702,1534.707,39.45620688353753,-46.12359473170216,85.57980161523969,0.8554451818651956,1.0374049538900378,0.41968905147633745
HTDPA_3h_150726,1,187,1526,1542,1527.703,1542.711,39.45620688353753,-46.04557580853292,85.50178269207045,0.8568946351676576,1.049171361347843,0.6971041160538831
HTDPA_3h_150726,1,188,1534,1550,1535.707,1550.718,39.4904954548667,-46.04557580853292,85.53607126339962,0.8576393010932559,1.0645052849940129,0.6748604809239773
HTDPA_3h_150726,1,189,1542,1559,1543.712,1559.723,39.482508341018224,-46.28785460700234,85.77036294802056,0.8529777125389905,1.1007271580778748,0.7902688699657693
HTDPA_3h_150726,1,190,1550,1567,1551.719,1567.729,39.37376071400432,-46.28785460700234,85.66161532100665,0.8506283354089159,1.0951438827888216,0.7737577946350834
HTDPA_3h_150726,1,191,1559,1575,1560.723,1575.736,39.37470940965374,-46.02718918332743,85.40189859298117,0.8554663039018807,1.0694984284410851,0.3782913119628671
HTDPA_3h_150726,1,192,1567,1583,1568.729,1583.741,39.340917774140934,-46.02718918332743,85.36810695746837,0.8547321370732652,1.057231988366972,0.4354013935700112
HTDPA_3h_150726,1,193,1575,1591,1576.738,1591.744,39.340917774140934,-46.26621531099883,85.60713308513976,0.8503163163378191,1.0442146257956617,0.7186225111743367
HTDPA_3h_150726,1,194,1583,1599,1584.741,1599.749,39.259917236073505,-46.26621531099883,85.52613254707234,0.8485655671675456,1.0650300562902646,0.5198795516742635
HTDPA_3h_150726,1,195,1591,1607,1592.745,1607.753,39.259917236073505,-46.6026408586777,85.86255809475121,0.8424397526124974,1.0746610354200872,0.6281039911102937
HTDPA_3h_150726,1,196,1599,1616,1600.75,1616.758,39.2122113977025,-46.58493187322179,85.7971432709243,0.8417359395183033,1.098883761303688,1.0819869248558334
HTDPA_3h_150726,1,197,1607,1623,1608.754,1623.759,39.213205269335226,-46.31292727773711,85.52613254707234,0.8467010740689077,1.0893549571400405,0.5112651431958128
HTDPA_3h_150726,1,198,1616,1632,1617.759,1632.764,39.20326655300793,-46.31292727773711,85.51619383074504,0.8464864748865305,1.0745007651187715,0.5974786590503784
HTDPA_3h_150726,1,199,1623,1640,1624.76,1640.767,39.2022726813752,-46.04802434682809,85.25029702820329,0.8513345195031272,1.0745624378714407,0.5806984452944987
HTDPA_3h_150726,1,200,1632,1648,1633.764,1648.775,39.19730332321155,-46.05501758904384,85.25232091225539,0.8510973478063834,1.0618169010068585,0.4321038028398917
HTDPA_3h_150726,1,201,1640,1656,1641.768,1656.782,39.19730332321155,-46.30497630467527,85.50227962788682,0.8465030424657386,1.0717391268838918,0.757417746238226
HTDPA_3h_150726,1,202,1648,1664,1649.776,1664.787,39.26041417188987,-46.30497630467527,85.56539047656514,0.8478659812622745,1.0811358101681534,0.8748223432799531
HTDPA_3h_150726,1,203,1656,1672,1657.783,1672.792,39.26041417188987,-46.2329206113024,85.49333478319227,0.8491874113246486,1.0876470218410954,0.5691999581495117
HTDPA_3h_150726,1,204,1664,1681,1665.788,1681.798,39.15500053244392,-46.22381313306792,85.37881366551184,0.8470742216728316,1.0725323752672498,0.6131490288457021
HTDPA_3h_150726,1,205,1672,1689,1673.793,1689.803,39.15500053244392,-46.185431617651254,85.34043215009518,0.8477781664268257,1.0533842373618818,0.6791623290742913
HTDPA_3h_150726,1,206,1681,1697,1682.798,1697.807,39.33197292944638,-46.198632039973226,85.53060496941961,0.8513666139597923,1.0500581883019808,0.530619814543687
HTDPA_3h_150726,1,207,1689,1705,1690.804,1705.811,39.33197292944638,-46.53903307418302,85.87100600362939,0.8451394524409518,1.0618500112156093,0.5834271792408698
HTDPA_3h_150726,1,208,1697,1713,1698.807,1713.818,39.51086982333765,-46.53903307418302,86.04990289752067,0.8489834707213941,1.075644417120462,0.86475938577393
HTDPA_3h_150726,1,209,1705,1721,1706.812,1721.823,39.51086982333765,-45.76828562300145,85.2791554463391,0.8632805289844842,1.079698482770307,0.6047549676592321
HTDPA_3h_150726,1,210,1713,1730,1714.818,1730.829,39.459522800712186,-45.76030754434962,85.21983034506181,0.862308951102855,1.0765430568222574,0.5533037375805359
HTDPA_3h_150726,1,211,1721,1738,1722.826,1738.833,39.459522800712186,-45.969707262169024,85.4292300628812,0.8583809893691792,1.062656280307535,0.551947508027343
HTDPA_3h_150726,1,212,1730,1746,1731.827,1746.837,39.39806539302287,-45.97352011516004,85.3715855081829,0.8569729986812805,1.0450379760431905,0.2399140841463167
HTDPA_3h_150726,1,213,1738,1754,1739.831,1754.84,39.39806539302287,-46.69059849817424,86.08866389119711,0.8438115308066455,1.0563990684521802,0.43646407564116063
HTDPA_3h_150726,1,214,1746,1762,1747.837,1762.844,39.38713280506284,-46.69059849817424,86.07773130323707,0.8435773811424373,1.0733129868942508,0.41940109804464165
HTDPA_3h_150726,1,215,1754,1770,1755.841,1770.849,39.38713280506284,-46.61407038245408,86.00120318751692,0.8449623146381244,1.0759405159395594,0.4981607275962898
HTDPA_3h_150726,1,216,1762,1779,1763.844,1779.852,39.34470352154198,-46.60170119822494,85.94640471976692,0.8442761210408478,1.0858962585691514,0.5766809637946485
HTDPA_3h_150726,1,217,1770,1787,1771.852,1787.855,39.34470352154198,-46.37137596493825,85.71607948648023,0.8484696152059582,1.0773894456498445,0.3861329824216875
HTDPA_3h_150726,1,218,1779,1795,1780.853,1795.858,39.24799077648076,-46.372559575700855,85.62055035218162,0.8463623991341346,1.046373201578352,0.4805841657138688
HTDPA_3h_150726,1,219,1787,1803,1788.855,1803.863,39.24799077648076,-46.541517753264856,85.78950852974562,0.8432898768912095,1.0497234925816425,0.5839814176567166
HTDPA_3h_150726,1,220,1795,1811,1796.86,1811.865,39.18587379943517,-46.541517753264856,85.72739155270003,0.8419552195778212,1.0716529613856134,0.3059529771842069
HTDPA_3h_150726,1,221,1803,1820,1804.865,1820.871,39.18094961725482,-46.50820498317509,85.6891546004299,0.8424524152550932,1.0984657571162348,0.49868514396143976
HTDPA_3h_150726,1,222,1811,1828,1812.867,1828.878,39.23479938935543,-46.50820498317509,85.74300437253052,0.8436102705651422,1.0856412476694357,0.5184943046746261
HTDPA_3h_150726,1,223,1820,1836,1821.871,1836.882,39.240536739235274,-46.38846152182453,85.6289982610598,0.8459115791277891,1.0754677928591714,0.40783244541940683
HTDPA_3h_150726,1,224,1828,1844,1829.88,1844.886,39.1446281266769,-46.38846152182453,85.53308964850143,0.8438440690312697,1.0619214346649488,0.5517079844992756
HTDPA_3h_150726,1,225,1836,1852,1837.882,1852.891,39.1446281266769,-46.84216392216547,85.98679204884237,0.835670789925951,1.045012565117797,0.7428679912618326
HTDPA_3h_150726,1,226,1844,1860,1845.886,1860.891,39.224634793111605,-46.84216392216547,86.06679871527707,0.8373787952727503,1.0606734871958543,0.6420219983255936
HTDPA_3h_150726,1,227,1852,1868,1853.889,1868.895,39.224634793111605,-47.000686447585785,86.22532124069738,0.8345545088336981,1.0712407206750392,0.6810010719596009
HTDPA_3h_150726,1,228,1860,1877,1861.892,1877.9,39.33559604330751,-46.99090132960173,86.32649737290924,0.8370896265087856,1.1063623257916615,0.8363850294961326
HTDPA_3h_150726,1,229,1868,1885,1869.896,1885.903,39.33559604330751,-46.88537023259921,86.22096627590672,0.8389737747225388,1.1226068972594188,0.4101593789990939
HTDPA_3h_150726,1,230,1877,1893,1878.901,1893.908,39.222150114029795,-46.88887588890375,86.11102600293354,0.8364915850608335,1.0699520901374455,0.5236208767110755
HTDPA_3h_150726,1,231,1885,1901,1886.903,1901.912,39.222150114029795,-46.760666448281654,85.98281656231146,0.8387850963888714,1.0414152878676102,0.5115486689861695
HTDPA_3h_150726,1,232,1893,1909,1894.909,1909.916,39.098413095754985,-46.760666448281654,85.85907954403663,0.8361389189993412,1.0561179015438436,0.3775641433755676
HTDPA_3h_150726,1,233,1901,1917,1902.913,1917.918,39.098413095754985,-47.046404542691356,86.14481763844634,0.8310605980585802,1.066135444846453,0.5439415755226573
HTDPA_3h_150726,1,234,1909,1925,1910.917,1925.925,39.343402453222765,-47.046404542691356,86.38980699591411,0.8362679961551865,1.0783097638813912,0.7888665190256103
HTDPA_3h_150726,1,235,1917,1933,1918.919,1933.928,39.343402453222765,-46.6826475251124,86.02604997833517,0.8427843007845351,1.083334584636206,0.41965305898459243
HTDPA_3h_150726,1,236,1925,1942,1926.925,1942.934,39.311201012322336,-46.67539226219348,85.98659327451583,0.8422254020168984,1.0820409646951032,0.5312332402492891
HTDPA_3h_150726,1,237,1933,1950,1934.929,1950.94,39.311201012322336,-46.48128009712479,85.79248110944712,0.8457426501632433,1.063721523101826,0.5324351967970862
HTDPA_3h_150726,1,238,1942,1958,1943.935,1958.949,39.30315065209723,-46.48784868509746,85.79099933719469,0.8454499780863506,1.04270353798878,0.41221501390175525
HTDPA_3h_150726,1,239,1950,1966,1951.94,1966.951,39.30315065209723,-46.75072773195436,86.05387838405159,0.8406960181976659,1.055530357497704,0.6421183930149169
HTDPA_3h_150726,1,240,1958,1974,1959.947,1974.955,39.230598022907984,-46.75072773195436,85.98132575486235,0.8391441144582156,1.0695229787322582,0.6426602243632358
HTDPA_3h_150726,1,241,1966,1982,1967.952,1982.956,39.230598022907984,-46.47244367479016,85.70304169769815,0.8441690369768385,1.0731684017456196,0.5944567240509572
HTDPA_3h_150726,1,242,1974,1991,1975.955,1991.96,39.17054107070115,-46.45966790671125,85.6302089774124,0.8431085032582171,1.07053720532539,0.6164174324530166
HTDPA_3h_150726,1,243,1982,1999,1983.956,1999.965,39.17054107070115,-46.28178295484603,85.45232402554717,0.8463490075332052,1.0636708332781757,0.42977566253840344
HTDPA_3h_150726,1,244,1991,2007,1992.961,2007.965,39.22364092147888,-46.28410500038795,85.50774592186684,0.8474538056023793,1.0520957048345208,0.5299000406811187
HTDPA_3h_150726,1,245,1999,2015,2000.965,2015.969,39.22364092147888,-46.511204668466604,85.73484558994548,0.8433159536732339,1.0556573320931428,0.9341066615660445
HTDPA_3h_150726,1,246,2007,2023,2008.965,2023.972,39.15208216392237,-46.511204668466604,85.66328683238898,0.841777426385743,1.0646596669593031,0.7568542141626544
HTDPA_3h_150726,1,247,2015,2032,2016.97,2032.975,39.14900116186091,-46.572029612389635,85.72103077425055,0.8406118755761942,1.099974733798066,0.6532065076244004
HTDPA_3h_150726,1,248,2023,2040,2024.972,2040.979,39.171083182500816,-46.572029612389635,85.74311279489045,0.8410860232743661,1.0995402520780568,0.6530382828059478
HTDPA_3h_150726,1,249,2032,2048,2033.975,2048.982,39.172953468209684,-46.33727713273897,85.51023060094866,0.8453874697037943,1.0796268484870792,0.2477103007409573
HTDPA_3h_150726,1,250,2040,2056,2041.977,2056.985,39.19481864412973,-46.33727713273897,85.5320957768687,0.8458593398108231,1.0635386272865912,0.636991093371443
HTDPA_3h_150726,1,251,2048,2064,2049.98,2064.989,39.19481864412973,-46.38697071437544,85.58178935850518,0.8449531849249031,1.0462432020840355,0.5419243521330404
HTDPA_3h_150726,1,252,2056,2072,2057.987,2072.993,39.00697690554389,-46.38697071437544,85.39394761991932,0.8409037344931759,1.069997189393721,0.4581331579774234
HTDPA_3h_150726,1,253,2064,2080,2065.99,2080.997,39.00697690554389,-46.76265419154713,85.76963109709101,0.8341480521136637,1.0782331672232859,0.7460373587026368
HTDPA_3h_150726,1,254,2072,2089,2073.994,2090.0,38.89583495141478,-46.74886648144217,85.64470143285695,0.8320166429458818,1.1091170261152887,0.8822706004679202
HTDPA_3h_150726,1,255,2080,2097,2081.997,2098.006,38.89583495141478,-46.510084304080614,85.40591925549539,0.8362882057386898,1.130175374611729,0.6901226966606033
HTDPA_3h_150726,1,256,2089,2105,2091.0,2106.01,38.82012903859077,-46.517167898262976,85.33729693685375,0.8345333732159643,1.0718321380054654,0.598731183797529
HTDPA_3h_150726,1,257,2097,2113,2099.007,2114.015,38.82012903859077,-46.547977918877585,85.36810695746836,0.8339809971175401,1.0421599429084851,0.5946314374028547
HTDPA_3h_150726,1,258,2105,2121,2107.01,2122.019,38.83801872797989,-46.547977918877585,85.38599664685748,0.8343653250773991,1.0579878597823225,0.48319860323002717
HTDPA_3h_150726,1,259,2113,2129,2115.015,2130.022,38.83801872797989,-47.83653249071114,86.67455121869104,0.8118903420836664,1.0672611730535333,1.4535460789597425
HTDPA_3h_150726,1,260,2121,2137,2123.02,2138.025,39.456703819353905,-47.83653249071114,87.29323631006505,0.8248236601809626,1.0776932772067844,1.6723908278920459
HTDPA_3h_150726,1,261,2129,2145,2131.022,2146.027,39.456703819353905,-46.53505758765211,85.99176140700601,0.8478920165734055,1.082170196694655,0.5157793393587834
HTDPA_3h_150726,1,262,2137,2154,2139.025,2155.035,39.19316520314073,-46.52555256076455,85.71871776390529,0.8424008538523561,1.0729152386150689,0.5500834809005866
HTDPA_3h_150726,1,263,2145,2162,2147.027,2163.036,39.19316520314073,-46.08322547302003,85.27639067616076,0.8504865881422913,1.0578463672982696,0.38397687535942304
HTDPA_3h_150726,1,264,2154,2170,2156.035,2171.04,39.368249244041,-46.08383986639299,85.452089110434,0.8542744996549346,1.0515462756477336,0.4828248758417779
HTDPA_3h_150726,1,265,2162,2178,2164.036,2179.045,39.368249244041,-46.4535601137683,85.8218093578093,0.8474753958065898,1.0633559437503843,0.6026480295537974
HTDPA_3h_150726,1,266,2170,2186,2172.04,2187.048,39.34638406812095,-46.4535601137683,85.79994418188924,0.8470047068891742,1.0747667375377246,0.41990026526427776
HTDPA_3h_150726,1,267,2178,2195,2180.046,2196.052,39.34318560850289,-46.41691335611058,85.76009896461346,0.8476045209353315,1.0995931315787801,0.5479436733679187
HTDPA_3h_150726,1,268,2186,2203,2188.05,2204.058,39.26197726091226,-46.41691335611058,85.67889061702283,0.8458549787594526,1.077506013173079,0.5283256154938449
HTDPA_3h_150726,1,269,2195,2211,2197.053,2212.061,39.26488659423716,-46.170803634256806,85.43569022849397,0.8504267524835599,1.0451478999373645,0.34709698996656685
HTDPA_3h_150726,1,270,2203,2219,2205.059,2220.068,39.06611226769128,-46.170803634256806,85.2369159019481,0.846121557189138,1.047510249300497,0.41705553126366574
HTDPA_3h_150726,1,271,2211,2227,2213.062,2228.072,39.06611226769128,-46.38051054876269,85.44662281645398,0.8422958653423762,1.0537861082718418,0.6035697046182946
HTDPA_3h_150726,1,272,2219,2235,2221.069,2236.075,39.26190497933896,-46.38051054876269,85.64241552810165,0.8465173089903892,1.0733143338571967,0.47357929918011266
HTDPA_3h_150726,1,273,2227,2244,2229.072,2245.081,39.256628424488824,-46.8451816778503,86.10181010233913,0.8380078167793817,1.10816824726832,0.8261213482202698
HTDPA_3h_150726,1,274,2235,2252,2237.076,2253.085,39.02962814357346,-46.8451816778503,85.87480982142375,0.8331620616177,1.0938999108409184,0.77957393548052
HTDPA_3h_150726,1,275,2244,2260,2246.081,2261.089,39.03480531126031,-46.448093819788284,85.48289913104858,0.8403962811199436,1.0678113091150423,0.46541332403208385
HTDPA_3h_150726,1,276,2252,2268,2254.086,2269.093,38.99455351013477,-46.448093819788284,85.44264732992306,0.8395296836384256,1.0589419330785879,0.3794043236263987
HTDPA_3h_150726,1,277,2260,2276,2262.089,2277.097,38.99455351013477,-46.33032003130987,85.32487354144465,0.8416638064183971,1.047922245672706,0.6052944054233427
HTDPA_3h_150726,1,278,2268,2284,2270.094,2285.101,39.07754179146767,-46.33032003130987,85.40786182277753,0.8434550368972026,1.0672280219051518,0.5693382750816036
HTDPA_3h_150726,1,279,2276,2292,2278.098,2293.109,39.07754179146767,-46.532075972753915,85.60961776422158,0.8397979452786262,1.0760317754014261,0.7982072268175759
HTDPA_3h_150726,1,280,2284,2301,2286.102,2302.113,39.161903422693065,-46.517131757476335,85.6790351801694,0.8418813014282395,1.1063175311002293,0.8725362867201368
HTDPA_3h_150726,1,281,2292,2308,2294.11,2309.117,39.1714626607606,-45.902955229236255,85.07441788999685,0.8533538301649852,1.0972079656109677,0.5620435986401672
HTDPA_3h_150726,1,282,2301,2317,2303.113,2318.123,39.27035288821716,-45.902955229236255,85.17330811745342,0.8555081626466896,1.053369296567715,0.6474594654515665
HTDPA_3h_150726,1,283,2308,2325,2310.119,2326.125,39.256122453475804,-46.283734557324856,85.53985701080066,0.8481623799145901,1.0547557194059782,0.7751723703773626
HTDPA_3h_150726,1,284,2317,2333,2319.124,2334.132,39.18140137708789,-46.293049845082514,85.4744512221704,0.846377620576017,1.0654734305687836,0.46545932338388896
HTDPA_3h_150726,1,285,2325,2341,2327.126,2342.135,39.18140137708789,-46.67966591021422,85.8610672873021,0.8393676478415927,1.0761753324833077,0.764120649839968
HTDPA_3h_150726,1,286,2333,2349,2335.134,2350.14,39.2768130538299,-46.67966591021422,85.95647896404412,0.8414116144142226,1.0800350312502238,0.8087002595780848
HTDPA_3h_150726,1,287,2341,2357,2343.136,2358.144,39.2768130538299,-46.416786863357316,85.69359991718721,0.8461769051238678,1.081994437001807,0.4487933474055339
HTDPA_3h_150726,1,288,2349,2366,2351.141,2367.152,39.51214378606688,-46.409215368555245,85.92135915462212,0.8513857317406511,1.0691731676114595,0.8766234893730631
HTDPA_3h_150726,1,289,2357,2374,2359.145,2375.156,39.51214378606688,-46.338704693811444,85.85084847987832,0.8526812315352386,1.0566691305563152,0.8925099012568626
HTDPA_3h_150726,1,290,2366,2382,2368.152,2383.161,39.22016237076432,-46.34622197743353,85.56638434819786,0.8462429233144622,1.0577391984163658,0.4615150881594526
HTDPA_3h_150726,1,291,2374,2390,2376.156,2391.166,39.22016237076432,-46.59170827071767,85.81187064148199,0.8417841677510186,1.0698412667275092,0.5932735316940857
HTDPA_3h_150726,1,292,2382,2398,2384.161,2399.168,39.6733678352889,-46.59170827071767,86.26507610600657,0.8515113376991832,1.0745044650141689,0.8233155523808331
HTDPA_3h_150726,1,293,2390,2406,2392.166,2407.174,39.6733678352889,-46.492321107444745,86.16568894273365,0.8533316231642404,1.0744073988834009,0.7815128551161068
HTDPA_3h_150726,1,294,2398,2415,2400.169,2416.182,39.33317461060232,-46.48315941803031,85.81633402863264,0.8461811783676952,1.0727628857481688,0.507374290429883
HTDPA_3h_150726,1,295,2406,2423,2408.175,2424.188,39.33317461060232,-46.30715378707061,85.64032839767293,0.8493973693884099,1.0593694285108146,0.34411686882893644
HTDPA_3h_150726,1,296,2415,2431,2417.183,2432.193,39.17494121147515,-46.31093953447165,85.4858807459468,0.845911173585999,1.0402164555798425,0.5800226709916003
HTDPA_3h_150726,1,297,2423,2439,2425.188,2440.196,39.17494121147515,-46.47144980315743,85.64639101463257,0.8429894349630012,1.050151229234928,0.6490444969219583
HTDPA_3h_150726,1,298,2431,2447,2433.193,2448.198,39.14065264014599,-46.47144980315743,85.61210244330341,0.8422515933102358,1.0651883230288313,0.5163454840956588
HTDPA_3h_150726,1,299,2439,2456,2441.196,2457.205,39.136207323388696,-46.55287499546795,85.68908231885665,0.8406829294044398,1.0967555018137662,0.8898176281537964
HTDPA_3h_150726,1,300,2447,2464,2449.198,2465.21,39.26848260250829,-46.55287499546795,85.82135759797625,0.8435243281178915,1.0924960318786783,0.9280922160833005
HTDPA_3h_150726,1,301,2456,2471,2458.205,2472.218,39.27623480124358,-46.2858849341302,85.56211973537378,0.8485574999189903,1.0549797868185387,0.30998827016385067
HTDPA_3h_150726,1,302,2464,2480,2466.211,2481.22,39.195812515762455,-46.28360806457158,85.47942058033404,0.8468616461594624,1.0694707583358898,0.5572258492090605
HTDPA_3h_150726,1,303,2471,2488,2473.219,2489.225,39.186190031318304,-46.35594384904096,85.54213388035927,0.8453325890403375,1.07276311835343,0.775151737663461
HTDPA_3h_150726,1,304,2480,2496,2482.221,2497.232,39.15556071463693,-46.363117795189936,85.51867850982686,0.8445411477202084,1.0720394749421087,0.31014573600167394
HTDPA_3h_150726,1,305,2488,2505,2490.226,2506.233,39.152651381312026,-46.095730185199095,85.24838156651111,0.8493769645042649,1.1094909356770233,0.8296776392601969
HTDPA_3h_150726,1,306,2496,2513,2498.23,2514.236,39.22052377863077,-46.095730185199095,85.31625396382987,0.8508493871569933,1.1078679483754124,0.7984946777686136
HTDPA_3h_150726,1,307,2505,2520,2507.234,2521.242,39.23046249495806,-45.8033873620301,85.03384985698816,0.8564969700795353,1.068803958256099,0.5340346813438871
HTDPA_3h_150726,1,308,2513,2529,2515.237,2530.247,39.328494378731826,-45.79512015708513,85.12361453581696,0.8587922521838207,1.061529544940423,0.6651477258795964
HTDPA_3h_150726,1,309,2520,2537,2522.243,2538.249,39.31777863549167,-45.88448728726082,85.20226592275249,0.8568860841648261,1.06069779736698,0.7741560375141514
HTDPA_3h_150726,1,310,2529,2545,2531.247,2546.252,39.38116957526648,-45.89351344872533,85.27468302399181,0.8580988164975693,1.0665015086806895,0.47518953852250134
HTDPA_3h_150726,1,311,2537,2554,2539.25,2555.26,39.377880763681816,-46.84084478345294,86.21872554713475,0.84067400888535,1.107348033630497,0.5810742213289212
HTDPA_3h_150726,1,312,2545,2561,2547.252,2562.263,39.409494916799254,-46.85210263849276,86.26159755529201,0.8411467724486114,1.0785106331581151,0.5325289912262996
HTDPA_3h_150726,1,313,2554,2569,2556.259,2570.269,39.411527836048016,-46.40928765012854,85.82081548617656,0.849216392485155,1.0489881710815976,0.39490214244353605
HTDPA_3h_150726,1,314,2561,2578,2563.264,2579.274,39.35348573269665,-46.40332442033216,85.75681015302881,0.848074706377146,1.0643000789471213,0.4907314314323876
HTDPA_3h_150726,1,315,2569,2586,2571.27,2587.28,39.35348573269665,-46.23386027175515,85.5873460044518,0.8511832129392447,1.0504835401876462,0.29268040867086526
HTDPA_3h_150726,1,316,2578,2594,2580.274,2595.285,39.30414452372997,-46.2383869052824,85.54253142901237,0.8500327791331267,1.0452448242851766,0.2497699546880408
HTDPA_3h_150726,1,317,2586,2602,2588.282,2603.289,39.30414452372997,-46.411320569377295,85.71546509310727,0.8468654638899303,1.05879020940694,0.6188673994712683
HTDPA_3h_150726,1,318,2594,2610,2596.285,2611.293,39.39508377812469,-46.411320569377295,85.806404347502,0.8488248835590774,1.0767626453344423,0.6182115120663003
HTDPA_3h_150726,1,319,2602,2618,2604.29,2619.298,39.39508377812469,-46.37305651151723,85.76814028964192,0.8495252791530038,1.0788815563104,0.6159102865684781
HTDPA_3h_150726,1,320,2610,2627,2612.294,2628.302,39.21694584075295,-46.360642151304766,85.57758799205772,0.8459103243816746,1.0861851427006772,0.7059567675086871
HTDPA_3h_150726,1,321,2618,2635,2620.299,2636.308,39.21694584075295,-46.0022701109359,85.21921595168885,0.8525002297969223,1.0732435960942044,0.33663745096968123
HTDPA_3h_150726,1,322,2627,2643,2629.303,2644.313,39.28575789852447,-46.004330135774644,85.29008803429912,0.8539578292430007,1.0445884657670372,0.3679894192225317
HTDPA_3h_150726,1,323,2635,2651,2637.309,2652.318,39.28575789852447,-46.455050921217385,85.74080881974186,0.8456724752093967,1.0535507323800086,0.8597136299619393
HTDPA_3h_150726,1,324,2643,2659,2645.313,2660.324,39.25246319882803,-46.455050921217385,85.70751412004542,0.8449557673587713,1.0728854833066652,0.6739403497379371
HTDPA_3h_150726,1,325,2651,2668,2653.319,2669.329,39.247520946254376,-46.41886495858939,85.66638590484376,0.8455079843349763,1.1088670282214153,0.885174657603631
HTDPA_3h_150726,1,326,2659,2676,2661.325,2677.336,39.371917533885444,-46.41886495858939,85.79078249247483,0.8481878557136074,1.1056126780725193,0.8927600457327222
HTDPA_3h_150726,1,327,2668,2684,2670.329,2685.338,39.37371553802102,-46.33479245365715,85.70850799167818,0.8497656610289466,1.0872306724065868,0.4358211672484084
HTDPA_3h_150726,1,328,2676,2692,2678.336,2693.343,39.37321860220464,-46.33479245365715,85.70801105586179,0.8497549361332459,1.0654372216713428,0.7190661146962128
HTDPA_3h_150726,1,329,2684,2700,2686.339,2701.346,39.37321860220464,-46.37206263988449,85.74528124208913,0.8490719705088088,1.0460430221473929,0.8884532999513126
HTDPA_3h_150726,1,330,2692,2708,2694.345,2709.349,39.278303861279,-46.37206263988449,85.65036650116349,0.847025161815766,1.0678631282531985,0.5419205486287128
HTDPA_3h_150726,1,331,2700,2716,2702.346,2717.355,39.278303861279,-46.49480578652656,85.77310964780557,0.8447890726034867,1.0772367660782212,0.7919614840907365
HTDPA_3h_150726,1,332,2708,2724,2710.349,2725.361,39.10686100463319,-46.49480578652656,85.60166679115974,0.8411017175592918,1.0789721780322994,0.7741823068751011
HTDPA_3h_150726,1,333,2716,2732,2718.355,2733.366,39.10686100463319,-46.19714123252414,85.30400223715733,0.8465212340260746,1.097161052412375,0.285015728766166
HTDPA_3h_150726,1,334,2724,2741,2726.362,2742.372,39.20191127350875,-46.195767882631635,85.39767915614038,0.8486039537887541,1.0925098411858667,0.5767472661968287
HTDPA_3h_150726,1,335,2732,2749,2734.367,2750.377,39.20191127350875,-46.13747279377373,85.33938406728248,0.8496761720940871,1.0648888112407537,0.5103982968732527
HTDPA_3h_150726,1,336,2741,2757,2743.373,2758.379,39.22711947219344,-46.14695071507131,85.37407018726475,0.8500479200542737,1.0621473862951927,0.413796601882423
HTDPA_3h_150726,1,337,2749,2765,2751.377,2766.384,39.22711947219344,-46.58077568275766,85.8078951549511,0.8421310915763421,1.0728438857378249,0.850026060669245
HTDPA_3h_150726,1,338,2757,2773,2759.38,2774.387,43.59866384875333,-46.58077568275766,90.179439531511,0.9359797729794314,1.0831068557389882,7.075950757972346
HTDPA_3h_150726,1,339,2765,2782,2767.384,2783.393,43.35719821798342,-46.477449173740446,89.83464739172386,0.9328652709813524,1.1081591060224607,7.2311826031123765
HTDPA_3h_150726,1,340,2773,2790,2775.39,2791.398,39.338089757586,-46.477449173740446,85.81553893132644,0.8463908940125708,1.0763942216600728,0.5666335646683044
HTDPA_3h_150726,1,341,2782,2798,2784.394,2799.405,39.34787487557006,-46.38150442039543,85.72937929596549,0.8483527079873575,1.0377019842468045,0.6170481578520437
HTDPA_3h_150726,1,342,2790,2806,2792.399,2807.407,39.04623483503669,-46.38150442039543,85.42773925543213,0.841849252691916,1.0408512712978244,0.3402298308989019
HTDPA_3h_150726,1,343,2798,2814,2800.405,2815.413,39.04623483503669,-46.77706533022169,85.82330016525839,0.8347303226354761,1.0536829138124109,0.5537054514924055
HTDPA_3h_150726,1,344,2806,2822,2808.408,2823.42,39.12276295075685,-46.77706533022169,85.89982828097854,0.836366340525438,1.076055267571026,0.6861546115620214
HTDPA_3h_150726,1,345,2814,2830,2816.414,2831.423,39.12276295075685,-46.634444750925034,85.75720770168189,0.8389241720301777,1.0791573932983511,0.44330575064320055
HTDPA_3h_150726,1,346,2822,2839,2824.419,2840.427,39.12222083895719,-46.62620465157004,85.74842549052724,0.8390608056416153,1.0810055233370766,0.4247297799649561
HTDPA_3h_150726,1,347,2830,2847,2832.424,2848.433,39.12222083895719,-46.56317511966168,85.68539595861887,0.8401965875054237,1.074311683630127,1.3133973068205234
HTDPA_3h_150726,1,348,2839,2855,2841.428,2856.436,39.042756284322145,-46.57829100367583,85.62104728799798,0.8382178788234416,1.0524001775621186,0.8346713252620511
HTDPA_3h_150726,1,349,2847,2863,2849.433,2864.441,39.042756284322145,-46.43616736019555,85.47892364451769,0.8407833484937662,1.0551941931078341,0.8015824477362115
HTDPA_3h_150726,1,350,2855,2871,2857.438,2872.446,39.166990238413305,-46.43616736019555,85.60315759860885,0.8434587190325857,1.0731001492914336,0.4905794661620097
HTDPA_3h_150726,1,351,2863,2880,2865.441,2881.452,39.162011845053,-46.57054784013721,85.73255968519021,0.8409179977758583,1.097234663853269,0.8593666677486569
HTDPA_3h_150726,1,352,2871,2888,2873.447,2889.457,39.17599832948451,-46.57054784013721,85.74654616962172,0.841218326740841,1.085967654309982,1.1169944406276913
HTDPA_3h_150726,1,353,2880,2896,2882.453,2897.462,39.18140137708789,-46.24285932762969,85.42426070471757,0.8472962517193948,1.070361091465965,0.501093995415998
HTDPA_3h_150726,1,354,2888,2904,2890.458,2905.467,39.18935235014972,-46.24285932762969,85.4322116777794,0.8474681911966987,1.0676500046198272,0.594185251108093
HTDPA_3h_150726,1,355,2896,2912,2898.462,2913.472,39.18935235014972,-45.94917026015817,85.13852261030789,0.8528848753582438,1.0553238372101608,0.4962855241730622
HTDPA_3h_150726,1,356,2904,2920,2906.468,2921.479,39.029835953096665,-45.94917026015817,84.97900621325483,0.8494132915157088,1.0658034261764173,0.38407529560366066
HTDPA_3h_150726,1,357,2912,2929,2914.473,2930.485,39.02348420984386,-46.33350042053461,85.35698463037846,0.8422304349046976,1.100396769947307,0.535151713254895
HTDPA_3h_150726,1,358,2920,2937,2922.48,2938.488,39.301732126221424,-46.33350042053461,85.63523254675604,0.8482357639614734,1.1074521237450001,0.9291708342301395
HTDPA_3h_150726,1,359,2929,2944,2931.485,2945.498,39.31246593985489,-46.248099741693174,85.56056568154807,0.8500341886353066,1.0716382845817378,0.3756875574463976
HTDPA_3h_150726,1,360,2937,2953,2939.489,2954.501,38.994056574318414,-46.2398777127315,85.23393428704992,0.843299301450833,1.060971869446779,0.6651512077379147
HTDPA_3h_150726,1,361,2944,2961,2946.497,2962.518,38.988933617811526,-46.18127542718712,85.17020904499864,0.8442584847896724,1.063135989714185,0.7532460559028953
HTDPA_3h_150726,1,362,2953,2969,2955.502,2970.523,38.95778025972378,-46.18869332364594,85.14647358336973,0.8434484168397042,1.0676827954445487,0.4845578751393554
HTDPA_3h_150726,1,363,2961,2977,2963.518,2978.532,38.95778025972378,-46.50673224611932,85.4645125058431,0.83768044707064,1.0793818661672532,0.6995632707883872
HTDPA_3h_150726,1,364,2969,2985,2971.524,2986.537,38.90908054972005,-46.50673224611932,85.41581279583937,0.8366332930855781,1.0839499274576476,0.8819609040928427
HTDPA_3h_150726,1,365,2977,2993,2979.533,2994.543,38.90908054972005,-46.265221439366094,85.17430198908615,0.8410006337203683,1.083723136058488,0.4407170986995384
HTDPA_3h_150726,1,366,2985,3002,2987.538,3003.549,39.066419464377766,-46.2574240646475,85.32384352902527,0.8445437733363648,1.0692042606038876,0.6389147578396974
HTDPA_3h_150726,1,367,2993,3010,2995.543,3011.552,39.066419464377766,-46.22655983285293,85.29297929723069,0.845107652519137,1.0546551392400982,0.6546000457623271
HTDPA_3h_150726,1,368,3002,3018,3004.55,3019.555,38.967718976051074,-46.231429803853295,85.19914877990436,0.8428837079315941,1.0439602505047934,0.3930274892241909
HTDPA_3h_150726,1,369,3010,3026,3012.552,3027.561,38.967718976051074,-46.47492835387198,85.44264732992306,0.8384675427434961,1.0558985420956846,0.5949749620504954
HTDPA_3h_150726,1,370,3018,3034,3020.555,3035.566,38.93293346890555,-46.47492835387198,85.40786182277753,0.8377190637597168,1.079902454137996,0.5952172875853128
HTDPA_3h_150726,1,371,3026,3043,3028.562,3044.572,38.92897605276796,-46.3843505073437,85.31332656011165,0.8392696163031239,1.1031661889132323,0.7081434967548446
HTDPA_3h_150726,1,372,3034,3051,3036.568,3052.577,39.132051132924545,-46.3843505073437,85.51640164026824,0.8436477110254902,1.0794080111876592,0.9196222554118394
HTDPA_3h_150726,1,373,3043,3059,3045.573,3060.58,39.14065264014597,-46.33330164620805,85.47395428635403,0.8447628649263175,1.0451688167423818,0.5257997000034932
HTDPA_3h_150726,1,374,3051,3067,3053.577,3068.584,39.05816129462945,-46.33330164620805,85.3914629408375,0.8429824749565629,1.0438272825948869,0.42967410787029675
HTDPA_3h_150726,1,375,3059,3075,3061.58,3076.587,39.05816129462945,-46.33330164620806,85.3914629408375,0.8429824749565628,1.0533120210231564,0.49869806094183217
HTDPA_3h_150726,1,376,3067,3083,3069.583,3084.593,39.269359016584424,-46.33330164620806,85.60266066279249,0.8475407022887662,1.0769406192866884,0.5172631065650267
HTDPA_3h_150726,1,377,3075,3091,3077.588,3092.598,39.269359016584424,-46.438652039277365,85.70801105586179,0.8456179775280898,1.080662118747123,0.6331048338000744
HTDPA_3h_150726,1,378,3083,3100,3085.594,3101.601,39.23642572475444,-46.42446678051931,85.66089250527375,0.845166965734949,1.0940615428866984,0.9116907855877194
HTDPA_3h_150726,1,379,3091,3108,3093.599,3109.605,39.23642572475444,-46.28145768776623,85.51788341252066,0.8477785204921489,1.1047351594973298,0.6285678689804768
HTDPA_3h_150726,1,380,3100,3116,3102.604,3117.607,39.07306936912038,-46.28758355110251,85.36065292022289,0.8441371610160392,1.063405270267971,0.6102193579936321
HTDPA_3h_150726,1,381,3108,3124,3110.605,3125.608,39.07306936912038,-46.434676552746446,85.50774592186683,0.8414631536140064,1.048677153025677,0.7453065612831975
HTDPA_3h_150726,1,382,3116,3132,3118.607,3133.613,38.979645435643825,-46.434676552746446,85.41432198839027,0.8394512103764901,1.070649996335293,0.6296750095996017
HTDPA_3h_150726,1,383,3124,3140,3126.608,3141.618,38.979645435643825,-46.42622864386826,85.40587407951207,0.8396039603960392,1.077230982097528,0.683653158001926
HTDPA_3h_150726,1,384,3132,3149,3134.613,3150.624,39.06725070247059,-46.41344384059269,85.48069454306328,0.8417227309537155,1.1042298780660356,0.7239949535221892
HTDPA_3h_150726,1,385,3140,3156,3142.619,3157.629,39.075554048202214,-46.15738636721496,85.23294041541718,0.8465720683863744,1.0940722771824376,0.48276969629832817
HTDPA_3h_150726,1,386,3149,3165,3151.625,3166.635,39.02337578748392,-46.15738636721496,85.18076215469888,0.8454416261142931,1.0707642635016836,0.4895524234009339
HTDPA_3h_150726,1,387,3156,3173,3158.629,3174.638,39.020086975899254,-46.25290646631691,85.27299344221616,0.8436245407478369,1.071352448746681,0.585445111120426
HTDPA_3h_150726,1,388,3165,3181,3167.635,3182.642,39.006976905543894,-46.26273676028428,85.26971366582816,0.8431618973962361,1.0609270430099982,0.49249785827927484
HTDPA_3h_150726,1,389,3173,3189,3175.639,3190.647,39.006976905543894,-46.54400243234666,85.55097933789055,0.8380666652431085,1.0718607179250366,0.7466522999355175
HTDPA_3h_150726,1,390,3181,3197,3183.643,3198.65,38.89516634686184,-46.54400243234666,85.4391687792085,0.8356644103264933,1.079379061748395,0.7381439173626736
HTDPA_3h_150726,1,391,3189,3205,3191.647,3206.655,38.89516634686184,-46.28311112875522,85.17827747561707,0.8403749315524442,1.0916808140914878,0.4238298319205213
HTDPA_3h_150726,1,392,3197,3214,3199.653,3215.66,39.05243297994626,-46.27668710392913,85.32912008387538,0.8438899891913505,1.0780297970174437,0.6653118990944472
HTDPA_3h_150726,1,393,3205,3222,3207.655,3223.663,39.05243297994626,-46.06385401137848,85.11628699132474,0.8477890922956579,1.0549971239104499,0.5020415000269796
HTDPA_3h_150726,1,394,3214,3230,3216.66,3231.67,39.20972671862067,-46.07042259935115,85.28014931797182,0.8510824191826037,1.0511409264551232,0.2643612334801852
HTDPA_3h_150726,1,395,3222,3238,3224.663,3239.671,39.20972671862067,-46.72786868440159,85.93759540302227,0.8391079632465545,1.0630770843437714,0.37507589556769416
HTDPA_3h_150726,1,396,3230,3246,3232.668,3247.676,39.05716742299672,-46.72786868440159,85.78503610739831,0.8358431172366854,1.0783376734482915,1.0769865838682011
HTDPA_3h_150726,1,397,3238,3255,3240.672,3256.68,39.05203543129317,-47.310458165114184,86.36249359640735,0.8254419201564483,1.1085775746757554,0.6569167810854358
HTDPA_3h_150726,1,398,3246,3263,3248.677,3264.686,39.14126703351894,-47.310458165114184,86.45172519863313,0.8273280063557058,1.0833838725096563,0.6306412154767116
HTDPA_3h_150726,1,399,3255,3271,3257.681,3272.69,39.14562199830963,-47.16368139535339,86.30930339366301,0.829995047887977,1.0415304732419148,0.45242078959943316
HTDPA_3h_150726,1,400,3263,3279,3265.686,3280.692,39.087480507794965,-47.16368139535339,86.25116190314836,0.8287622880864829,1.0443812856310861,0.4527257642625764
HTDPA_3h_150726,1,401,3271,3287,3273.69,3288.693,39.087480507794965,-47.589058454161545,86.67653896195651,0.8213543570197881,1.0566893943010292,0.6978561190675481
HTDPA_3h_150726,1,402,3279,3295,3281.692,3296.696,38.97716075656201,-47.589058454161545,86.56621921072355,0.8190361823213074,1.069899450370839,0.6468289322617731
HTDPA_3h_150726,1,403,3287,3304,3289.693,3305.701,38.97566994911292,-47.08718038522323,86.06285033433615,0.8277342077026162,1.099470321732223,0.5539230813808703
HTDPA_3h_150726,1,404,3295,3312,3297.697,3313.707,39.07451500058618,-47.08718038522323,86.16169538580941,0.8298334001083751,1.0865539851309005,0.6669674844183561
HTDPA_3h_150726,1,405,3304,3320,3306.702,3321.711,39.07903259891677,-46.50822305356841,85.58725565248517,0.8402607116144889,1.0521218144228222,0.4002839226615578
HTDPA_3h_150726,1,406,3312,3328,3314.707,3329.717,38.953804773192864,-46.50822305356841,85.46202782676127,0.8375681162517362,1.0483476726488794,0.430181418553532
HTDPA_3h_150726,1,407,3320,3336,3322.711,3337.721,38.953804773192864,-46.4789038404029,85.43270861359576,0.83809645999722,1.0502021475140368,0.6291083010022147
HTDPA_3h_150726,1,408,3328,3344,3330.718,3345.724,39.106364068816816,-46.4789038404029,85.58526790921971,0.8413787941965764,1.0631478551719284,0.5879575673823969
HTDPA_3h_150726,1,409,3336,3353,3338.721,3354.729,39.10342762990194,-46.82244912305078,85.92587675295272,0.8351427223966216,1.100693000247127,0.6687979383663526
HTDPA_3h_150726,1,410,3344,3361,3346.724,3362.737,39.02583336097576,-46.82244912305078,85.84828248402654,0.8334855201276361,1.107187266774571,0.669402433710759
HTDPA_3h_150726,1,411,3353,3369,3355.73,3370.739,39.02735127401484,-46.56487373663399,85.59222501064883,0.8381285750875095,1.0866819269657608,0.4734266140269499
HTDPA_3h_150726,1,412,3361,3377,3363.735,3378.746,39.06810001095673,-46.56487373663399,85.63297374759071,0.8390036711346363,1.0641304586325386,0.5600983043372263
HTDPA_3h_150726,1,413,3369,3385,3371.74,3386.751,39.06810001095673,-46.12160698843672,85.18970699939345,0.8470671895875528,1.0465377312247237,0.4799877501020893
HTDPA_3h_150726,1,414,3377,3393,3379.747,3394.754,39.04722870666943,-46.12160698843672,85.16883569510614,0.8466146618971684,1.0541865441893827,0.4792403202091287
HTDPA_3h_150726,1,415,3385,3401,3387.753,3402.759,39.04722870666943,-46.60611940939225,85.65334811606168,0.8378133430006292,1.062456250277052,0.7238258210868752
HTDPA_3h_150726,1,416,3393,3409,3395.754,3410.765,39.100400839020445,-46.60611940939225,85.70652024841269,0.8389542260654462,1.0811630144667135,0.6834040702730735
HTDPA_3h_150726,1,417,3401,3417,3403.76,3418.772,39.100400839020445,-46.342246490902625,85.44264732992306,0.8437312344514024,1.0813778205817646,0.32723622912777434
HTDPA_3h_150726,1,418,3409,3426,3411.766,3427.776,38.803350678390956,-46.33566886773328,85.13901954612425,0.8374401757133672,1.071254357540039,0.39806453119162477
HTDPA_3h_150726,1,419,3417,3434,3419.773,3435.78,38.803350678390956,-45.81278396655772,84.61613464494867,0.8469983117969105,1.0588659573088157,0.5572512954385795
HTDPA_3h_150726,1,420,3426,3442,3428.777,3443.784,38.9533078373765,-45.82245162698518,84.77575946436167,0.8500921808914434,1.0508951805920332,0.564892700340553
HTDPA_3h_150726,1,421,3434,3450,3436.781,3451.786,38.9533078373765,-46.30050388232798,85.25381171970449,0.8413149873352509,1.0591434397802306,0.5012316462557995
HTDPA_3h_150726,1,422,3442,3458,3444.787,3459.792,39.154069907187825,-46.30050388232798,85.4545737895158,0.8456510539647104,1.063814269911513,0.5444554351808127
HTDPA_3h_150726,1,423,3450,3467,3452.787,3468.801,39.14618218050262,-46.462703732789414,85.60888591329203,0.8425291478006818,1.0985284148331533,0.7745473266403962
HTDPA_3h_150726,1,424,3458,3475,3460.792,3476.805,39.25258065638463,-46.462703732789414,85.71528438917404,0.8448191237886035,1.093768379113552,0.8489128285347561
HTDPA_3h_150726,1,425,3467,3483,3469.799,3484.809,39.25991723607349,-46.63345087929231,85.8933681153658,0.841883165320432,1.0562308294200389,0.4829176260949031
HTDPA_3h_150726,1,426,3475,3491,3477.806,3492.815,38.94833847921286,-46.63345087929231,85.58178935850518,0.8352017220434346,1.0525771680630236,0.33574344294183606
HTDPA_3h_150726,1,427,3483,3499,3485.81,3500.819,38.94833847921286,-51.94072539806687,90.88906387727972,0.7498612732247756,1.0601289984192739,9.467129617985885
HTDPA_3h_150726,1,428,3491,3507,3493.817,3508.821,38.868331812778145,-51.94072539806687,90.80905721084501,0.7483209276515947,1.0782229836208568,9.498999004038566
HTDPA_3h_150726,1,429,3499,3515,3501.819,3516.827,38.868331812778145,-46.2130431786478,85.08137499142595,0.8410684330508839,1.080035361286011,0.8711396397448794
HTDPA_3h_150726,1,430,3507,3524,3509.821,3525.834,38.96808038391753,-46.19562331948506,85.16370370340259,0.8435448552001897,1.0988245373165668,0.9516175438998495
HTDPA_3h_150726,1,431,3515,3532,3517.827,3533.838,38.96808038391753,-45.81618120050233,84.78426158441985,0.8505309557202966,1.094490879463397,0.6553046193771267
HTDPA_3h_150726,1,432,3524,3540,3526.834,3541.842,38.91802539441461,-45.81897307627062,84.73699847068524,0.8493866793922108,1.0535120214907758,0.5821056304576016
HTDPA_3h_150726,1,433,3532,3548,3534.839,3549.845,38.91802539441461,-45.56305113084283,84.48107652525744,0.854157577872786,1.04950183170779,0.7151196442436638
HTDPA_3h_150726,1,434,3540,3556,3542.842,3557.85,39.022381915851184,-45.56305113084283,84.58543304669402,0.8564479539307214,1.071952328459163,0.5635507067573775
HTDPA_3h_150726,1,435,3548,3565,3550.846,3566.854,39.01589464464847,-45.833745622811655,84.84964026746013,0.8512482258318876,1.1089514007471424,0.6078162822068639
HTDPA_3h_150726,1,436,3556,3573,3558.85,3574.86,39.02995341065326,-45.833745622811655,84.86369903346491,0.8515549597855229,1.1071829630330068,0.6545649368734814
HTDPA_3h_150726,1,437,3565,3580,3567.856,3581.865,39.03273625122491,-45.67714759428016,84.70988384550506,0.8545353268975298,1.066899172076635,0.3169654411520113
HTDPA_3h_150726,1,438,3573,3589,3575.861,3590.87,39.06014903789491,-45.67188007462669,84.7320291125216,0.8552340953355022,1.0616974410447702,0.4647553501574742
HTDPA_3h_150726,1,439,3580,3597,3582.866,3598.873,39.0590106031156,-45.785316968707754,84.84432757182336,0.8530903177936,1.063057829630585,0.5861294697662269
HTDPA_3h_150726,1,440,3589,3605,3591.871,3606.878,38.869325684410875,-45.79015079892148,84.65947648333236,0.8488577785012751,1.0672979710757398,0.4190298949889241
HTDPA_3h_150726,1,441,3597,3613,3599.873,3614.884,38.869325684410875,-45.893513448725336,84.76283913313621,0.8469459573592626,1.0786723940952798,0.6914471393144338
HTDPA_3h_150726,1,442,3605,3621,3607.879,3622.887,39.45570994772117,-45.893513448725336,85.3492233964465,0.8597230192847009,1.0815478549780053,0.9801935942148864
HTDPA_3h_150726,1,443,3613,3629,3615.884,3630.893,39.45570994772117,-45.82543324188337,85.28114318960453,0.8610002602585234,1.0848285427435445,0.9304370272821442
HTDPA_3h_150726,1,444,3621,3638,3623.888,3639.899,38.84650277764476,-45.82228899344528,84.66879177109004,0.847764344186333,1.0717625345802626,0.6628431983110554
HTDPA_3h_150726,1,445,3629,3646,3631.894,3647.902,38.84650277764476,-45.73746656719017,84.58396934483493,0.8493365656923234,1.057681120182859,0.7316704566138645
HTDPA_3h_150726,1,446,3638,3654,3640.899,3655.906,38.85789616063448,-45.7464204470814,84.60431660771587,0.8494193814701757,1.0548399256137515,0.38316378074854
HTDPA_3h_150726,1,447,3646,3662,3648.902,3663.912,38.85789616063448,-45.86667891464164,84.72457507527612,0.8471922772727764,1.066832101204426,0.7043684821753206
HTDPA_3h_150726,1,448,3654,3670,3656.906,3671.914,38.828576947468974,-45.86667891464164,84.69525586211061,0.846553050412247,1.0807209427529285,0.7372332560800408
HTDPA_3h_150726,1,449,3662,3678,3664.912,3679.918,38.828576947468974,-46.6841383325615,85.51271528003048,0.8317295410031508,1.0854122697156574,0.5083298465829874
HTDPA_3h_150726,1,450,3670,3687,3672.914,3688.925,38.89518441725516,-46.67517541747362,85.57035983472878,0.833316298639857,1.0884386385984495,0.6681325930915926
HTDPA_3h_150726,1,451,3678,3695,3680.918,3696.93,38.89518441725516,-46.668886920597444,85.5640713378526,0.8334285855891853,1.0689659189683058,0.4678524329879257
HTDPA_3h_150726,1,452,3687,3703,3689.926,3704.934,38.727202040930585,-46.675193487866935,85.40239552879751,0.8297170112641867,1.0433018976252129,0.3873473449010169
HTDPA_3h_150726,1,453,3695,3711,3697.93,3712.936,38.727202040930585,-46.90328702757831,85.6304890685089,0.8256820469354242,1.0577573980740282,0.7227284597573149
HTDPA_3h_150726,1,454,3703,3719,3705.934,3720.943,38.99703818921659,-46.90328702757831,85.9003252167949,0.8314350797266514,1.0796210312357384,0.6346893439777701
HTDPA_3h_150726,1,455,3711,3727,3713.937,3728.951,38.99703818921659,-46.85806586828914,85.85510405750573,0.8322374700405113,1.0773660794818736,0.6474666751558527
HTDPA_3h_150726,1,456,3719,3736,3721.944,3737.958,39.05922744783547,-46.84232655570536,85.90155400354084,0.8338447365842481,1.0946158704838316,0.8941038740623615
HTDPA_3h_150726,1,457,3727,3744,3729.951,3745.961,39.05922744783547,-45.88304165579504,84.94226910363051,0.8512780765680185,1.1003730550656623,0.6349721314070343
HTDPA_3h_150726,1,458,3736,3752,3738.956,3753.967,38.89069392451456,-45.888544090561695,84.77923801507626,0.8475033299762839,1.0597278789519362,0.5405366814377252
HTDPA_3h_150726,1,459,3744,3760,3746.961,3761.973,38.89069392451456,-45.78567837657419,84.67637230108875,0.8494073977598334,1.0509434328330938,0.6499540484867439
HTDPA_3h_150726,1,460,3752,3768,3754.97,3769.978,38.95132009411104,-45.78567837657419,84.73699847068522,0.8507315273074586,1.0679283152322219,0.6081895272667425
HTDPA_3h_150726,1,461,3760,3776,3762.973,3777.982,38.95132009411104,-46.086821481291175,85.03814157540222,0.8451726294451273,1.075808355438501,1.3623891891891715
HTDPA_3h_150726,1,462,3768,3785,3770.978,3786.988,38.77422120435535,-46.0636371666586,84.83785837101395,0.8417533566459355,1.1107555171409462,1.3738239868587865
HTDPA_3h_150726,1,463,3776,3792,3778.983,3793.989,38.77689562256705,-45.79015079892149,84.56704642148853,0.8468392207933146,1.1005912612973523,0.5375369174447672
HTDPA_3h_150726,1,464,3785,3801,3787.988,3802.996,38.8648532620636,-45.79015079892149,84.65500406098508,0.8487601063541157,1.068608423394937,0.5717906242295512
HTDPA_3h_150726,1,465,3792,3809,3794.989,3811.0,38.8557548190258,-46.10512678972673,84.96088160875253,0.8427642981275509,1.0701706753925935,0.6243638951502688
HTDPA_3h_150726,1,466,3801,3817,3803.997,3819.005,38.984117857991116,-46.11216520792578,85.0962830659169,0.8454193743062516,1.060993069501643,0.4683936183880195
HTDPA_3h_150726,1,467,3809,3826,3812.001,3828.01,38.98116334868291,-46.15991622228009,85.141079570963,0.8444808080017226,1.0976799714796095,0.8239264425037822
HTDPA_3h_150726,1,468,3817,3833,3820.006,3835.012,38.87677972165635,-46.1752760566041,85.05205577826044,0.8419393026259147,1.0781634858851739,0.7908793886172084
HTDPA_3h_150726,1,469,3826,3841,3829.01,3843.017,38.88054739866405,-45.86578443017218,84.74633182883622,0.8477026585658266,1.0671428572809452,0.4366121503547525
HTDPA_3h_150726,1,470,3833,3850,3836.012,3852.021,38.84494872381902,-45.848093515109596,84.69304223892863,0.8472533042408267,1.0801847391721229,0.5219486903756055
HTDPA_3h_150726,1,471,3841,3858,3844.017,3860.025,38.84494872381902,-45.87982512578366,84.72477384960268,0.8466673231060081,1.056663977313265,0.5217532071434611
HTDPA_3h_150726,1,472,3850,3866,3853.021,3868.029,38.94734460758013,-45.88953796219442,84.83688256977455,0.8487194758784989,1.055496097861578,0.49501054358013186
HTDPA_3h_150726,1,473,3858,3874,3861.025,3876.032,38.94734460758013,-46.11514682282397,85.0624914304041,0.8445672905958038,1.0694591632036794,0.6729878369378524
HTDPA_3h_150726,1,474,3866,3882,3869.029,3884.038,38.63775359398495,-46.11514682282397,84.75290041680891,0.837853856183795,1.085859484062458,0.37858019008976235
HTDPA_3h_150726,1,475,3874,3890,3877.033,3892.04,38.63775359398495,-45.84729841780342,84.48505201178837,0.8427487535226532,1.0818919664785334,0.22150224690021245
HTDPA_3h_150726,1,476,3882,3899,3885.039,3901.042,38.8888236388057,-45.84241941160638,84.73124305041208,0.8483152533821072,1.0673316390634084,0.3825898057434646
HTDPA_3h_150726,1,477,3890,3907,3893.041,3909.048,38.8888236388057,-45.708481656301124,84.59730529510682,0.8508010380048293,1.055730232597236,0.4336126686463809
HTDPA_3h_150726,1,478,3899,3915,3902.042,3917.052,38.913552972067336,-45.714616554834066,84.6281695269014,0.851227810811692,1.0546528229742558,0.4178790369935537
HTDPA_3h_150726,1,479,3907,3923,3910.048,3925.058,38.913552972067336,-46.0599869472075,84.97353991927483,0.8448450716381839,1.0683089325185802,0.6394441357934398
HTDPA_3h_150726,1,480,3915,3931,3918.053,3933.059,38.79826386267073,-46.0599869472075,84.85825080987823,0.8423420507509061,1.0809541593347276,0.6611501906150624
HTDPA_3h_150726,1,481,3923,3939,3926.058,3941.063,38.79826386267073,-46.033152413123794,84.83141627579452,0.8428330850443682,1.076464771498827,0.5597453561323662
HTDPA_3h_150726,1,482,3931,3948,3934.059,3950.068,38.82543269903089,-46.02120788313773,84.84664058216862,0.8436421920437385,1.0855767922452957,0.5901552177265185
HTDPA_3h_150726,1,483,3939,3956,3942.064,3958.073,38.82543269903089,-46.5166980680366,85.34213076706749,0.8346558184814354,1.07701037135718,0.5179788936977413
HTDPA_3h_150726,1,484,3948,3964,3951.069,3966.076,38.79726999103801,-46.52014951316116,85.31741950419917,0.8339885059926936,1.0489068357177271,0.42616103723635373
HTDPA_3h_150726,1,485,3956,3972,3959.073,3974.079,38.79726999103801,-46.994723217789414,85.79199320882742,0.8255665175691824,1.0583587932343232,0.6535249823333888
HTDPA_3h_150726,1,486,3964,3980,3967.077,3982.083,38.68446556072322,-46.994723217789414,85.67918877851264,0.8231661538136175,1.0768726078171567,0.5890328567700012
HTDPA_3h_150726,1,487,3972,3988,3975.081,3990.086,38.68446556072322,-46.55095953377577,85.23542509449899,0.8310132798155343,1.079666826176337,0.3457515653968571
HTDPA_3h_150726,1,488,3980,3997,3983.085,3999.092,38.73674320860479,-46.54456261453967,85.28130582314446,0.8322506654408681,1.088099397315505,0.5529048856696478
HTDPA_3h_150726,1,489,3988,4005,3991.086,4007.097,38.73674320860479,-46.60770056880795,85.34444377741275,0.831123242207946,1.0768488555150872,0.552495845762174
HTDPA_3h_150726,1,490,3997,4013,4000.093,4015.1,38.82609226838714,-46.610094895923176,85.43618716431033,0.8329974945359557,1.049379034463535,0.61485394879192
HTDPA_3h_150726,1,491,4005,4021,4008.097,4023.105,38.82609226838714,-46.87893717257645,85.70502944096359,0.8282204036635005,1.0578166849301682,0.7049070256918583
HTDPA_3h_150726,1,492,4013,4029,4016.101,4031.111,38.73018365582877,-46.87893717257645,85.60912082840522,0.8261745251017637,1.0763481446337242,0.4423513704911841
HTDPA_3h_150726,1,493,4021,4038,4024.106,4040.116,38.728430827676505,-46.74919174852197,85.47762257619848,0.8284299552387651,1.0952236644878612,0.5516350270957537
HTDPA_3h_150726,1,494,4029,4046,4032.112,4048.119,38.80327839681768,-46.74919174852197,85.55247014533965,0.8300310004406545,1.0835474509526237,0.6717170074349451
HTDPA_3h_150726,1,495,4038,4054,4041.117,4056.122,38.80820257899803,-46.68364139674514,85.49184397574317,0.8313019596989665,1.0752210502407253,0.3093812994803597
HTDPA_3h_150726,1,496,4046,4062,4049.12,4064.126,38.98958415197113,-46.68364139674514,85.67322554871626,0.8351872944232142,1.0675907166745746,0.4656693329002531
HTDPA_3h_150726,1,497,4054,4070,4057.123,4072.129,38.98958415197113,-46.74675224542345,85.73633639739458,0.8340597427447646,1.054700200157194,0.7433194227091051
HTDPA_3h_150726,1,498,4062,4078,4065.126,4080.133,39.03828386197486,-46.74675224542345,85.78503610739831,0.8351015201445732,1.0688562945595128,0.6527191417383092
HTDPA_3h_150726,1,499,4070,4086,4073.13,4088.137,39.03828386197486,-46.88887588890373,85.92715975087859,0.8325702658018569,1.0775686876063792,0.9748870536798518
HTDPA_3h_150726,1,500,4078,4095,4081.134,4097.139,38.83276927871975,-46.87091391794133,85.70368319666107,0.828504631821469,1.104528805250523,1.169132455983516
HTDPA_3h_150726,1,501,4086,4103,4089.137,4105.143,38.83276927871975,-46.682837264242295,85.51560654296205,0.8318425261710588,1.1179250392219404,0.6375446922888337
HTDPA_3h_150726,1,502,4095,4111,4098.139,4113.147,38.90709280645459,-46.68364139674514,85.59073420319973,0.8334202654801316,1.071079512666603,0.6787334312604065
HTDPA_3h_150726,1,503,4103,4119,4106.144,4121.153,38.90709280645459,-46.690598498174246,85.59769130462884,0.8332960822503911,1.048611686255514,0.740219795530931
HTDPA_3h_150726,1,504,4111,4127,4114.147,4129.156,38.564704028979335,-46.690598498174246,85.25530252715359,0.8259629404940556,1.065646923106635,0.6049241673564124
HTDPA_3h_150726,1,505,4119,4135,4122.153,4137.16,38.564704028979335,-46.879434108392815,85.44413813737215,0.8226358692771657,1.0764001402459726,0.8726147189168358
HTDPA_3h_150726,1,506,4127,4143,4130.156,4145.162,38.864356326247226,-46.879434108392815,85.74379043464003,0.8290278469741457,1.0787690529111427,0.8957724071981141
HTDPA_3h_150726,1,507,4135,4151,4138.16,4153.168,38.864356326247226,-47.98561323562055,86.84996956186777,0.8099168418545404,1.0974471214461843,0.4457869440582316
HTDPA_3h_150726,1,508,4143,4160,4146.163,4162.175,38.782063755057244,-47.98480910311769,86.76687285817493,0.8082154431773592,1.0976809800548881,0.7981751514702463
HTDPA_3h_150726,1,509,4151,4168,4154.171,4170.182,38.782063755057244,-48.63418675754971,87.41625051260695,0.7974239180433489,1.0730289728740663,0.9359840745502807
HTDPA_3h_150726,1,510,4160,4176,4163.175,4178.187,38.99107495942022,-48.65200416536556,87.64307912478577,0.8014279294002286,1.0704501984899493,0.7200025514977247
HTDPA_3h_150726,1,511,4168,4185,4171.183,4187.196,38.988283083651915,-49.002786640539036,87.99106972419095,0.7956339987285066,1.1037956406772371,0.9438754659246138
HTDPA_3h_150726,1,512,4176,4192,4179.188,4194.198,39.04126547687305,-49.02371215600631,88.06497763287936,0.7963751368446662,1.0780494817659907,1.0357184452870998
HTDPA_3h_150726,1,513,4185,4200,4188.197,4202.203,39.044662710817654,-48.63608414884857,87.68074685966621,0.8027920708279722,1.0513433666939827,0.7058287444996226
HTDPA_3h_150726,1,514,4192,4209,4195.201,4211.21,38.67414736613616,-48.61680303917362,87.29095040530979,0.7954893153910998,1.0734724454707685,0.42336270852972957
HTDPA_3h_150726,1,515,4200,4217,4203.203,4219.212,38.67414736613616,-48.16027262227774,86.8344199884139,0.80303007562807,1.062941027564625,0.7973074382635192
HTDPA_3h_150726,1,516,4209,4225,4212.211,4227.214,38.89268166778002,-48.17693352492094,87.06961519270095,0.8072884432891859,1.0579527761317908,0.6908978785820783
HTDPA_3h_150726,1,517,4217,4233,4220.213,4235.218,38.89268166778002,-48.53025489035622,87.42293655813623,0.8014110322653313,1.0692432597875008,0.7517332484482093
HTDPA_3h_150726,1,518,4225,4241,4228.215,4243.225,38.74757640940154,-48.53025489035622,87.27783129975776,0.7984210364636131,1.0827492746094824,0.9083069144575255
HTDPA_3h_150726,1,519,4233,4249,4236.219,4251.231,38.74757640940154,-48.05667505736069,86.80425146676222,0.8062891650983393,1.0830025235638008,0.4074032940422151
HTDPA_3h_150726,1,520,4241,4258,4244.228,4260.235,38.793231258130454,-48.05181412155698,86.84504537968743,0.8073208466176733,1.0842626795127281,0.5938507219206319
HTDPA_3h_150726,1,521,4249,4266,4252.231,4268.239,38.793231258130454,-48.03439426239422,86.82762552052468,0.8076136246502309,1.0717357584617049,0.5939698636785408
HTDPA_3h_150726,1,522,4258,4274,4261.236,4276.243,38.67999313837594,-48.04474859776794,86.72474173614388,0.8050826420636725,1.0620122883926135,0.46724425420727683
HTDPA_3h_150726,1,523,4266,4283,4269.24,4285.246,38.67682178434787,-48.20750863042235,86.88433041477023,0.80229870580659,1.106368796303817,0.8818935696898493
HTDPA_3h_150726,1,524,4274,4290,4277.243,4292.251,38.58060597510302,-48.21867613349556,86.79928210859859,0.8001174870145934,1.0830875499207093,0.6404237157137361
HTDPA_3h_150726,1,525,4283,4299,4286.246,4301.255,38.58060597510302,-48.59734122556543,87.17794720066846,0.7938830603104488,1.0718427037658456,0.44410982095524204
HTDPA_3h_150726,1,526,4290,4307,4293.252,4309.261,38.64664422749954,-48.58828795851094,87.23493218601048,0.7953901207735398,1.0818172628534077,0.6370795686219659
HTDPA_3h_150726,1,527,4299,4315,4302.255,4317.261,38.65017698939406,-48.58342702270723,87.2336040121013,0.7955424176093938,1.0475362118440243,0.5502434731091499
HTDPA_3h_150726,1,528,4307,4323,4310.259,4325.269,38.50556866683194,-48.58342702270723,87.08899568953916,0.7925659227134176,1.0456406273687888,0.4517542738456605
HTDPA_3h_150726,1,529,4315,4331,4318.262,4333.271,38.50556866683194,-48.718593564758415,87.22416223159036,0.7903670005508067,1.0572419703362035,0.7348636083954281
HTDPA_3h_150726,1,530,4323,4339,4326.267,4341.275,38.666575871334096,-48.718593564758415,87.38516943609251,0.7936718415308349,1.0726576194374382,0.7335096219462213
HTDPA_3h_150726,1,531,4331,4348,4334.272,4350.28,38.66269073676979,-48.6755679582579,87.33825869502769,0.794293571878304,1.107836731786032,0.7538117910529343
HTDPA_3h_150726,1,532,4339,4356,4342.276,4358.285,38.572555614877906,-48.6755679582579,87.24812357313581,0.792441819024199,1.0990280831027754,0.7534236851719893
HTDPA_3h_150726,1,533,4348,4364,4351.281,4366.289,38.57563661693936,-48.41695352422507,86.99259014116444,0.7967382044729089,1.0595777788898562,0.3717975756606402
HTDPA_3h_150726,1,534,4356,4372,4359.286,4374.29,38.738134628890606,-48.41695352422507,87.15508815311568,0.8000944257987703,1.0513716116603737,0.6023049291558669
HTDPA_3h_150726,1,535,4364,4380,4367.289,4382.295,38.738134628890606,-48.51534681586527,87.25348144475588,0.7984717655614622,1.0551848615330253,0.8781624644754934
HTDPA_3h_150726,1,536,4372,4388,4375.29,4390.299,38.68993185470325,-48.51534681586527,87.20527867056852,0.7974782083192495,1.0740296046632543,0.6564513408477024
HTDPA_3h_150726,1,537,4380,4396,4383.295,4398.304,38.68993185470325,-48.74791277792392,87.43784463262716,0.7936736087749884,1.0766906971441446,0.7979484410698269
HTDPA_3h_150726,1,538,4388,4404,4391.3,4406.311,38.71080315899056,-48.74791277792392,87.45871593691447,0.7941017564247634,1.079562438013034,0.9333853042114539
HTDPA_3h_150726,1,539,4396,4412,4399.305,4414.316,38.71080315899056,-48.48155518035248,87.19235833934303,0.7984645503838624,1.0903493764104046,0.6675333409324232
HTDPA_3h_150726,1,540,4404,4421,4407.312,4423.32,38.61498489839878,-48.47231217416809,87.08729707256687,0.7966400439007223,1.083391598326095,0.5825390385729426
HTDPA_3h_150726,1,541,4412,4429,4415.316,4431.323,38.61498489839878,-48.4964903604334,87.11147525883217,0.7962428747195159,1.0620439990009105,0.6404428592350331
HTDPA_3h_150726,1,542,4421,4437,4424.32,4439.328,38.62831181347403,-48.5078927786198,87.13620459209383,0.7963304444034669,1.0626794740530676,0.5749559444986192
HTDPA_3h_150726,1,543,4429,4445,4432.323,4447.332,38.62831181347403,-48.73300470343299,87.36131651690701,0.7926519624338464,1.078414537866826,0.9361126279863553
HTDPA_3h_150726,1,544,4437,4453,4440.328,4455.338,38.48469736254463,-48.73300470343299,87.21770206597762,0.7897049976036791,1.0811103905800832,0.6213013999122512
HTDPA_3h_150726,1,545,4445,4461,4448.333,4463.346,38.48469736254463,-47.858397666631184,86.34309502917581,0.8041367709512289,1.0792106167660867,0.4010463249132466
HTDPA_3h_150726,1,546,4453,4470,4456.339,4472.346,38.432293221909816,-47.85097977017237,86.28327299208219,0.8031662759362423,1.070710369176593,0.7514158583676867
HTDPA_3h_150726,1,547,4461,4478,4464.346,4480.349,38.432293221909816,-47.18342330005806,85.61571652196787,0.8145295642815837,1.0590303861696317,2.6222984866712795
HTDPA_3h_150726,1,548,4470,4486,4473.346,4488.357,38.7465825377688,-47.19150980106981,85.93809233883862,0.8210498604749118,1.0519815703107611,1.1916628116759955
HTDPA_3h_150726,1,549,4478,4494,4481.35,4496.361,38.7465825377688,-45.73598479493773,84.48256733270654,0.8471793645964623,1.0608055119467685,1.0146671019428535
HTDPA_3h_150726,1,550,4486,4502,4489.358,4504.364,38.52097367713926,-45.73598479493773,84.25695847207699,0.8422465122343433,1.0763814909454468,0.5508826148755853
HTDPA_3h_150726,1,551,4494,4510,4497.362,4512.369,38.52097367713926,-45.88059311749984,84.40156679463911,0.8395918853639783,1.0771707095038319,0.4032884293822559
HTDPA_3h_150726,1,552,4502,4518,4505.365,4520.373,38.92697023910918,-45.88059311749984,84.80756335660902,0.8484408677851552,1.0798387530226257,1.0342347109181396
HTDPA_3h_150726,1,553,4510,4526,4513.37,4528.38,38.92697023910918,-45.71064106830315,84.63761130741233,0.8515953688101319,1.0856724243231977,0.6524279146777585
HTDPA_3h_150726,1,554,4518,4535,4521.374,4537.386,38.68950720046016,-45.70327738302428,84.39278458348444,0.8465368222111515,1.0752906428678737,0.6864711928164504
HTDPA_3h_150726,1,555,4526,4543,4529.383,4545.39,38.68950720046016,-45.581446791244986,84.27095399170514,0.8487994551303144,1.059775915418634,0.45563858078579095
HTDPA_3h_150726,1,556,4535,4551,4538.387,4553.393,38.8072087073653,-45.58789792166106,84.39510662902636,0.8512612003749811,1.0511344954329498,0.40157332877978547
HTDPA_3h_150726,1,557,4543,4559,4546.39,4561.398,38.8072087073653,-45.941716222912696,84.748924930278,0.8447052460789618,1.064280785723472,0.494220284620301
HTDPA_3h_150726,1,558,4551,4567,4554.393,4569.403,38.804227092467116,-45.941716222912696,84.7459433153798,0.8446403461330452,1.0821086025414197,0.7798261960747519
HTDPA_3h_150726,1,559,4559,4575,4562.398,4577.407,38.804227092467116,-46.01228110883649,84.8165082013036,0.8433449974079834,1.078066538804594,0.7118571704779255
HTDPA_3h_150726,1,560,4567,4584,4570.404,4586.412,38.88307725372919,-46.000932901830055,84.88401015555925,0.8452671457056973,1.0815350903292016,0.8853165405261805
HTDPA_3h_150726,1,561,4575,4592,4578.409,4594.42,38.88307725372919,-45.57815797966031,84.4612352333895,0.8531076940643616,1.070247076557043,0.5967180058587696
HTDPA_3h_150726,1,562,4584,4600,4587.413,4602.421,38.68098701000867,-45.58690405002833,84.267891060037,0.8485109444492893,1.0510749509551218,0.47212383900928234
HTDPA_3h_150726,1,563,4592,4608,4595.418,4610.426,38.68098701000867,-45.83239034331248,84.51337735332115,0.8439661715277024,1.0639520853865903,0.575364116917252
HTDPA_3h_150726,1,564,4600,4616,4603.421,4618.429,38.80422709246711,-45.83239034331248,84.63661743577958,0.8466551013769922,1.0797275232642003,0.6602700258928981
HTDPA_3h_150726,1,565,4608,4624,4611.427,4626.433,38.80422709246711,-45.49099543746995,84.29522252993706,0.8530089684629083,1.077259975465738,0.7035860402051511
HTDPA_3h_150726,1,566,4616,4633,4619.43,4635.441,38.73576740736538,-45.47754202964146,84.21330943700684,0.8517559586249865,1.097395060829822,0.6869161674847745
HTDPA_3h_150726,1,567,4624,4641,4627.433,4643.443,38.73576740736538,-46.1427854894105,84.87855289677589,0.8394761390435567,1.0977744605912534,0.47207292319993616
HTDPA_3h_150726,1,568,4633,4649,4636.44,4651.449,38.733165270726964,-46.14893845833676,84.88210372906372,0.8393078273229458,1.0517709994951583,0.4387623162442625
HTDPA_3h_150726,1,569,4641,4657,4644.444,4659.451,38.733165270726964,-46.236896097833316,84.97006136856028,0.8377111904045397,1.0519934961117154,0.5670692680188127
HTDPA_3h_150726,1,570,4649,4665,4652.449,4667.457,38.82758307583624,-46.236896097833316,85.06447917366955,0.8397532350285883,1.0765691597655502,0.5880927455630942
HTDPA_3h_150726,1,571,4657,4673,4660.452,4675.461,38.82758307583624,-45.8348750223943,84.66245809823053,0.8471187727001679,1.0818689161550494,0.7784196068533521
HTDPA_3h_150726,1,572,4665,4682,4668.457,4684.465,38.77476331615502,-45.82019282781989,84.59495614397491,0.8462374539072822,1.0937508511840786,0.8998061097805347
HTDPA_3h_150726,1,573,4673,4690,4676.464,4692.468,38.77476331615502,-45.632694426707175,84.40745774286219,0.8497145260276707,1.092348972437502,0.9041536738316819
HTDPA_3h_150726,1,574,4682,4698,4685.465,4700.472,38.6720421653141,-45.63560376003206,84.30764592534616,0.8474094561926956,1.0548207046832516,0.5833223306121098
HTDPA_3h_150726,1,575,4690,4706,4693.469,4708.477,38.6720421653141,-45.822451626985185,84.4944937922993,0.8439540180023857,1.0520416099731074,0.6142948638777641
HTDPA_3h_150726,1,576,4698,4714,4701.472,4716.482,38.67899926674321,-45.822451626985185,84.50145089372839,0.8441058453529985,1.0723172240411816,0.47081890087917344
HTDPA_3h_150726,1,577,4706,4722,4709.478,4724.486,38.67899926674321,-45.91935411117628,84.5983533779195,0.8423245495373628,1.0742828812695946,0.6357483552631442
HTDPA_3h_150726,1,578,4714,4731,4717.482,4733.492,38.92962658692756,-45.90349734103592,84.83312392796348,0.8480753938573218,1.108517548970031,1.0877134626395708
HTDPA_3h_150726,1,579,4722,4738,4725.487,4740.495,38.93591508380374,-45.60181212451928,84.53772720832302,0.8538238563302312,1.1008756766397894,0.9490773463125645
HTDPA_3h_150726,1,580,4731,4747,4734.493,4749.5,38.754036575014275,-45.60181212451928,84.35584869953355,0.8498354510385109,1.0655931698413863,0.5118075781139493
HTDPA_3h_150726,1,581,4738,4755,4741.495,4757.502,38.74899493527733,-45.669738733017994,84.41873366829532,0.8484610599986386,1.0689442611016648,0.6620138451856593
HTDPA_3h_150726,1,582,4747,4763,4750.501,4765.506,38.75602431827973,-45.677843304423064,84.43386762270279,0.8484644088817327,1.0591438081934876,0.510025778504965
HTDPA_3h_150726,1,583,4755,4772,4758.502,4774.509,38.75358481518121,-45.945782061410235,84.69936687659145,0.8434633839377014,1.0946371729534397,0.9394374881325372
HTDPA_3h_150726,1,584,4763,4779,4766.506,4781.515,38.963743489520155,-45.964078334649116,84.92782182416927,0.8476998756689548,1.0789672124669782,0.913487650889676
HTDPA_3h_150726,1,585,4772,4787,4775.509,4789.519,38.96701423071151,-45.75934981350353,84.72636404421505,0.8515639839622982,1.0478968564758038,0.3151330224002968
HTDPA_3h_150726,1,586,4779,4796,4782.516,4798.522,38.76955904287817,-45.74563438497187,84.51519342785005,0.8475029270905587,1.0672957748223713,0.3422946685031604
HTDPA_3h_150726,1,587,4787,4804,4790.519,4806.526,38.76955904287817,-45.693844637710015,84.46340368058819,0.848463493283789,1.0543862728521434,0.35627070865776944
HTDPA_3h_150726,1,588,4796,4812,4799.522,4814.533,38.69142266215232,-45.69970848034311,84.39113114249542,0.8466448462968801,1.0387070353472505,0.37540144738934533
HTDPA_3h_150726,1,589,4804,4820,4807.528,4822.537,38.69142266215232,-45.832390343312476,84.5238130054648,0.8441938631681664,1.0510318135549537,0.7278329119877576
HTDPA_3h_150726,1,590,4812,4828,4815.534,4830.54,38.824601460938055,-45.832390343312476,84.65699180425054,0.8470996421988506,1.0710371426123895,0.7745535871517658
HTDPA_3h_150726,1,591,4820,4836,4823.538,4838.545,38.824601460938055,-45.88755021892894,84.71215167986699,0.8460813723048268,1.07507150909044,0.7779629727398919
HTDPA_3h_150726,1,592,4828,4844,4831.541,4846.548,38.87976133655454,-45.88755021892894,84.76731155548347,0.8472834385592535,1.07877290022518,0.747470981357699
HTDPA_3h_150726,1,593,4836,4853,4839.545,4855.552,38.87328310054847,-45.80425474090958,84.67753784145805,0.8486827985835389,1.1265647698193268,0.5388762312787221
HTDPA_3h_150726,1,594,4844,4861,4847.549,4863.559,38.86797040491171,-45.80425474090958,84.67222514582129,0.8485668116371993,1.0988361866978968,0.6961026854540983
HTDPA_3h_150726,1,595,4853,4869,4856.552,4871.564,38.87528891420725,-45.96010284811819,84.83539176232544,0.8458486057499973,1.0444937564067738,0.8932057732973268
HTDPA_3h_150726,1,596,4861,4877,4864.559,4879.569,38.811681129712575,-45.96010284811819,84.77178397783076,0.8444646274611567,1.0504195097389726,0.6857249881293558
HTDPA_3h_150726,1,597,4869,4885,4872.564,4887.575,38.811681129712575,-46.08980309618937,84.90148422590195,0.8420882390994954,1.0602794980371282,0.715917471466193
HTDPA_3h_150726,1,598,4877,4893,4880.57,4895.579,38.88125214400363,-46.08980309618937,84.97105524019301,0.8435977056109026,1.0807707117004541,0.750014035908519
HTDPA_3h_150726,1,599,4885,4902,4888.576,4904.583,38.87396977549473,-45.3262205559601,84.20019033145482,0.8576486038031922,1.105901710572661,0.5414221324475441
HTDPA_3h_150726,1,600,4893,4910,4896.581,4912.585,38.7574518793522,-45.3262205559601,84.08367243531231,0.8550779527603003,1.083238647718148,0.49444236746199755
HTDPA_3h_150726,1,601,4902,4918,4905.583,4920.589,38.76546609879066,-45.269858999187676,84.03532509797833,0.8563195679378253,1.0452266734874178,0.45019727154994876
HTDPA_3h_150726,1,602,4910,4926,4913.585,4928.591,38.9140499078837,-45.269858999187676,84.18390890707138,0.8596017475685528,1.0435890986356284,0.6152484563710723
HTDPA_3h_150726,1,603,4918,4934,4921.589,4936.594,38.9140499078837,-45.363779868480606,84.27782977636431,0.8578220338054707,1.0534138918671545,0.9769188360505953
HTDPA_3h_150726,1,604,4926,4942,4929.592,4944.596,38.60197421520669,-45.363779868480606,83.9657540836873,0.8509426314809336,1.0714711597427276,0.5997366941473633
HTDPA_3h_150726,1,605,4934,4951,4937.594,4953.599,38.596914505076434,-45.41628339627869,84.01319790135513,0.8498474912246777,1.1072970386847814,0.9142005558784129
HTDPA_3h_150726,1,606,4942,4959,4945.598,4961.604,38.48162539567983,-45.41628339627869,83.89790879195851,0.8473089939991199,1.1149605993625984,0.9049189052040675
HTDPA_3h_150726,1,607,4951,4966,4954.6,4968.606,38.488582497108936,-45.276816100616784,83.76539859772572,0.8500726378722692,1.0714486435639416,0.3870012005164449
HTDPA_3h_150726,1,608,4959,4975,4962.606,4977.613,38.489169784891914,-45.27085287082041,83.76002265571233,0.8501975850713501,1.0636636235357921,0.5774604427094204
HTDPA_3h_150726,1,609,4966,4983,4969.607,4985.618,38.48285418242575,-45.28324916063954,83.76610334306528,0.8498253746304774,1.0637188838312657,0.5323300652522904
HTDPA_3h_150726,1,610,4975,4991,4978.613,4993.622,38.54979595448841,-45.293711918373184,83.8435078728616,0.8511070151186011,1.0478861074419916,0.5101020619839778
HTDPA_3h_150726,1,611,4983,4999,4986.618,5001.628,38.54979595448841,-45.11630583193101,83.66610178641942,0.8544537333817974,1.0585022580553216,0.6322650923000228
HTDPA_3h_150726,1,612,4991,5007,4994.623,5009.633,38.543335788875666,-45.11630583193101,83.65964162080667,0.8543105442289264,1.078605073698803,0.7005650694085646
HTDPA_3h_150726,1,613,4999,5016,5002.628,5018.638,38.54219735409636,-45.37226391814545,83.91446127224181,0.8494660399496269,1.1056009757245209,0.488351656870724
HTDPA_3h_150726,1,614,5007,5024,5010.633,5026.642,38.53876397936511,-45.37226391814545,83.91102789751056,0.8493903687259594,1.0859883509215729,0.5943089489021776
HTDPA_3h_150726,1,615,5016,5032,5019.639,5034.65,38.5483051470393,-45.10835485886917,83.65666000590846,0.854571293225959,1.067333459042433,0.4447491757996893
HTDPA_3h_150726,1,616,5024,5040,5027.643,5042.652,38.52594303530291,-45.10835485886917,83.63429789417208,0.8540755510999969,1.0607846290741354,0.5814117647058893
HTDPA_3h_150726,1,617,5032,5048,5035.648,5050.655,38.52594303530291,-45.02536657753627,83.55130961283918,0.8556497362205596,1.049380574707945,0.7257229693159583
HTDPA_3h_150726,1,618,5040,5056,5043.653,5058.659,38.72769897674695,-45.02536657753627,83.75306555428321,0.8601306756726929,1.0645602018332785,0.6333679445113604
HTDPA_3h_150726,1,619,5048,5064,5051.655,5066.662,38.72769897674695,-45.39111133838066,84.1188103151276,0.853200061308051,1.0715325573168828,0.9962826761187482
HTDPA_3h_150726,1,620,5056,5072,5059.66,5074.665,38.472770902951886,-45.39111133838066,83.86388224133255,0.8475838059162271,1.083343045618898,1.0111711167205946
HTDPA_3h_150726,1,621,5064,5080,5067.663,5082.67,38.472770902951886,-45.35135647307149,83.82412737602337,0.8483267953803336,1.0796452386820907,0.4043086992091549
HTDPA_3h_150726,1,622,5072,5089,5075.665,5091.675,38.31931712285847,-45.342989880963245,83.66230700382172,0.845099037876777,1.0658039606999803,0.5283791956456134
HTDPA_3h_150726,1,623,5080,5097,5083.67,5099.677,38.31931712285847,-45.325859148093656,83.64517627095213,0.8454184397841719,1.0526757685646242,0.5284874089731235
HTDPA_3h_150726,1,624,5089,5105,5092.675,5107.681,38.53836643071202,-45.33247291204963,83.87083934276166,0.8501271595194247,1.0444425479970603,0.35137697302934523
HTDPA_3h_150726,1,625,5097,5113,5100.678,5115.686,38.53836643071202,-45.77921821096146,84.31758464167348,0.8418310302530313,1.0571065038435181,0.6990304994843111
HTDPA_3h_150726,1,626,5105,5121,5108.682,5123.689,38.133860676191176,-45.77921821096146,83.91307888715264,0.8329950175309095,1.0756779924713997,0.7024001989802293
HTDPA_3h_150726,1,627,5113,5130,5116.687,5132.693,38.129577992973786,-45.66236601254247,83.79194400551626,0.8350329017664221,1.0997702532478906,0.5627325061559718
HTDPA_3h_150726,1,628,5121,5138,5124.69,5140.697,38.33959210416615,-45.66236601254247,84.00195811670862,0.8396321840536053,1.0838555010070494,0.561325613152892
HTDPA_3h_150726,1,629,5130,5146,5133.693,5148.701,38.34356759069706,-45.48105672114266,83.82462431183973,0.8430667701015045,1.0723616683855843,0.396835425028006
HTDPA_3h_150726,1,630,5138,5154,5141.697,5156.703,38.11149856445477,-45.48105672114266,83.59255528559743,0.8379642275712116,1.0653411402422557,0.4653616778427755
HTDPA_3h_150726,1,631,5146,5162,5149.701,5164.709,38.11149856445477,-45.32650968225326,83.43800824670802,0.8408213831513396,1.0487721323981107,0.5496670736428376
HTDPA_3h_150726,1,632,5154,5170,5157.704,5172.711,38.15324117302941,-45.32650968225326,83.47975085528267,0.841742314607727,1.063476205923349,0.511883516182612
HTDPA_3h_150726,1,633,5162,5178,5165.709,5180.717,38.15324117302941,-45.469130261549914,83.62237143457932,0.8391020666892535,1.0720335908144687,0.729511516793822
HTDPA_3h_150726,1,634,5170,5186,5173.712,5188.722,38.21237653517681,-45.469130261549914,83.68150679672672,0.8404026273511187,1.0804134880688028,0.7637729742569427
HTDPA_3h_150726,1,635,5178,5195,5181.718,5197.727,38.208870878872276,-45.32072715639009,83.52959803526237,0.843077180712996,1.0991426616766904,0.4315858409469184
HTDPA_3h_150726,1,636,5186,5203,5189.722,5205.73,38.21718325980054,-45.32072715639009,83.53791041619064,0.8432605930598364,1.0744189259031207,0.5820826076009176
HTDPA_3h_150726,1,637,5195,5211,5198.728,5213.734,38.21983057242227,-45.16450860611838,83.38433917854064,0.846235943929758,1.0409061522626673,0.44045847065204624
HTDPA_3h_150726,1,638,5203,5219,5206.731,5221.738,38.26902721824237,-45.16450860611838,83.43353582436075,0.8473252206060339,1.0414984916242067,0.26314790108164043
HTDPA_3h_150726,1,639,5211,5227,5214.735,5229.741,38.26902721824237,-45.36328293266424,83.63231015090662,0.8436123830598339,1.052863635068259,0.6325205590150623
HTDPA_3h_150726,1,640,5219,5235,5222.738,5237.745,38.16964005496944,-45.36328293266424,83.53292298763368,0.8414214665994786,1.0789451655559217,0.6579690177041619
HTDPA_3h_150726,1,641,5227,5243,5230.742,5245.746,38.16964005496944,-45.64156698982844,83.81120704479788,0.8362911830673085,1.0807368367983978,0.543263684659895
HTDPA_3h_150726,1,642,5235,5252,5238.748,5254.755,38.403416733380695,-45.63453760682605,84.03795434020674,0.8415428039230594,1.0877377328432882,0.8065599446779729
HTDPA_3h_150726,1,643,5243,5260,5246.749,5262.759,38.403416733380695,-45.43529345005381,83.8387101834345,0.8452331616521167,1.0747758775149308,0.7381744224993787
HTDPA_3h_150726,1,644,5252,5268,5255.758,5270.763,38.485194298360994,-45.437326369302575,83.92252066766358,0.8469951331547,1.0406235795470706,0.5267408810989995
HTDPA_3h_150726,1,645,5260,5276,5263.76,5278.767,38.485194298360994,-45.68480040585218,84.16999470421317,0.8424069702935832,1.0499109108209186,0.936592709797019
HTDPA_3h_150726,1,646,5268,5284,5271.764,5286.77,38.4444455614191,-45.68480040585218,84.12924596727129,0.8415150163706178,1.0687841108544305,0.5429614403175467
HTDPA_3h_150726,1,647,5276,5292,5279.767,5294.778,38.4444455614191,-45.792635478003305,84.2370810394224,0.8395333695062399,1.0757934966214175,0.8685008229457413
HTDPA_3h_150726,1,648,5284,5301,5287.771,5303.783,38.52886140382446,-45.777365995645916,84.30622739947037,0.8416574559464409,1.1115336660437167,0.9787745363025232
HTDPA_3h_150726,1,649,5292,5309,5295.776,5311.788,38.52886140382446,-45.524922600932676,84.05378400475713,0.8463245888755253,1.1315294579711357,0.5295519088183858
HTDPA_3h_150726,1,650,5301,5317,5304.783,5319.794,38.5497959544884,-45.529259495330045,84.07905544981844,0.8467037764680199,1.0742856346802825,0.6637722745944068
HTDPA_3h_150726,1,651,5309,5325,5312.788,5327.799,38.5497959544884,-45.47161494063173,84.02141089512014,0.8477771463542578,1.0449954444988132,0.6835187693326795
HTDPA_3h_150726,1,652,5317,5333,5320.795,5335.804,38.60247115102305,-45.47161494063173,84.07408609165478,0.8489355656583318,1.0554842693714324,0.5717980317404002
HTDPA_3h_150726,1,653,5325,5342,5328.8,5344.809,38.59593870383703,-45.80584493552195,84.40178363935897,0.8425985539218006,1.0970051274464871,1.134791366302701
HTDPA_3h_150726,1,654,5333,5349,5336.805,5351.812,38.369905188964395,-45.817979204637915,84.1878843936023,0.8374421101723406,1.0834564909570197,0.7849954549210993
HTDPA_3h_150726,1,655,5342,5358,5345.81,5360.815,38.369905188964395,-45.599824381253825,83.96972957021822,0.8414485298925479,1.0755160465838824,0.39264003550821697
HTDPA_3h_150726,1,656,5349,5366,5352.813,5368.822,38.37913012475547,-45.58874723014722,83.9678773549027,0.8418553361645321,1.0812786877701779,0.4562621725909345
HTDPA_3h_150726,1,657,5358,5374,5361.816,5376.826,38.38232858437352,-45.42838152460801,83.81071010898152,0.8448975573471019,1.045457599470986,0.20877975749310643
HTDPA_3h_150726,1,658,5366,5382,5369.822,5384.831,39.03331450381121,-45.42838152460801,84.46169602841923,0.85922749597996,1.0437176702754816,1.5963039449298468
HTDPA_3h_150726,1,659,5374,5390,5377.827,5392.837,39.03331450381121,-45.53075030277914,84.56406480659035,0.8572956572039769,1.0518974824379483,1.5643137197289845
HTDPA_3h_150726,1,660,5382,5398,5385.832,5400.841,38.43550071672453,-45.53075030277914,83.96625101950367,0.8441657662377349,1.0705005033416586,0.6668576298470702
HTDPA_3h_150726,1,661,5390,5406,5393.837,5408.845,38.43550071672453,-45.68281266258671,84.11831337931125,0.8413558289549544,1.0756637921599317,0.680541725250192
HTDPA_3h_150726,1,662,5398,5414,5401.841,5416.848,38.446930240500926,-45.68281266258671,84.12974290308765,0.8416060220387475,1.079703330183082,0.567916797108043
HTDPA_3h_150726,1,663,5406,5422,5409.844,5424.854,38.446930240500926,-45.52329626553365,83.97022650603458,0.8445550606933895,1.0979652256717047,0.4281725215415308
HTDPA_3h_150726,1,664,5414,5431,5417.849,5433.861,38.44646041027455,-45.519465342149324,83.96592575242387,0.8446158170200334,1.0832798937312869,0.5615664952582476
HTDPA_3h_150726,1,665,5422,5439,5425.857,5441.863,38.44646041027455,-45.61422648473173,84.06068689500628,0.8428611723393704,1.0563070407765436,0.5609334444863316
HTDPA_3h_150726,1,666,5431,5447,5434.861,5449.863,38.60445889428851,-45.62467117207205,84.22913006636057,0.8461312246765128,1.056765668281468,0.49727021717198533
HTDPA_3h_150726,1,667,5439,5455,5442.863,5457.867,38.60445889428851,-45.89748893525625,84.50194782954476,0.841101763731445,1.0677077911058126,0.6826833915528698
HTDPA_3h_150726,1,668,5447,5463,5450.864,5465.87,38.729189784196045,-45.89748893525625,84.62667871945229,0.8438193609856974,1.0742775024285043,0.7413130589499455
HTDPA_3h_150726,1,669,5455,5471,5458.867,5473.876,38.729189784196045,-45.578456141150134,84.30764592534618,0.8497257929109563,1.0726390378899515,0.5789528749521106
HTDPA_3h_150726,1,670,5463,5480,5466.87,5482.881,38.586289113802884,-45.568002418613155,84.15429153241604,0.8467847407338082,1.0846506611857145,0.7234996669548337
HTDPA_3h_150726,1,671,5471,5488,5474.876,5490.885,38.586289113802884,-45.38531074212418,83.97159985592707,0.8501933441206823,1.0819163683661306,0.7721017552286217
HTDPA_3h_150726,1,672,5480,5496,5483.884,5498.891,38.55029289030476,-45.38713585184974,83.93742874215451,0.8493660630214377,1.0552259353578648,0.2633236634894326
HTDPA_3h_150726,1,673,5488,5504,5491.886,5506.896,38.55029289030476,-45.79362934963603,84.34392223994078,0.8418265474433544,1.0544087249893883,0.7162825226244335
HTDPA_3h_150726,1,674,5496,5512,5499.891,5514.902,38.60992518826852,-45.79362934963603,84.40355453790454,0.8431287438145671,1.0609728493858817,0.7157764589515322
HTDPA_3h_150726,1,675,5504,5520,5507.897,5522.907,38.60992518826852,-45.75138980524504,84.36131499351356,0.8439071545722135,1.0677582689103802,0.9270452925549144
HTDPA_3h_150726,1,676,5512,5528,5515.903,5530.908,38.76546609879067,-45.75138980524504,84.51685590403571,0.8473068526182019,1.081626107526834,1.0966337402102595
HTDPA_3h_150726,1,677,5520,5536,5523.906,5538.912,38.76546609879067,-45.59485502309016,84.36032112188083,0.8502157991106463,1.0913894617604518,0.8130846307455666
HTDPA_3h_150726,1,678,5528,5545,5531.909,5547.915,38.517007225805,-45.59109638127912,84.10810360708413,0.8448361694065571,1.080466853582362,0.7182908043235655
HTDPA_3h_150726,1,679,5536,5553,5539.912,5555.919,38.517007225805,-45.53272901084792,84.04973623665293,0.8459191456903129,1.060203163406021,0.7538525210481598
HTDPA_3h_150726,1,680,5545,5561,5548.916,5563.921,38.380837776924416,-45.5451614414537,83.92599921837811,0.8426984681185353,1.0562741735934063,0.49160444557603883
HTDPA_3h_150726,1,681,5553,5569,5556.919,5571.927,38.380837776924416,-45.69622992962856,84.07706770655298,0.8399125668798121,1.0680929626704916,0.5257726474812371
HTDPA_3h_150726,1,682,5561,5577,5564.922,5579.933,38.341082911615246,-45.69622992962856,84.0373128412438,0.8390425855844099,1.07831328684297,0.7364299188107166
HTDPA_3h_150726,1,683,5569,5585,5572.929,5587.94,38.341082911615246,-45.62467117207205,83.9657540836873,0.8403585587940574,1.0763426605618358,0.6554547337645872
HTDPA_3h_150726,1,684,5577,5594,5580.934,5596.944,38.35556633186311,-45.610431702134036,83.96599803399715,0.8409384629891261,1.0728710716552106,0.6734325139682547
HTDPA_3h_150726,1,685,5585,5602,5588.94,5604.947,38.35556633186311,-45.421306965622314,83.77687329748542,0.8444399532777205,1.0744326221261153,0.3869481939717055
HTDPA_3h_150726,1,686,5594,5610,5597.944,5612.951,38.37388067549531,-45.422915230628,83.79679590612331,0.844813250771284,1.054563116568468,0.4866475119642762
HTDPA_3h_150726,1,687,5602,5618,5605.947,5620.956,38.37388067549531,-45.73300318003956,84.10688385553487,0.8390850809518631,1.0482532178208155,0.898314515128422
HTDPA_3h_150726,1,688,5610,5626,5613.951,5628.959,38.131375997109366,-45.73300318003956,83.86437917714892,0.8337824622405736,1.060656229171672,0.7278456178190678
HTDPA_3h_150726,1,689,5618,5634,5621.957,5636.967,38.131375997109366,-45.76828562300143,83.8996616201108,0.8331397053235038,1.0696110136107384,0.7437851380646117
HTDPA_3h_150726,1,690,5626,5642,5629.959,5644.969,38.3868010067208,-45.76828562300143,84.15508662972223,0.8387205350647661,1.0854255878641856,0.8176939792616477
HTDPA_3h_150726,1,691,5634,5650,5637.965,5652.973,38.3868010067208,-45.48006284950993,83.86686385623074,0.8440357950634283,1.0894661812398445,0.3742342150170615
HTDPA_3h_150726,1,692,5642,5659,5645.97,5661.982,38.58010903928665,-45.47371110625713,84.05382014554377,0.848404673837541,1.0722950827684041,0.582207235310349
HTDPA_3h_150726,1,693,5650,5667,5653.974,5669.989,38.58010903928665,-45.476168679748966,84.05627771903562,0.8483588252777942,1.054415858899937,0.5514647469839424
HTDPA_3h_150726,1,694,5659,5675,5662.983,5677.991,38.58905388398121,-45.483044464408124,84.07209834838933,0.8484272400493842,1.0464339252700643,0.46445995708737614
HTDPA_3h_150726,1,695,5667,5683,5670.989,5685.997,38.58905388398121,-45.756856099225054,84.34590998320627,0.8433502030886855,1.0584169805702446,0.7774102703085017
HTDPA_3h_150726,1,696,5675,5691,5678.992,5694.0,38.54880208285568,-45.756856099225054,84.30565818208073,0.8424705141293252,1.0740264482060944,0.7340858586156231
HTDPA_3h_150726,1,697,5683,5700,5686.998,5703.005,38.541221552856946,-45.50200934219993,84.04323089505688,0.8470224086810306,1.0965247904721924,0.4909187078574467
HTDPA_3h_150726,1,698,5691,5708,5695.0,5711.011,38.69369953171094,-45.50200934219993,84.19570887391087,0.8503734250659836,1.087299265759212,0.5950360117081603
HTDPA_3h_150726,1,699,5700,5716,5704.006,5719.016,38.699373635214165,-45.32452193898779,84.02389557420196,0.8538286115253049,1.0729330533323185,0.6243117030588321
HTDPA_3h_150726,1,700,5708,5724,5712.013,5727.021,38.41562328406995,-45.32452193898779,83.74014522305774,0.8475681957723009,1.060856032073927,0.3576441580174772
HTDPA_3h_150726,1,701,5716,5732,5720.016,5735.024,38.41562328406995,-45.49397705236814,83.90960033643809,0.8444111896361514,1.0490737672922092,0.6646737418124445
HTDPA_3h_150726,1,702,5724,5740,5728.021,5743.028,38.54780821122294,-45.49397705236814,84.04178526359108,0.8473167374848443,1.0580105131158817,0.6750248344370765
HTDPA_3h_150726,1,703,5732,5748,5736.024,5751.03,38.54780821122294,-45.71511349065043,84.26292170187338,0.8432180359588666,1.064290848833321,0.9574186889983327
HTDPA_3h_150726,1,704,5740,5756,5744.028,5759.034,38.21734589334044,-45.71511349065043,83.93245938399087,0.8359893036502377,1.0762313041175264,0.9831332149200888
HTDPA_3h_150726,1,705,5748,5764,5752.031,5767.036,38.21734589334044,-45.45372525124261,83.67107114458305,0.8407967813880263,1.073953961189327,0.26152030598549003
HTDPA_3h_150726,1,706,5756,5773,5760.034,5776.04,38.37367286597211,-45.44953291999182,83.82320578596392,0.8443139104096874,1.0633070978690156,0.5274928169592313
HTDPA_3h_150726,1,707,5764,5781,5768.036,5784.043,38.37367286597211,-45.36499962002986,83.73867248600197,0.8458872079220542,1.0504197951796088,0.4399144501994557
HTDPA_3h_150726,1,708,5773,5789,5777.041,5792.047,38.76844771368886,-45.37024003409334,84.1386877477822,0.8544906900328588,1.043952692084,1.055153412278898
HTDPA_3h_150726,1,709,5781,5797,5785.043,5800.052,38.76844771368886,-45.644051668910265,84.41249938259912,0.8493647320116278,1.056141400850968,1.0962438628095208
HTDPA_3h_150726,1,710,5789,5805,5793.047,5808.053,38.339095168349786,-45.644051668910265,83.98314683726005,0.8399581931606624,1.0676219758376253,0.5965420527567625
HTDPA_3h_150726,1,711,5797,5813,5801.051,5816.058,38.339095168349786,-45.642560861461185,83.98165602981098,0.8399856284295791,1.0717244076731516,0.7978891591074615
HTDPA_3h_150726,1,712,5805,5822,5809.055,5825.063,38.368721578201786,-45.62806840601666,83.99678998421845,0.8409017282253036,1.1016635143025202,0.8420402253722455
HTDPA_3h_150726,1,713,5813,5830,5817.058,5833.066,38.368721578201786,-45.413283710987194,83.78200528918899,0.844878820531512,1.106874065305146,0.4196691760719208
HTDPA_3h_150726,1,714,5822,5838,5826.064,5841.072,38.427549743662695,-45.413473450117074,83.84102319377976,0.8461706807313949,1.0600247842839532,0.3409568742739337
HTDPA_3h_150726,1,715,5830,5846,5834.067,5849.076,38.427549743662695,-45.53919821165733,83.96674795532002,0.8438345700567438,1.046996338946765,0.7936436269374822
HTDPA_3h_150726,1,716,5838,5854,5842.073,5857.081,38.59004775561394,-45.53919821165733,84.12924596727126,0.8474028808380619,1.0574420586819433,0.7356251772044115
HTDPA_3h_150726,1,717,5846,5863,5850.076,5866.086,38.58599998750973,-45.80035153595195,84.38635152346168,0.842482616257232,1.0951966852236616,0.9778451981940193
HTDPA_3h_150726,1,718,5854,5870,5858.082,5873.091,38.53687562326292,-45.8110221032088,84.34789772647173,0.841214054042327,1.0821982007321214,0.7756450016496165
HTDPA_3h_150726,1,719,5863,5878,5867.087,5881.096,38.54140225679017,-45.24940331394677,83.79080557073695,0.8517549278911914,1.0475328584769137,0.34726822662759593
HTDPA_3h_150726,1,720,5870,5887,5874.092,5890.103,38.362143955032444,-45.2317123988842,83.59385635391664,0.8481249530579077,1.06565170777559,0.4923398642286068
HTDPA_3h_150726,1,721,5878,5895,5882.097,5898.106,38.362143955032444,-45.2713227010468,83.63346665607924,0.8473828831633718,1.0547177005261106,0.597562691705041
HTDPA_3h_150726,1,722,5887,5903,5891.104,5906.11,38.50358092356649,-45.2738344857186,83.77741540928508,0.8504599038482646,1.042518724132858,0.8389686098654819
HTDPA_3h_150726,1,723,5895,5911,5899.107,5914.114,38.50358092356649,-45.41098877103525,83.91456969460174,0.8478912696154602,1.0536045230313,0.8692048038658402
HTDPA_3h_150726,1,724,5903,5919,5907.11,5922.117,38.367917445698936,-45.41098877103525,83.77890621673419,0.8449038103784114,1.0717487253092626,0.5940390056408715
HTDPA_3h_150726,1,725,5911,5927,5915.115,5930.12,38.367917445698936,-45.48354140022449,83.85145884592342,0.8435560702735774,1.0769232560162791,0.6313067673361505
HTDPA_3h_150726,1,726,5919,5935,5923.117,5938.126,38.45686895682821,-45.48354140022449,83.9404103570527,0.8455117559653875,1.0751887240936564,0.7794103578109727
HTDPA_3h_150726,1,727,5927,5943,5931.121,5946.129,38.45686895682821,-45.41794587246436,83.87481482929257,0.8467328985951244,1.0934314715552813,0.6693414067684198
HTDPA_3h_150726,1,728,5935,5952,5939.126,5955.131,38.452206795351046,-45.414982327959486,83.86718912331054,0.8466854950569507,1.0942624572530308,0.4995520236631736
HTDPA_3h_150726,1,729,5943,5960,5947.129,5963.136,38.452206795351046,-45.29727178585768,83.74947858120873,0.8488857116413854,1.0643086289674204,0.3767101193106574
HTDPA_3h_150726,1,730,5952,5968,5956.132,5971.141,38.288407715080595,-45.30414757051685,83.59255528559744,0.8451413340353418,1.050297097411329,0.3807504636895349
HTDPA_3h_150726,1,731,5960,5976,5964.136,5979.146,38.288407715080595,-45.820463883719725,84.10887159880032,0.835618072576622,1.0618931480142042,0.7533225015509173
HTDPA_3h_150726,1,732,5968,5984,5972.142,5987.151,38.387794878353525,-45.820463883719725,84.20825876207326,0.8377871288202503,1.076214638371811,0.3849659201557961
HTDPA_3h_150726,1,733,5976,5992,5980.146,5995.156,38.387794878353525,-45.50391576869544,83.89171064704897,0.8436151972829232,1.0750973971257338,0.34162909168453603
HTDPA_3h_150726,1,734,5984,6001,5988.152,6004.161,38.517007225805,-45.496805068923095,84.0138122947281,0.8465870772124681,1.06501616144933,0.8100443942380424
HTDPA_3h_150726,1,735,5992,6009,5996.157,6012.167,38.517007225805,-45.481481375385734,83.99848860119073,0.8468723106862157,1.0544165198463264,1.0525289970493363
HTDPA_3h_150726,1,736,6001,6017,6005.161,6020.168,38.12441889568026,-45.490001565837225,83.61442046151748,0.8380834817185743,1.0523166542579352,0.4141340782123057
HTDPA_3h_150726,1,737,6009,6025,6013.166,6028.172,38.12441889568026,-45.685794277484895,83.81021317316515,0.8344917604829502,1.0629516080645605,0.6478803941797955
HTDPA_3h_150726,1,738,6017,6033,6021.169,6036.176,38.353009371207996,-45.685794277484895,84.03880364869289,0.8394952955892752,1.0739825260060485,0.540915713660603
HTDPA_3h_150726,1,739,6025,6042,6029.172,6045.183,38.34869958240062,-45.603926360538,83.95262594293862,0.8409078481361756,1.103945550775503,0.579207191942294
HTDPA_3h_150726,1,740,6033,6050,6037.177,6053.185,38.31566690340736,-45.603926360538,83.91959326394536,0.8401835096497894,1.1006966721291294,0.6672283904653841
HTDPA_3h_150726,1,741,6042,6058,6046.183,6061.192,38.31673305661338,-45.38812972348248,83.70486278009585,0.8442016291495138,1.0749922081628998,0.4497741655881622
HTDPA_3h_150726,1,742,6050,6066,6054.186,6069.196,38.352015499575266,-45.38812972348248,83.74014522305774,0.8449789787159497,1.0580432072677979,0.5600012461946591
HTDPA_3h_150726,1,743,6058,6074,6062.192,6077.201,38.352015499575266,-45.364773740113336,83.71678923968861,0.845414014832017,1.0488525443054313,0.5077939762325965
HTDPA_3h_150726,1,744,6066,6082,6070.197,6085.205,38.317229992429745,-45.364773740113336,83.68200373254308,0.8446472192706679,1.0637930543691123,0.4507774531461632
HTDPA_3h_150726,1,745,6074,6090,6078.202,6093.21,38.317229992429745,-45.773751916981446,84.0909819094112,0.837100486364426,1.0744000055180913,0.7092375560663873
HTDPA_3h_150726,1,746,6082,6098,6086.205,6101.214,38.23722332599503,-45.773751916981446,84.01097524297649,0.8353526142087893,1.0791142363504194,0.297295247784788
HTDPA_3h_150726,1,747,6090,6106,6094.211,6109.216,38.23722332599503,-45.58839485747744,83.82561818347247,0.8387490598327862,1.074321552654436,0.36914485579631345
HTDPA_3h_150726,1,748,6098,6115,6102.215,6118.223,38.193185777468464,-45.578663950673345,83.7718497281418,0.8379619424299564,1.0725074951790654,0.6480011958940897
HTDPA_3h_150726,1,749,6106,6123,6110.217,6126.227,38.193185777468464,-45.3145832226605,83.50776900012897,0.8428453504647742,1.0619263510995496,0.37529807532511333
HTDPA_3h_150726,1,750,6115,6131,6119.224,6134.229,38.075719185676526,-45.31806177337506,83.39378095905158,0.840188606831515,1.0464214685196638,0.3692894598846414
HTDPA_3h_150726,1,751,6123,6139,6127.227,6142.234,38.075719185676526,-45.61870794227568,83.6944271279522,0.8346514161220044,1.055227629907653,0.6338116980661564
HTDPA_3h_150726,1,752,6131,6147,6135.229,6150.239,38.06876208424741,-45.61870794227568,83.68747002652309,0.8344989106753812,1.0690376275225042,0.6338643880598795
HTDPA_3h_150726,1,753,6139,6155,6143.234,6158.245,38.06876208424741,-45.617217134826575,83.68597921907399,0.8345261827728575,1.0748892682442301,0.6972632479038373
HTDPA_3h_150726,1,754,6147,6164,6151.239,6167.25,38.37020335045422,-45.6032035448051,83.97340689525932,0.8413927173505593,1.1029025554363778,0.9475590357338877
HTDPA_3h_150726,1,755,6155,6172,6159.246,6175.255,38.37020335045422,-45.590662691839384,83.9608660422936,0.8416241634785974,1.122590280426478,0.48891138410122603
HTDPA_3h_150726,1,756,6164,6180,6168.25,6183.259,38.32120547896066,-45.59535195890653,83.91655743786718,0.8404629821368239,1.0778115715382992,0.3810363123860057
HTDPA_3h_150726,1,757,6172,6188,6176.255,6191.262,38.32120547896066,-45.45124057216078,83.77244605112143,0.8431278221794606,1.0465959899179869,0.7202893616011374
HTDPA_3h_150726,1,758,6180,6196,6184.259,6199.266,38.39823053049718,-45.45124057216078,83.84947110265796,0.844822496528651,1.0549419870909675,0.45383114150759857
HTDPA_3h_150726,1,759,6188,6204,6192.263,6207.269,38.39823053049718,-45.82096081953609,84.21919135003327,0.838005791317362,1.0645168596134391,0.5436937755565812
HTDPA_3h_150726,1,760,6196,6212,6200.267,6215.272,38.381831648557146,-45.82096081953609,84.20279246809324,0.8376479009185853,1.076910904131398,0.6649843015981668
HTDPA_3h_150726,1,761,6204,6220,6208.269,6223.278,38.381831648557146,-45.453228315426244,83.83505996398338,0.8444247652158701,1.0766725719802543,0.44995447647950954
HTDPA_3h_150726,1,762,6212,6229,6216.272,6232.283,38.42116185962325,-45.443641971768734,83.86480383139198,0.8454683690073056,1.0872837911448576,0.47777929181732576
HTDPA_3h_150726,1,763,6220,6237,6224.279,6240.29,38.42116185962325,-45.30197008812151,83.72313194774475,0.8481123841829904,1.086510398417389,0.3519968850673646
HTDPA_3h_150726,1,764,6229,6245,6233.284,6248.296,38.361954215902564,-45.30414757051685,83.6661017864194,0.8467647284653438,1.0518875274963226,0.662205222018948
HTDPA_3h_150726,1,765,6237,6253,6241.293,6256.3,38.361954215902564,-45.46863332573355,83.8305875416361,0.8437015016721677,1.0492853611089723,0.7492317496072731
HTDPA_3h_150726,1,766,6245,6261,6249.297,6264.304,38.2784689987533,-45.46863332573355,83.74710232448685,0.841865395964939,1.058638791199865,0.5045310840399483
HTDPA_3h_150726,1,767,6253,6269,6257.302,6272.306,38.2784689987533,-45.38564504440065,83.66411404315394,0.8434047585157285,1.0675628161622677,0.5812045616535939
HTDPA_3h_150726,1,768,6261,6277,6265.304,6280.312,38.25064059303688,-45.38564504440065,83.63628563743752,0.8427916041650699,1.08426502779205,0.7945771936495757
HTDPA_3h_150726,1,769,6269,6285,6273.307,6288.316,38.25064059303688,-45.33644839858054,83.58708899161742,0.8437061557348299,1.0951934676328978,0.41647305371422144
HTDPA_3h_150726,1,770,6277,6294,6281.312,6297.326,38.38447896117887,-45.33142482923694,83.71590379041581,0.8467520953901814,1.079788367122679,0.6373613862647131
HTDPA_3h_150726,1,771,6285,6302,6289.317,6305.328,38.38447896117887,-45.28527304469165,83.66975200587052,0.8476150496718339,1.054801812624518,0.4854892432571185
HTDPA_3h_150726,1,772,6294,6310,6298.325,6313.333,38.263063988446,-45.29222111092409,83.55528509937008,0.8448043184885292,1.0547348890484176,0.4316214962442345
HTDPA_3h_150726,1,773,6302,6318,6306.329,6321.339,38.263063988446,-45.117796639380096,83.3808606278261,0.84807031456516,1.0668218059712962,0.5213266583229064
HTDPA_3h_150726,1,774,6310,6326,6314.334,6329.342,38.43599765254089,-45.117796639380096,83.55379429192098,0.8519032513877874,1.0758415581001675,0.39591728223245204
HTDPA_3h_150726,1,775,6318,6335,6322.34,6338.346,38.43185953247008,-45.439485781304604,83.87134531377468,0.845781127837549,1.1023915906419541,0.8257309051986449
HTDPA_3h_150726,1,776,6326,6343,6330.343,6346.351,38.289211847583445,-45.439485781304604,83.72869762888806,0.8426418386833279,1.0948061962892621,0.8359050336745489
HTDPA_3h_150726,1,777,6335,6351,6339.346,6354.357,38.28989852252969,-45.362785996847876,83.65268451937757,0.8440817220792025,1.075018907992702,0.3496511165103431
HTDPA_3h_150726,1,778,6343,6359,6347.352,6362.363,38.31772692824611,-45.362785996847876,83.68051292509398,0.8446951854083365,1.0598891667890282,0.3490946179473113
HTDPA_3h_150726,1,779,6351,6367,6355.357,6370.371,38.31772692824611,-45.511866741757274,83.82959367000339,0.8419282633619043,1.049055577973165,0.650367235154976
HTDPA_3h_150726,1,780,6359,6375,6363.363,6378.373,38.404690696109924,-45.511866741757274,83.9165574378672,0.8438390566140743,1.07282241482234,0.7497811308240762
HTDPA_3h_150726,1,781,6367,6383,6371.37,6386.378,38.404690696109924,-45.754868355959594,84.15955905206951,0.839357473336664,1.0820805025065077,0.8754288278606909
HTDPA_3h_150726,1,782,6375,6391,6379.373,6394.383,38.2938740090606,-45.754868355959594,84.04874236502019,0.836935508395421,1.075671082037472,0.8301241619071414
HTDPA_3h_150726,1,783,6383,6399,6387.379,6402.388,38.2938740090606,-45.46565171083535,83.75952571989595,0.8422594325186903,1.0731464382973581,0.4626747828563366
HTDPA_3h_150726,1,784,6391,6408,6395.384,6411.393,38.17912701146367,-45.460628141491746,83.63975515295542,0.8398284091595674,1.0686091881467492,0.5205778221785209
HTDPA_3h_150726,1,785,6399,6416,6403.388,6419.398,38.17912701146367,-45.404971330058906,83.58409834152258,0.8408578596808496,1.0601470042628245,0.35168491345314706
HTDPA_3h_150726,1,786,6408,6424,6412.393,6427.402,38.30729127610244,-45.41098877103525,83.71828004713768,0.8435687553347484,1.0504380907566864,0.46158266506002854
HTDPA_3h_150726,1,787,6416,6432,6420.399,6435.404,38.30729127610244,-45.63858537493025,83.94587665103269,0.8393619337979094,1.056971717236407,0.7460086309470946
HTDPA_3h_150726,1,788,6424,6440,6428.4,6443.411,38.36344502335166,-45.63858537493025,84.0020303982819,0.8405923344947738,1.067510780456375,0.5788665404638089
HTDPA_3h_150726,1,789,6432,6448,6436.405,6451.415,38.36344502335166,-45.69573299381221,84.05917801716387,0.8395410798760262,1.072690038077208,0.6376350093110033
HTDPA_3h_150726,1,790,6440,6457,6444.411,6460.419,38.18118703630242,-45.67942446383877,83.86061150014119,0.8358508778176006,1.0958031522076197,0.8218112409697147
HTDPA_3h_150726,1,791,6448,6464,6452.416,6467.422,38.1815665145622,-45.472111876448096,83.65367839101029,0.8396699633899789,1.0831714103851764,0.4311138238910815
HTDPA_3h_150726,1,792,6457,6473,6461.419,6476.427,38.28095367783513,-45.472111876448096,83.75306555428322,0.8418556363040273,1.0541914927245655,0.8005067076462877
HTDPA_3h_150726,1,793,6464,6481,6468.423,6484.432,38.270996891114514,-45.42206592214184,83.69306281325635,0.8425639854584113,1.056642884826772,0.8259533343610638
HTDPA_3h_150726,1,794,6473,6489,6477.428,6492.438,38.28641997181513,-45.431363139506196,83.71778311132132,0.8427310414228366,1.0585011457356812,0.5403497400099663
HTDPA_3h_150726,1,795,6481,6497,6485.432,6500.441,38.28641997181513,-45.662935229932124,83.94935520174725,0.8384572690964097,1.0691910160615063,0.5529011329868414
HTDPA_3h_150726,1,796,6489,6505,6493.437,6508.447,38.16665844007125,-45.662935229932124,83.82959367000338,0.8358345394987432,1.083157923326374,0.6152122494709311
HTDPA_3h_150726,1,797,6497,6513,6501.442,6516.451,38.16665844007125,-45.459191545222616,83.62584998529387,0.839580668787372,1.0799880710235532,0.5197993855588531
HTDPA_3h_150726,1,798,6505,6522,6509.448,6525.457,37.986930308087146,-45.448737822685636,83.43566813077278,0.8358192576500123,1.0727588172333093,0.582795893146985
HTDPA_3h_150726,1,799,6513,6530,6517.451,6533.461,37.986930308087146,-45.25892641122766,83.24585671931482,0.839324600034337,1.065476521446161,0.37023531970667345
HTDPA_3h_150726,1,800,6522,6538,6526.458,6541.465,38.331144195287955,-45.26339883357494,83.59454302886289,0.8468463523082835,1.0535298841397973,0.713890143859233
HTDPA_3h_150726,1,801,6530,6546,6534.461,6549.47,38.331144195287955,-45.483541400224496,83.81468559551246,0.8427475745127173,1.0590928384953595,0.8803495135269859
HTDPA_3h_150726,1,802,6538,6554,6542.466,6557.475,38.141314713436664,-45.483541400224496,83.62485611366117,0.8385739882877371,1.0724383212843511,0.555046618453652
HTDPA_3h_150726,1,803,6546,6562,6550.471,6565.48,38.141314713436664,-45.51484835665546,83.65616307009213,0.8379971831293469,1.0775627634793339,0.8912650287506698
HTDPA_3h_150726,1,804,6554,6571,6558.475,6574.484,38.17782594314446,-45.49846754510875,83.67629348825321,0.8391013588599143,1.1052791715502683,0.9685332747084764
HTDPA_3h_150726,1,805,6562,6579,6566.479,6582.487,38.17782594314446,-45.300596738229004,83.47842268137347,0.8427665128509518,1.1231710730663518,0.464521623404868
HTDPA_3h_150726,1,806,6571,6587,6575.485,6590.492,38.23970800507686,-45.301165955618664,83.54087396069552,0.8441219381094984,1.0746368562270672,0.5608960692871514
HTDPA_3h_150726,1,807,6579,6595,6583.487,6598.497,38.23970800507686,-45.29868127653684,83.53838928161369,0.8441682390627055,1.0463142186665275,0.5525343382488463
HTDPA_3h_150726,1,808,6587,6603,6591.493,6606.503,38.27598431967148,-45.29868127653684,83.57466559620832,0.8449690640221159,1.0587421049186887,0.4760399571887143
HTDPA_3h_150726,1,809,6595,6611,6599.498,6614.505,38.27598431967148,-45.79512015708513,84.0711044767566,0.8358092344419729,1.0679365803436152,0.6747894242193209
HTDPA_3h_150726,1,810,6603,6619,6607.503,6622.509,38.037455127816436,-45.79512015708513,83.83257528490157,0.8306006185231403,1.074035780068275,0.6147509469528489
HTDPA_3h_150726,1,811,6611,6627,6615.506,6630.512,38.037455127816436,-45.459191545222616,83.49664667303905,0.8367384864285792,1.074743649763508,0.46898454378269344
HTDPA_3h_150726,1,812,6619,6636,6623.509,6639.519,38.27363516853957,-45.45199049348366,83.72562566202323,0.8420673055897687,1.0782067256283667,0.8480952339842014
HTDPA_3h_150726,1,813,6627,6644,6631.513,6647.52,38.27363516853957,-45.33446065531509,83.60809582385465,0.8442503697030815,1.0699621918587372,0.5880027232644586
HTDPA_3h_150726,1,814,6636,6652,6640.517,6655.526,38.130879061292994,-45.335454526947814,83.46633358824081,0.8410829770908693,1.0472231870554043,0.5746374775246814
HTDPA_3h_150726,1,815,6644,6660,6648.521,6663.529,38.130879061292994,-45.48055978532629,83.61143884661928,0.8383995105002077,1.0531500671560936,0.834465867081914
HTDPA_3h_150726,1,816,6652,6668,6656.526,6671.535,38.274493512222385,-45.48055978532629,83.75505329754867,0.8415572212145715,1.0723914775657772,0.6421494811413162
HTDPA_3h_150726,1,817,6660,6677,6664.53,6680.545,38.26488909817155,-45.62329782217955,83.8881869203511,0.838713791521867,1.1098169037978283,0.8878418025547837
HTDPA_3h_150726,1,818,6668,6684,6672.538,6687.551,38.24815591395505,-45.640573118195725,83.88872903215078,0.8380297025390878,1.084870139193819,0.6551783048598557
HTDPA_3h_150726,1,819,6677,6692,6681.546,6695.556,38.25467932594442,-45.39998390150194,83.65466322744636,0.8426143808539736,1.0503758448474085,0.5284274752304691
HTDPA_3h_150726,1,820,6684,6701,6688.552,6704.563,38.30590889101328,-45.37851627423498,83.68442516524826,0.8441419428418512,1.0707021492148936,0.7571433445389153
HTDPA_3h_150726,1,821,6692,6709,6696.557,6712.567,38.30590889101328,-45.237531065534,83.54343995654727,0.8467727567961407,1.0589611620801822,0.5266296362147179
HTDPA_3h_150726,1,822,6701,6717,6705.564,6720.571,38.14379939251847,-45.2415336576549,83.38533305017336,0.8431146406564073,1.0557024880491919,0.352981066633279
HTDPA_3h_150726,1,823,6709,6725,6713.568,6728.574,38.14379939251847,-45.65100877033938,83.79480816285785,0.8355521689435582,1.0661109473247712,0.52138901573332
HTDPA_3h_150726,1,824,6717,6733,6721.573,6736.579,38.157713595376684,-45.65100877033938,83.80872236571606,0.8358569640232949,1.0772574339175496,0.5498729921553966
HTDPA_3h_150726,1,825,6725,6741,6729.576,6744.583,38.157713595376684,-45.449252828895325,83.606966424272,0.8395674564558983,1.0802069438038167,0.6719263573954523
HTDPA_3h_150726,1,826,6733,6750,6737.579,6753.589,38.017577695161854,-45.433920100161316,83.45149779532318,0.8367663985707205,1.0998212071385705,0.6640365654179932
HTDPA_3h_150726,1,827,6741,6758,6745.583,6761.592,38.017577695161854,-45.29900654361663,83.31658423877849,0.8392585311679237,1.0967083734686134,0.17627843080438335
HTDPA_3h_150726,1,828,6750,6766,6754.59,6769.594,37.989749289445434,-45.30215982725138,83.29190911669681,0.8385858297774318,1.052932921289725,0.6240487199527615
HTDPA_3h_150726,1,829,6758,6774,6762.592,6777.599,37.989749289445434,-45.3414177567442,83.33116704618963,0.8378597575677867,1.0502976181373318,0.7294084322261387
HTDPA_3h_150726,1,830,6766,6782,6770.595,6785.601,37.9395587719926,-45.3414177567442,83.2809765287368,0.8367528112053658,1.0736072966575188,0.6064373556737132
HTDPA_3h_150726,1,831,6774,6790,6778.6,6793.606,37.9395587719926,-45.52677481624821,83.46633358824081,0.8333460677836598,1.0816344050185693,0.6982154296805411
HTDPA_3h_150726,1,832,6782,6798,6786.602,6801.609,37.99571251924181,-45.52677481624821,83.52248733549003,0.8345794902581456,1.0826998828731074,0.7894850513163755
HTDPA_3h_150726,1,833,6790,6806,6794.607,6809.613,37.99571251924181,-45.249981566533094,83.24569408577491,0.839684596630719,1.0795669801759877,0.3973826096300163
HTDPA_3h_150726,1,834,6798,6815,6802.61,6818.615,38.144323433924804,-45.24280762038411,83.38713105430892,0.8431024828074309,1.069026395734765,0.7245012105131111
HTDPA_3h_150726,1,835,6806,6823,6810.613,6826.621,38.144323433924804,-45.266407554063115,83.41073098798792,0.842662925887543,1.057319910308842,0.4682390392466967
HTDPA_3h_150726,1,836,6815,6831,6819.615,6834.626,38.16019827445851,-45.27284061408587,83.43303888854439,0.8428938356164383,1.0504635576694812,0.571776110068801
HTDPA_3h_150726,1,837,6823,6839,6827.622,6842.63,38.16019827445851,-45.470621068999,83.63081934345752,0.8392275578675876,1.0604927436422138,0.804760209872075
HTDPA_3h_150726,1,838,6831,6847,6835.627,6850.634,37.92962005566531,-45.470621068999,83.40024112466432,0.834156630456165,1.0750293115963685,0.7243873228107168
HTDPA_3h_150726,1,839,6839,6855,6843.63,6858.639,37.92962005566531,-45.5113698059409,83.44098986160621,0.8334097658979736,1.0806944532210945,0.8171866643638522
HTDPA_3h_150726,1,840,6847,6864,6851.635,6867.643,38.59268603303901,-45.4953594374573,84.08804547049631,0.848277417965948,1.1116934573848316,1.174072283253401
HTDPA_3h_150726,1,841,6855,6871,6859.639,6874.645,38.629802620923115,-45.239048978573074,83.8688515994962,0.8539039500856804,1.1001061695410195,1.015503519541164
HTDPA_3h_150726,1,842,6864,6880,6868.643,6883.649,38.04490916506191,-45.239048978573074,83.28395814363498,0.8409749989015335,1.0576735622554567,0.7054944956591803
HTDPA_3h_150726,1,843,6871,6888,6875.645,6891.654,38.03409403465849,-45.2463494174753,83.2804434521338,0.840600281002311,1.0577543784095402,0.6192689514627829
HTDPA_3h_150726,1,844,6880,6896,6884.65,6899.658,38.12839438221118,-45.252963181431284,83.38135756364247,0.8425612755864009,1.0532756839164865,0.4603552037951901
HTDPA_3h_150726,1,845,6888,6904,6892.654,6907.663,38.12839438221118,-45.538701275840964,83.66709565805215,0.8372745228559894,1.063195081486031,0.7537778411318212
HTDPA_3h_150726,1,846,6896,6912,6900.658,6915.668,37.968877985158116,-45.538701275840964,83.50757926099908,0.8337716474426827,1.0789572768975102,0.6727260555208361
HTDPA_3h_150726,1,847,6904,6920,6908.664,6923.672,37.968877985158116,-45.363779868480606,83.33265785363872,0.836986646510456,1.0804706380185183,0.40359877872064787
HTDPA_3h_150726,1,848,6912,6929,6916.669,6932.677,37.98982157101872,-45.35690408382145,83.34672565484017,0.8375752785245649,1.0783221401023808,0.4254610592116438
HTDPA_3h_150726,1,849,6920,6937,6924.673,6940.681,37.98982157101872,-45.1713211444009,83.16114271541963,0.8410163928917465,1.0715711259939813,0.47840708933771503
HTDPA_3h_150726,1,850,6929,6945,6933.678,6948.687,38.230763160382295,-45.17494425826203,83.40570741864433,0.8462824644966835,1.049858404563037,0.7420066730219266
HTDPA_3h_150726,1,851,6937,6953,6941.682,6956.692,38.230763160382295,-45.176435065711125,83.40719822609341,0.8462545374546255,1.0516099108831685,0.8404842024987677
HTDPA_3h_150726,1,852,6945,6961,6949.687,6964.695,38.14330245670211,-45.176435065711125,83.31973752241323,0.8443185568144318,1.0715451687742419,0.7250872264667517
HTDPA_3h_150726,1,853,6953,6969,6957.692,6972.699,38.14330245670211,-45.37272471317516,83.51602716987728,0.8406659000054763,1.0795144809770651,0.5742955575918254
HTDPA_3h_150726,1,854,6961,6978,6965.695,6981.704,38.21367760349601,-45.366806659362105,83.5804842628581,0.842326811548021,1.1094290646936926,0.8741857170778458
HTDPA_3h_150726,1,855,6969,6985,6973.699,6988.706,38.21535815007499,-45.1486066599947,83.36396481006969,0.8464349395733817,1.0976614249466345,0.30755668947757625
HTDPA_3h_150726,1,856,6978,6994,6982.705,6997.71,38.30878208355154,-45.1486066599947,83.45738874354623,0.8485041935412861,1.0666913846759303,0.7874524841613659
HTDPA_3h_150726,1,857,6985,7002,6989.707,7005.714,38.30218638998888,-45.163370171339075,83.46555656132796,0.8480807841549358,1.0681525880312717,0.7061663006352852
HTDPA_3h_150726,1,858,6994,7010,6998.71,7013.72,38.282444485284216,-45.17494425826204,83.45738874354626,0.8474264908092886,1.0545083926285272,0.5932377459153171
HTDPA_3h_150726,1,859,7002,7018,7006.715,7021.726,38.282444485284216,-45.45124057216079,83.733685057445,0.8422750183134162,1.06522318555763,0.7039050445103887
HTDPA_3h_150726,1,860,7010,7026,7014.721,7029.729,37.93210473474713,-45.45124057216079,83.38334530690793,0.8345669833703244,1.0830177953365674,0.6494299591763704
HTDPA_3h_150726,1,861,7018,7035,7022.724,7038.733,37.93141805980089,-45.112122535876885,83.04354059567777,0.8408253907723959,1.1083961731796905,0.4790845855932934
HTDPA_3h_150726,1,862,7026,7043,7030.73,7046.737,38.028709057448424,-45.112122535876885,83.14083159332532,0.8429820394109112,1.0817755742394248,0.5378802688666947
HTDPA_3h_150726,1,863,7035,7051,7039.733,7054.743,38.03596432036735,-45.25793253959493,83.29389685996227,0.8404264663899687,1.0447083896748675,0.9353873460012636
HTDPA_3h_150726,1,864,7043,7059,7047.738,7062.748,38.16765231170398,-45.25793253959493,83.42558485129891,0.8433361881546874,1.052678934975885,0.6358541815582694
HTDPA_3h_150726,1,865,7051,7067,7055.744,7070.752,38.16765231170398,-45.35930744613332,83.5269597578373,0.8414513902583317,1.0651170112893575,0.7056471764117908
HTDPA_3h_150726,1,866,7059,7075,7063.749,7078.756,37.98577380291451,-45.35930744613332,83.34508124904784,0.8374416617366724,1.0815810750375145,0.7071870640002829
HTDPA_3h_150726,1,867,7067,7083,7071.753,7086.759,37.98577380291451,-45.074066287540006,83.05984009045451,0.8427412242017991,1.078915641807967,0.4452838271191408
HTDPA_3h_150726,1,868,7075,7092,7079.756,7095.764,37.96416161250098,-45.06474196458567,83.02890357708665,0.8424360144419619,1.0828021476206604,0.5162118749493851
HTDPA_3h_150726,1,869,7083,7100,7087.759,7103.767,37.96416161250098,-45.203341881368104,83.16750349386908,0.8398529850322645,1.0715475243190247,0.6909796111522257
HTDPA_3h_150726,1,870,7092,7108,7096.764,7111.771,38.21287347099316,-45.21072363704029,83.42359710803345,0.8452170281053869,1.0479533096517368,0.5634508804117303
HTDPA_3h_150726,1,871,7100,7116,7104.767,7119.776,38.21287347099316,-45.26787125592223,83.48074472691539,0.8441499989022326,1.0597954051856755,0.9227031805275275
HTDPA_3h_150726,1,872,7108,7124,7112.772,7127.78,37.970865728423576,-45.26787125592223,83.2387369843458,0.8388038729224756,1.0804900121827874,0.734643948801232
HTDPA_3h_150726,1,873,7116,7132,7120.777,7135.787,37.970865728423576,-45.16500554193474,83.13587127035831,0.8407142935733384,1.0798870299181071,0.4063265330520015
HTDPA_3h_150726,1,874,7124,7141,7128.781,7144.793,37.98714715280701,-45.15849116514203,83.14563831794905,0.8411961111342311,1.084071566836393,0.45780979255881343
HTDPA_3h_150726,1,875,7132,7149,7136.787,7152.8,37.98714715280701,-45.1849100801793,83.1720572329863,0.8407042768348976,1.0713787099210437,0.46932502221533623
HTDPA_3h_150726,1,876,7141,7157,7145.795,7160.802,38.214364278442254,-45.1908462043857,83.40521048282795,0.8456217904309482,1.0437210352850748,0.49423238937314545
HTDPA_3h_150726,1,877,7149,7165,7153.8,7168.807,38.214364278442254,-45.27681610061679,83.49118037905905,0.844016155939942,1.0548202836246647,0.8594936075994642
HTDPA_3h_150726,1,878,7157,7173,7161.803,7176.811,37.98875541781271,-45.27681610061679,83.26557151842951,0.83903327772412,1.0736456468073066,0.6990140727389904
HTDPA_3h_150726,1,879,7165,7182,7169.808,7185.817,37.9862436331409,-45.315306038393395,83.3015496715343,0.8382651901535666,1.1029172002359886,0.5221767889356601
HTDPA_3h_150726,1,880,7173,7190,7177.812,7193.821,38.060006978682736,-45.315306038393395,83.37531301707614,0.8398929700802725,1.0849374588949023,0.6352093123457949
HTDPA_3h_150726,1,881,7182,7198,7186.818,7201.827,38.064289661900126,-45.04723175345632,83.11152141535645,0.8449862107004962,1.0433442783222624,0.6063441117382679
HTDPA_3h_150726,1,882,7190,7206,7194.822,7209.836,37.99571251924181,-45.04723175345632,83.04294427269814,0.8434638720353006,1.0425820880010952,0.4569080246544282
HTDPA_3h_150726,1,883,7198,7214,7202.828,7217.84,37.99571251924181,-45.27134980663678,83.26706232587858,0.8392882624779092,1.055160594536935,0.7259883266392655
HTDPA_3h_150726,1,884,7206,7222,7210.836,7225.844,37.978319765669035,-45.27134980663678,83.2496695723058,0.8389040735008395,1.0796142921538125,0.7699473514559072
HTDPA_3h_150726,1,885,7214,7230,7218.84,7233.848,37.978319765669035,-45.23060106969487,83.2089208353639,0.8396598512398509,1.0809612426110218,0.472819808413532
HTDPA_3h_150726,1,886,7222,7239,7226.845,7242.853,37.89769870586138,-45.22123157075723,83.11893027661861,0.8380510081102769,1.1055272809495413,0.4103175186369499
HTDPA_3h_150726,1,887,7230,7247,7234.849,7250.858,37.89769870586138,-45.03445598537741,82.9321546912388,0.841526734955268,1.1221924895201831,0.3083181439641041
HTDPA_3h_150726,1,888,7239,7255,7243.853,7258.864,37.97782282985267,-45.041268523659944,83.01909135351261,0.8431783578631475,1.0703374188659616,0.4801131316517169
HTDPA_3h_150726,1,889,7247,7263,7251.858,7266.87,37.97782282985267,-45.193330883467524,83.1711537133202,0.8403413089373678,1.0466694896811788,0.5616177524974804
HTDPA_3h_150726,1,890,7255,7271,7259.864,7274.872,38.04391529342918,-45.193330883467524,83.2372461768967,0.8418037473610134,1.0582828180289647,0.5492225718055508
HTDPA_3h_150726,1,891,7263,7279,7267.871,7282.877,38.04391529342918,-45.29818434072046,83.34209963414963,0.8398551917064342,1.0724290778999377,0.6859959931310811
HTDPA_3h_150726,1,892,7271,7287,7275.873,7290.882,37.95446684648354,-45.29818434072046,83.25265118720401,0.8378805331578083,1.0867697647797028,0.7044323472530571
HTDPA_3h_150726,1,893,7279,7295,7283.877,7298.887,37.95446684648354,-45.06611531447817,83.02058216096171,0.8421952187720537,1.0801195656241147,0.4037847544368858
HTDPA_3h_150726,1,894,7287,7304,7291.882,7307.892,37.92339480516575,-45.05867031242935,82.9820651175951,0.8416447831729436,1.0733067436609032,0.5859816173492374
HTDPA_3h_150726,1,895,7295,7312,7299.888,7315.893,37.92339480516575,-45.0768852688983,83.00028007406405,0.8413046859591196,1.0609248745694946,0.6427921232510014
HTDPA_3h_150726,1,896,7304,7320,7308.892,7323.897,38.01708075934548,-45.0825141964182,83.09959495576368,0.8432777416474686,1.0426951495364833,0.533730325790558
HTDPA_3h_150726,1,897,7312,7328,7316.893,7331.902,38.01708075934548,-45.103882436521886,83.12096319586738,0.8428782336609227,1.0559851081972154,0.7950714725558472
HTDPA_3h_150726,1,898,7320,7336,7324.897,7339.905,37.85408581157788,-45.103882436521886,82.95796824809977,0.8392644660878763,1.077703283702518,0.7016059758354835
HTDPA_3h_150726,1,899,7328,7345,7332.902,7348.91,37.84789670186498,-44.741607191195385,82.58950389306037,0.8459217063912938,1.0982263460053774,0.40814682725834817
HTDPA_3h_150726,1,900,7336,7353,7340.906,7356.913,37.85884736021833,-44.741607191195385,82.60045455141372,0.8461664597437282,1.0752125994509356,0.39207000248083784
HTDPA_3h_150726,1,901,7345,7361,7349.911,7364.92,37.86452146372154,-44.43898231422597,82.3035037779475,0.8520564489074767,1.0458438126918623,0.38671384236393
HTDPA_3h_150726,1,902,7353,7369,7357.913,7372.923,37.925644569134384,-44.43898231422597,82.36462688336036,0.8534318878178605,1.0500254843435455,0.44054451114663407
HTDPA_3h_150726,1,903,7361,7377,7365.918,7380.926,37.925644569134384,-44.52892769698797,82.45457226612236,0.8517080138828439,1.0567196046548815,0.7979230500343444
HTDPA_3h_150726,1,904,7369,7385,7373.924,7388.931,38.018571566794584,-44.52892769698797,82.54749926378256,0.8537949044159499,1.067630763694888,0.758646222751981
HTDPA_3h_150726,1,905,7377,7393,7381.926,7396.934,38.018571566794584,-44.60992823505541,82.62849980185,0.8522446251531693,1.0739507066542455,0.6669542206932988
HTDPA_3h_150726,1,906,7385,7401,7389.931,7404.938,38.53240320091564,-44.60992823505541,83.14233143597104,0.863762949760499,1.0836525892140154,1.1076743769051371
HTDPA_3h_150726,1,907,7393,7410,7397.935,7413.943,38.501864236200866,-44.21803561507358,82.71989985127445,0.8707276047124057,1.1127431458104786,1.122172888784804
HTDPA_3h_150726,1,908,7401,7418,7405.94,7421.949,37.986279773927535,-44.21803561507358,82.20431538900112,0.859067555705218,1.0898761175152385,0.5736006731857276
HTDPA_3h_150726,1,909,7410,7426,7414.943,7429.952,37.994718647609076,-44.2178458759437,82.21256452355277,0.8592620896595902,1.0502488800215781,0.5730950380502767
HTDPA_3h_150726,1,910,7418,7434,7422.95,7437.957,38.013602208630935,-44.2178458759437,82.23144808457464,0.8596891471212955,1.0716727711003955,0.5093506046157472
HTDPA_3h_150726,1,911,7426,7442,7430.953,7445.961,38.013602208630935,-44.89765407273055,82.91125628136149,0.8466723483381111,1.0781599655511784,1.155191944619257
HTDPA_3h_150726,1,912,7434,7450,7438.96,7453.963,38.186535872725834,-44.89765407273055,83.08418994545639,0.8505240788497935,1.0775636399455506,0.9253336563133671
HTDPA_3h_150726,1,913,7442,7458,7446.963,7461.967,38.186535872725834,-45.10239162907279,83.28892750179863,0.8466632143762188,1.0819945023747115,0.47988454998359403
HTDPA_3h_150726,1,914,7450,7466,7454.963,7469.971,38.05286013812375,-45.10239162907279,83.15525176719655,0.8436993863002833,1.0821574738956046,0.4146488502175282
HTDPA_3h_150726,1,915,7458,7474,7462.968,7477.974,38.05286013812375,-44.86038388650321,82.91324402462695,0.8482508806522365,1.093074694969205,0.37720555712051257
HTDPA_3h_150726,1,916,7466,7483,7470.972,7486.981,38.02813080486211,-44.85404117844707,82.88217198330918,0.8478195008911505,1.0765819918950403,0.5391063500245145
HTDPA_3h_150726,1,917,7474,7491,7478.975,7494.983,38.02813080486211,-44.84688530269141,82.87501610755352,0.8479547809885454,1.0544802566087204,0.5796911974798021
HTDPA_3h_150726,1,918,7483,7499,7487.983,7502.987,38.09957210486202,-44.85740227160502,82.95697437646703,0.8493486063721363,1.055627121533415,0.5062280980250168
HTDPA_3h_150726,1,919,7491,7507,7495.984,7510.992,38.09957210486202,-44.97368525263434,83.07325735749636,0.8471525491149368,1.0677109313247284,0.594207129226958
HTDPA_3h_150726,1,920,7499,7515,7503.988,7518.996,37.93359554219622,-44.97368525263434,82.90728079483057,0.8434620229387196,1.081283381943226,0.4341064032558639
HTDPA_3h_150726,1,921,7507,7523,7511.993,7527.001,37.93359554219622,-44.851935977625004,82.78553151982123,0.8457515760550428,1.0785448220389178,0.33284455436035976
HTDPA_3h_150726,1,922,7515,7532,7519.997,7536.006,37.75877352199914,-44.844969840999234,82.60374336299837,0.8419845894840677,1.087616200982332,0.39795726305012674
HTDPA_3h_150726,1,923,7523,7540,7528.001,7544.013,37.75877352199914,-44.91186643707858,82.67063995907772,0.8407304464823142,1.1029204221661517,0.535430269630825
HTDPA_3h_150726,1,924,7532,7548,7537.006,7552.017,38.00664510720183,-44.91753150538514,82.92417661258696,0.8461427828607462,1.0695936317978236,0.6357008108059509
HTDPA_3h_150726,2,1,9,26,9.841,25.85,41.372135842163104,-46.540126235553174,87.91226207771628,0.8889562446128023,1.1312504280626845,0.8200661891211256
HTDPA_3h_150726,2,2,17,33,17.844,32.853,42.154045143016276,-46.544596324629715,88.69864146764598,0.9056700126693307,1.1040832940286127,2.1812039635717784
HTDPA_3h_150726,2,3,26,41,26.851,40.858,42.210269296618925,-46.12237249389904,88.33264179051797,0.9151799227631319,1.0572893895309772,1.8012959915171427
HTDPA_3h_150726,2,4,33,50,33.853,49.863,40.738062778791345,-46.1127923177527,86.85085509654405,0.883443849985806,1.1032677672706566,0.5414608169607561
HTDPA_3h_150726,2,5,41,58,41.858,57.866,40.738062778791345,-46.5888980413891,87.32696082018045,0.8744156760823162,1.0918751546096885,1.5747746815504313
HTDPA_3h_150726,2,6,50,67,50.861,66.873,41.43811501672469,-46.5888980413891,88.0270130581138,0.8894418361196585,1.1078580017740605,1.6563300782602628
HTDPA_3h_150726,2,7,58,75,58.866,74.879,41.43811501672469,-46.5588907127985,87.99700572952318,0.8900150837428312,1.1328391525399857,1.557536781642275
HTDPA_3h_150726,2,8,67,82,67.874,81.883,41.22580063090297,-46.58966339981402,87.81546403071698,0.8848701111471763,1.0704260030938848,1.1593056351244337
HTDPA_3h_150726,2,9,75,91,75.881,90.887,41.20655120672462,-46.28549610612638,87.492047312851,0.8902691917192282,1.0869729413330125,0.8919545335772189
HTDPA_3h_150726,2,10,82,99,82.884,98.894,40.91306594139849,-46.27642067066543,87.18948661206392,0.8841017811762879,1.099230406919419,0.8683533653209354
HTDPA_3h_150726,2,11,91,107,91.887,106.895,40.931846913437454,-46.08137303482646,87.01321994826392,0.8882514607909534,1.062413760415781,0.6960657723802731
HTDPA_3h_150726,2,12,99,115,99.893,114.9,40.99698485352338,-46.08137303482646,87.07835788834984,0.889665002441214,1.0772359825482145,0.8557228049558077
HTDPA_3h_150726,2,13,107,124,107.896,123.906,40.976036465600075,-46.42885895557252,87.4048954211726,0.882555319845568,1.129762236200445,1.385484681988371
HTDPA_3h_150726,2,14,115,131,115.9,130.911,41.38835682222907,-46.43409770203271,87.82245452426179,0.8913354381906563,1.1023964227399188,1.4431690022994805
HTDPA_3h_150726,2,15,124,140,124.907,139.917,41.38835682222907,-46.27769406873446,87.66605089096353,0.8943478635896713,1.0893704357183034,0.6474624400562208
HTDPA_3h_150726,2,16,131,148,131.911,147.918,41.24038862639853,-46.274388512088926,87.51477713848746,0.8912141241072198,1.1040448595580883,1.7112941797345929
HTDPA_3h_150726,2,17,140,156,140.915,155.923,41.279309741472396,-46.110403871633565,87.38971361310595,0.8952276769552828,1.06827726107962,1.2682371407571482
HTDPA_3h_150726,2,18,148,164,148.918,163.927,41.09206084406662,-46.110403871633565,87.20246471570019,0.891166795208789,1.0804032358245514,0.7505453115441647
HTDPA_3h_150726,2,19,156,173,156.923,172.933,41.06975328514734,-46.90190324550927,87.97165653065662,0.8756521685307016,1.126991142058418,1.7001826861965805
HTDPA_3h_150726,2,20,164,180,164.926,179.935,40.71411563738422,-46.933246652384746,87.64736228976896,0.8674898614821371,1.099607446485865,1.5895369500142715
HTDPA_3h_150726,2,21,173,189,173.934,188.939,40.71411563738422,-46.51828712877329,87.2324027661575,0.8752281769248771,1.0916545900371286,0.7418072845491865
HTDPA_3h_150726,2,22,180,197,180.936,196.943,46.237611720188305,-46.51650569106013,92.75411741124844,0.9940044083980834,1.1137953235925582,7.425502568272075
HTDPA_3h_150726,2,23,189,205,189.939,204.948,46.50467892401996,-46.127278045527696,92.63195696954766,1.0081817287835577,1.087318202147662,7.788637690243476
HTDPA_3h_150726,2,24,197,213,197.943,212.952,41.0477888179358,-46.127278045527696,87.1750668634635,0.8898810109155275,1.0831282252299983,1.0152363905048285
HTDPA_3h_150726,2,25,205,221,205.948,220.955,41.0477888179358,-46.24902611738746,87.29681493532325,0.8875384470529156,1.0696377433170847,1.0138204960862591
HTDPA_3h_150726,2,26,213,229,213.952,228.958,40.935475768038344,-46.24902611738746,87.1845018854258,0.8851100056493628,1.0823865945356048,0.6768024399228343
HTDPA_3h_150726,2,27,221,238,221.956,237.964,40.929098880816966,-46.36185050588777,87.29094938670474,0.8828184905091122,1.1295146839566865,0.6718167756557193
HTDPA_3h_150726,2,28,229,246,229.959,245.969,42.40463074904245,-46.36185050588777,88.76648125493023,0.9146449135730081,1.125580427178823,3.1759660084889583
HTDPA_3h_150726,2,29,238,254,238.967,253.974,42.479734843445904,-46.21437055594899,88.69410539939489,0.9191888655503425,1.0976539261311635,2.7398378362897335
HTDPA_3h_150726,2,30,246,262,246.97,261.981,41.27658810052174,-46.21437055594899,87.49095865647072,0.8931548261714531,1.0810206153547492,0.8270898141005006
HTDPA_3h_150726,2,31,254,270,254.975,269.985,41.27658810052174,-46.20802006039742,87.48460816091917,0.8932775749008522,1.060774887544935,0.9041762606266274
HTDPA_3h_150726,2,32,262,278,262.981,277.988,40.46481332630328,-46.20802006039742,86.6728333867007,0.8757097420190838,1.0807062242813057,0.6269486086077356
HTDPA_3h_150726,2,33,270,287,270.985,286.992,40.45032759852828,-46.279204991831925,86.72953259036021,0.8740497509770876,1.1320613156717694,0.8312494208818497
HTDPA_3h_150726,2,34,278,294,278.988,293.994,41.04833314612594,-46.29039505983757,87.33872820596352,0.8867570279550337,1.1007526276047301,1.176114214605795
HTDPA_3h_150726,2,35,287,302,287.992,301.998,41.07487986701079,-46.14179676288997,87.21667662990076,0.8901881319898167,1.0632020708308685,0.5044991583590022
HTDPA_3h_150726,2,36,294,311,294.994,311.005,41.024755488096346,-46.12699103611835,87.1517465242147,0.8893872018656744,1.104796560691632,0.9939014963913235
HTDPA_3h_150726,2,37,302,319,302.999,319.012,41.024755488096346,-46.10430739590408,87.12906288400043,0.889824786560854,1.0843902101020542,0.9941602539540277
HTDPA_3h_150726,2,38,311,328,312.006,328.017,41.21630622768355,-46.10430739590408,87.32061362358763,0.8939795120172486,1.10434770765831,0.9911056224561016
HTDPA_3h_150726,2,39,319,335,320.013,335.025,41.243021195463534,-46.42121526819955,87.66423646366309,0.8884519924172839,1.102028824132816,1.3242568679356856
HTDPA_3h_150726,2,40,328,343,329.019,343.03,42.53623940854044,-46.43436161873096,88.9706010272714,0.9160509141441912,1.071903730044272,3.3017157509995267
HTDPA_3h_150726,2,41,335,352,336.026,352.035,42.38767410118012,-46.13687471646768,88.5245488176478,0.9187374385818692,1.1200335261627634,2.459138796891462
HTDPA_3h_150726,2,42,343,360,344.032,360.04,40.93766297767506,-46.13687471646768,87.07453769414275,0.8873089742045995,1.0973372758264828,0.9209295736483791
HTDPA_3h_150726,2,43,352,368,353.036,368.043,40.96232929208491,-46.02548867397281,86.98781796605772,0.8899922732433454,1.0519705368895442,0.7771370585057507
HTDPA_3h_150726,2,44,360,376,361.04,376.049,40.891203741907525,-46.02548867397281,86.91669241588033,0.8884469219124511,1.07118000679313,0.5075796764718765
HTDPA_3h_150726,2,45,368,385,369.044,385.053,40.88394273374701,-46.40804912391579,87.2919918576628,0.8809666319862173,1.1337284404849708,1.090918800075642
HTDPA_3h_150726,2,46,376,392,377.049,392.055,41.07990418115366,-46.418856512708984,87.49876069386264,0.884983113918509,1.1041910460376647,1.0482198038731974
HTDPA_3h_150726,2,47,385,401,386.054,401.057,41.07990418115366,-46.362972151855324,87.44287633300898,0.886049842676226,1.091286405454363,0.8336973550155679
HTDPA_3h_150726,2,48,392,409,393.055,409.062,41.34026790084986,-46.35798412625846,87.69825202710831,0.8917615526218186,1.1049080938892257,1.0740639587932694
HTDPA_3h_150726,2,49,401,417,402.058,417.066,41.365132152783396,-46.12546361822724,87.49059577101065,0.8967960191176761,1.0754113218380896,0.9931268327685498
HTDPA_3h_150726,2,50,409,425,410.062,425.071,40.759839205355405,-46.12546361822724,86.88530282358265,0.8836732686898886,1.0899305339092245,0.6127213913101521
HTDPA_3h_150726,2,51,417,434,418.067,434.076,40.74232503346803,-46.33613182364366,87.07845685711169,0.8792776485644985,1.1256247662448842,1.0511308415676006
HTDPA_3h_150726,2,52,425,441,426.071,441.081,41.23576348626177,-46.34809384799168,87.58385733425345,0.8896970740911833,1.0972372719960788,1.0086550046819158
HTDPA_3h_150726,2,53,434,450,435.077,450.086,41.23576348626177,-46.641305299743365,87.87706878600514,0.8841039765344787,1.0957537774312218,1.1179407173710183
HTDPA_3h_150726,2,54,441,458,442.082,458.089,41.60550418258743,-46.63149419648605,88.23699837907348,0.8922189798868303,1.1225640148497833,1.2523119383746297
HTDPA_3h_150726,2,55,450,466,451.086,466.095,41.63094575229839,-46.23088184438302,87.86182759668141,0.9005007927910958,1.0906224651938219,0.7868581695027334
HTDPA_3h_150726,2,56,458,474,459.089,474.099,41.13778441203781,-46.23088184438302,87.36866625642082,0.8898334353757517,1.079304223849654,0.8621163726683414
HTDPA_3h_150726,2,57,466,482,467.098,482.104,41.13778441203781,-46.24049830907538,87.37828272111318,0.8896483800211106,1.0596234440320482,0.862021491979453
HTDPA_3h_150726,2,58,474,491,475.099,491.107,41.19475742927173,-46.23354740303532,87.42830483230705,0.8910144201170949,1.1046150670740167,0.5878979516401005
HTDPA_3h_150726,2,59,482,499,483.104,499.11,41.19475742927173,-46.48338414543022,87.67814157470195,0.8862254370376256,1.1342824504428672,0.8859612635038937
HTDPA_3h_150726,2,60,491,506,492.107,506.114,42.057250394975696,-46.518946920518914,88.57619731549461,0.9040886172000764,1.0714838196473018,1.5488762201978696
HTDPA_3h_150726,2,61,499,515,500.111,515.118,42.01415279815207,-46.270436359532695,88.28458915768476,0.9080128934097734,1.0885768855803486,1.6210271903323308
HTDPA_3h_150726,2,62,506,523,507.114,523.121,41.08752807477425,-46.265547302697684,87.35307537747192,0.8880804501447773,1.0937792691680213,1.4030592654158975
HTDPA_3h_150726,2,63,515,531,516.118,531.125,41.12000302449346,-46.19713349659477,87.31713652108823,0.8900985821452416,1.051215193627349,1.0474733915443033
HTDPA_3h_150726,2,64,523,539,524.121,539.127,41.470006050749035,-46.19713349659477,87.66713954734381,0.8976748752994776,1.0717736895665693,1.3123992739570491
HTDPA_3h_150726,2,65,531,548,532.126,548.134,41.434341007939764,-46.51365539071907,87.94799639865883,0.8907995009183305,1.1305651119007367,1.5461476586799807
HTDPA_3h_150726,2,66,539,555,540.128,555.138,41.39361866140035,-46.5260891661652,87.91970782756556,0.8896861825967248,1.1037368853861118,1.128872376738437
HTDPA_3h_150726,2,67,548,564,549.135,564.144,41.39361866140035,-46.405248307955645,87.798866969356,0.892002955930825,1.088841989070167,0.9487367868516441
HTDPA_3h_150726,2,68,555,572,556.139,572.148,41.1224970372919,-46.39379762221049,87.51629465950239,0.886379196032984,1.1031029765703713,1.2712090939315988
HTDPA_3h_150726,2,69,564,580,565.145,580.15,41.15356992955167,-46.11385128350441,87.26742121305608,0.8924340254415684,1.0680949011885785,1.209596227576288
HTDPA_3h_150726,2,70,572,588,573.148,588.155,40.521604900807155,-46.11385128350441,86.63545618431156,0.8787295741508001,1.0758963595971016,0.5589081031496549
HTDPA_3h_150726,2,71,580,596,581.152,596.16,40.521604900807155,-46.24267562183591,86.76428052264306,0.8762815809401987,1.083965965189013,0.9428422115848994
HTDPA_3h_150726,2,72,588,604,589.156,604.162,41.483977140962445,-46.24267562183591,87.72665276279835,0.897092925163128,1.0932458737693131,1.2809980454813246
HTDPA_3h_150726,2,73,596,613,597.16,613.164,41.4629891655344,-46.382594358369936,87.84558352390434,0.8939342384596957,1.1256215377868928,1.2861538614065597
HTDPA_3h_150726,2,74,604,621,605.162,621.171,40.99852216829067,-46.382594358369936,87.3811165266606,0.8839204174635029,1.114002099039151,1.1608030358791508
HTDPA_3h_150726,2,75,613,629,614.165,629.176,41.006601318215736,-46.448794563166295,87.45539588138203,0.8828345644675525,1.0897964743630328,0.8950966804979058
HTDPA_3h_150726,2,76,621,637,622.172,637.181,41.166633806114866,-46.448794563166295,87.61542836928116,0.8862799173427816,1.0871818986147885,0.743323337792675
HTDPA_3h_150726,2,77,629,645,630.176,645.185,41.166633806114866,-46.394543186883034,87.5611769929979,0.8873162871825359,1.0709172052719853,0.830420425087513
HTDPA_3h_150726,2,78,637,653,638.182,653.192,41.27187058954059,-46.394543186883034,87.66641377642362,0.8895845880687374,1.0839271861548174,0.8565800568338278
HTDPA_3h_150726,2,79,645,662,646.186,662.196,41.25552424904296,-46.48157631604722,87.73710056509017,0.8875672367161089,1.1290128650858076,0.843957401342304
HTDPA_3h_150726,2,80,653,670,654.192,670.197,42.39048481401644,-46.48157631604722,88.87206113006366,0.9119846651883367,1.1260491884018093,2.824770693720759
HTDPA_3h_150726,2,81,662,678,663.196,678.202,42.46177201317151,-46.27515387051385,88.73692588368536,0.9175933186951066,1.097124778132149,2.725328638641648
HTDPA_3h_150726,2,82,670,686,671.198,686.206,41.524438869762335,-46.27515387051385,87.79959274027618,0.8973376725219572,1.087523471680914,1.1117271030818539
HTDPA_3h_150726,2,83,678,694,679.203,694.208,41.524438869762335,-46.48254291095455,88.00698178071688,0.893334061979132,1.06609277016117,1.3785514596734276
HTDPA_3h_150726,2,84,686,702,687.206,702.215,41.33773430054669,-46.48254291095455,87.82027721150124,0.8893174020134045,1.0782066253545812,1.2943355213001237
HTDPA_3h_150726,2,85,694,710,695.209,710.218,41.33773430054669,-46.539697370918525,87.87743167146522,0.8882252493196828,1.1016225500649341,0.961204643153586
HTDPA_3h_150726,2,86,702,718,703.213,718.222,42.007802302600524,-46.539697370918525,88.54749967351904,0.9026230224017342,1.1025263256410254,2.0263436464563895
HTDPA_3h_150726,2,87,710,726,711.219,726.226,42.007802302600524,-46.32740937676661,88.33521167936713,0.9067591490161678,1.0981151305308086,1.7283585464897808
HTDPA_3h_150726,2,88,718,735,719.222,735.233,41.499330494882926,-46.326076597440476,87.8254070923234,0.8958093053184601,1.109295496109074,1.8745404580244502
HTDPA_3h_150726,2,89,726,743,727.227,743.236,41.499330494882926,-46.230459577665826,87.72979007254875,0.8976620798061775,1.0875811692674373,2.021402699700098
HTDPA_3h_150726,2,90,735,752,736.231,752.24,40.81678912987823,-46.230459577665826,87.04724870754406,0.882898190992612,1.1046222212581553,0.7602275879737272
HTDPA_3h_150726,2,91,743,760,744.236,760.245,40.81678912987823,-46.55362557466847,87.3704147045467,0.876769287590957,1.1325563362118618,0.8595240188127055
HTDPA_3h_150726,2,92,752,767,753.241,767.249,41.13884007883079,-46.581640332187334,87.72048041101812,0.8831556764737708,1.0714311279907733,1.195988966525229
HTDPA_3h_150726,2,93,760,775,761.246,775.252,41.13884007883079,-46.363559366508916,87.5023994453397,0.887309789000966,1.0575673066718436,0.6333019507282422
HTDPA_3h_150726,2,94,767,784,768.25,784.257,41.242856247527136,-46.35651938858319,87.59937563611032,0.8896883715925519,1.0988274029288019,1.3676238726406114
HTDPA_3h_150726,2,95,775,792,776.252,792.26,41.242856247527136,-46.21408354653964,87.45693979406678,0.8924304688633227,1.0843520821711405,1.3129418794115804
HTDPA_3h_150726,2,96,784,800,785.255,800.26,40.591641794604286,-46.216910754169604,86.80855254877389,0.8782854832187628,1.0722812746228634,0.5120855497611969
HTDPA_3h_150726,2,97,792,809,793.258,809.267,40.580003068211624,-46.51044880283538,87.09045187104701,0.8724921842882277,1.1295947803777167,1.1208271650057369
HTDPA_3h_150726,2,98,800,816,801.261,816.271,40.85273788313811,-46.520464441533825,87.37320232467194,0.8781670254922149,1.1014959854765278,1.2244495760538325
HTDPA_3h_150726,2,99,809,825,810.266,825.277,40.85273788313811,-46.54913239288083,87.40187027601894,0.8776261937244202,1.0882350658484723,0.8687139431809852
HTDPA_3h_150726,2,100,816,833,817.272,833.289,40.72746652335676,-46.54098396482248,87.26845048817924,0.8750882137373845,1.101016881063174,1.075901352615986
HTDPA_3h_150726,2,101,825,841,826.286,841.293,40.75221861069354,-46.33031246044733,87.08253107114086,0.8796016354408172,1.0665467967513647,0.9946914750648446
HTDPA_3h_150726,2,102,833,849,834.29,849.301,40.93239124162759,-46.33031246044733,87.26270370207493,0.8834905069239928,1.0750066030220164,0.5699960078014211
HTDPA_3h_150726,2,103,841,858,842.294,858.307,40.9259186846031,-46.42406886749935,87.34998755210245,0.8815668183116666,1.111777052409895,0.7514334893569152
HTDPA_3h_150726,2,104,849,865,850.301,865.31,41.202922352123736,-46.43028740470177,87.63320975682551,0.88741475996014,1.0904610204547502,1.1112286223031957
HTDPA_3h_150726,2,105,858,874,859.308,874.317,41.202922352123736,-46.601387899133606,87.80431025125733,0.884156550043218,1.0937719861339041,1.0303258576261136
HTDPA_3h_150726,2,106,865,882,866.311,882.318,41.328470824438256,-46.585308774292955,87.91377959873121,0.8871567434419246,1.1176594892847491,1.4381509544016786
HTDPA_3h_150726,2,107,874,890,875.315,890.323,41.356422901741276,-47.03793910762034,88.39436200936161,0.8792141766058233,1.0935000047189962,1.8350855442089604
HTDPA_3h_150726,2,108,882,898,883.319,898.327,40.76020209081549,-47.03793910762034,87.79814119843583,0.8665388591442811,1.0924016662817646,1.4904467140191229
HTDPA_3h_150726,2,109,890,906,891.323,906.332,40.76020209081549,-46.338658826029366,87.09886091684486,0.8796154900348487,1.0748929386691346,1.0338836751486915
HTDPA_3h_150726,2,110,898,914,899.328,914.333,41.462748341547254,-46.338658826029366,87.80140716757663,0.8947766161556835,1.0834857984149506,0.9548369624742111
HTDPA_3h_150726,2,111,906,923,907.332,923.336,41.449252301390686,-46.47578334452072,87.92503564591141,0.891846232996896,1.129132184138356,0.9790412556336354
HTDPA_3h_150726,2,112,914,931,915.333,931.341,42.17766238855059,-46.47578334452072,88.65344573307131,0.907519128314448,1.1236695482954968,2.365922667821727
HTDPA_3h_150726,2,113,923,939,924.338,939.346,42.221178953132686,-46.270073474072596,88.49125242720528,0.9124943139930671,1.0964794124313124,1.8756352661115514
HTDPA_3h_150726,2,114,931,947,932.341,947.351,41.07627532655277,-46.270073474072596,87.34634880062536,0.887750380374257,1.0922273794271977,1.0315702151437707
HTDPA_3h_150726,2,115,939,955,940.347,955.356,41.07627532655277,-46.2221725933409,87.29844791989368,0.8886703722894781,1.0728701933911948,1.0530901929811853
HTDPA_3h_150726,2,116,947,963,948.352,963.362,41.29636535809657,-46.2221725933409,87.51853795143748,0.8934319405844204,1.0819917262184693,0.8544926069974423
HTDPA_3h_150726,2,117,955,972,956.357,972.366,41.27221698020704,-46.37292181137921,87.64513879158625,0.8900068265717833,1.1347485349893915,1.217196148860896
HTDPA_3h_150726,2,118,963,979,964.362,979.369,42.20865940475962,-46.38274940943016,88.59140881418978,0.9100077063602897,1.104197684665882,2.2652220840902673
HTDPA_3h_150726,2,119,972,987,973.366,987.376,42.266628707529435,-46.15945279000265,88.4260814975321,0.9156657228979036,1.0601314394418788,1.8922284683318742
HTDPA_3h_150726,2,120,979,996,980.372,996.38,40.86220919364643,-46.15059838477649,87.01280757842292,0.8854101706972771,1.0912183265843307,1.1253348518947648
HTDPA_3h_150726,2,121,987,1004,988.377,1004.386,40.86220919364643,-46.190515785386246,87.05272497903267,0.8846450077220054,1.0777514535127306,1.1248188376963117
HTDPA_3h_150726,2,122,996,1013,997.38,1013.391,41.309600780513634,-46.190515785386246,87.50011656589987,0.8943307966607111,1.1077088939128337,0.8977135645009362
HTDPA_3h_150726,2,123,1004,1021,1005.385,1021.393,41.309600780513634,-46.328121951851884,87.63772273236552,0.8916744094104673,1.133469465763265,1.6207140842697247
HTDPA_3h_150726,2,124,1013,1028,1014.39,1028.399,41.374497896612404,-46.357007634474954,87.73150553108735,0.8925187368186134,1.071631937768486,2.22663487467104
HTDPA_3h_150726,2,125,1021,1036,1022.394,1036.406,41.374497896612404,-46.393302778401285,87.76780067501369,0.8918204874147175,1.0579449687852036,1.3853732149111542
HTDPA_3h_150726,2,126,1028,1045,1029.4,1045.41,41.02124539600968,-46.37653747014519,87.39778286615487,0.8845258321067422,1.0994505034057058,1.3912384982698656
HTDPA_3h_150726,2,127,1036,1053,1037.407,1053.416,41.02124539600968,-46.16601111995407,87.18725651596375,0.8885594488426423,1.0856498760505184,1.0867316767516546
HTDPA_3h_150726,2,128,1045,1062,1046.41,1062.423,41.11278490279643,-46.16601111995407,87.2787960227505,0.8905422821991759,1.1049576227401618,1.0540978485865793
HTDPA_3h_150726,2,129,1053,1070,1054.416,1070.426,41.11278490279643,-46.54019221472774,87.65297711752416,0.8833823614889627,1.1332009633006577,1.3531053840941603
HTDPA_3h_150726,2,130,1062,1077,1063.423,1077.431,40.926189199218804,-46.5637797696335,87.48996896885231,0.8789275570345507,1.0718772749870051,0.9900592296971933
HTDPA_3h_150726,2,131,1070,1086,1071.427,1086.439,40.909892343102086,-46.418856512708984,87.32874885581107,0.881320554113637,1.088751419235615,0.788889013550739
HTDPA_3h_150726,2,132,1077,1094,1078.432,1094.442,40.82626373934528,-46.41240374943686,87.23866748878214,0.879641226077213,1.0990319669631305,0.9576126881614923
HTDPA_3h_150726,2,133,1086,1102,1087.439,1102.448,40.84910902853723,-46.3988978124041,87.24800684094133,0.8803896418767255,1.0553566582530767,0.8443466768706603
HTDPA_3h_150726,2,134,1094,1110,1095.443,1110.451,42.6936558221682,-46.3988978124041,89.09255363457231,0.9201437498533563,1.0723706102470176,3.2739468008626877
HTDPA_3h_150726,2,135,1102,1118,1103.448,1118.456,42.6936558221682,-46.48998206288638,89.18363788505458,0.9183409828899711,1.0923691528413684,3.1867491989217225
HTDPA_3h_150726,2,136,1110,1126,1111.452,1126.46,40.970675657666945,-46.48998206288638,87.46065772055331,0.8812796615461469,1.0959085171726195,0.9428707193965451
HTDPA_3h_150726,2,137,1118,1135,1119.457,1135.462,40.95512106726405,-46.40054069385069,87.35566176111473,0.882643185937954,1.1246004981989246,0.8868802778030347
HTDPA_3h_150726,2,138,1126,1143,1127.461,1143.466,40.745386467167684,-46.40054069385069,87.14592716101836,0.8781230963665805,1.1133150757400176,1.1651032033685906
HTDPA_3h_150726,2,139,1135,1151,1136.462,1151.47,40.77689482197957,-46.20856438858756,86.98545921056713,0.8824531850647693,1.0805719348451492,1.1720769278905256
HTDPA_3h_150726,2,140,1143,1159,1144.468,1159.477,40.953075712852645,-46.20856438858756,87.16164010144021,0.8862659174706389,1.083961630610306,0.734693774316635
HTDPA_3h_150726,2,141,1151,1167,1152.472,1167.481,40.953075712852645,-46.293842471708416,87.24691818456105,0.8846333232736151,1.076982816048299,0.8896814813736472
HTDPA_3h_150726,2,142,1159,1175,1160.477,1175.487,41.0236569348399,-46.293842471708416,87.31749940654831,0.8861579584781866,1.0840840702705121,0.8010057351841056
HTDPA_3h_150726,2,143,1167,1184,1168.482,1184.488,41.01181037404737,-46.48775196678619,87.49956234083356,0.8822067886472295,1.1311627060488327,1.0391407764347704
HTDPA_3h_150726,2,144,1175,1192,1176.485,1192.496,40.95765466756722,-46.48775196678619,87.44540663435342,0.8810418429531712,1.128993836892769,0.9521269830443324
HTDPA_3h_150726,2,145,1184,1200,1185.489,1200.499,40.975937496838235,-46.293842471708416,87.26977996854666,0.8851271639825509,1.1012259772051267,0.6987972813668858
HTDPA_3h_150726,2,146,1192,1208,1193.495,1208.499,41.29110351892529,-46.293842471708416,87.58494599063371,0.891935110898594,1.0859483313203533,0.7515676363229599
HTDPA_3h_150726,2,147,1200,1216,1201.498,1216.501,41.29110351892529,-46.15794186690518,87.44904538583047,0.8945611924809548,1.059249179414516,0.9082353490398664
HTDPA_3h_150726,2,148,1208,1224,1209.499,1224.505,40.75221861069355,-46.15794186690518,86.91016047759874,0.8828863888299255,1.0752461839589578,0.7173197006231781
HTDPA_3h_150726,2,149,1216,1233,1217.502,1233.515,40.737297420366446,-46.61271652340583,87.35001394377227,0.873952441709997,1.1341404202381131,0.8435762262909563
HTDPA_3h_150726,2,150,1224,1240,1225.506,1240.524,40.91551706773346,-46.61662908845733,87.53214615619079,0.8777021819851939,1.1036313421979147,0.796429253994931
HTDPA_3h_150726,2,151,1233,1249,1234.515,1249.53,40.91551706773346,-46.32305475124556,87.23857181897901,0.8832646570363174,1.0868716622381516,0.6575731325589335
HTDPA_3h_150726,2,152,1240,1257,1241.525,1257.545,40.83393051942933,-46.31476776692062,87.14869828634994,0.881661130741848,1.0995287478699611,0.8178900006631948
HTDPA_3h_150726,2,153,1249,1265,1250.53,1265.556,40.8531007685982,-46.201851007575925,87.05495177617414,0.8842308236070312,1.0544520084139224,0.7632504017357465
HTDPA_3h_150726,2,154,1257,1274,1258.546,1274.561,41.501639765992586,-46.19832771965434,87.69996748564692,0.8983364077123592,1.1001487575163744,0.7484347808031034
HTDPA_3h_150726,2,155,1265,1282,1266.556,1282.567,41.501639765992586,-46.51699393695189,88.01863370294447,0.8921823242112978,1.1322899171135647,1.1443268617967484
HTDPA_3h_150726,2,156,1274,1289,1275.563,1289.571,41.56082308557432,-46.541234685685815,88.10205777126014,0.8929892678235443,1.0717616152425535,1.129741908378727
HTDPA_3h_150726,2,157,1282,1298,1283.568,1298.579,41.53605120448518,-46.288036304347,87.82408750883218,0.8973388054611522,1.090731393199788,0.8729608786195836
HTDPA_3h_150726,2,158,1289,1306,1290.572,1306.583,41.265632258585796,-46.27994395858702,87.54557621717282,0.8916525978404768,1.1004595090141605,1.6337947923634726
HTDPA_3h_150726,2,159,1298,1314,1299.579,1314.588,41.302171525458,-46.2074757322073,87.5096472576653,0.8938417619872225,1.0651117543369615,1.118945716246549
HTDPA_3h_150726,2,160,1306,1322,1307.584,1322.592,41.328480721314435,-46.2074757322073,87.53595645352173,0.8944111329697213,1.0828652569512942,0.8205184435913794
HTDPA_3h_150726,2,161,1314,1330,1315.588,1330.597,41.328480721314435,-46.43155750381208,87.76003822512652,0.8900946456065214,1.0827303673866397,1.1493177706702222
HTDPA_3h_150726,2,162,1322,1338,1323.593,1338.599,41.28947053435489,-46.43155750381208,87.72102803816696,0.8892544802307134,1.0859644848384586,1.0463304816904642
HTDPA_3h_150726,2,163,1330,1347,1331.597,1347.603,41.270316779979666,-46.49524720101639,87.76556398099606,0.8876244189336732,1.1277795817173861,1.0021084482721143
HTDPA_3h_150726,2,164,1338,1355,1339.599,1355.607,40.98755642947853,-46.49524720101639,87.48280363049491,0.8815429295874899,1.1088181617293562,1.0420905406182126
HTDPA_3h_150726,2,165,1347,1363,1348.603,1363.61,41.009867287356535,-46.32523206400609,87.33509935136263,0.8852598348712969,1.0630931230653144,0.8060806046491407
HTDPA_3h_150726,2,166,1355,1371,1356.607,1371.618,41.24665005006443,-46.32523206400609,87.57188211407052,0.8903711479108245,1.0707055638188592,0.5065467572237797
HTDPA_3h_150726,2,167,1363,1379,1364.611,1379.621,41.24665005006443,-46.36641956372616,87.6130696137906,0.8895802272024671,1.0767816994525727,0.6461652539301598
HTDPA_3h_150726,2,168,1371,1387,1372.619,1387.624,40.96251073481495,-46.36641956372616,87.32893029854111,0.8834521000379583,1.0870043747107836,0.7366747973729689
HTDPA_3h_150726,2,169,1379,1396,1380.621,1396.629,40.95545096313686,-46.596142554755964,87.55159351789283,0.878945095401607,1.1338340574921006,1.3427619261498724
HTDPA_3h_150726,2,170,1387,1403,1388.626,1403.634,41.279672626932495,-46.60991570744569,87.88958833437817,0.8856414348833136,1.1023551472664672,1.2691349585976603
HTDPA_3h_150726,2,171,1396,1411,1397.63,1411.639,41.3008915294715,-46.23688594926813,87.53777747873963,0.8932455264134249,1.0678543004201533,0.848158724267732
HTDPA_3h_150726,2,172,1403,1420,1404.635,1420.643,40.731504448839935,-46.23180555282689,86.96331000166683,0.8810277678274533,1.1104749960529332,0.8190936493819886
HTDPA_3h_150726,2,173,1411,1428,1412.64,1428.647,40.731504448839935,-46.731149141743884,87.46265359058381,0.8716135853046121,1.088438758248233,1.0826387851630725
HTDPA_3h_150726,2,174,1420,1437,1421.643,1437.655,47.33641569750205,-46.731149141743884,94.06756483924593,1.012952100833692,1.1143466537715832,9.717955932317537
HTDPA_3h_150726,2,175,1428,1445,1429.649,1445.657,47.33641569750205,-46.78440753145,94.12082322895205,1.0117989773768317,1.1386663718264782,7.6642054135537485
HTDPA_3h_150726,2,176,1437,1452,1438.653,1452.661,41.13191226550182,-46.81155136386463,87.94346362936645,0.8786701373296696,1.071521273313109,1.257170374641756
HTDPA_3h_150726,2,177,1445,1461,1446.658,1461.665,41.10766491885044,-46.47764395724335,87.58530887609379,0.8844610315588938,1.0900027448225844,0.9816102221596028
HTDPA_3h_150726,2,178,1452,1469,1453.661,1469.666,41.01217985742492,-46.46362998056647,87.47580983799139,0.8826727458568855,1.0995296207080958,1.066328279162913
HTDPA_3h_150726,2,179,1461,1477,1462.665,1477.674,41.036539368673054,-46.35771031268403,87.39424968135708,0.8852149748527369,1.0520371038104648,0.9603627432457984
HTDPA_3h_150726,2,180,1469,1486,1470.667,1486.68,41.16259917959042,-46.35182167135441,87.51442085094483,0.888047064718258,1.101227831356587,0.8438693100831477
HTDPA_3h_150726,2,181,1477,1493,1478.675,1493.687,41.18223788089869,-46.565280795854775,87.74751867675346,0.8843979286078892,1.101485059521952,1.2308759124087782
HTDPA_3h_150726,2,182,1486,1501,1487.681,1501.693,41.416170343265506,-46.57844694013855,87.99461728340405,0.8891702721752945,1.0717307136641805,1.1739204959298177
HTDPA_3h_150726,2,183,1493,1509,1494.689,1509.696,41.39144134863982,-46.5240932961347,87.91553464477452,0.8896775501926588,1.0922378541146742,0.991386398533842
HTDPA_3h_150726,2,184,1501,1518,1502.694,1518.699,41.07128400199718,-46.51612301184767,87.58740701384485,0.882947273820226,1.1061398890750025,1.1118097254630606
HTDPA_3h_150726,2,185,1509,1526,1510.697,1526.702,41.07128400199718,-46.246888392131666,87.31817239412885,0.8880875109639798,1.0920596915905787,1.1090763160483617
HTDPA_3h_150726,2,186,1518,1534,1519.702,1534.707,40.99970649447404,-46.250840544687904,87.25054703916194,0.8864640298776801,1.0738124570680416,0.4963880125854806
HTDPA_3h_150726,2,187,1526,1543,1527.703,1543.712,40.985339529213256,-46.55681896671726,87.54215849593052,0.8803294649171163,1.1229353186989695,0.8721406526154687
HTDPA_3h_150726,2,188,1534,1550,1535.707,1550.718,41.061034137229036,-46.57090552048615,87.63193965771518,0.8816885494993572,1.0960614541062437,0.8952887428489773
HTDPA_3h_150726,2,189,1543,1559,1544.713,1559.723,41.061034137229036,-46.59830337272286,87.6593375099519,0.8811701535310583,1.0959644014036072,0.9611410735132162
HTDPA_3h_150726,2,190,1550,1567,1551.719,1567.729,41.29636535809657,-46.58965020397911,87.88601556207568,0.8863849626964907,1.1173696589717723,1.7120348917956965
HTDPA_3h_150726,2,191,1559,1575,1560.723,1575.736,41.340818826957445,-46.394543186883034,87.73536201384047,0.8910707162355591,1.083156934890876,1.6474253168797772
HTDPA_3h_150726,2,192,1567,1583,1568.729,1583.741,41.263705666688594,-46.394543186883034,87.65824885357162,0.8894085992068769,1.0723703549115853,0.8221356687186204
HTDPA_3h_150726,2,193,1575,1591,1576.738,1591.744,41.263705666688594,-46.54586642374004,87.80957209042863,0.8865170816896137,1.062243495523105,1.1537242536450028
HTDPA_3h_150726,2,194,1583,1599,1584.741,1599.749,41.16445649335433,-46.54586642374004,87.71032291709437,0.8843847940997613,1.0819155625457197,1.14092158748875
HTDPA_3h_150726,2,195,1591,1607,1592.745,1607.753,41.16445649335433,-46.77902033184703,87.94347682520136,0.8799768828277423,1.0996068703430621,1.066013534424071
HTDPA_3h_150726,2,196,1599,1616,1600.75,1616.758,41.8936616295677,-46.76394079150099,88.6576024210687,0.8958539618453536,1.1290863529028268,1.7312728311904046
HTDPA_3h_150726,2,197,1607,1623,1608.754,1623.759,41.9410313779442,-46.42992451924169,88.3709558971859,0.9033189653487982,1.1015295937667224,1.6173120814050392
HTDPA_3h_150726,2,198,1616,1632,1617.759,1632.764,41.21217593135599,-46.42992451924169,87.64210045059768,0.8876209978389404,1.0827560538949992,1.1124971171503109
HTDPA_3h_150726,2,199,1623,1640,1624.76,1640.767,41.179027994056256,-46.43074595996497,87.60977395402122,0.8868913721429972,1.0915450148863073,1.185218201774028
HTDPA_3h_150726,2,200,1632,1648,1633.764,1648.775,41.523894541572204,-46.44335128126497,87.96724582283717,0.8940761895088039,1.0805190593940668,0.8716931197287081
HTDPA_3h_150726,2,201,1640,1657,1641.768,1657.783,41.50858077515647,-46.6389234515417,88.14750422669817,0.8899986900058765,1.133175413929148,0.8911204262188299
HTDPA_3h_150726,2,202,1648,1664,1649.776,1664.787,40.93093969978724,-46.655094947226736,87.58603464701397,0.8773091073136965,1.1041854037162424,1.1824680974477995
HTDPA_3h_150726,2,203,1657,1672,1658.784,1672.792,40.95708064874853,-46.479366013699405,87.43644666244793,0.8811884533166131,1.0587316389216648,1.021431275037473
HTDPA_3h_150726,2,204,1664,1681,1665.788,1681.798,41.29569237051605,-46.474793656902285,87.77048602741834,0.8885610698001012,1.0952585494032834,1.7592475574234383
HTDPA_3h_150726,2,205,1672,1689,1673.793,1689.803,41.29569237051605,-46.27644706233525,87.5721394328513,0.8923695528070678,1.077154195566786,1.7632321667326911
HTDPA_3h_150726,2,206,1681,1697,1682.798,1697.807,40.9291252724868,-46.28168580879544,87.21081108128223,0.8843481942636707,1.0707026450271877,0.5583053851851271
HTDPA_3h_150726,2,207,1689,1705,1690.804,1705.811,40.9291252724868,-46.6160847602672,87.545210032754,0.8780043515660579,1.1027224782547163,0.8872646348666869
HTDPA_3h_150726,2,208,1697,1713,1698.807,1713.818,40.96613958941584,-46.6160847602672,87.58222434968303,0.8787983761418968,1.1044598160821366,1.28372478501094
HTDPA_3h_150726,2,209,1705,1721,1706.812,1721.823,40.96613958941584,-46.431194618351995,87.39733420776784,0.8822977725674092,1.0894100599774232,0.8833794220229072
HTDPA_3h_150726,2,210,1713,1730,1714.818,1730.829,41.031023509679706,-46.42222145061162,87.45324496029133,0.8838660070012464,1.1021182950380828,0.9781709455849256
HTDPA_3h_150726,2,211,1721,1738,1722.826,1738.833,41.031023509679706,-46.38754279646205,87.41856630614176,0.8845267724077231,1.0966540429837746,0.9231688516431491
HTDPA_3h_150726,2,212,1730,1746,1731.827,1746.837,40.9356572107684,-46.39835348421397,87.33401069498237,0.8822652990196271,1.0807175816913324,0.5236355023881849
HTDPA_3h_150726,2,213,1738,1755,1739.831,1755.841,40.93039207263838,-46.585374753467505,87.51576682610587,0.8786103426074037,1.1306517207039493,0.9651768865701867
HTDPA_3h_150726,2,214,1746,1762,1747.837,1762.844,41.10294740786929,-46.59685183088249,87.69979923875178,0.8820970901005791,1.1031559432461562,1.1881424939018854
HTDPA_3h_150726,2,215,1755,1770,1756.841,1770.849,41.112666140282215,-46.68981318888105,87.80247932916326,0.8805489534507925,1.0585592532204893,0.7904538044223567
HTDPA_3h_150726,2,216,1762,1779,1763.844,1779.852,41.06376237609716,-46.67740250614602,87.74116488224317,0.8797353788204109,1.1046271885110357,1.2493549647504079
HTDPA_3h_150726,2,217,1770,1787,1771.852,1787.855,41.06376237609716,-46.454102587759785,87.51786496385694,0.8839641729924855,1.100901823108217,1.0130146433313618
HTDPA_3h_150726,2,218,1779,1795,1780.853,1795.858,41.10566904881996,-46.457866699668514,87.56353574848848,0.884794588493519,1.08500974945124,0.6138125471408818
HTDPA_3h_150726,2,219,1787,1803,1788.855,1803.863,41.10566904881996,-46.58777969438029,87.69344874320025,0.8823272823576606,1.0867856893635368,0.7687364683682693
HTDPA_3h_150726,2,220,1795,1811,1796.86,1811.865,41.55020373742864,-46.58777969438029,88.13798343180892,0.8918691556026372,1.0893931690359324,1.486073303387242
HTDPA_3h_150726,2,221,1803,1819,1804.865,1819.872,41.55020373742864,-46.68430722676388,88.23451096419251,0.8900250685011368,1.0976423607563346,1.4512159311034138
HTDPA_3h_150726,2,222,1811,1828,1812.867,1828.878,41.33545142110686,-46.673602105691266,88.00905352679813,0.8856280543229492,1.1230251597059735,1.6907239704821675
HTDPA_3h_150726,2,223,1819,1836,1820.871,1836.882,41.33545142110686,-46.33512894019032,87.67058036129718,0.8920974726208903,1.1203746608249074,1.689440981654042
HTDPA_3h_150726,2,224,1828,1844,1829.88,1844.886,41.025289919410305,-46.33775161237915,87.36304153178946,0.8853534859134249,1.0782672931901904,0.7821130613033318
HTDPA_3h_150726,2,225,1836,1852,1837.882,1852.891,41.025289919410305,-46.5551200029723,87.58040992238261,0.8812197222731045,1.0669728859574927,0.9566320550085158
HTDPA_3h_150726,2,226,1844,1860,1845.886,1860.891,41.608809739232974,-46.5551200029723,88.16392974220528,0.8937536781470323,1.0829978937017495,1.1937873658431262
HTDPA_3h_150726,2,227,1852,1868,1853.889,1868.895,41.608809739232974,-46.70335871341854,88.31216845265152,0.8909168609168611,1.099665217881231,1.1821883128356663
HTDPA_3h_150726,2,228,1860,1877,1861.892,1877.9,41.44142717128768,-46.69299998301237,88.13442715430006,0.8875297621991456,1.129618570043495,1.5878947853842034
HTDPA_3h_150726,2,229,1868,1884,1869.896,1884.903,41.48524724007276,-46.447705906786034,87.9329531468588,0.8931603064170225,1.1019691586739955,1.465370425394942
HTDPA_3h_150726,2,230,1877,1893,1878.901,1893.908,41.72166711732056,-46.447705906786034,88.16937302410659,0.8982503291131327,1.0880224021330793,1.2654127609659802
HTDPA_3h_150726,2,231,1884,1901,1885.903,1901.912,41.69431215154732,-48.229866091910296,89.92417824345762,0.8644915594849807,1.0912911894613364,3.448107336789833
HTDPA_3h_150726,2,232,1893,1910,1894.909,1910.917,43.30935038646583,-48.229866091910296,91.53921647837612,0.8979778277620017,1.106595633390655,4.237616365512464
HTDPA_3h_150726,2,233,1901,1918,1902.913,1918.919,43.30935038646583,-46.811208272156904,90.12055865862274,0.9251918928190973,1.1345999214429556,3.8890335121173227
HTDPA_3h_150726,2,234,1910,1925,1911.915,1925.925,42.14153879047813,-46.84067457151611,88.98221336199424,0.8996783068556503,1.0713856781372855,1.4042938086780306
HTDPA_3h_150726,2,235,1918,1933,1919.92,1933.928,42.14153879047813,-46.82731378866738,88.9688525791455,0.899935003332964,1.0576006188583982,1.0707312873913941
HTDPA_3h_150726,2,236,1925,1942,1926.925,1942.934,41.191234141350144,-46.812000022251645,88.00323416360179,0.8799289524431829,1.0962432294094764,1.204373403812483
HTDPA_3h_150726,2,237,1933,1950,1934.929,1950.94,41.191234141350144,-46.71431125639576,87.9055453977459,0.8817690560665296,1.0787731860913652,1.18764004753803
HTDPA_3h_150726,2,238,1942,1959,1943.935,1959.947,41.60141347376461,-46.71431125639576,88.31572473016037,0.8905496485955119,1.0976682957575845,1.304162241320649
HTDPA_3h_150726,2,239,1950,1967,1951.94,1967.952,41.60141347376461,-46.73129429592791,88.33270776969252,0.8902260059462913,1.1300816187611333,1.44960265814798
HTDPA_3h_150726,2,240,1959,1974,1960.948,1974.955,41.08496808280126,-46.75190619006096,87.83687427286222,0.8787870149246569,1.0718286762876201,1.1454029492478761
HTDPA_3h_150726,2,241,1967,1983,1968.952,1983.956,41.06321144998958,-46.530625234416306,87.59383668440589,0.8824985962066385,1.0893314070849696,0.9954880345014041
HTDPA_3h_150726,2,242,1974,1991,1975.955,1991.96,41.1911813580105,-46.523288350205064,87.71446970821557,0.8853884327337954,1.10171080720961,1.5726353120962215
HTDPA_3h_150726,2,243,1983,1999,1984.957,1999.965,41.2261470215694,-46.37821334117904,87.60436036274845,0.8889119276391974,1.0694496914033662,1.1791500369702301
HTDPA_3h_150726,2,244,1991,2007,1992.961,2007.965,41.308340578279505,-46.37821334117904,87.68655391945855,0.8906841726393541,1.0784859809934502,0.5696950798097945
HTDPA_3h_150726,2,245,1999,2015,2000.965,2015.969,41.308340578279505,-46.71116075081045,88.01950132908996,0.8843355616583087,1.0907430435846177,1.2177510002906597
HTDPA_3h_150726,2,246,2007,2023,2008.965,2023.972,41.11383397167196,-46.71116075081045,87.82499472248242,0.8801715331160684,1.1006587614439478,1.1665393554625023
HTDPA_3h_150726,2,247,2015,2032,2016.97,2032.975,41.09865216360533,-46.58942587478559,87.68807803839093,0.8821454952903403,1.1257827741806123,0.9080603804317959
HTDPA_3h_150726,2,248,2023,2040,2024.972,2040.979,41.26267639156543,-46.58942587478559,87.85210226635101,0.8856661273840032,1.1187803779747438,1.202280906692134
HTDPA_3h_150726,2,249,2032,2048,2033.975,2048.982,41.28983341981498,-46.49088927653659,87.78072269635157,0.8881274172712691,1.0934023121573888,1.0500625060718112
HTDPA_3h_150726,2,250,2040,2056,2041.977,2056.985,41.107302033390354,-46.49088927653659,87.59819130992695,0.8842012418578693,1.0919817609586433,0.9192797444835921
HTDPA_3h_150726,2,251,2048,2064,2049.98,2064.989,41.107302033390354,-46.53389120355711,87.64119323694746,0.8833841522852931,1.0763663492573314,0.9183682798370346
HTDPA_3h_150726,2,252,2056,2072,2057.987,2072.993,40.96251073481495,-46.53389120355711,87.49640193837206,0.8802726287305137,1.083235969309251,0.9078975003421688
HTDPA_3h_150726,2,253,2064,2081,2065.99,2081.997,40.940209773813145,-46.67073860951529,87.61094838332843,0.8772136673548638,1.1318029351300678,1.0623834212343242
HTDPA_3h_150726,2,254,2072,2089,2073.994,2090.0,41.276637584902666,-46.67073860951529,87.94737619441796,0.8844222057477173,1.132797605796559,1.2086530919311338
HTDPA_3h_150726,2,255,2081,2096,2082.997,2097.005,41.329981747535705,-47.75645891651347,89.08644066404918,0.865432293038888,1.0713876894265886,2.2675242519629784
HTDPA_3h_150726,2,256,2089,2105,2091.0,2106.01,40.86652753062149,-47.68641542479889,88.55294295542038,0.856984681414515,1.083267238036624,2.6334772533085884
HTDPA_3h_150726,2,257,2096,2113,2098.006,2114.015,40.85038572556499,-46.395394318234885,87.24578004379987,0.8804836412287905,1.0894503974594645,0.7291219921305233
HTDPA_3h_150726,2,258,2105,2121,2107.01,2122.019,41.01168171465697,-46.402889552465076,87.41457126712206,0.8838174111611611,1.0785046422069358,0.6485557573556009
HTDPA_3h_150726,2,259,2113,2130,2115.015,2131.022,41.00319349384963,-46.60944395634758,87.61263745019721,0.8797185723187659,1.1335683098517206,1.037799634787145
HTDPA_3h_150726,2,260,2121,2137,2123.02,2138.025,41.38182488394747,-46.62007650032819,88.00190138427567,0.8876395748440301,1.103894584686212,1.5119089012230684
HTDPA_3h_150726,2,261,2130,2146,2132.023,2147.027,41.38182488394747,-46.483631567334825,87.8654564512823,0.8902450924903097,1.0895301754729585,1.0776756287944527
HTDPA_3h_150726,2,262,2137,2154,2139.025,2155.035,41.368295854203616,-46.47747241138949,87.84576826559311,0.8900719791308218,1.0998226542963836,1.1120586268790513
HTDPA_3h_150726,2,263,2146,2162,2148.028,2163.036,41.393800104130406,-46.3040032645909,87.69780336872131,0.8939572647228243,1.0580598995112451,0.8159367396593694
HTDPA_3h_150726,2,264,2154,2171,2156.035,2172.04,41.223656307729705,-46.30275955715042,87.52641586488012,0.8903066837052834,1.1076246822663056,0.9492563986514286
HTDPA_3h_150726,2,265,2162,2179,2164.036,2180.046,41.223656307729705,-46.64069169341996,87.86434800114966,0.8838560238064719,1.1339055527748583,1.5430550255305588
HTDPA_3h_150726,2,266,2171,2186,2173.041,2187.048,42.09793975192783,-46.64700590042549,88.74494565235332,0.9024789252667519,1.0716134527312666,1.679305477408638
HTDPA_3h_150726,2,267,2179,2194,2181.046,2195.052,42.09793975192783,-46.64754033173943,88.74548008366726,0.9024685857505759,1.0612120192340218,1.512622406152195
HTDPA_3h_150726,2,268,2186,2203,2188.05,2204.058,41.15784867902199,-46.630121829655174,87.78797050867716,0.8826451028666837,1.1013456943093476,1.358378959649928
HTDPA_3h_150726,2,269,2194,2211,2196.052,2212.061,41.15784867902199,-46.4160985832123,87.5739472622343,0.8867149531155962,1.0949630874715421,1.3802633804285516
HTDPA_3h_150726,2,270,2203,2219,2205.059,2220.068,40.76818557093744,-46.41704208540853,87.18522765634597,0.8783021006793786,1.0847985637422868,0.5755935452049903
HTDPA_3h_150726,2,271,2211,2228,2213.062,2229.072,40.75173366376051,-46.638514380659416,87.39024804441993,0.8737785541612342,1.1249994581500442,1.2377381506223453
HTDPA_3h_150726,2,272,2219,2235,2221.069,2236.075,40.74042483324067,-46.64747435256488,87.38789918580554,0.8733682883948161,1.0960683305706878,1.0466251962095474
HTDPA_3h_150726,2,273,2228,2244,2230.073,2245.081,40.74042483324067,-46.69918553062751,87.43961036386818,0.8724011858091442,1.092777467517034,0.774198434157199
HTDPA_3h_150726,2,274,2235,2252,2237.076,2253.085,40.90908079925498,-46.68958226177008,87.59866306102506,0.8761929068007911,1.1166551414635992,0.9704053277038289
HTDPA_3h_150726,2,275,2244,2260,2246.081,2261.089,40.91660572411374,-46.39091433228215,87.30752005639589,0.8819961044751602,1.0927607435226776,0.3566423516942476
HTDPA_3h_150726,2,276,2252,2268,2254.086,2269.093,40.632829294324345,-46.39091433228215,87.02374362660649,0.87587903534915,1.086360991778634,0.6924267286044619
HTDPA_3h_150726,2,277,2260,2276,2262.089,2277.097,40.632829294324345,-46.47310788899224,87.10593718331658,0.8743299327297359,1.0694870909863523,1.0830576536117278
HTDPA_3h_150726,2,278,2268,2284,2270.094,2285.101,40.85074201310762,-46.47310788899224,87.32384990209985,0.8790189395270388,1.082826174795381,0.9595966962754949
HTDPA_3h_150726,2,279,2276,2292,2278.098,2293.109,40.85074201310762,-47.65811035891197,88.50885237201959,0.8571624368960867,1.1009860409128134,1.4780227795476018
HTDPA_3h_150726,2,280,2284,2301,2286.102,2302.113,40.73386650328923,-47.61322472645771,88.34709122974694,0.8555158096791171,1.1311277075612443,2.157463645659515
HTDPA_3h_150726,2,281,2292,2308,2294.11,2309.117,40.753125824343755,-46.60302088370401,87.35614670804776,0.8744739085914959,1.102257504711509,0.8180501315808532
HTDPA_3h_150726,2,282,2301,2317,2303.113,2318.123,41.01385902741751,-46.60302088370401,87.61687991112152,0.8800686790190269,1.0836422767775507,0.7138364844995698
HTDPA_3h_150726,2,283,2308,2325,2310.119,2326.125,40.99944587673454,-46.56482883850904,87.56427471524358,0.8804809745768477,1.0896680555445297,0.7803380144915096
HTDPA_3h_150726,2,284,2317,2334,2319.124,2335.134,40.88262315025579,-46.56482883850904,87.44745198876483,0.8779721555949526,1.1082997725300476,0.7863471687658456
HTDPA_3h_150726,2,285,2325,2341,2327.126,2342.135,40.90118309205996,-46.86665717045846,87.76784026251842,0.8727138985675571,1.102112341340643,1.3213144326699993
HTDPA_3h_150726,2,286,2334,2349,2336.132,2350.14,40.88358644620438,-46.88414165171728,87.76772809792166,0.8720131158614672,1.0711207046883462,1.2386784849399948
HTDPA_3h_150726,2,287,2341,2357,2343.136,2358.144,40.85527808135874,-46.65146609262586,87.5067441739846,0.8757555014507182,1.090098315584064,1.131740471880639
HTDPA_3h_150726,2,288,2349,2366,2351.141,2367.152,41.32457805313911,-46.646643014965406,87.97122106810451,0.8859067959055738,1.0908825116189111,1.1620011130127956
HTDPA_3h_150726,2,289,2357,2374,2359.145,2375.156,41.32457805313911,-46.497477297116575,87.82205535025568,0.8887488194053434,1.0791582246974416,0.9740630981147981
HTDPA_3h_150726,2,290,2366,2383,2368.152,2384.161,40.86181331859906,-46.497477297116575,87.35929061571564,0.878796349692137,1.1061884175107992,0.7606921978539607
HTDPA_3h_150726,2,291,2374,2391,2376.156,2392.166,40.86181331859906,-46.80558684648427,87.66740016508334,0.8730114516589665,1.1314022465820257,1.3834115082171419
HTDPA_3h_150726,2,292,2383,2398,2385.162,2399.168,40.89358888906792,-46.820755458715965,87.71434434778388,0.873407284620294,1.0710840618720952,1.0611311043040008
HTDPA_3h_150726,2,293,2391,2407,2393.166,2408.175,40.88122439175508,-46.62606411041964,87.50728850217473,0.8767890915034207,1.0879706199031742,0.8278577026909468
HTDPA_3h_150726,2,294,2398,2415,2400.169,2416.182,41.27587222647775,-46.61734826146005,87.89322048793781,0.8854187071082664,1.0981005820201784,1.6160028129264352
HTDPA_3h_150726,2,295,2407,2423,2409.176,2424.188,41.307977692819414,-49.43225737328573,90.74023506610514,0.8356482161209807,1.0574313545428633,4.572573384735965
HTDPA_3h_150726,2,296,2415,2431,2417.183,2432.193,40.84039977749511,-49.43225737328573,90.27265715078084,0.8261892526794893,1.0684525945344803,4.42431510249695
HTDPA_3h_150726,2,297,2423,2439,2425.188,2440.196,40.84039977749511,-46.77521003451609,87.6156098120112,0.8731206069915751,1.0852761634198527,0.8140924199029493
HTDPA_3h_150726,2,298,2431,2447,2433.193,2448.198,40.57821503258099,-46.77521003451609,87.35342506709708,0.8675153997734644,1.0945167168889647,0.7695731122179661
HTDPA_3h_150726,2,299,2439,2455,2441.196,2456.204,40.57821503258099,-46.835993349080965,87.41420838166195,0.8663895463931104,1.0972724778600311,0.9098282593669604
HTDPA_3h_150726,2,300,2447,2464,2449.198,2465.21,41.3822966350456,-46.82592162808414,88.20821826312974,0.883747616624086,1.119096507706681,1.356831125505847
HTDPA_3h_150726,2,301,2455,2472,2457.205,2473.219,41.3822966350456,-46.55208166198373,87.93437829702933,0.8889462115899324,1.121111531090753,1.3949410651403376
HTDPA_3h_150726,2,302,2464,2480,2466.211,2481.22,41.24519850822407,-46.55493856024225,87.80013706846631,0.8859467928381571,1.082343984999461,0.8149857408555568
HTDPA_3h_150726,2,303,2472,2488,2474.219,2489.225,41.24519850822407,-46.631688835051015,87.87688734327509,0.8844886286259023,1.0677765439621612,1.0443216407232498
HTDPA_3h_150726,2,304,2480,2496,2482.221,2497.232,41.066840304590464,-46.631688835051015,87.69852913964148,0.880663800315169,1.0832934556932778,0.9079521661770245
HTDPA_3h_150726,2,305,2488,2504,2490.226,2505.233,41.066840304590464,-46.794624406630845,87.86146471122132,0.8775973912672596,1.099251686566032,1.0100606313424216
HTDPA_3h_150726,2,306,2496,2513,2498.23,2514.236,41.15486642033181,-46.782322589533834,87.93718900986565,0.8797097737413104,1.1316065299393585,1.0782204050983875
HTDPA_3h_150726,2,307,2504,2521,2506.233,2522.243,41.15486642033181,-46.63199563821272,87.78686205854453,0.8825456825743768,1.1249017428011534,0.9826771140809447
HTDPA_3h_150726,2,308,2513,2529,2515.237,2530.247,41.014766241067726,-46.63785788787252,87.65262412894025,0.8794307478631647,1.0678161864550744,0.7192230592005187
HTDPA_3h_150726,2,309,2521,2537,2523.243,2538.249,41.014766241067726,-46.572719947786595,87.58748618885431,0.880660744896369,1.0520610785302433,0.7874799887307115
HTDPA_3h_150726,2,310,2529,2545,2531.247,2546.252,40.828968885502306,-46.572719947786595,87.4016888332889,0.8766713417484807,1.0761029760315959,0.7177484928503823
HTDPA_3h_150726,2,311,2537,2554,2539.25,2555.26,40.81876850511508,-46.915890830516325,87.7346593356314,0.8700414248249682,1.1335280802171874,0.8339908339466271
HTDPA_3h_150726,2,312,2545,2561,2547.252,2562.263,40.99898072355388,-46.924174515882534,87.92315523943641,0.8737283318575345,1.1036851416976403,1.3547773113926
HTDPA_3h_150726,2,313,2554,2569,2556.259,2570.269,41.02682063626013,-46.62187443283497,87.64869506909511,0.8799908012142399,1.0572375662083413,0.8348087971836227
HTDPA_3h_150726,2,314,2561,2578,2563.264,2579.274,41.424180215057284,-46.61606826547356,88.04024848053083,0.8886244970114378,1.0920063234996933,1.888299086561213
HTDPA_3h_150726,2,315,2569,2586,2571.27,2587.28,41.424180215057284,-46.59458544623631,88.0187656612936,0.8890342046900502,1.0785289763742023,1.8887599654162806
HTDPA_3h_150726,2,316,2578,2595,2580.274,2596.285,40.8646372272703,-46.59458544623631,87.45922267350662,0.8770254491140913,1.0992313297793335,0.8550721281150961
HTDPA_3h_150726,2,317,2586,2603,2588.282,2604.29,40.8646372272703,-46.848776814152274,87.71341404142257,0.8722668980105739,1.1277185881739633,1.0985695134370188
HTDPA_3h_150726,2,318,2595,2610,2597.285,2611.293,40.93029310387653,-46.86873551445715,87.79902861833368,0.8732962955924244,1.071633680472659,1.1807916506413676
HTDPA_3h_150726,2,319,2603,2619,2605.29,2620.299,40.908259358531694,-46.8267397698487,87.7349991283804,0.8736089584624924,1.0918337064008068,1.0581217725074037
HTDPA_3h_150726,2,320,2610,2627,2612.294,2628.302,40.73129331548133,-46.8176346437592,87.54892795924053,0.8699989571325091,1.1046810690914157,1.3259982202361182
HTDPA_3h_150726,2,321,2619,2635,2621.299,2636.308,40.75947631989531,-46.4262956646408,87.1857719845361,0.8779394465222982,1.0622572006044744,0.993513612506613
HTDPA_3h_150726,2,322,2627,2643,2629.303,2644.313,41.163004951513976,-46.4262956646408,87.58930061615477,0.8866312584758846,1.0721191632631466,0.8323036512559646
HTDPA_3h_150726,2,323,2635,2651,2637.309,2652.318,41.163004951513976,-46.67813817394237,87.84114312545634,0.8818476177889382,1.0880953837724807,1.2779503269809842
HTDPA_3h_150726,2,324,2643,2659,2645.313,2660.324,40.774354623758946,-46.67813817394237,87.45249279770132,0.8735214432035947,1.0963486493177015,1.117216173150961
HTDPA_3h_150726,2,325,2651,2667,2653.319,2668.329,40.774354623758946,-46.78718525469904,87.56153987845798,0.8714855232643814,1.0956750979572358,1.012291513412135
HTDPA_3h_150726,2,326,2659,2676,2661.325,2677.336,40.937201123453136,-46.775421167874704,87.71262229132785,0.87518615763034,1.1257377210873196,1.2083637668943157
HTDPA_3h_150726,2,327,2667,2684,2669.329,2685.338,40.937201123453136,-46.49399359669972,87.43119472015286,0.8804836486741157,1.1308536505465927,0.8819967924734018
HTDPA_3h_150726,2,328,2676,2692,2678.336,2693.343,40.97285297042748,-46.496151115707875,87.46900408613536,0.881209562238057,1.0845533387066995,0.6389257895555657
HTDPA_3h_150726,2,329,2684,2700,2686.339,2701.346,40.97285297042748,-46.658905244557666,87.63175821498515,0.8781357547004726,1.0670180032736563,0.8337422459272961
HTDPA_3h_150726,2,330,2692,2708,2694.345,2709.349,40.898098565649214,-46.658905244557666,87.55700381020688,0.8765336081351717,1.0824516125664663,0.9893012267904684
HTDPA_3h_150726,2,331,2700,2717,2702.346,2718.355,40.87891512064542,-46.79262853660036,87.67154365724579,0.873618695916402,1.1330776973452636,0.9669208053125633
HTDPA_3h_150726,2,332,2708,2724,2710.349,2725.361,40.92186756328502,-46.809502710494485,87.7313702737795,0.8742213694594648,1.1019917643490607,1.300246587014839
HTDPA_3h_150726,2,333,2717,2732,2719.356,2733.366,40.953121898274844,-46.42155506094855,87.3746769592234,0.8822005605910013,1.0672596641832368,0.6726732043743718
HTDPA_3h_150726,2,334,2724,2741,2726.362,2742.372,41.237749459416065,-46.41451508302283,87.6522645424389,0.8884666657758473,1.105355757052895,1.6588135948665774
HTDPA_3h_150726,2,335,2732,2749,2734.367,2750.377,41.237749459416065,-46.53004461768017,87.76779407709623,0.8862606902325391,1.0836526843304461,1.685741870532937
HTDPA_3h_150726,2,336,2741,2758,2743.373,2759.38,40.77458884982865,-46.53004461768017,87.30463346750882,0.8763066785097258,1.1043625082738568,0.6963614378615787
HTDPA_3h_150726,2,337,2749,2766,2751.377,2767.384,40.77458884982865,-46.67634683935302,87.45093568918168,0.873559985106877,1.131148270129951,0.9398742810270749
HTDPA_3h_150726,2,338,2758,2773,2760.381,2774.387,41.157729916507776,-46.702910055031516,87.86063997153929,0.8812669246522394,1.0714984050673468,1.7554383385324275
HTDPA_3h_150726,2,339,2766,2782,2768.385,2783.393,41.128349390075506,-46.532258218986705,87.66060760906221,0.8838674709600441,1.087200454916101,1.1432564459742813
HTDPA_3h_150726,2,340,2773,2790,2775.39,2791.398,41.04962963690607,-46.52608586720647,87.57571550411254,0.8822927798841459,1.0931390111078416,1.3402251237000422
HTDPA_3h_150726,2,341,2782,2798,2784.394,2799.405,41.077545425663075,-46.411961688967295,87.48950711463037,0.8850637622461823,1.0488991000300358,0.9039718947796304
HTDPA_3h_150726,2,342,2790,2807,2792.399,2808.408,40.98861209627153,-46.40502727772087,87.3936393739924,0.8832795604443106,1.1024026615569062,0.5354787235648891
HTDPA_3h_150726,2,343,2798,2815,2800.405,2816.414,40.98861209627153,-46.6636788378372,87.65229093410873,0.8783836404907697,1.13447346859587,0.9038778120206589
HTDPA_3h_150726,2,344,2807,2822,2809.408,2823.42,40.75881322919097,-46.68806474075516,87.44687796994613,0.8730028424933107,1.0717749283948537,0.9228699679463364
HTDPA_3h_150726,2,345,2815,2831,2817.415,2832.424,40.74768254244244,-46.62334246946897,87.37102501191141,0.8739760039539384,1.0890005388568946,0.7566406387905471
HTDPA_3h_150726,2,346,2822,2839,2824.419,2840.427,40.96485959342935,-46.61774413650743,87.58260372993678,0.8787396377112299,1.1001634741184723,1.480781692114402
HTDPA_3h_150726,2,347,2831,2847,2833.424,2848.433,41.00170236450454,-46.64783723802498,87.64953960252952,0.8789625584416593,1.0656074776495859,1.292099695696276
HTDPA_3h_150726,2,348,2839,2855,2841.428,2856.436,41.24193253908327,-46.64783723802498,87.88976977710826,0.8841124258053472,1.0810406836519033,1.082580750380901
HTDPA_3h_150726,2,349,2847,2864,2849.433,2865.441,41.21375943154547,-46.64540260648364,87.85916203802911,0.8835545869169283,1.121547443872205,1.3304457939790046
HTDPA_3h_150726,2,350,2855,2871,2857.438,2872.446,41.00170236450454,-46.64910733713528,87.65080970163982,0.8789386272320995,1.0948681786475745,1.0342785932677445
HTDPA_3h_150726,2,351,2864,2879,2866.442,2880.452,41.015670155759224,-46.84056900483681,87.85623916059603,0.8756441483775294,1.0636531853124176,0.768291870538598
HTDPA_3h_150726,2,352,2871,2888,2873.447,2889.457,41.201817200949826,-46.83418222073926,88.03599942168908,0.8797381580563759,1.1171677070368196,1.2833497749156537
HTDPA_3h_150726,2,353,2879,2896,2881.452,2897.462,41.201817200949826,-46.636007172026076,87.8378243729759,0.8834765173821341,1.1149669494485919,1.3560043302159188
HTDPA_3h_150726,2,354,2888,2904,2890.458,2905.467,41.06030836630886,-46.638402216062666,87.69871058237152,0.8803969779257862,1.0706762475321487,0.8743622618399921
HTDPA_3h_150726,2,355,2896,2912,2898.462,2913.472,41.06030836630886,-46.904760143767774,87.96506851007663,0.8753974701172101,1.0603706323695357,1.0808895255657327
HTDPA_3h_150726,2,356,2904,2920,2906.468,2921.479,40.91715005230387,-46.904760143767774,87.82191019607164,0.8723453638157133,1.0826680761471763,0.6800074377091873
HTDPA_3h_150726,2,357,2912,2929,2914.473,2930.485,40.91216862462446,-46.9226207063216,87.83478933094605,0.871907152856716,1.1322352696127354,0.7044089082578343
HTDPA_3h_150726,2,358,2920,2936,2922.48,2937.487,40.97611893956827,-46.93233943873452,87.9084583783028,0.8730892052176197,1.1012351129923108,0.8808442776735383
HTDPA_3h_150726,2,359,2929,2945,2931.485,2946.497,40.97611893956827,-46.785552270128626,87.7616712096969,0.8758284759145715,1.1002928803511967,0.8613209341559035
HTDPA_3h_150726,2,360,2936,2953,2938.488,2954.501,40.398019308935844,-46.77908960998032,87.17710891891616,0.8635913961933309,1.1094414065324518,1.1417284664850482
HTDPA_3h_150726,2,361,2945,2961,2947.497,2962.518,40.41890831560204,-46.77085540899505,87.18976372459709,0.8641900594323663,1.060993852879076,0.9805098473371352
HTDPA_3h_150726,2,362,2953,2970,2955.502,2971.524,40.82234457637632,-46.76149956204221,87.58384413841853,0.8729904934338998,1.1117482239982932,0.9459981371758327
HTDPA_3h_150726,2,363,2961,2978,2963.518,2979.533,40.82234457637632,-47.02924305241313,87.85158762878945,0.8680204469989161,1.1339585551946434,1.1952953139936195
HTDPA_3h_150726,2,364,2970,2985,2972.528,2986.537,40.977646357459385,-47.056604616103805,88.03425097356319,0.870816045733906,1.0714174990929388,1.5339655676239705
HTDPA_3h_150726,2,365,2978,2993,2980.534,2994.543,40.977646357459385,-46.67619508725152,87.6538414447109,0.8779131692474103,1.0575554886396565,0.546276623010912
HTDPA_3h_150726,2,366,2985,3002,2987.538,3003.549,40.749015321768574,-46.661752245939994,87.41076756770858,0.8732851502659572,1.0972782291182606,1.1940715730003544
HTDPA_3h_150726,2,367,2993,3010,2995.543,3011.552,40.749015321768574,-46.744938789227255,87.49395411099583,0.8717310660199112,1.0878192581352562,1.2544278478805488
HTDPA_3h_150726,2,368,3002,3019,3004.55,3020.555,40.6423269965025,-46.744938789227255,87.38726578572975,0.8694487157156968,1.1077561189110299,0.9187308981708624
HTDPA_3h_150726,2,369,3010,3027,3012.552,3028.562,40.6423269965025,-46.88790246466729,87.5302294611698,0.866797720950064,1.1314837603302135,1.0572165258516806
HTDPA_3h_150726,2,370,3019,3034,3021.556,3035.566,40.319055432820555,-46.907861164972175,87.22691659779272,0.8595372807773268,1.0717664094602184,0.9254326871764933
HTDPA_3h_150726,2,371,3027,3042,3029.562,3043.571,40.319055432820555,-46.66970933439213,86.98876476721269,0.8639234314473947,1.0579913348816283,0.7509103844610175
HTDPA_3h_150726,2,372,3034,3051,3036.568,3052.577,40.43789712204087,-46.66462893795088,87.10252605999176,0.8665642059601593,1.1051440508941957,0.9527080385755847
HTDPA_3h_150726,2,373,3042,3059,3044.572,3060.58,40.43789712204087,-46.757078957346586,87.19497607938746,0.8648507995747492,1.0973892864291377,0.982526678839206
HTDPA_3h_150726,2,374,3051,3067,3053.577,3068.584,40.957430338373705,-46.763597699793266,87.72102803816696,0.8758400198655967,1.0772568409427903,0.9561718762927688
HTDPA_3h_150726,2,375,3059,3076,3061.58,3077.588,40.93520855238137,-46.76656676264854,87.7017753150299,0.8753092515885825,1.129366787518856,1.3128011602470009
HTDPA_3h_150726,2,376,3067,3083,3069.583,3084.593,40.942914919970164,-46.77230695083539,87.71522187080555,0.8753665916673132,1.1039553092576855,1.2439030928858688
HTDPA_3h_150726,2,377,3076,3092,3078.589,3093.599,40.942914919970164,-46.96300326011201,87.90591818008218,0.8718121090595796,1.096125058818907,1.2612487744668004
HTDPA_3h_150726,2,378,3083,3100,3085.594,3101.601,41.40342316674021,-46.95530678939941,88.35872995613963,0.8817623820975101,1.118081258352442,1.375687364134412
HTDPA_3h_150726,2,379,3092,3108,3094.599,3109.605,41.40813407980391,-46.723680299183506,88.13181437898741,0.8862344279101557,1.0813643348666413,0.2972965116279072
HTDPA_3h_150726,2,380,3100,3116,3102.604,3117.607,42.13317922906118,-46.723680299183506,88.85685952824468,0.9017521513560535,1.0673593696446246,2.4431275575630367
HTDPA_3h_150726,2,381,3108,3124,3110.605,3125.608,42.13317922906118,-46.86629428499837,88.99947351405955,0.8990081224012577,1.066161626654452,2.4679270555136523
HTDPA_3h_150726,2,382,3116,3132,3118.607,3133.613,40.488219438479,-46.86629428499837,87.35451372347737,0.8639091282162465,1.0893538673151009,0.8665673266257341
HTDPA_3h_150726,2,383,3124,3141,3126.608,3142.619,40.47865905608502,-47.16014573474331,87.63880479082833,0.8583234514108811,1.13055239372598,0.871736963853559
HTDPA_3h_150726,2,384,3132,3149,3134.613,3150.624,40.861100743513795,-47.16014573474331,88.0212464782571,0.8664328768901799,1.1288649468749241,1.2281539180445569
HTDPA_3h_150726,2,385,3141,3157,3143.62,3158.629,40.88630478819633,-46.91129208204938,87.79759687024571,0.871566375035777,1.101586755851996,1.0732998681507746
HTDPA_3h_150726,2,386,3149,3165,3151.625,3166.635,41.31959002754226,-46.91129208204938,88.23088210959165,0.880802642469812,1.0858822423989487,1.0692486540510189
HTDPA_3h_150726,2,387,3157,3173,3159.63,3174.638,41.31959002754226,-46.80551097043352,88.12510099797578,0.8827932688021151,1.0624680112306948,0.954077036634408
HTDPA_3h_150726,2,388,3165,3181,3167.635,3182.642,40.99117868616196,-46.80551097043352,87.79668965659548,0.8757767586824465,1.0776653966953351,0.7537382124943957
HTDPA_3h_150726,2,389,3173,3190,3175.639,3191.647,40.9799160410643,-46.96532242809787,87.94523846916218,0.872556897779271,1.1312245095798172,0.8503467038860802
HTDPA_3h_150726,2,390,3181,3197,3183.643,3198.65,40.92368199058547,-46.977155793055495,87.90083778364097,0.8711400530688388,1.101693605640771,1.180528532061819
HTDPA_3h_150726,2,391,3190,3205,3192.647,3206.655,40.952165200243705,-46.84349188226989,87.7956570825136,0.8742338274688691,1.058761485654457,0.6358773015226779
HTDPA_3h_150726,2,392,3197,3214,3199.653,3215.66,41.03565524773392,-46.83064573698275,87.86630098471667,0.876256447075372,1.0884031801275396,0.9076435349626207
HTDPA_3h_150726,2,393,3205,3222,3207.655,3223.663,41.03565524773392,-46.89122781506519,87.9268830627991,0.8751243496880668,1.0730290040979467,0.9729018058809263
HTDPA_3h_150726,2,394,3214,3231,3216.66,3232.668,41.10844347311027,-46.89122781506519,87.99967128817546,0.8766766277743524,1.1032827062699804,1.0882596218239555
HTDPA_3h_150726,2,395,3222,3238,3224.663,3239.671,41.12907516099568,-47.17783145248455,88.30690661348024,0.8717881660673423,1.1013610834602476,1.4459137279558287
HTDPA_3h_150726,2,396,3231,3246,3233.668,3247.676,40.549527287481624,-47.18127886435539,87.73080615183702,0.8594410381299787,1.0716422623999742,1.256527043993201
HTDPA_3h_150726,2,397,3238,3254,3240.672,3255.68,40.534487334640296,-46.937056949715675,87.47154428435597,0.863592435675408,1.0893510482806432,0.7520806946435309
HTDPA_3h_150726,2,398,3246,3263,3248.677,3264.686,41.11249459442836,-46.93044583642461,88.04294043085298,0.8760303436648645,1.0996213685195795,1.5149262030643218
HTDPA_3h_150726,2,399,3254,3271,3256.68,3272.69,41.11249459442836,-46.91136465914139,88.02385925356975,0.8763866686282162,1.0847252481056695,1.3975459311703207
HTDPA_3h_150726,2,400,3263,3279,3265.686,3280.692,41.03889812416364,-46.9203642185516,87.95926234271523,0.8746500332565084,1.0627510192000607,0.8685610084636827
HTDPA_3h_150726,2,401,3271,3287,3273.69,3288.693,41.03889812416364,-46.96935375566358,88.00825187982721,0.8737377639396444,1.0912056750305057,1.0617138339171486
HTDPA_3h_150726,2,402,3279,3295,3281.692,3296.696,40.54228937203221,-46.96935375566358,87.51164312769579,0.8631647261517539,1.1039477032003153,1.1327530011818132
HTDPA_3h_150726,2,403,3287,3304,3289.693,3305.701,40.522390052984434,-47.06847426960744,87.59086432259187,0.8609242318090204,1.122954826941975,1.1179081938109665
HTDPA_3h_150726,2,404,3295,3312,3297.697,3313.707,40.87102401136786,-47.06847426960744,87.9394982809753,0.8683311844199434,1.1062399041172941,1.403491793296285
HTDPA_3h_150726,2,405,3304,3320,3306.702,3321.711,40.89882433656938,-46.693016477806005,87.59184081437539,0.8759088065344697,1.066565271212968,0.8844889301339014
HTDPA_3h_150726,2,406,3312,3328,3314.707,3329.717,41.03690225413314,-46.693016477806005,87.72991873193914,0.8788659493361001,1.0683013799364935,0.8738979096735828
HTDPA_3h_150726,2,407,3320,3336,3322.711,3337.721,41.03690225413314,-47.01779896458541,88.05470121871855,0.8727950511899295,1.0738107021362024,1.3354926509829885
HTDPA_3h_150726,2,408,3328,3344,3330.718,3345.724,40.77072576915807,-47.01779896458541,87.78852473374349,0.8671338656211292,1.0884974561651934,0.96156524111476
HTDPA_3h_150726,2,409,3336,3353,3338.721,3354.729,40.7561146809514,-46.96575789064996,87.72187257160135,0.8677836047241816,1.1279315740808253,0.6589041914384002
HTDPA_3h_150726,2,410,3344,3361,3346.724,3362.737,41.08368808681477,-46.96575789064996,88.04944597746473,0.8747583331343152,1.126775889259507,1.07360170178634
HTDPA_3h_150726,2,411,3353,3369,3355.73,3370.739,41.10966078888094,-46.89496223634539,88.00462302522632,0.8766327730832327,1.0993733413986373,1.0495306653031808
HTDPA_3h_150726,2,412,3361,3377,3363.735,3378.746,40.94817675914145,-46.89496223634539,87.84313899548684,0.8731892469124336,1.0880982713402125,1.0744277136430358
HTDPA_3h_150726,2,413,3369,3385,3371.74,3386.751,40.94817675914145,-46.871556124169665,87.8197328833111,0.8736252888780498,1.0734360686314948,0.8803557792433107
HTDPA_3h_150726,2,414,3377,3393,3379.747,3394.754,40.73026404035817,-46.871556124169665,87.60182016452784,0.8689761426409163,1.0845563118042505,0.6161544675201487
HTDPA_3h_150726,2,415,3385,3402,3387.753,3403.76,40.71884964315902,-47.23615374383826,87.95500338699728,0.8620272061941666,1.133988651059945,0.9481230649022697
HTDPA_3h_150726,2,416,3393,3409,3395.754,3410.765,41.18695539187983,-47.25077142996238,88.4377268218422,0.8716673642657737,1.104439842210029,1.26963369948339
HTDPA_3h_150726,2,417,3402,3417,3404.761,3418.772,41.212037375089416,-47.02071194514231,88.23274932023173,0.8764656184527851,1.0576824382356431,0.7974862381287309
HTDPA_3h_150726,2,418,3409,3426,3411.766,3427.776,41.042556669393065,-47.009317341695514,88.05187401108859,0.8730728074834188,1.0950755475624585,1.7620020375553496
HTDPA_3h_150726,2,419,3417,3434,3419.773,3435.78,41.042556669393065,-46.92522028579933,87.96777695519239,0.8746374853313903,1.0850561077876144,1.6402982871082
HTDPA_3h_150726,2,420,3426,3442,3428.777,3443.784,41.13687719838759,-46.93397242330493,88.07084962169252,0.876484027973758,1.0783403411519288,0.9835291887793777
HTDPA_3h_150726,2,421,3434,3451,3436.781,3452.787,41.11212511105081,-47.04011642038086,88.15224153143167,0.8739800884769566,1.128500238133064,1.3610217522904602
HTDPA_3h_150726,2,422,3442,3458,3444.787,3459.792,41.0093229591664,-47.046285473202374,88.05560843236877,0.8716803579004204,1.0987697578715143,0.6873676098477588
HTDPA_3h_150726,2,423,3451,3467,3453.787,3468.801,41.0093229591664,-47.12847902991248,88.13780198907887,0.8701601198107359,1.094038127286875,0.6775702454499247
HTDPA_3h_150726,2,424,3458,3475,3460.792,3476.805,41.26679349205807,-47.11505556684792,88.381849058906,0.875872754379071,1.115645864824642,1.3148742823664639
HTDPA_3h_150726,2,425,3467,3483,3469.799,3484.809,41.291466404385375,-46.84325105828275,88.13471746266814,0.8814816536326695,1.0764438172594535,0.8613379063869065
HTDPA_3h_150726,2,426,3475,3491,3477.806,3492.815,40.94182626358989,-46.84325105828275,87.78507732187265,0.8740176084842988,1.0778201122904818,0.7297825210771915
HTDPA_3h_150726,2,427,3483,3499,3485.81,3500.819,40.94182626358989,-47.24550959079109,88.18733585438098,0.8665760326896783,1.0821189932842739,0.9556915359830921
HTDPA_3h_150726,2,428,3491,3507,3493.817,3508.821,40.96015197932438,-47.24550959079109,88.20566157011547,0.8669639153878059,1.0905969266896671,0.9355169860224068
HTDPA_3h_150726,2,429,3499,3516,3501.819,3517.827,40.94682088710421,-47.09030018055241,88.03712106765661,0.8695383280655882,1.1287210866271622,1.040773651354766
HTDPA_3h_150726,2,430,3507,3524,3509.821,3525.834,40.8688071111026,-47.09030018055241,87.95910729165502,0.8678816434468346,1.1185549382726852,1.0226573224724973
HTDPA_3h_150726,2,431,3516,3532,3518.829,3533.838,40.88957075733712,-46.81549032058595,87.70506107792306,0.8734196838980226,1.079680403778591,0.8391797689583279
HTDPA_3h_150726,2,432,3524,3540,3526.834,3541.842,41.08117428026396,-46.81549032058595,87.8966646008499,0.8775124216139958,1.0758176878562389,0.7516567031079606
HTDPA_3h_150726,2,433,3532,3548,3534.839,3549.845,41.08117428026396,-46.90439725830768,87.98557153857163,0.8758491033159516,1.072948818267882,1.0031325862715954
HTDPA_3h_150726,2,434,3540,3556,3542.842,3557.85,41.17516161442695,-46.90439725830768,88.07955887273462,0.8778529097745527,1.0866844921517291,0.9864860744891256
HTDPA_3h_150726,2,435,3548,3565,3550.846,3566.854,41.15491920367145,-47.05469781795898,88.20961702163044,0.8746187120973112,1.1270019223292922,1.0298001961507044
HTDPA_3h_150726,2,436,3556,3573,3558.85,3574.86,41.3106300556368,-47.05469781795898,88.36532787359579,0.8779278578189086,1.125045693003055,1.563221734003786
HTDPA_3h_150726,2,437,3565,3580,3567.856,3581.865,41.37028842527539,-46.89050204414502,88.26079046942041,0.8822743758709891,1.0698106145022013,0.7132004561836763
HTDPA_3h_150726,2,438,3573,3589,3575.861,3590.87,41.29672824355668,-46.88788596987365,88.18461421343034,0.8807547491070636,1.07547439104944,0.9058453887605292
HTDPA_3h_150726,2,439,3580,3597,3582.866,3598.873,41.272626051089325,-46.82667379067414,88.09929984176347,0.8813913675694184,1.0833016396715807,0.9954253825774214
HTDPA_3h_150726,2,440,3589,3605,3591.871,3606.878,40.93674586714865,-46.83399747905048,87.77074334619914,0.8740818224081821,1.0789045742453116,0.738330129119473
HTDPA_3h_150726,2,441,3597,3614,3599.873,3615.884,40.91954509634044,-47.03861209520087,87.95815719154132,0.8699139552315847,1.1333931180269328,0.9758922677628407
HTDPA_3h_150726,2,442,3605,3621,3607.879,3622.887,41.437527802071095,-47.052091640563795,88.48961944263489,0.8806734484540457,1.1036961723211522,1.304152962887037
HTDPA_3h_150726,2,443,3614,3629,3616.884,3630.893,41.465146684542574,-46.8466654805663,88.31181216510888,0.8851248271180331,1.0607233066831971,0.804171537552174
HTDPA_3h_150726,2,444,3621,3638,3623.888,3639.899,41.01938478328704,-46.835778916763644,87.85516370005068,0.8758130158609408,1.0999315427192424,0.825720948151748
HTDPA_3h_150726,2,445,3629,3646,3631.894,3647.902,41.01938478328704,-46.805111796427404,87.82449657971443,0.8763868562411599,1.0843759230890384,1.010792098710962
HTDPA_3h_150726,2,446,3638,3654,3640.899,3655.906,41.39797328692141,-46.81440166420568,88.21237495112709,0.8842999550408508,1.0761542103442074,0.6483317838131266
HTDPA_3h_150726,2,447,3646,3663,3648.902,3664.912,41.3878784732135,-47.07111343658991,88.45899190980342,0.8792627888220156,1.1339424741744357,1.158999694788785
HTDPA_3h_150726,2,448,3654,3670,3656.906,3671.914,41.44623705311322,-47.08221113375116,88.52844818686438,0.8802950425453202,1.1042509929592772,1.3503761728501298
HTDPA_3h_150726,2,449,3663,3679,3665.911,3680.918,41.44623705311322,-46.81512743512585,88.26136448823908,0.8853171896316511,1.0897657950713446,0.9664717684739338
HTDPA_3h_150726,2,450,3670,3687,3672.914,3688.925,41.49076639802484,-46.812395897299005,88.30316229532384,0.8863200783196569,1.107171461932405,1.1370282639281681
HTDPA_3h_150726,2,451,3679,3695,3681.919,3696.93,41.51845125967089,-46.728034924704566,88.24648618437546,0.8885126739562628,1.0598880057933713,0.9388946459412751
HTDPA_3h_150726,2,452,3687,3704,3689.926,3705.934,41.06235042176156,-46.72451163678298,87.78686205854453,0.8788181830762252,1.0942795168853459,0.860104334849197
HTDPA_3h_150726,2,453,3695,3712,3697.93,3713.937,41.06235042176156,-46.866512016274434,87.92886243803599,0.8761554605877779,1.1254407122401457,1.1747983755991773
HTDPA_3h_150726,2,454,3704,3719,3706.935,3720.943,41.14520706917599,-46.8983007825782,88.04350785175419,0.8773283121690547,1.0717464799062841,1.240887110263253
HTDPA_3h_150726,2,455,3712,3727,3714.938,3728.951,41.14520706917599,-47.01276805252508,88.15797512170107,0.8751921823281379,1.057242499015836,0.8140633245481471
HTDPA_3h_150726,2,456,3719,3736,3721.944,3737.958,41.58209477145299,-46.99788974866146,88.57998452011444,0.8847651457082131,1.1135138136379101,1.1661628224492575
HTDPA_3h_150726,2,457,3727,3744,3729.951,3745.961,41.58209477145299,-46.81037693455743,88.39247170601041,0.888309334265482,1.1221273707569637,0.9785561541792819
HTDPA_3h_150726,2,458,3736,3752,3738.956,3753.967,41.622780829446384,-46.81313156509537,88.43591239454176,0.8891261797251993,1.0928112877729181,1.059165127902108
HTDPA_3h_150726,2,459,3744,3760,3746.961,3761.973,41.622780829446384,-46.8815354743221,88.50431630376849,0.8878288735283418,1.081558781418646,1.2524172323235292
HTDPA_3h_150726,2,460,3752,3768,3754.97,3769.978,41.41847631541643,-46.8815354743221,88.30001178973853,0.8834709848209239,1.0857073500362278,0.821796447175098
HTDPA_3h_150726,2,461,3760,3777,3762.973,3778.983,41.40092915394178,-47.26638540162237,88.66731455556416,0.8759063931408797,1.130764064149698,1.1104042048171032
HTDPA_3h_150726,2,462,3768,3784,3770.978,3785.987,41.27622521506165,-47.27472187032824,88.5509470853899,0.8731140783499454,1.1004190375274798,1.1908482536195881
HTDPA_3h_150726,2,463,3777,3792,3779.984,3793.989,41.29658308937263,-46.79227224905773,88.08885533843036,0.8825513509915995,1.0682947076460927,0.763453533736676
HTDPA_3h_150726,2,464,3784,3801,3786.988,3802.996,41.24180058073414,-46.788062777720704,88.02986335845485,0.8814598881057424,1.1173809417636142,0.8636195438368349
HTDPA_3h_150726,2,465,3792,3809,3794.989,3811.0,41.24180058073414,-47.26348231794167,88.50528289867582,0.8725933544909017,1.099078054950783,1.047492422166384
HTDPA_3h_150726,2,466,3801,3817,3803.997,3819.005,41.940305607024015,-47.28107236587978,89.2213779729038,0.8870421821754214,1.080498669072587,1.6722979543776786
HTDPA_3h_150726,2,467,3809,3825,3812.001,3827.01,41.940305607024015,-47.15115937116802,89.09146497819204,0.8894862006865024,1.1004844696868734,1.841409991914738
HTDPA_3h_150726,2,468,3817,3833,3820.006,3835.012,41.065933090940234,-47.15115937116802,88.21709246210825,0.8709421706404789,1.103081198252088,1.100214480520287
HTDPA_3h_150726,2,469,3825,3841,3828.01,3843.017,41.065933090940234,-46.978607334895834,88.04454042583606,0.8741411340313691,1.0996085901600956,1.026598000605879
HTDPA_3h_150726,2,470,3833,3850,3836.012,3852.021,41.02540208400706,-46.96801437841997,87.99341646242704,0.873475334798413,1.1078341206571667,1.3467364138715394
HTDPA_3h_150726,2,471,3841,3858,3844.017,3860.025,41.02540208400706,-46.874205188028306,87.89960727203537,0.8752234180705633,1.0909013643057623,1.4322620539386142
HTDPA_3h_150726,2,472,3850,3866,3853.021,3868.029,41.23286040258105,-46.88371278708262,88.11657318966368,0.8794708855468782,1.0801284126342663,0.9433317409460428
HTDPA_3h_150726,2,473,3858,3874,3861.025,3876.032,41.23286040258105,-47.113600726048844,88.3464611286299,0.8751795610430522,1.1015141826434014,1.1005825910689966
HTDPA_3h_150726,2,474,3866,3882,3869.029,3884.038,41.56344905672188,-47.113600726048844,88.67704978277072,0.882196402232141,1.1044507183389087,1.3155025136424328
HTDPA_3h_150726,2,475,3874,3890,3877.033,3892.04,41.56344905672188,-46.78482649920846,88.34827555593034,0.888395921644063,1.091761759537346,1.1145662848798952
HTDPA_3h_150726,2,476,3882,3899,3885.039,3901.042,41.37009048775169,-46.78374773970438,88.15383822745608,0.8842833780210764,1.0892061020803194,1.2784162573990407
HTDPA_3h_150726,2,477,3890,3907,3893.041,3909.048,41.37009048775169,-46.77709703890857,88.14718752666026,0.8844091041678066,1.0757782960901383,1.3649838882921626
HTDPA_3h_150726,2,478,3899,3915,3902.042,3917.052,41.14413490758936,-46.78156053006767,87.92569543765703,0.8794947077736965,1.0766385143515642,0.5403043384950696
HTDPA_3h_150726,2,479,3907,3924,3910.048,3926.058,41.135019884623674,-47.03074737759312,88.1657672622168,0.8746409993097759,1.1346708489769237,1.225075606918542
HTDPA_3h_150726,2,480,3915,3931,3918.053,3933.059,41.15375137228172,-47.04265661860149,88.19640799088322,0.8748177575500445,1.1044100896561384,1.4134117559927792
HTDPA_3h_150726,2,481,3924,3939,3927.058,3941.063,41.17528037694115,-47.05297576150293,88.22825613844408,0.8750834503145134,1.0544087948422656,0.9267485533538684
HTDPA_3h_150726,2,482,3931,3948,3934.059,3950.068,41.21332396899337,-47.042306928976316,88.2556308979697,0.8760906226647548,1.1039367538744518,1.2406755776603475
HTDPA_3h_150726,2,483,3939,3956,3942.064,3958.073,41.21332396899337,-46.776938688889615,87.990262657883,0.8810607347158932,1.0988409392626972,1.1372917620533654
HTDPA_3h_150726,2,484,3948,3965,3951.069,3967.077,41.08862332907197,-46.776938688889615,87.8655620179616,0.8783948774918714,1.1087908291631292,0.8206801777495258
HTDPA_3h_150726,2,485,3956,3973,3959.073,3975.081,41.08862332907197,-47.06912086551814,88.15774419459011,0.8729422299274905,1.1316170961675958,1.141233997807128
HTDPA_3h_150726,2,486,3965,3980,3968.077,3982.083,40.86583145032987,-47.10112736309797,87.96695881342785,0.8676189666395707,1.071951832911319,1.1314769570435672
HTDPA_3h_150726,2,487,3973,3988,3976.08,3990.086,40.86583145032987,-46.98723411196977,87.85306556229963,0.8697220047672374,1.0606088749816467,0.943099172138558
HTDPA_3h_150726,2,488,3980,3997,3983.085,3999.092,41.118195195110474,-46.97308157902631,88.09127677413679,0.87535656194781,1.1074640347479474,1.2994898982696825
HTDPA_3h_150726,2,489,3988,4005,3991.086,4007.097,41.118195195110474,-46.77416756355804,87.89236275866851,0.8790791442570929,1.0999344351949307,1.2671054800653443
HTDPA_3h_150726,2,490,3997,4013,4000.093,4015.1,41.16264206605389,-46.781741972797704,87.9443840388516,0.879886903099693,1.0813356167853303,0.7731194875127735
HTDPA_3h_150726,2,491,4005,4022,4008.097,4024.106,41.14572170673757,-47.032106548589105,88.17782825532667,0.8748432661469185,1.1306097372556312,1.1841724378042493
HTDPA_3h_150726,2,492,4013,4029,4016.101,4031.111,40.87251514071295,-47.046466915932434,87.91898205664538,0.8687690664157257,1.1040316027143813,1.0303588859881787
HTDPA_3h_150726,2,493,4022,4037,4025.106,4039.115,40.89229569724651,-47.19213243857076,88.08442813581726,0.8665066311736465,1.0597522994989526,0.8224834547260134
HTDPA_3h_150726,2,494,4029,4046,4032.112,4048.119,40.82375653071194,-47.165278914524194,87.98903544523614,0.8655468062575279,1.1155087990469612,1.3999000590887276
HTDPA_3h_150726,2,495,4037,4054,4040.116,4056.122,40.82375653071194,-46.830909653681005,87.65466618439294,0.8717267469841494,1.1165483130082867,0.9508360143865595
HTDPA_3h_150726,2,496,4046,4062,4049.12,4064.126,41.407771194343816,-46.83254593721013,88.24031713155395,0.8841665633523431,1.073833357700937,0.8026891015491743
HTDPA_3h_150726,2,497,4054,4070,4057.123,4072.129,41.407771194343816,-46.86030667490692,88.26807786925073,0.8836427700230381,1.0701113077063356,1.0851028101932436
HTDPA_3h_150726,2,498,4062,4078,4065.126,4080.133,41.21489757230666,-46.86030667490692,88.07520424721358,0.8795268425841672,1.0892543190873496,0.7177575522850574
HTDPA_3h_150726,2,499,4070,4087,4073.13,4089.137,41.19822793385368,-47.076418162224655,88.27464609607833,0.8751351428625088,1.1280802591273904,0.8030473703596368
HTDPA_3h_150726,2,500,4078,4095,4081.134,4097.139,41.33675780876319,-47.076418162224655,88.41317597098785,0.8780778024852554,1.1252498359850163,1.247072620902265
HTDPA_3h_150726,2,501,4087,4103,4090.138,4105.143,41.362954840022866,-46.75688431878163,88.1198391588045,0.8846388172063875,1.0878510138973367,0.8822419707533273
HTDPA_3h_150726,2,502,4095,4111,4098.139,4113.147,41.448777251333844,-46.75688431878163,88.20566157011547,0.8864743204175478,1.0669167008981106,0.8379243420037664
HTDPA_3h_150726,2,503,4103,4119,4106.144,4121.153,41.448777251333844,-47.21466432668354,88.66344157801738,0.8778793165730274,1.0607580702991994,1.3346670677651753
HTDPA_3h_150726,2,504,4111,4127,4114.147,4129.156,41.03708369686319,-47.21466432668354,88.25174802354672,0.8691597045554115,1.083115465459,0.9219212811144918
HTDPA_3h_150726,2,505,4119,4136,4122.153,4138.16,41.02146972520318,-47.10510590732403,88.12657563252722,0.8708497504688776,1.1302441053178343,0.9215907221575063
HTDPA_3h_150726,2,506,4127,4143,4130.156,4145.162,41.21743777052729,-47.11614092426946,88.33357869479676,0.874805044767498,1.1009310910561365,1.1755065319201385
HTDPA_3h_150726,2,507,4136,4152,4139.161,4154.171,41.21743777052729,-47.771874950649774,88.98931272117707,0.8627971544576495,1.101960660311909,2.1272242045125584
HTDPA_3h_150726,2,508,4143,4160,4146.163,4162.175,45.44673255055349,-47.72474272730172,93.17147527785521,0.9522677326986395,1.1136599480180385,9.003374746288364
HTDPA_3h_150726,2,509,4152,4168,4155.17,4170.182,45.72393085663908,-47.01235568268408,92.73628653932316,0.9725939105297894,1.0699057505722713,8.17002944600424
HTDPA_3h_150726,2,510,4160,4176,4163.175,4178.187,41.01313325649732,-47.01235568268408,88.0254889391814,0.872390516512738,1.0867507518579391,0.7979248549909012
HTDPA_3h_150726,2,511,4168,4185,4171.183,4187.196,41.00225658957084,-47.048482579715284,88.05073916928612,0.8714894581371421,1.131636174611713,0.8191319806204723
HTDPA_3h_150726,2,512,4176,4192,4179.188,4194.198,41.380554784837166,-47.06406686074673,88.4446216455839,0.8792388236926921,1.1012434812076277,1.0024883680854657
HTDPA_3h_150726,2,513,4185,4200,4188.197,4202.203,41.403238425051434,-47.24581309499406,88.6490515200455,0.8763366680091769,1.0575934017607735,1.1102357189841863
HTDPA_3h_150726,2,514,4192,4209,4195.201,4211.21,41.24672262715644,-47.21983049605172,88.46655312320816,0.873504250096901,1.0922568116473363,1.1472461694117753
HTDPA_3h_150726,2,515,4200,4217,4203.203,4219.212,41.24672262715644,-47.14792639161451,88.39464901877095,0.874836409231613,1.0835220742492961,1.1077429009127
HTDPA_3h_150726,2,516,4209,4225,4212.211,4227.214,41.261528353928064,-47.16422324773122,88.42575160165929,0.8748480418558128,1.0800867360247899,0.8560692564656115
HTDPA_3h_150726,2,517,4217,4233,4220.213,4235.218,41.261528353928064,-47.16059439313033,88.4221227470584,0.8749153585718683,1.1025797370943655,1.1998847593407407
HTDPA_3h_150726,2,518,4225,4241,4228.215,4243.225,41.58812526800791,-47.16059439313033,88.74871966113824,0.8818405663281008,1.1042879364616465,1.4288645099033424
HTDPA_3h_150726,2,519,4233,4249,4236.219,4251.231,41.58812526800791,-46.930706454164124,88.51883172217202,0.8861602223828835,1.0899382818547425,1.0759509983376339
HTDPA_3h_150726,2,520,4241,4258,4244.228,4260.235,41.38414405193331,-46.92807058614039,88.3122146380737,0.8818633183729397,1.090434480246951,1.2800447341182917
HTDPA_3h_150726,2,521,4249,4266,4252.231,4268.239,41.38414405193331,-46.83117357037924,88.21531762231255,0.8836879560521801,1.0796199878334332,1.1587857930965118
HTDPA_3h_150726,2,522,4258,4275,4261.236,4277.243,40.943244815842974,-46.83117357037924,87.77441838622221,0.8742733033224607,1.1085101155060366,0.7477999529742299
HTDPA_3h_150726,2,523,4266,4283,4269.24,4285.246,40.943244815842974,-46.975918683532456,87.91916349937543,0.8715794382153456,1.13412948568082,1.0341813949264786
HTDPA_3h_150726,2,524,4275,4290,4278.243,4292.251,43.79565649048945,-46.988256789175466,90.78391327966492,0.9320553577245818,1.0726322755409166,3.960178567794696
HTDPA_3h_150726,2,525,4283,4298,4286.246,4300.254,43.79565649048945,-47.0474862941794,90.84314278466886,0.930881965013883,1.0562039810712573,3.7995963396624464
HTDPA_3h_150726,2,526,4290,4307,4293.252,4309.261,40.99792835571962,-47.03797869512508,88.0359070508447,0.8715920516365336,1.0967291322994877,1.442444970330453
HTDPA_3h_150726,2,527,4298,4315,4301.255,4317.261,40.99792835571962,-46.85125763111579,87.84918598683541,0.8750656957496752,1.0890401027074783,1.0687890031787726
HTDPA_3h_150726,2,528,4307,4323,4310.259,4325.269,40.887574887306634,-46.85776647668629,87.74534136399292,0.8725890703230579,1.0779493614224072,0.6410524030289729
HTDPA_3h_150726,2,529,4315,4331,4318.262,4333.271,40.887574887306634,-46.930706454164124,87.81828134147077,0.8712328873046128,1.102267901769307,0.8515760330578442
HTDPA_3h_150726,2,530,4323,4339,4326.267,4341.275,41.27368501684103,-46.930706454164124,88.20439147100515,0.8794601261149105,1.1044103748212195,0.8508981173682608
HTDPA_3h_150726,2,531,4331,4347,4334.272,4349.279,41.27368501684103,-47.012355682684095,88.28604069952513,0.8779327140172052,1.0953832351902018,0.8132425633711308
HTDPA_3h_150726,2,532,4339,4356,4342.276,4358.285,41.054327354134855,-47.00394663688621,88.05827399102107,0.8734229844844048,1.1159513515257957,1.540478877633724
HTDPA_3h_150726,2,533,4347,4364,4350.28,4366.289,41.054327354134855,-46.85119165194123,87.90551900607608,0.8762707181308976,1.1041620547575328,1.5484526941005765
HTDPA_3h_150726,2,534,4356,4372,4359.286,4374.29,41.14631222034989,-46.8541376220854,88.0004498424353,0.878178839875925,1.0753288664909328,0.6333859514560664
HTDPA_3h_150726,2,535,4364,4380,4367.289,4382.295,41.14631222034989,-46.91927556217133,88.06558778252122,0.8769596658803511,1.090497964646899,0.7667098645755768
HTDPA_3h_150726,2,536,4372,4388,4375.29,4390.299,40.972127199507305,-46.91927556217133,87.89140276167863,0.8732472253374067,1.0998186839404311,0.8727513867585442
HTDPA_3h_150726,2,537,4380,4397,4383.295,4399.305,40.963817122471276,-46.991463377059155,87.95528049953043,0.871728909435697,1.1276003406679846,1.0016596678179883
HTDPA_3h_150726,2,538,4388,4404,4391.3,4406.311,41.19094713194082,-47.00292066072178,88.19386779266259,0.8763486726551917,1.096336229144717,1.2215962721418827
HTDPA_3h_150726,2,539,4397,4412,4400.305,4414.316,41.21872766338997,-46.83855664001269,88.05728430340267,0.8800170334065786,1.0649419544902905,1.0142297926364876
HTDPA_3h_150726,2,540,4404,4421,4407.312,4423.32,41.12617867523243,-46.82309771941291,87.94927639464534,0.8783310092314006,1.1039344425829405,0.9604194464545718
HTDPA_3h_150726,2,541,4412,4429,4415.316,4431.323,41.12617867523243,-46.77395643019943,87.90013510543187,0.8792537945043166,1.0835395025560222,0.9487148942916251
HTDPA_3h_150726,2,542,4421,4438,4424.32,4440.328,41.197436183758946,-46.77395643019943,87.97139261395839,0.8807772386164873,1.1029616020554394,1.0347460738249885
HTDPA_3h_150726,2,543,4429,4446,4432.323,4448.333,41.197436183758946,-46.97820156297228,88.17563774673123,0.8769479208039825,1.1307793031113986,1.2049251662768183
HTDPA_3h_150726,2,544,4438,4453,4441.328,4455.338,41.07544728791202,-46.99496687122838,88.0704141591404,0.8740392859614834,1.0714258544608568,1.5057234353599567
HTDPA_3h_150726,2,545,4446,4461,4449.334,4463.346,41.07544728791202,-46.732422539812916,87.80786982772494,0.8789496682505271,1.0577718185921754,0.9742204597960663
HTDPA_3h_150726,2,546,4453,4470,4456.339,4472.346,41.272942751127225,-46.72697925791159,87.99992200903881,0.8832786413031202,1.0980195725982487,1.6632872653332413
HTDPA_3h_150726,2,547,4461,4478,4464.346,4480.349,41.272942751127225,-46.72125226555965,87.99419501668687,0.8833869117320595,1.0906550767951317,1.5681474209963602
HTDPA_3h_150726,2,548,4470,4487,4473.346,4489.358,40.947573049694206,-46.72125226555965,87.66882531525386,0.876422849647772,1.1122991652060579,0.6750579573892299
HTDPA_3h_150726,2,549,4478,4494,4481.35,4496.361,40.96359939119522,-46.80732539773396,87.77092478892918,0.8751536013458772,1.1026616779908573,0.9467401636006105
HTDPA_3h_150726,2,550,4487,4502,4490.359,4504.364,40.876526674526296,-46.822523700594225,87.69905037512052,0.8730098987382761,1.0727413525491443,1.3443970051299625
HTDPA_3h_150726,2,551,4494,4510,4497.362,4512.369,40.85164922675785,-47.018343292775555,87.86999251953341,0.8688449308471227,1.0955594286179702,1.3294218280558001
HTDPA_3h_150726,2,552,4502,4518,4505.365,4520.373,40.91823870868413,-47.018343292775555,87.93658200145968,0.8702611755989131,1.0954310362921567,1.2181344965047172
HTDPA_3h_150726,2,553,4510,4527,4513.37,4529.383,40.88977529277827,-46.769311496310294,87.65908678908856,0.874286449480962,1.127084094381633,1.2405930690887277
HTDPA_3h_150726,2,554,4518,4535,4521.374,4537.386,41.14450768992563,-46.769311496310294,87.91381918623593,0.8797330209398441,1.1179823773794395,0.9995283718388935
HTDPA_3h_150726,2,555,4527,4543,4530.382,4545.39,41.16554514973459,-46.790088338379746,87.95563348811433,0.8797919946641434,1.0701268295369406,0.993534100590603
HTDPA_3h_150726,2,556,4535,4552,4538.387,4554.393,41.038426373065526,-46.77796796401278,87.81639433707831,0.8773024600948293,1.1049430397400806,1.164049806028898
HTDPA_3h_150726,2,557,4543,4559,4546.39,4561.398,41.05522796986762,-46.95792286367078,88.0131508335384,0.8742982113808572,1.0984138534955026,1.2225763491755866
HTDPA_3h_150726,2,558,4552,4567,4555.394,4569.403,42.27213796860533,-46.96876654100997,89.24090450961529,0.9000052818439704,1.0717597665959098,2.459929511533553
HTDPA_3h_150726,2,559,4559,4575,4562.398,4577.407,42.224989250463615,-46.77793167546677,89.00292092593038,0.9026690094681763,1.0875308270061548,1.8769422399083517
HTDPA_3h_150726,2,560,4567,4584,4570.404,4586.412,41.239135022081854,-46.77148880907084,88.01062383115269,0.8817152515804448,1.0984572151626646,1.2409728534467712
HTDPA_3h_150726,2,561,4575,4592,4578.409,4594.42,41.239135022081854,-46.66396914620527,87.90310416828711,0.8837468345839465,1.0920884579783963,1.144539954496223
HTDPA_3h_150726,2,562,4584,4601,4587.413,4603.421,40.76469197364441,-46.66396914620527,87.42866111984968,0.8735796101253726,1.1065232681172699,0.9415235045824502
HTDPA_3h_150726,2,563,4592,4608,4595.418,4610.426,40.787962828512285,-46.9608259473515,87.74878877586379,0.8685529269489487,1.0983216963963855,1.2319310735561566
HTDPA_3h_150726,2,564,4601,4616,4604.421,4618.429,40.9450922327307,-46.97188075804929,87.91697299077998,0.8716936935873957,1.0716840545723898,1.3034681985489207
HTDPA_3h_150726,2,565,4608,4624,4611.427,4626.433,40.93257268435764,-46.77793167546678,87.71050435982443,0.8750402426583814,1.0900965526772344,0.8688774653190278
HTDPA_3h_150726,2,566,4616,4633,4619.43,4635.441,41.16876163449447,-46.77247849668925,87.94124013118372,0.8801920051640746,1.1142463804050542,1.3765230740789822
HTDPA_3h_150726,2,567,4624,4641,4627.433,4643.443,41.16876163449447,-46.59213102094262,87.76089265543709,0.8835990269685153,1.1134608439930762,1.3793518108227139
HTDPA_3h_150726,2,568,4633,4649,4636.44,4651.449,41.781361775505154,-46.59667038815246,88.37803216365762,0.8966598134043579,1.0868434689993662,1.1421941755545757
HTDPA_3h_150726,2,569,4641,4658,4644.444,4660.452,41.74204148642518,-46.79761656219721,88.53965804862239,0.8919693897433253,1.1282410019077067,1.8885195673645079
HTDPA_3h_150726,2,570,4649,4665,4652.449,4667.457,41.40559388158329,-46.80061201672231,88.2062058983056,0.884723342224428,1.0995095610719163,0.9024214112042356
HTDPA_3h_150726,2,571,4658,4674,4661.453,4676.464,41.40559388158329,-46.71805557455214,88.12364945613544,0.8862867551392142,1.0944450637010974,0.842977806511676
HTDPA_3h_150726,2,572,4665,4682,4668.457,4684.465,41.373956867381004,-46.71408692720226,88.08804379458326,0.8856848027845831,1.1149941612733287,1.2642906995086372
HTDPA_3h_150726,2,573,4674,4690,4677.462,4692.468,41.40432378247297,-46.50141295487917,87.90573673735214,0.8903885097566399,1.0747758104428076,1.1359371865208563
HTDPA_3h_150726,2,574,4682,4698,4685.465,4700.472,41.463292669737385,-46.50141295487917,87.96470562461656,0.891656619336915,1.0751331007138718,0.9919025715387735
HTDPA_3h_150726,2,575,4690,4706,4693.469,4708.477,41.463292669737385,-46.878632390641386,88.34192506037877,0.8844817042490111,1.0919605682414335,1.5721675710535927
HTDPA_3h_150726,2,576,4698,4714,4701.472,4716.482,42.81739976405846,-46.878632390641386,89.69603215469985,0.9133670839042289,1.1028989594549268,2.892477925514154
HTDPA_3h_150726,2,577,4706,4723,4709.478,4725.487,42.74149402268409,-46.84374920105068,89.58524322373476,0.9124268392617348,1.130973311927805,3.470761812328142
HTDPA_3h_150726,2,578,4714,4730,4717.482,4732.492,42.10051953765319,-46.852686080245036,88.95320561789822,0.8985721643695569,1.0992764544200877,1.590697902112166
HTDPA_3h_150726,2,579,4723,4739,4726.488,4741.495,42.10051953765319,-46.55167259110144,88.65219212875463,0.9043825322336729,1.1013666855877602,1.5960990265986623
HTDPA_3h_150726,2,580,4730,4747,4733.492,4749.5,41.49980554493977,-46.54820208651952,88.04800763145928,0.8915447575784721,1.107213208049604,1.3217262071314804
HTDPA_3h_150726,2,581,4739,4755,4742.496,4757.502,41.52843060982331,-46.639309429712895,88.1677400395362,0.8904169276435823,1.0611676164307786,1.1237134460802687
HTDPA_3h_150726,2,582,4747,4763,4750.501,4765.506,41.61461590659439,-46.639309429712895,88.25392533630728,0.8922648387259914,1.0846427142556432,1.198056603502058
HTDPA_3h_150726,2,583,4755,4772,4758.502,4774.509,41.58900938894704,-46.85785554857194,88.44686493751898,0.887556822694045,1.1323497377451852,1.3734096217383256
HTDPA_3h_150726,2,584,4763,4779,4766.506,4781.515,41.84504817375073,-46.86774582683873,88.71279400058947,0.8928325319582202,1.10159740473883,1.3478733151984872
HTDPA_3h_150726,2,585,4772,4788,4775.509,4790.519,41.84504817375073,-46.53788294361808,88.38293111736881,0.8991609743925644,1.0879288651846828,1.2600724268751387
HTDPA_3h_150726,2,586,4779,4796,4782.516,4798.522,41.49339236917239,-46.53292130969104,88.02631367886343,0.8916997085358338,1.0978061703150825,1.8947099770415952
HTDPA_3h_150726,2,587,4788,4804,4791.52,4806.526,41.531696578964116,-46.76686366893407,88.2985602478982,0.8880581959262851,1.0577597760697421,1.423810503301164
HTDPA_3h_150726,2,588,4796,4812,4799.522,4814.533,41.45095456409438,-46.76686366893407,88.21781823302845,0.8863317167798255,1.075569715212882,1.1133176334116448
HTDPA_3h_150726,2,589,4804,4820,4807.528,4822.537,41.45095456409438,-46.99584439425004,88.44679895834443,0.8820131885781356,1.099213309630638,1.1259467776081908
HTDPA_3h_150726,2,590,4812,4828,4815.534,4830.54,44.191647001414445,-46.99584439425004,91.1874913956645,0.9403309499173784,1.1030799807624396,4.0855141085104645
HTDPA_3h_150726,2,591,4820,4836,4823.538,4838.545,44.191647001414445,-47.06860292899784,91.26024993041229,0.9388773885657232,1.0969105629213975,3.7479887468437485
HTDPA_3h_150726,2,592,4828,4844,4831.541,4846.548,41.73872273394474,-47.06860292899784,88.80732566294259,0.8867635777698112,1.0955279788653622,1.3980848542550897
HTDPA_3h_150726,2,593,4836,4852,4839.545,4854.551,41.73872273394474,-46.652554749006114,88.39127748295085,0.8946717485998759,1.10130241556231,1.1713914992671792
HTDPA_3h_150726,2,594,4844,4861,4847.549,4863.559,41.75967112186803,-46.65037743624559,88.41004855811363,0.8951625563788544,1.1005140870796903,0.9797557256921549
HTDPA_3h_150726,2,595,4852,4869,4855.552,4871.564,41.75967112186803,-46.70832034734558,88.46799146921362,0.8940520834687052,1.0825015071665307,1.05209146873709
HTDPA_3h_150726,2,596,4861,4878,4864.559,4880.57,41.61137632912342,-46.70832034734558,88.319696676469,0.8908771717689948,1.1127719706129404,1.2864045350080944
HTDPA_3h_150726,2,597,4869,4886,4872.564,4888.576,41.61137632912342,-46.85924111123774,88.47061744036117,0.888007900732823,1.1338413621644046,1.208735948666839
HTDPA_3h_150726,2,598,4878,4893,4881.571,4895.579,41.3508113729448,-46.88217547231534,88.23298684526014,0.8820156265436765,1.0708496514350836,0.7073275457878945
HTDPA_3h_150726,2,599,4886,4902,4889.577,4904.583,41.323763210333276,-46.7432761140283,88.06703932436157,0.884057914758171,1.088230901442953,1.0555068803039376
HTDPA_3h_150726,2,600,4893,4910,4896.581,4912.585,41.374563875786976,-46.74076890539496,88.11533278118193,0.8851921961217758,1.1013792391040498,1.195869517848786
HTDPA_3h_150726,2,601,4902,4918,4905.583,4920.589,41.40377945428285,-46.69192782142575,88.0957072757086,0.886743841732825,1.0660311336973498,1.0731795011214698
HTDPA_3h_150726,2,602,4910,4927,4913.585,4929.592,42.092628428375626,-46.681862698346386,88.77449112672201,0.901691277838977,1.1136591951784909,1.0030166468400148
HTDPA_3h_150726,2,603,4918,4935,4921.589,4937.594,42.092628428375626,-46.867976753949705,88.96060518232534,0.8981106363809134,1.1341308810500448,1.2264233849489488
HTDPA_3h_150726,2,604,4927,4942,4930.593,4944.596,41.70814798445289,-46.87995197413263,88.58809995858553,0.8896798360089313,1.0717062572758829,0.9534937016429159
HTDPA_3h_150726,2,605,4935,4951,4938.593,4953.599,41.69517647873409,-50.37666678316662,92.07184326190071,0.8276684255073928,1.0988954316449842,3.5094089188342315
HTDPA_3h_150726,2,606,4942,4959,4945.598,4961.604,41.37080306283696,-50.20197042372119,91.57277348655816,0.8240872362908016,1.130819806715938,4.292594180491718
HTDPA_3h_150726,2,607,4951,4966,4954.6,4968.606,41.42646969241457,-46.63226615282843,88.058735845243,0.8883649264791712,1.0717886930172242,0.9270773967957394
HTDPA_3h_150726,2,608,4959,4975,4962.606,4977.613,41.65671061996468,-46.62987440775058,88.28658502771526,0.8933481196132219,1.0841502694383593,1.1762845857113224
HTDPA_3h_150726,2,609,4966,4983,4969.607,4985.618,41.62168227618993,-46.78352341051087,88.4052056867008,0.8896654044410596,1.0893386099309035,1.6675017068493991
HTDPA_3h_150726,2,610,4975,4992,4978.613,4994.623,41.66207472685654,-46.78352341051087,88.4455981373674,0.89052879496238,1.1048621778994254,1.076689818589639
HTDPA_3h_150726,2,611,4983,5000,4986.618,5002.628,41.66207472685654,-46.944182700568334,88.60625742742488,0.8874810962754742,1.1308117231529198,1.1658170400109322
HTDPA_3h_150726,2,612,4992,5007,4995.624,5009.633,41.66510317096891,-46.97865681927676,88.64375999024567,0.8868943046041381,1.071283732885871,1.532378749056963
HTDPA_3h_150726,2,613,5000,5016,5003.629,5018.638,41.63947356061046,-46.79190276568019,88.43137632629066,0.889886307234148,1.0898209170056363,1.1436345636558016
HTDPA_3h_150726,2,614,5007,5024,5010.633,5026.642,41.69861399372874,-46.78324629797771,88.48186029170645,0.8913151030207845,1.1045175478872018,1.5983313794025615
HTDPA_3h_150726,2,615,5016,5032,5019.639,5034.65,41.73200935293309,-46.63368470508149,88.36569405801458,0.8948898123074053,1.0806738827405131,1.0772067710162
HTDPA_3h_150726,2,616,5024,5040,5027.643,5042.652,41.626954012237405,-46.63368470508149,88.2606387173189,0.8926370342702402,1.0848059245824078,1.6062277206961715
HTDPA_3h_150726,2,617,5032,5048,5035.648,5050.655,41.626954012237405,-46.73801427485701,88.36496828709441,0.8906444712742294,1.077872053961631,1.968578436304573
HTDPA_3h_150726,2,618,5040,5056,5043.653,5058.659,43.845998600679934,-46.73801427485701,90.58401287553694,0.9381228381426369,1.0906306032729736,3.9229685744216787
HTDPA_3h_150726,2,619,5048,5065,5051.655,5067.663,43.73496884572771,-47.11842050475057,90.85338935047827,0.9281925917130067,1.1338357234460457,4.011307588011932
HTDPA_3h_150726,2,620,5056,5072,5059.66,5074.665,42.7889132554415,-47.12485017531159,89.9137634307531,0.9079904359644699,1.1024504776732198,3.0486781327376353
HTDPA_3h_150726,2,621,5065,5080,5068.664,5082.67,42.867507648179256,-46.87658043831252,89.74408808649179,0.9144759973392464,1.057932993488039,2.5100543858603133
HTDPA_3h_150726,2,622,5072,5089,5075.665,5091.675,41.02567919654021,-46.861194094804766,87.88687329134498,0.8754723388725704,1.1032691709987403,1.2298535989470596
HTDPA_3h_150726,2,623,5080,5097,5083.67,5099.677,41.02567919654021,-46.997111194401626,88.02279039094184,0.8729404457827029,1.087397512580774,1.560792309659625
HTDPA_3h_150726,2,624,5089,5106,5092.675,5108.682,41.96088121261105,-46.997111194401626,88.95799240701268,0.8928395840978732,1.0890528436035376,1.7724688323691968
HTDPA_3h_150726,2,625,5097,5114,5100.678,5116.687,41.96088121261105,-47.09962963583542,89.06051084844647,0.8908962031558186,1.1180360885197138,1.5725914746446048
HTDPA_3h_150726,2,626,5106,5121,5109.683,5123.689,41.39361866140036,-47.118862565220134,88.5124812266205,0.8784935885093765,1.0714721149296664,1.0819546313644524
HTDPA_3h_150726,2,627,5114,5130,5117.688,5132.693,41.38617950946855,-47.018343292775555,88.4045228022441,0.8802134786367005,1.0925213764511383,0.8824438510685971
HTDPA_3h_150726,2,628,5121,5138,5124.69,5140.697,41.530208748577756,-47.012708671268,88.54291741984576,0.8833825985006285,1.1125364553593278,1.6345266869292416
HTDPA_3h_150726,2,629,5130,5146,5133.693,5148.701,41.56072741577122,-46.86139533128719,88.42212274705841,0.8868862551351099,1.08982870310761,1.1664194136187804
HTDPA_3h_150726,2,630,5138,5154,5141.697,5156.703,41.29963132723737,-46.86139533128719,88.16102665852456,0.881314588165144,1.0974772727791127,1.2432579663256522
HTDPA_3h_150726,2,631,5146,5162,5149.701,5164.709,41.29963132723737,-46.93996003339639,88.23959136063377,0.8798395076999194,1.0807783663889026,1.299007365490353
HTDPA_3h_150726,2,632,5154,5171,5157.704,5173.712,41.37589665511312,-46.9305514031039,88.30644805821701,0.881640965598725,1.113413831378426,1.3009095555076515
HTDPA_3h_150726,2,633,5162,5179,5165.709,5181.718,41.37589665511312,-47.06215346468445,88.43805011979757,0.8791755924675586,1.133271350080989,1.3627067993620403
HTDPA_3h_150726,2,634,5171,5186,5174.712,5188.722,41.37362037359074,-47.087918332350746,88.46153870594148,0.878646197132182,1.0715958256105613,0.7739932936013313
HTDPA_3h_150726,2,635,5179,5195,5182.719,5197.727,41.36386205367308,-46.883349901622545,88.24721195529563,0.8822718969627543,1.0877743456456717,0.9455932593695217
HTDPA_3h_150726,2,636,5186,5203,5189.722,5205.73,41.13670895149246,-46.87702909669954,88.013738048192,0.8775451376543989,1.096122295660425,1.4173344196208308
HTDPA_3h_150726,2,637,5195,5211,5198.728,5213.734,41.16790390522517,-46.94939505535869,88.11729896058387,0.8768569617709346,1.0659043636463585,1.3566769347346306
HTDPA_3h_150726,2,638,5203,5220,5206.731,5222.738,41.574507166378396,-46.944684142294996,88.51919130867338,0.8856062816475888,1.1179249704969894,1.562029562398757
HTDPA_3h_150726,2,639,5211,5228,5214.735,5230.742,41.574507166378396,-47.032515619471376,88.60702278584978,0.8839524447883589,1.1334589691977086,1.5786969386302272
HTDPA_3h_150726,2,640,5220,5235,5223.739,5237.745,41.182511694473106,-47.06357861485497,88.24609030932808,0.8750399546003588,1.0716164076045176,1.48694088303112
HTDPA_3h_150726,2,641,5228,5244,5231.742,5246.749,41.155202914122064,-46.875729306960686,88.03093222108275,0.8779640023224307,1.0900330183195959,1.1813813657836854
HTDPA_3h_150726,2,642,5235,5252,5238.748,5254.755,41.1588251708055,-46.8665911912839,88.0254163620894,0.878212477686239,1.1048012993999243,1.1735097546778166
HTDPA_3h_150726,2,643,5244,5260,5247.749,5262.759,41.180060568138146,-46.79934191761201,87.97940248575016,0.8799281972946043,1.0669954940860424,0.7931448911913737
HTDPA_3h_150726,2,644,5252,5268,5255.758,5270.763,41.704430057966334,-46.79934191761201,88.50377197557835,0.8911328311279457,1.069062610818056,1.3556158744346725
HTDPA_3h_150726,2,645,5260,5276,5263.76,5278.767,41.704430057966334,-47.094004911204046,88.79843496917039,0.8855570923857553,1.0797140640998901,1.590138046023521
HTDPA_3h_150726,2,646,5268,5284,5271.764,5286.77,42.00580643257003,-47.094004911204046,89.09981134377408,0.8919565560791053,1.0943164754463064,1.8934690457232735
HTDPA_3h_150726,2,647,5276,5292,5279.767,5294.778,42.00580643257003,-46.966632114712894,88.97243854728293,0.8943755287791049,1.1003507004260802,1.318391409594151
HTDPA_3h_150726,2,648,5284,5301,5287.771,5303.783,42.63253601381308,-46.961376873459066,89.59391288727215,0.9078212533821065,1.1324702062645002,2.754451893789899
HTDPA_3h_150726,2,649,5292,5308,5295.776,5310.787,42.680591945605016,-46.755069891481185,89.4356618370862,0.9128548421522402,1.1046391039621006,2.080513882746282
HTDPA_3h_150726,2,650,5301,5317,5304.783,5319.794,41.406138209773424,-46.755069891481185,88.1612081012546,0.8855967557288938,1.0922912163197929,0.9535337216242393
HTDPA_3h_150726,2,651,5308,5325,5311.788,5327.799,41.383919722739805,-46.738235305091784,88.12215502783158,0.8854403563292287,1.1015863088495557,1.190537461058875
HTDPA_3h_150726,2,652,5317,5334,5320.795,5336.805,41.755197733832766,-46.738235305091784,88.49343303892455,0.8933841310282385,1.1101596698932163,1.4351199344364416
HTDPA_3h_150726,2,653,5325,5342,5328.8,5344.809,41.755197733832766,-47.11922545068021,88.87442318451298,0.886160528626219,1.1314909947635508,1.6226183289889093
HTDPA_3h_150726,2,654,5334,5349,5337.805,5351.812,41.49794493221713,-47.14571608926669,88.64366102148382,0.8802060584602013,1.0711367017523876,1.7810603987451583
HTDPA_3h_150726,2,655,5342,5358,5345.81,5360.815,41.461659685166985,-46.923085859502265,88.38474554466924,0.8836089725495047,1.0880371993069349,1.357745821375331
HTDPA_3h_150726,2,656,5349,5366,5352.813,5368.822,40.984811695816774,-46.90918734638087,87.89399904219763,0.8737054298805462,1.0996579856619872,1.0659069040097342
HTDPA_3h_150726,2,657,5358,5374,5361.816,5376.826,41.00877863097627,-46.79952336034205,87.80830199131833,0.8762648780676929,1.0666567819096395,0.9604295942720824
HTDPA_3h_150726,2,658,5366,5382,5369.822,5384.831,41.36930533557441,-46.79952336034205,88.16882869591646,0.8839685185903151,1.0772436994166512,0.7706937596206855
HTDPA_3h_150726,2,659,5374,5390,5377.827,5392.837,41.36930533557441,-49.832157150303495,91.2014624858779,0.8301728783443294,1.0890796365184254,4.578649745546571
HTDPA_3h_150726,2,660,5382,5398,5385.832,5400.841,41.71386507992866,-49.832157150303495,91.54602223023215,0.8370872839020698,1.0975182943733586,4.0507072709074565
HTDPA_3h_150726,2,661,5390,5406,5393.837,5408.845,41.71386507992866,-46.971168182964,88.68503326289266,0.888073826851466,1.1002050285267546,1.2189256245690643
HTDPA_3h_150726,2,662,5398,5414,5401.841,5416.848,43.16613269120373,-46.971168182964,90.13730087416772,0.9189921043279413,1.101175310638051,3.751557185158041
HTDPA_3h_150726,2,663,5406,5422,5409.844,5424.854,43.16613269120373,-46.83327170813031,89.99940439933404,0.9216979962497481,1.1006220129541235,4.026463516665648
HTDPA_3h_150726,2,664,5414,5431,5417.849,5433.861,41.84033726068703,-46.831133982874505,88.67147124356154,0.893429940773748,1.110045895955987,1.2134996196233765
HTDPA_3h_150726,2,665,5422,5439,5425.857,5441.863,41.84033726068703,-46.93441778273322,88.77475504342024,0.8914638603673004,1.093043806879904,1.212087789742455
HTDPA_3h_150726,2,666,5431,5448,5434.861,5450.864,41.76267977222804,-46.93441778273322,88.69709755496126,0.8898092646116126,1.1123919846762742,1.085768369366935
HTDPA_3h_150726,2,667,5439,5455,5442.863,5457.867,41.79369988114817,-48.100830620220215,89.8945305013684,0.8688768851234617,1.1019756322701852,1.4996780457085892
HTDPA_3h_150726,2,668,5448,5463,5451.864,5465.87,41.258077643098495,-48.122069316511585,89.38014695961007,0.8573629153753385,1.0716675318007336,1.3026069895438186
HTDPA_3h_150726,2,669,5455,5471,5458.867,5473.876,41.24211398181332,-47.08511421743188,88.3272281992452,0.8759055737098465,1.0897868017893795,0.9349908074074956
HTDPA_3h_150726,2,670,5463,5480,5466.87,5482.881,41.26329659580631,-47.07445198282273,88.33774857862903,0.876553945032926,1.107408915017994,1.5469666582317236
HTDPA_3h_150726,2,671,5471,5488,5474.876,5490.885,41.26329659580631,-46.73753592584144,88.00083252164775,0.8828727441104058,1.1134576681806592,0.8272220211209151
HTDPA_3h_150726,2,672,5480,5496,5483.884,5498.891,41.85139866930228,-46.74055447307763,88.59195314237991,0.8953979930513771,1.0916935028994563,1.065801697442368
HTDPA_3h_150726,2,673,5488,5504,5491.886,5506.896,41.85139866930228,-47.00963404173342,88.8610327110357,0.8902728030630519,1.0847743405708514,1.4904800029402876
HTDPA_3h_150726,2,674,5496,5512,5499.891,5514.902,41.6207849594159,-47.00963404173342,88.63041900114932,0.8853671339467672,1.0888324827198956,1.3894936086931602
HTDPA_3h_150726,2,675,5504,5521,5507.897,5523.906,41.59761307330987,-47.13264561478604,88.73025868809592,0.8825647813892338,1.1325481583364527,1.485552142134474
HTDPA_3h_150726,2,676,5512,5528,5515.903,5530.908,41.68683011315204,-47.13591818184429,88.82274829499633,0.8843962676685246,1.1011728090193198,1.065455206562942
HTDPA_3h_150726,2,677,5521,5536,5524.906,5538.912,41.69942553757585,-46.93597489125286,88.63540042882872,0.8884320744203204,1.0646105557608414,0.7344660445315567
HTDPA_3h_150726,2,678,5528,5545,5531.909,5547.915,41.46729100771582,-46.927410794394774,88.3947018021106,0.8836475378835277,1.110655637048669,1.7154401149360547
HTDPA_3h_150726,2,679,5536,5553,5539.912,5555.919,41.46729100771582,-46.90570364596401,88.37299465367983,0.8840564746817068,1.096481983762899,1.6246523081774897
HTDPA_3h_150726,2,680,5545,5562,5548.916,5564.922,41.62413670148362,-46.90570364596401,88.52984034744763,0.8874003258890492,1.1106831423324803,1.313184542436983
HTDPA_3h_150726,2,681,5553,5570,5556.919,5572.929,41.62413670148362,-47.069754265593936,88.69389096707755,0.8843074996019081,1.1317106791503366,1.5849813467671232
HTDPA_3h_150726,2,682,5562,5577,5565.923,5579.933,42.571920946143344,-47.08368906726134,89.65561001340468,0.9041755603586474,1.0717734241204828,1.7984030388702479
HTDPA_3h_150726,2,683,5570,5586,5573.929,5588.94,42.51674916037495,-46.936512621525544,89.4532617819005,0.9058352822931364,1.0910455021636687,1.8959113894010444
HTDPA_3h_150726,2,684,5577,5594,5580.934,5596.944,41.65702072208512,-46.9289415112446,88.58596223332972,0.8876616301286855,1.1112941848056503,1.6127738584538815
HTDPA_3h_150726,2,685,5586,5602,5589.941,5604.947,41.69227339505338,-46.67269489204105,88.36496828709443,0.8932904665456339,1.0878994589906876,1.1476905133949193
HTDPA_3h_150726,2,686,5594,5610,5597.944,5612.951,41.55056662288872,-46.67269489204105,88.22326151492976,0.8902542850589543,1.092332364816922,1.026347833955819
HTDPA_3h_150726,2,687,5602,5618,5605.947,5620.956,41.55056662288872,-46.896595220915785,88.44716184380451,0.8860039076857599,1.0801723492751316,1.393893276659285
HTDPA_3h_150726,2,688,5610,5626,5613.951,5628.959,41.98875081594585,-46.896595220915785,88.88534603686163,0.8953475325479269,1.08551349366568,1.7188718688824365
HTDPA_3h_150726,2,689,5618,5634,5621.957,5636.967,41.98875081594585,-47.02396801740692,89.01271883335278,0.89292232421566,1.1022758983137455,1.7105191170505192
HTDPA_3h_150726,2,690,5626,5642,5629.959,5644.969,41.65943226091535,-47.02396801740692,88.68340027832227,0.8859191177889162,1.1033332703470404,1.029515925756184
HTDPA_3h_150726,2,691,5634,5650,5637.965,5652.973,41.65943226091535,-46.8447026001231,88.50413486103845,0.8893093551373272,1.0923120478965833,1.0243064496289414
HTDPA_3h_150726,2,692,5642,5659,5645.97,5661.982,41.36924595431731,-46.837256850273825,88.20650280459114,0.8832550993873043,1.0950611259252185,1.4821741452511943
HTDPA_3h_150726,2,693,5650,5667,5653.974,5669.989,41.36924595431731,-46.9676185033726,88.3368644576899,0.8808035679166213,1.0844306417962648,1.4799868514985648
HTDPA_3h_150726,2,694,5659,5676,5662.983,5678.992,41.12603352104839,-46.9676185033726,88.09365202442099,0.8756252676106041,1.1061979373445632,1.0863879693247398
HTDPA_3h_150726,2,695,5667,5684,5670.989,5686.998,41.12603352104839,-46.95087298886887,88.07690650991726,0.8759375684196237,1.1286843695059467,1.0689799492074457
HTDPA_3h_150726,2,696,5676,5691,5679.993,5694.0,41.38869001706061,-46.96967045570147,88.35836047276209,0.8811790590716524,1.071513474673902,0.9244872077477531
HTDPA_3h_150726,2,697,5684,5700,5687.998,5703.005,41.37420428928561,-46.85667782030601,88.23088210959162,0.8829948304904259,1.0923006931723624,1.063150857335576
HTDPA_3h_150726,2,698,5691,5708,5695.0,5711.011,41.20924645600547,-46.85009639764349,88.05934285364896,0.8795979010638332,1.1149707817037426,1.4296639967104305
HTDPA_3h_150726,2,699,5700,5716,5704.006,5719.016,41.23576348626177,-46.70807622439968,87.94383971066145,0.8828401171598831,1.0887354908796067,1.014314575029083
HTDPA_3h_150726,2,700,5708,5724,5712.013,5727.021,41.11020511707106,-46.70807622439968,87.81828134147074,0.8801519660018803,1.0888504634977898,0.8730185950413046
HTDPA_3h_150726,2,701,5716,5732,5720.016,5735.024,41.11020511707106,-46.75089670869017,87.86110182576124,0.8793458096265648,1.079719559675996,1.203259980670578
HTDPA_3h_150726,2,702,5724,5740,5728.021,5743.028,41.17298430166641,-46.75089670869017,87.92388101035658,0.8806886541282763,1.0876776643119757,1.1384563603270517
HTDPA_3h_150726,2,703,5732,5748,5736.024,5751.03,41.17298430166641,-47.107794558687424,88.28077886035383,0.8740163849184797,1.103543999886996,1.1532034183607374
HTDPA_3h_150726,2,704,5740,5756,5744.028,5759.034,40.72155478931604,-47.107794558687424,87.82934934800346,0.8644334800811926,1.1042453833366173,1.0997116685706967
HTDPA_3h_150726,2,705,5748,5765,5752.031,5768.036,40.692801065042104,-46.750243514862,87.4430445799041,0.8704297134218302,1.1181252484237403,1.086550833886138
HTDPA_3h_150726,2,706,5756,5773,5760.034,5776.04,40.93461473981032,-46.750243514862,87.68485825467232,0.8756021715009276,1.0940388332171327,0.7990778536706982
HTDPA_3h_150726,2,707,5765,5781,5769.036,5784.043,40.95470869742305,-46.857585033956234,87.81229373137928,0.8740251694094873,1.054210935958855,0.8190085481034768
HTDPA_3h_150726,2,708,5773,5790,5777.041,5793.047,41.17902799405625,-46.846797438915424,88.02582543297167,0.8790147938661228,1.1055428344103726,1.6330823682212836
HTDPA_3h_150726,2,709,5781,5797,5785.043,5800.052,41.21489757230666,-47.07404621089916,88.28894378320582,0.8755333541471538,1.1012565796065756,1.763237154588835
HTDPA_3h_150726,2,710,5790,5805,5794.047,5808.053,41.29556041216693,-47.09204862867829,88.38760904084522,0.8769115299651373,1.0717284175727555,1.4243543118545712
HTDPA_3h_150726,2,711,5797,5813,5801.051,5816.058,41.268060292209654,-47.06297820436646,88.33103849657611,0.8768688652258059,1.0985816579853807,1.4627254501608278
HTDPA_3h_150726,2,712,5805,5822,5809.055,5825.063,40.87247555320822,-47.054776992968456,87.92725254617667,0.8686147967360661,1.1265922899006604,1.3034938133867806
HTDPA_3h_150726,2,713,5813,5829,5817.058,5832.066,40.89519548196849,-46.739647259427414,87.63484274139591,0.8749572981366458,1.1011235075892216,0.8349407543442903
HTDPA_3h_150726,2,714,5822,5838,5826.064,5841.072,41.03327339953226,-46.739647259427414,87.77292065895968,0.8779114906832299,1.0989304073450004,1.0129184496124077
HTDPA_3h_150726,2,715,5829,5846,5833.066,5849.076,41.00612296920016,-46.93643674547479,87.94255971467496,0.873652237206814,1.1097066592025158,1.382620207796079
HTDPA_3h_150726,2,716,5838,5855,5842.073,5858.082,41.015953866209834,-46.93643674547479,87.95239061168462,0.8738616884922403,1.1141452316110751,1.0582591153434648
HTDPA_3h_150726,2,717,5846,5862,5850.076,5865.086,41.03236618588203,-46.89387357996513,87.92623976584716,0.8750048365254398,1.1027614870683438,1.110584715071352
HTDPA_3h_150726,2,718,5855,5870,5859.082,5873.091,41.05077107662599,-46.90053747659584,87.95130855322182,0.8752729347102051,1.0714582335431955,1.0439468117491777
HTDPA_3h_150726,2,719,5862,5878,5866.086,5881.096,41.03799091051341,-46.728397810164665,87.76638872067807,0.8782237960999929,1.089737781250237,0.9584362247112991
HTDPA_3h_150726,2,720,5870,5887,5874.092,5890.103,40.78494758023482,-46.719180519478414,87.50412809971323,0.8729807998928949,1.106014326579637,1.1620553797785613
HTDPA_3h_150726,2,721,5878,5895,5882.097,5898.106,40.78494758023482,-46.679474252227244,87.46442183246207,0.8737233705730699,1.1019279833923303,1.116370387424379
HTDPA_3h_150726,2,722,5887,5903,5891.104,5906.11,40.84293997571572,-46.68249279946344,87.52543277517915,0.8749091474434966,1.0810816002576709,0.876861641921623
HTDPA_3h_150726,2,723,5895,5911,5899.107,5914.114,40.84293997571572,-46.742913228568206,87.58585320428392,0.8737782297820805,1.094310484141933,1.1608175149517646
HTDPA_3h_150726,2,724,5903,5919,5907.11,5922.117,41.0243827057601,-46.742913228568206,87.7672959343283,0.8776599461217776,1.0991449583405604,1.2656928299281323
HTDPA_3h_150726,2,725,5911,5928,5915.115,5931.121,41.00246772292945,-46.76979974220205,87.7722674651315,0.8766868352855373,1.130709997674448,1.2278930943982203
HTDPA_3h_150726,2,726,5919,5935,5923.117,5938.126,41.54911508104837,-46.77139973718517,88.32051481823353,0.8883444864707594,1.0995364869359179,1.5180287940045303
HTDPA_3h_150726,2,727,5928,5943,5932.121,5946.129,41.578993750248586,-46.54999672006759,88.12899047031618,0.8932115291068105,1.0705877909524613,0.9523560966713551
HTDPA_3h_150726,2,728,5935,5952,5939.126,5955.131,41.077763156939135,-46.54578724873056,87.6235504056697,0.8825237596139153,1.1017530829215185,1.1297713050561664
HTDPA_3h_150726,2,729,5943,5960,5947.129,5963.136,41.077763156939135,-46.76371646230748,87.84147961924661,0.8784110046097098,1.0778045788295207,1.233495881929313
HTDPA_3h_150726,2,730,5952,5969,5956.132,5972.142,40.5016725921721,-46.76371646230748,87.26538905447958,0.866091826230648,1.1049299563371542,0.9741113888930361
HTDPA_3h_150726,2,731,5960,5977,5964.136,5980.146,40.5016725921721,-46.82857399090151,87.3302465830736,0.8648922899091762,1.1316348681526525,1.1736885586254349
HTDPA_3h_150726,2,732,5969,5984,5973.142,5987.151,41.346753653709264,-46.84294425512103,88.1896979088303,0.8826676954489062,1.0715164814018656,0.7808824780363488
HTDPA_3h_150726,2,733,5977,5993,5981.147,5996.157,41.3246704239835,-46.54495921008981,87.8696296340733,0.8878441645518796,1.08804278878241,1.105636559614932
HTDPA_3h_150726,2,734,5984,6001,5988.152,6004.161,40.978306149205,-46.5390837645951,87.51738991380009,0.8805138140768363,1.0972730039176817,1.0881091758719963
HTDPA_3h_150726,2,735,5993,6009,5997.157,6012.167,41.00406111999511,-46.660538229128065,87.66459934912316,0.8787738563718094,1.0714036671571519,1.1119047382506206
HTDPA_3h_150726,2,736,6001,6018,6005.161,6021.169,40.92166962576133,-46.64730280671101,87.56897243247235,0.8772569294161645,1.1210073092329762,1.3700870856964993
HTDPA_3h_150726,2,737,6009,6026,6013.166,6029.172,40.92166962576133,-46.76300388722222,87.68467351298355,0.8750864192653585,1.13180212579334,1.742561899208055
HTDPA_3h_150726,2,738,6018,6033,6022.169,6036.176,41.813688272081606,-46.78187393114683,88.59556220322844,0.8938010549475346,1.0716827383225538,1.626301314875901
HTDPA_3h_150726,2,739,6026,6041,6030.172,6044.183,41.813688272081606,-46.674816122503195,88.4885043945848,0.8958511622699696,1.0656738049728762,1.4999025886657207
HTDPA_3h_150726,2,740,6033,6050,6037.177,6053.185,40.63008126170386,-46.67104211371827,87.30112337542212,0.8705629748464785,1.1239796785366378,0.8874343258700691
HTDPA_3h_150726,2,741,6041,6058,6045.183,6061.192,40.63008126170386,-46.48318620790653,87.11326746961038,0.8740812447747592,1.1303351568699467,0.9061468350043242
HTDPA_3h_150726,2,742,6050,6066,6054.186,6069.196,40.988638487941344,-46.486534651015525,87.47517313895688,0.8817314260065183,1.081689636765291,0.9977610249964267
HTDPA_3h_150726,2,743,6058,6074,6062.192,6077.201,40.988638487941344,-46.71551537633152,87.70415386427285,0.8774095320953752,1.062074608278525,1.3512590329167582
HTDPA_3h_150726,2,744,6066,6083,6070.197,6086.205,41.130942371635776,-46.70159047154029,87.83253284317607,0.8807182358532469,1.1137110254412295,1.2981503828079102
HTDPA_3h_150726,2,745,6074,6091,6078.202,6094.211,41.130942371635776,-46.729380899865625,87.8603232715014,0.8801944639449322,1.134857294968819,1.356881793329291
HTDPA_3h_150726,2,746,6083,6098,6087.205,6101.214,41.259694132875254,-46.738743344735916,87.99843747761116,0.8827728599494373,1.0715954416226952,1.1900435882661486
HTDPA_3h_150726,2,747,6091,6107,6095.212,6110.217,41.23576348626177,-46.60283944097396,87.83860292723573,0.8848337135871303,1.0881779827690357,1.269718494893735
HTDPA_3h_150726,2,748,6098,6115,6102.215,6118.223,41.04924695769361,-46.59690791318087,87.64615487087448,0.8809435817968087,1.1040212066509143,1.550378617383174
HTDPA_3h_150726,2,749,6107,6123,6111.218,6126.227,41.08244437937427,-46.493429474757214,87.57587385413149,0.883618284206788,1.075658701320456,1.0787817612252002
HTDPA_3h_150726,2,750,6115,6131,6119.224,6134.229,41.12726073369524,-46.493429474757214,87.62069020845246,0.8845822129775253,1.0884892174220806,0.9657096856356595
HTDPA_3h_150726,2,751,6123,6139,6127.227,6142.234,41.12726073369524,-46.66090111458816,87.7881618482834,0.8814073400060662,1.0962138985139254,1.5220249507062305
HTDPA_3h_150726,2,752,6131,6147,6135.229,6150.239,40.89991299294965,-46.66090111458816,87.56081410753781,0.8765350007388225,1.0988305672684808,1.3089237454437554
HTDPA_3h_150726,2,753,6139,6156,6143.234,6159.246,40.88346768369018,-46.64756672340927,87.53103440709944,0.876433017955758,1.1314047274372296,1.4987973916787558
HTDPA_3h_150726,2,754,6147,6163,6151.239,6166.25,41.018395095668616,-46.65328051992629,87.6716756155949,0.8792178093060158,1.1000967331420255,1.269067699796349
HTDPA_3h_150726,2,755,6156,6171,6160.249,6174.254,41.03542432062296,-46.42197732766574,87.45740164828871,0.8839654552191467,1.067269082296804,0.5352001734551022
HTDPA_3h_150726,2,756,6163,6180,6167.25,6183.259,40.800901344643805,-46.41842105015687,87.21932239480068,0.8789808102381784,1.0985428533322725,1.0976597862808712
HTDPA_3h_150726,2,757,6171,6188,6175.255,6191.262,40.800901344643805,-46.629026575357464,87.42992792000126,0.8750107892281477,1.0782143046667498,1.1567760509661849
HTDPA_3h_150726,2,758,6180,6197,6184.259,6200.267,41.322189607019986,-46.629026575357464,87.95121618237745,0.8861902690642477,1.1063551638596283,1.5048278533741617
HTDPA_3h_150726,2,759,6188,6205,6192.263,6208.269,41.322189607019986,-46.75173464420709,88.07392425122708,0.883864308383264,1.1321267239399304,1.5909847981226144
HTDPA_3h_150726,2,760,6197,6212,6201.267,6215.272,41.48810083937255,-46.78127352065831,88.26937436003087,0.8868527450637202,1.0714851725851515,1.1946469707929321
HTDPA_3h_150726,2,761,6205,6221,6209.27,6224.279,41.46238545608717,-46.493792360217306,87.95617781630447,0.891783254307401,1.0894963017288606,1.0062203977225788
HTDPA_3h_150726,2,762,6212,6229,6216.272,6232.283,41.10206988484762,-46.48463774974689,87.58670763459452,0.8842075979191949,1.1105903432834898,1.4508032164757438
HTDPA_3h_150726,2,763,6221,6237,6225.28,6240.29,41.13252257286653,-46.44462138037529,87.57714395324182,0.8856251025494777,1.0899018224571124,1.0736978811654474
HTDPA_3h_150726,2,764,6229,6245,6233.284,6248.296,40.76129074719576,-46.44462138037529,87.20591212757105,0.8776321032604872,1.077237487882581,0.7781240052015669
HTDPA_3h_150726,2,765,6237,6253,6241.293,6256.3,40.76129074719576,-46.5453220955499,87.30661284274566,0.8757333478865937,1.0661033700860638,1.2848501600232773
HTDPA_3h_150726,2,766,6245,6261,6249.297,6264.304,41.25626651475677,-46.5453220955499,87.80158861030667,0.8863676231537173,1.0871283123278737,1.6035958074675256
HTDPA_3h_150726,2,767,6253,6270,6257.302,6273.307,41.23225999209253,-46.56427461344272,87.79653460553524,0.8854912985198553,1.1323740297388802,1.2807444277711608
HTDPA_3h_150726,2,768,6261,6277,6265.304,6280.312,41.23032020436043,-46.56999830683594,87.80031851119637,0.8853408139013889,1.1014607956072362,0.8610949967038737
HTDPA_3h_150726,2,769,6270,6285,6274.307,6288.316,41.23828389073002,-46.417569918805036,87.65585380953505,0.888419707513022,1.061704178855038,0.38815438803340646
HTDPA_3h_150726,2,770,6277,6294,6281.312,6297.326,40.9010709274632,-46.4121266369037,87.3131975643669,0.8812582807817626,1.1012547971551099,1.0217303517571485
HTDPA_3h_150726,2,771,6285,6302,6289.317,6305.328,40.9010709274632,-46.61390414854794,87.51497507601114,0.8774435798623683,1.0846412419476705,1.2935834584210084
HTDPA_3h_150726,2,772,6294,6311,6298.325,6314.334,40.64991460157707,-46.61390414854794,87.26381875012501,0.8720555667689841,1.1036865355473862,1.2035256288312928
HTDPA_3h_150726,2,773,6302,6318,6306.329,6321.339,40.68073017505606,-46.62914863683039,87.30987881188645,0.8724313302800489,1.099221627602321,1.0903872002792914
HTDPA_3h_150726,2,774,6311,6326,6315.335,6329.342,40.93772235893217,-46.6428360165932,87.58055837552537,0.8776851035466318,1.0716416116258527,0.6726109219773825
HTDPA_3h_150726,2,775,6318,6334,6322.34,6337.346,40.93148402797737,-46.59449307539192,87.52597710336929,0.8784618380062307,1.0934657455424517,1.1324138195522875
HTDPA_3h_150726,2,776,6326,6343,6330.343,6346.351,40.73539722013906,-46.58776319958665,87.32316041972571,0.8743797603165565,1.1195874882870487,1.2383978098003992
HTDPA_3h_150726,2,777,6334,6350,6338.346,6353.357,40.762560846306066,-46.30545480643126,87.06801565273733,0.8802971705321562,1.100200868782951,0.9245684723828609
HTDPA_3h_150726,2,778,6343,6359,6347.352,6362.363,41.207276977644796,-46.30545480643126,87.51273178407605,0.8899011390753387,1.0846699683326886,0.8914363197571674
HTDPA_3h_150726,2,779,6350,6367,6354.357,6370.371,41.182511694473106,-46.475453448647905,87.657965143121,0.8861131767111616,1.0969175806023201,1.1109148014911019
HTDPA_3h_150726,2,780,6359,6375,6363.363,6378.373,41.23413050169136,-46.487986192855885,87.72211669454725,0.8869846572968584,1.0854386970901133,1.2695646058700696
HTDPA_3h_150726,2,781,6367,6383,6371.37,6386.378,41.23413050169136,-46.54441488189968,87.77854538359104,0.8859093106298046,1.1013013713847417,1.296483181439543
HTDPA_3h_150726,2,782,6375,6391,6379.373,6394.383,40.99190445708214,-46.54441488189968,87.53631933898183,0.8807051192091189,1.1014835917108785,0.9044104003349626
HTDPA_3h_150726,2,783,6383,6400,6387.379,6403.388,40.978160995020964,-46.97898011723211,87.95714111225308,0.8722658706673366,1.117965340394112,1.2983798840691239
HTDPA_3h_150726,2,784,6391,6408,6395.384,6411.393,40.84102987861217,-46.97898011723211,87.82000999584429,0.8693468818756133,1.0972578664916723,1.758255472356579
HTDPA_3h_150726,2,785,6400,6416,6404.388,6419.398,40.87142648433268,-46.65110320716576,87.52252969149845,0.8761084663492952,1.0692030686497425,1.1541271223334804
HTDPA_3h_150726,2,786,6408,6425,6412.393,6428.4,40.97403069869341,-46.63917417240503,87.61320487109845,0.8785325088997071,1.1164585278480925,0.8658508923694211
HTDPA_3h_150726,2,787,6416,6432,6420.399,6435.404,40.988094159751206,-46.73855860304714,87.72665276279835,0.8769653019868475,1.0989849812845534,0.9498244035615573
HTDPA_3h_150726,2,788,6425,6440,6429.401,6443.411,41.29013692401796,-46.74781548123814,88.0379524052561,0.8832527573526815,1.0716827592320097,1.091053111772844
HTDPA_3h_150726,2,789,6432,6448,6436.405,6451.415,41.2796726269325,-46.67668663210202,87.95635925903451,0.884374526244592,1.0978831768695771,1.1898761038944945
HTDPA_3h_150726,2,790,6440,6457,6444.411,6460.419,40.445524314620194,-46.665209554687024,87.11073386930721,0.8667168689604196,1.1269786438196292,1.1425984199366939
HTDPA_3h_150726,2,791,6448,6464,6452.416,6467.422,40.47334113461535,-46.490707833806546,86.9640489684219,0.8705684000187333,1.1021586434075858,0.8092105856137849
HTDPA_3h_150726,2,792,6457,6473,6461.419,6476.427,41.00369823453502,-46.490707833806546,87.49440606834156,0.8819762086891362,1.0773854906308165,1.162184502763287
HTDPA_3h_150726,2,793,6464,6481,6468.423,6484.432,40.98027232860693,-46.70540406782994,87.68567639643686,0.8774203573764517,1.0860151881971873,1.2394136540660743
HTDPA_3h_150726,2,794,6473,6490,6477.428,6493.437,40.973819565334814,-46.70540406782994,87.67922363316475,0.8772821985616229,1.1084900133208695,1.237541296797237
HTDPA_3h_150726,2,795,6481,6498,6485.432,6501.442,40.973819565334814,-47.76018673987619,88.73400630521101,0.8579074405319428,1.1317100307415684,2.039337174571092
HTDPA_3h_150726,2,796,6490,6505,6494.438,6508.447,41.185249830217415,-47.889446540759806,89.07469637097722,0.8600068032768703,1.0717060416819377,2.0354906578503607
HTDPA_3h_150726,2,797,6498,6514,6502.443,6517.451,41.18241932362872,-46.728579252894704,87.91099857652343,0.8813111800542831,1.0889489464486914,1.0635003746044969
HTDPA_3h_150726,2,798,6505,6522,6509.448,6525.457,40.5535322233775,-46.71110466851208,87.26463689188958,0.868177546028249,1.1036413027503738,1.0939286718793793
HTDPA_3h_150726,2,799,6514,6530,6518.452,6533.461,40.5785779180411,-46.69882264516743,87.27740056320853,0.8689422049538613,1.076046201103105,0.9616485003710891
HTDPA_3h_150726,2,800,6522,6538,6526.458,6541.465,41.05958259538869,-46.69882264516743,87.75840524055613,0.8792423506556581,1.084708762146344,0.7433384332292655
HTDPA_3h_150726,2,801,6530,6546,6534.461,6549.47,41.05958259538869,-46.76613789801389,87.82572049340257,0.8779767678256889,1.0878909345258798,1.1242608167489925
HTDPA_3h_150726,2,802,6538,6554,6542.466,6557.475,40.932209798897546,-46.76613789801389,87.69834769691144,0.8752531562080498,1.0956854752362646,1.416991118035165
HTDPA_3h_150726,2,803,6546,6563,6550.471,6566.479,40.91585026256501,-46.75867565337098,87.67452591593599,0.8750429666973525,1.129719482202709,1.37080294324024
HTDPA_3h_150726,2,804,6554,6570,6558.475,6573.483,41.503754398537275,-46.76396058525336,88.26771498379063,0.8875158108747776,1.0983222734479463,1.1241168852792554
HTDPA_3h_150726,2,805,6563,6578,6567.48,6581.487,41.52456093123528,-46.476660867542385,88.00122179877766,0.893449747811692,1.0712148192554187,0.7642137974483961
HTDPA_3h_150726,2,806,6570,6587,6574.484,6590.492,40.871538648929445,-46.47208851074527,87.34362715967472,0.8794857291485647,1.1032394680815647,1.170350489422162
HTDPA_3h_150726,2,807,6578,6595,6582.487,6598.497,40.871538648929445,-46.70434840103697,87.57588704996641,0.8751120623282689,1.0793984803577812,1.1672466044895329
HTDPA_3h_150726,2,808,6587,6604,6591.493,6607.503,40.96842246885568,-46.70434840103697,87.67277086989264,0.8771864691713815,1.1057990994656661,1.196639796699944
HTDPA_3h_150726,2,809,6595,6612,6599.498,6615.506,40.96842246885568,-46.81169651804866,87.78011898690434,0.8751749138820453,1.1316728536330511,1.3484041449718178
HTDPA_3h_150726,2,810,6604,6619,6608.504,6622.509,40.87142648433269,-46.825486165532034,87.69691264986471,0.8728457477162919,1.0717386294888667,1.0402044222650393
HTDPA_3h_150726,2,811,6612,6627,6616.506,6630.512,40.87142648433269,-46.65579432647709,87.52722081080978,0.8760203759115557,1.0592974839148008,0.9330424187272656
HTDPA_3h_150726,2,812,6619,6636,6623.509,6639.519,40.941885644847,-46.63815809311677,87.58004373796376,0.8778624053527861,1.1125978121999331,1.6442094059526915
HTDPA_3h_150726,2,813,6627,6644,6631.513,6647.52,40.941885644847,-46.501356872580786,87.44324251742779,0.8804449675959479,1.1213264658762658,0.6869570316750041
HTDPA_3h_150726,2,814,6636,6652,6640.517,6655.526,40.5234193281076,-46.5035902676397,87.0270095957473,0.8714041022399618,1.0861431032191804,0.7851329854327994
HTDPA_3h_150726,2,815,6644,6660,6648.521,6663.529,40.5234193281076,-46.59703327361254,87.12045260172013,0.8696566386567711,1.0832246404858779,0.9439280314232473
HTDPA_3h_150726,2,816,6652,6668,6656.526,6671.535,41.1348813283571,-46.59703327361254,87.73191460196963,0.8827789762240379,1.0971927083999942,1.0547861119613502
HTDPA_3h_150726,2,817,6660,6676,6664.53,6679.543,41.1348813283571,-46.90312715919738,88.03800848755449,0.8770178838766582,1.1030133728757527,0.9702987566234134
HTDPA_3h_150726,2,818,6668,6684,6672.538,6687.551,42.57535516217928,-46.90312715919738,89.47848232137666,0.9077295639088436,1.1034004822463825,2.726793470546492
HTDPA_3h_150726,2,819,6676,6692,6680.545,6695.556,42.57535516217928,-46.75543277694128,89.33078793912055,0.9105969645344932,1.0899703468350963,2.7752676221117394
HTDPA_3h_150726,2,820,6684,6701,6688.552,6704.563,40.8452525457841,-46.75173464420709,87.59698718999118,0.8736628246337197,1.092702536173525,1.3206251967768463
HTDPA_3h_150726,2,821,6692,6709,6696.557,6712.567,40.8452525457841,-46.59979780102667,87.44505034681077,0.8765113685725953,1.0840312267898755,1.1013145123466848
HTDPA_3h_150726,2,822,6701,6718,6705.564,6721.573,41.08729054974582,-46.59979780102667,87.68708835077248,0.8817053396922809,1.1093405212427498,1.0194487271593498
HTDPA_3h_150726,2,823,6709,6726,6713.568,6729.576,41.08729054974582,-46.95415875176204,88.04144930150787,0.8750511486525984,1.1327529808920291,1.1794069675978947
HTDPA_3h_150726,2,824,6718,6733,6722.571,6736.579,41.33442874390116,-46.9728110644106,88.30723980831175,0.8799649798949031,1.0717786216975629,1.0494871171093287
HTDPA_3h_150726,2,825,6726,6742,6730.577,6745.583,41.29128496165533,-46.85722214849616,88.14850711015148,0.8812149561661655,1.0936387741771747,1.5167185377300223
HTDPA_3h_150726,2,826,6733,6750,6737.579,6753.589,40.82165839296087,-46.84652032638226,87.66817871934313,0.8713914738715736,1.1206034479898883,1.5135915257106756
HTDPA_3h_150726,2,827,6742,6757,6746.584,6760.592,40.88857447180124,-46.81942267938984,87.70799715119108,0.8733250461416008,1.0688963034214598,1.1532201408455562
HTDPA_3h_150726,2,828,6750,6766,6754.59,6769.594,40.66857351214309,-46.81186146598507,87.48043497812816,0.8687664245459267,1.0955986006046128,1.2573892536991491
HTDPA_3h_150726,2,829,6757,6774,6761.592,6777.599,40.6367715500044,-46.71060322678539,87.34737477678979,0.8699688880639833,1.109843713263402,1.3735629553153061
HTDPA_3h_150726,2,830,6766,6782,6770.595,6785.601,40.83604515197403,-46.72023288731266,87.5562780392867,0.8740548286749541,1.0882196241593836,1.3371039216173954
HTDPA_3h_150726,2,831,6774,6791,6778.6,6794.607,40.81081141666295,-46.92514111078986,87.73595252745281,0.8697003450732087,1.1355567405406461,1.0750518570302057
HTDPA_3h_150726,2,832,6782,6798,6786.602,6801.609,40.53557599102057,-46.93451675149506,87.47009274251563,0.8636623703967155,1.1043802854296183,0.9964350389249989
HTDPA_3h_150726,2,833,6791,6806,6795.608,6809.613,40.561020859690245,-46.72729595794947,87.28831681763972,0.8680369798456058,1.0579386224672533,1.1035497676927544
HTDPA_3h_150726,2,834,6798,6815,6802.61,6818.615,41.17500326440799,-46.71902216945944,87.89402543386743,0.8813327281349733,1.0999022355586163,1.334414344352123
HTDPA_3h_150726,2,835,6806,6823,6810.613,6826.621,41.17500326440799,-46.91987597265984,88.09487923706783,0.8775599340543999,1.0913600988027425,1.0090444446874307
HTDPA_3h_150726,2,836,6815,6831,6819.615,6834.626,40.95579735380332,-46.92308585950225,87.87888321330557,0.8728283019670473,1.076950337670318,0.8898648866278195
HTDPA_3h_150726,2,837,6823,6839,6827.622,6842.63,40.95579735380332,-46.93143222508429,87.88722957888761,0.8726730767000316,1.093448467559042,1.0835302861389788
HTDPA_3h_150726,2,838,6831,6847,6835.627,6850.634,40.9643251621154,-46.93143222508429,87.8957573871997,0.8728547845215867,1.0987203776270154,1.0038515607098735
HTDPA_3h_150726,2,839,6839,6856,6843.63,6859.639,40.93836235692541,-46.98061640076123,87.91897875768663,0.8713883616959543,1.1295260274370253,1.0540772766794382
HTDPA_3h_150726,2,840,6847,6863,6851.635,6866.643,40.94618088911096,-46.987679471398046,87.93386036050902,0.8714237721408521,1.0980652447573507,1.0733192265551357
HTDPA_3h_150726,2,841,6856,6871,6860.642,6874.645,40.96521588097198,-46.79567017654765,87.76088605751963,0.8754061161304258,1.0717986435113265,0.7367801285002246
HTDPA_3h_150726,2,842,6863,6880,6867.643,6883.649,40.5882372691969,-46.784565881468936,87.37280315066585,0.8675561374669855,1.1054645912752785,1.0837521244129467
HTDPA_3h_150726,2,843,6871,6888,6875.645,6891.654,40.5882372691969,-46.722862157418945,87.31109942661584,0.8687018601824258,1.0797794881706515,1.3063512562787698
HTDPA_3h_150726,2,844,6880,6897,6884.65,6900.658,41.017458191389835,-46.722862157418945,87.74032034880878,0.8778883890544541,1.102092665177555,0.9229497681788644
HTDPA_3h_150726,2,845,6888,6905,6892.654,6908.664,41.017458191389835,-46.97170921219543,87.98916740358527,0.8732375057099334,1.128407064132249,1.3396418689402425
HTDPA_3h_150726,2,846,6897,6912,6901.658,6915.668,40.672532262616784,-46.99181306668434,87.66434532930111,0.8655237925146643,1.071560047197615,0.758435687680643
HTDPA_3h_150726,2,847,6905,6920,6909.664,6923.672,40.672532262616784,-48.57561016244793,89.24814242506471,0.8373035794424105,1.0606308489947667,2.574234706226528
HTDPA_3h_150726,2,848,6912,6929,6916.669,6932.677,40.32900509234443,-48.40273152926166,88.73173662160609,0.8331968841048507,1.1117093651281593,3.830356604770547
HTDPA_3h_150726,2,849,6920,6937,6924.673,6940.681,40.32900509234443,-46.82685853236291,87.15586362470734,0.8612366141211951,1.1151764638717645,0.9102607724290241
HTDPA_3h_150726,2,850,6929,6945,6933.678,6948.687,41.23521915807162,-46.83272737994017,88.0679465380118,0.8804787050632861,1.078264889088101,0.826558297072784
HTDPA_3h_150726,2,851,6937,6953,6941.682,6956.692,41.23521915807162,-46.787729582889185,88.0229487409608,0.8813254997770146,1.0706064146978358,1.217550502135527
HTDPA_3h_150726,2,852,6945,6961,6949.687,6964.695,41.82182350430505,-46.787729582889185,88.60955308719423,0.8938630678843578,1.0883299569684446,1.785242740513698
HTDPA_3h_150726,2,853,6953,6970,6957.692,6973.699,41.774094169427194,-46.8991585118475,88.6732526812747,0.8907216140962181,1.131271891728248,1.9148859927339772
HTDPA_3h_150726,2,854,6961,6977,6965.695,6980.704,41.21816354144747,-46.90857044109871,88.12673398254617,0.8786915302226814,1.1004034564363592,1.2087906114885831
HTDPA_3h_150726,2,855,6970,6985,6974.7,6988.706,41.24825334400628,-46.81783258128289,88.06608592528917,0.8810372259842022,1.070869860298884,1.2567417141022925
HTDPA_3h_150726,2,856,6977,6994,6981.704,6997.71,41.263191029127015,-46.812026413921465,88.07521744304847,0.881465601686829,1.1011773494511259,1.0396570814376123
HTDPA_3h_150726,2,857,6985,7002,6989.707,7005.714,41.263191029127015,-46.982331859299826,88.24552288842685,0.8782703922125409,1.0792541325635974,1.2071634364265493
HTDPA_3h_150726,2,858,6994,7010,6998.71,7013.72,43.34666820759786,-46.992215539649166,90.33888374724702,0.9224223142027552,1.074450202916754,3.7853211539852114
HTDPA_3h_150726,2,859,7002,7019,7006.715,7022.724,43.241167507473875,-46.92233039795353,90.1634979054274,0.9215477394396377,1.1285695223202143,3.7294331660403808
HTDPA_3h_150726,2,860,7010,7026,7014.721,7029.729,40.84874614307714,-46.9297992405139,87.77854538359105,0.8704223500664997,1.1035716516848504,0.8950192959210788
HTDPA_3h_150726,2,861,7019,7034,7023.724,7037.733,40.86925576948962,-46.90931930472998,87.7785750742196,0.8712395825656049,1.0573842847019261,0.840059413790542
HTDPA_3h_150726,2,862,7026,7043,7030.73,7046.737,40.85909497660713,-46.89059441498941,87.74968939159655,0.8713708044516877,1.0986764638254751,1.1226180147920202
HTDPA_3h_150726,2,863,7034,7051,7038.733,7054.743,40.85909497660713,-46.99117306869109,87.85026804529822,0.8695057456190727,1.0889817334783731,1.254328436944997
HTDPA_3h_150726,2,864,7043,7060,7047.738,7063.749,41.52529989799036,-46.99117306869109,88.51647296668145,0.883682980999202,1.1040527787730614,1.4611806956264861
HTDPA_3h_150726,2,865,7051,7067,7055.744,7070.752,41.55274393564926,-46.938508491556036,88.4912524272053,0.8852591458700558,1.0963163822671347,1.3480558488771033
HTDPA_3h_150726,2,866,7060,7075,7064.75,7078.756,41.178777273192914,-46.95099175138308,88.12976902457599,0.8770587316077274,1.0716372893641692,1.0561291617036543
HTDPA_3h_150726,2,867,7067,7084,7071.753,7087.759,41.14873035709758,-46.86308109919722,88.0118114562948,0.8780628458892019,1.1226758024201342,1.2368437429999986
HTDPA_3h_150726,2,868,7075,7092,7079.756,7095.764,40.9770261532185,-46.86308109919722,87.84010725241572,0.8743988912397921,1.10408381515205,1.1821994263183735
HTDPA_3h_150726,2,869,7084,7100,7088.76,7103.767,41.00424256272516,-46.937964163365905,87.94220672609106,0.8735837459846226,1.0630529925936292,1.0833117522174416
HTDPA_3h_150726,2,870,7092,7109,7096.764,7112.772,41.14350480647231,-46.93004996137724,88.07355476784954,0.8766985085320135,1.097845051431363,1.0772395942973008
HTDPA_3h_150726,2,871,7100,7116,7104.767,7119.776,41.16699669157495,-46.91147352477944,88.07847021635439,0.87754644223294,1.0895085352912035,1.1239361066592009
HTDPA_3h_150726,2,872,7109,7124,7113.773,7127.78,41.07699120059676,-46.923458641838536,88.0004498424353,0.8754041664774286,1.0716753060760524,1.0943637578246856
HTDPA_3h_150726,2,873,7116,7133,7120.777,7136.787,41.03177567226971,-46.777070647238745,87.80884631950846,0.8771771105912939,1.1203923645608043,1.2401259639465627
HTDPA_3h_150726,2,874,7124,7141,7128.781,7144.793,41.23782863442554,-46.777070647238745,88.01489928166428,0.8815821098634746,1.1026093690225465,1.767699140916683
HTDPA_3h_150726,2,875,7133,7149,7137.788,7152.8,41.275136558681396,-46.72077721550281,87.9959137741842,0.8834428495976636,1.062102890124487,1.2348911396163726
HTDPA_3h_150726,2,876,7141,7157,7145.795,7160.802,41.37547438839592,-46.72077721550281,88.09625160389874,0.8855904557740701,1.073409944921748,0.8904174390153505
HTDPA_3h_150726,2,877,7149,7166,7153.8,7169.808,41.35440064004094,-47.072974049312535,88.42737468935348,0.8785168448613221,1.1293538988360463,1.1803439047400406
HTDPA_3h_150726,2,878,7157,7173,7161.803,7176.811,41.252637660155884,-47.08529566016191,88.3379333203178,0.8761257008535481,1.1042869330934069,1.288730158730152
HTDPA_3h_150726,2,879,7166,7181,7170.811,7184.817,41.27731717040064,-47.06659386313243,88.34391103353308,0.8769981802896817,1.0590109628880022,1.2179990150613198
HTDPA_3h_150726,2,880,7173,7190,7177.812,7193.821,40.74976748435857,-47.04924793814019,87.79901542249877,0.8661087959989476,1.1028304237880513,1.2071747520868576
HTDPA_3h_150726,2,881,7181,7198,7185.817,7201.827,40.74976748435857,-46.972263437261745,87.72203092162032,0.8675282922822269,1.0899048618521263,1.0671712918711915
HTDPA_3h_150726,2,882,7190,7206,7194.822,7209.836,41.138147297497895,-46.97661146486535,88.11475876236324,0.8757155106486523,1.0619159961110776,0.9851761202881184
HTDPA_3h_150726,2,883,7198,7214,7202.828,7217.84,41.138147297497895,-46.97570425121513,88.11385154871303,0.8757324228179882,1.08600233808378,1.1082200609930601
HTDPA_3h_150726,2,884,7206,7222,7210.836,7225.844,41.0060569900256,-46.97570425121513,87.98176124124072,0.8729205371937535,1.103894742770245,1.09780662444499
HTDPA_3h_150726,2,885,7214,7231,7218.84,7234.849,40.98566942508608,-47.11219207067195,88.09786149575802,0.8699588710201467,1.125924848456754,0.9221575878566599
HTDPA_3h_150726,2,886,7222,7239,7226.845,7242.853,40.85848796820117,-47.11219207067195,87.97068003887313,0.8672593265647724,1.1255336482658929,0.9234907746121703
HTDPA_3h_150726,2,887,7231,7246,7235.85,7249.857,40.902324531779875,-46.813623109945866,87.71594764172573,0.8737269584051892,1.0715323270399097,0.771606086431303
HTDPA_3h_150726,2,888,7239,7255,7243.853,7258.864,41.28257571061321,-46.81059136687475,88.09316707748796,0.8819067331806149,1.0698034533753522,0.915335983440251
HTDPA_3h_150726,2,889,7246,7263,7250.858,7266.87,41.25779393264788,-47.07529651625711,88.33309044890498,0.8764213289320397,1.0774123788005756,1.2051472532246332
HTDPA_3h_150726,2,890,7255,7272,7259.864,7275.873,41.15354683684057,-47.07529651625711,88.22884335309769,0.8742068533254695,1.1059886804073225,1.280566900379946
HTDPA_3h_150726,2,891,7263,7280,7267.871,7283.877,41.15354683684057,-47.08971956381627,88.24326640065684,0.87393909367137,1.1303335594363728,1.3230361828243367
HTDPA_3h_150726,2,892,7272,7287,7276.876,7290.882,41.361044742919304,-47.10626714079631,88.46731188371561,0.8780369843208958,1.0711254758406568,1.058181050954053
HTDPA_3h_150726,2,893,7280,7296,7284.877,7299.888,41.343359025178074,-47.00346498891191,88.34682401408998,0.8795810912010625,1.0841065381677006,1.1164115355309816
HTDPA_3h_150726,2,894,7287,7304,7291.882,7307.892,40.67971079680909,-46.98762338909967,87.66733418590876,0.8657537424258426,1.0966879235877807,0.9659853142012136
HTDPA_3h_150726,2,895,7296,7312,7300.888,7315.893,40.69996310444076,-46.934335308765,87.63429841320576,0.8671682007785894,1.0582794832348466,0.9515927997912892
HTDPA_3h_150726,2,896,7304,7321,7308.892,7324.897,41.132354325971384,-46.93348087845443,88.06583520442581,0.8763968398698903,1.095304574387662,1.3426965308911563
HTDPA_3h_150726,2,897,7312,7328,7316.893,7331.902,41.15701734142251,-46.918005463061014,88.07502280448352,0.8772115722998032,1.0917298151826405,1.3545792775254004
HTDPA_3h_150726,2,898,7321,7336,7325.9,7339.905,41.51467725088595,-46.93732746433137,88.45200471521733,0.8844704096634773,1.0717030364891884,1.1534621229565605
HTDPA_3h_150726,2,899,7328,7345,7332.902,7348.91,41.473018000067775,-46.887374631270795,88.36039263133857,0.88452420990123,1.1221045611961074,1.0472837698224062
HTDPA_3h_150726,2,900,7336,7353,7340.906,7356.913,40.73186073638255,-46.887374631270795,87.61923536765335,0.8687170279143136,1.1019910843759688,1.0561425777073021
HTDPA_3h_150726,2,901,7345,7361,7349.911,7364.92,40.756936121674684,-46.85069021021456,87.60762633188924,0.86993245859991,1.0714295362835125,1.0223525233048563
HTDPA_3h_150726,2,902,7353,7369,7357.913,7372.923,41.04724448974568,-46.85069021021456,87.89793469996025,0.8761289173237496,1.0805845929276265,1.0004602024197404
HTDPA_3h_150726,2,903,7361,7377,7365.918,7380.926,41.04724448974568,-46.92326730223231,87.970511791978,0.8747737923994247,1.0833577900491174,1.2841744785382563
HTDPA_3h_150726,2,904,7369,7385,7373.924,7388.931,41.1123824298316,-46.92326730223231,88.03564973206392,0.876161972375605,1.0924993335691289,1.4297431976224382
HTDPA_3h_150726,2,905,7377,7393,7381.926,7396.934,41.1123824298316,-46.925263172262795,88.03764560209439,0.8761247066192875,1.0984037316004245,1.1458464290645831
HTDPA_3h_150726,2,906,7385,7401,7389.931,7404.938,41.05341354256718,-46.925263172262795,87.97867671482997,0.8748680511787427,1.099944302143449,1.2946041527458219
HTDPA_3h_150726,2,907,7393,7409,7397.935,7412.942,41.05341354256718,-46.62787853772008,87.68129208028725,0.880447809980388,1.0943963845901408,1.2517476642282972
HTDPA_3h_150726,2,908,7401,7418,7405.94,7421.949,40.69497837780264,-46.62559565828026,87.3205740360829,0.8728033991470434,1.0937904483374454,0.8123592537904426
HTDPA_3h_150726,2,909,7409,7426,7413.943,7429.952,40.69497837780264,-46.82420616954553,87.51918454734817,0.8691012983850789,1.0822599283869485,0.9124058227465558
HTDPA_3h_150726,2,910,7418,7434,7422.95,7437.957,41.41085572075457,-46.83055006717964,88.24140578793421,0.884270111313013,1.0776451605358919,1.1846606022223543
HTDPA_3h_150726,2,911,7426,7442,7430.953,7445.961,41.41085572075457,-46.899498304596484,88.31035402535105,0.882970121595011,1.0969950401647897,1.1867818340209357
HTDPA_3h_150726,2,912,7434,7450,7438.96,7453.963,41.55274393564926,-46.899498304596484,88.45224224024574,0.8859954890301416,1.1026183849226778,1.088774015680201
HTDPA_3h_150726,2,913,7442,7459,7446.963,7462.968,41.52292464770616,-46.94955340537765,88.47247805308382,0.8844157534190747,1.1307764695095335,1.3743388097919997
HTDPA_3h_150726,2,914,7450,7466,7454.963,7469.971,40.82842455731217,-46.96082594735149,87.78925050466366,0.8694145329361445,1.099874979914211,1.0755468750000008
HTDPA_3h_150726,2,915,7459,7474,7463.969,7477.974,40.84653254177059,-46.76996469013846,87.61649723190905,0.8733496553266197,1.0609445783962774,0.7037411793002927
HTDPA_3h_150726,2,916,7466,7483,7470.972,7486.981,41.18680034081961,-46.767424491917836,87.95422483273745,0.8806728355960108,1.0973573111826824,0.9326054573371388
HTDPA_3h_150726,2,917,7474,7491,7478.975,7494.983,41.18680034081961,-46.86667036629338,88.05347070711298,0.8788079037601368,1.0823822632071485,0.9642376966989864
HTDPA_3h_150726,2,918,7483,7500,7487.983,7503.988,41.59356195199178,-46.86667036629338,88.46023231828516,0.8874870270687284,1.1034206612247515,1.6543004644635408
HTDPA_3h_150726,2,919,7491,7508,7495.984,7511.993,41.59356195199178,-46.9188730892065,88.51243504119827,0.8864995941592684,1.1290536702749239,1.373718394824729
HTDPA_3h_150726,2,920,7500,7515,7504.988,7518.996,41.167930296895,-46.93549324327857,88.10342354017357,0.8771172401131735,1.0704618470226779,1.1846839604269204
HTDPA_3h_150726,2,921,7508,7523,7512.993,7527.001,41.167930296895,-46.93553942870076,88.10346972559576,0.8771163770138987,1.056119961431716,1.8197713151520558
HTDPA_3h_150726,2,922,7515,7532,7519.997,7536.006,40.572521029816336,-46.919572468456856,87.49209349827319,0.8647248663037685,1.1073430129802941,1.0515280574081372
HTDPA_3h_150726,2,923,7523,7540,7528.001,7544.013,40.572521029816336,-46.6860721696834,87.25859319949973,0.8690497860336808,1.1228588453471973,1.0111817071263778
HTDPA_3h_150726,2,924,7532,7548,7537.006,7552.017,41.07990418115366,-46.689750508665206,87.76965468981886,0.8798484406878463,1.0843889342035324,0.9366396269008509
HTDPA_3h_150726,3,1,9,26,9.841,25.85,37.85981521162797,-45.49200587985655,83.35182109148451,0.8322300694239546,1.110179892186279,0.9584403371340968
HTDPA_3h_150726,3,2,17,33,17.844,32.853,37.117631464063734,-45.49464190317888,82.61227336724261,0.8158681970298174,1.0928864750009655,0.3707170407160437
HTDPA_3h_150726,3,3,26,41,26.851,40.858,37.126295830415714,-45.545959917106025,82.67225574752175,0.8151391670740026,1.0613811443037087,0.39108887060052366
HTDPA_3h_150726,3,4,33,50,33.853,49.863,37.26150400160676,-45.538529121556685,82.80003312316344,0.8182412721795221,1.0887685432068142,0.6218840608498833
HTDPA_3h_150726,3,5,41,58,41.858,57.866,37.26150400160676,-45.63486512709739,82.89636912870415,0.8165139504155423,1.062755518878013,0.6211613533662939
HTDPA_3h_150726,3,6,50,66,50.861,65.873,37.3894208882321,-45.63921933832343,83.02864022655552,0.8192388351576395,1.0510672457921726,0.430514606457376
HTDPA_3h_150726,3,7,58,74,58.866,73.879,37.3894208882321,-45.70666188488527,83.09608277311737,0.818030005831522,1.0740545795366085,0.396659862656185
HTDPA_3h_150726,3,8,66,82,66.873,81.883,37.48230583259871,-45.70666188488527,83.18896771748399,0.820062202901624,1.0886008923139028,0.2846572423067052
HTDPA_3h_150726,3,9,74,90,74.879,89.888,37.48230583259871,-45.60529614125041,83.08760197384913,0.8218849345152178,1.0861939412182182,0.46840186643336557
HTDPA_3h_150726,3,10,82,99,82.884,98.894,37.25965364540278,-45.598533529885856,82.85818717528863,0.8171239459045833,1.0836974055414317,0.5289005123508004
HTDPA_3h_150726,3,11,90,107,90.887,106.895,37.25965364540278,-45.682181378599246,82.94183502400202,0.8156277244426385,1.0630452638370358,0.4331308282476888
HTDPA_3h_150726,3,12,99,115,99.893,114.9,37.37165159452719,-45.68646950567514,83.05812110020233,0.8180026165051976,1.0473218285788923,0.34133385521255477
HTDPA_3h_150726,3,13,107,123,107.896,122.905,37.37165159452719,-45.74987357639496,83.12152517092215,0.8168689588206733,1.0683126429243237,0.512870802238818
HTDPA_3h_150726,3,14,115,131,115.9,130.911,37.43869029350483,-45.74987357639496,83.18856386989978,0.8183342896235158,1.082274961476236,0.4570372348172358
HTDPA_3h_150726,3,15,123,139,123.906,138.914,37.43869029350483,-45.69010413393298,83.12879442743781,0.8194047924198095,1.0814742854851984,0.3608508467659781
HTDPA_3h_150726,3,16,131,148,131.911,147.918,37.33484272289795,-45.68503033973871,83.01987306263666,0.8172226754640585,1.0870891991605693,0.31177086123029984
HTDPA_3h_150726,3,17,139,156,139.917,155.923,37.33484272289795,-45.702065365108716,83.03690808800667,0.8169180632129872,1.070104911474678,0.2555954639202979
HTDPA_3h_150726,3,18,148,164,148.918,163.927,37.57236384387589,-45.70625803730107,83.27862188117696,0.8220398137430749,1.04521499924518,0.34977663871821996
HTDPA_3h_150726,3,19,156,172,156.923,171.933,37.57236384387589,-45.759162070831614,83.3315259147075,0.8210894199879972,1.0594431275368605,0.38943182258751885
HTDPA_3h_150726,3,20,164,180,164.926,179.935,37.45444034928872,-45.759162070831614,83.21360242012034,0.8185123733540436,1.0816752280461817,0.4000570729718646
HTDPA_3h_150726,3,21,172,189,172.933,188.939,37.4528837004187,-45.75149630941512,83.20438000983381,0.8186154928600956,1.1164448125465025,0.6476461761282932
HTDPA_3h_150726,3,22,180,197,180.936,196.943,37.53150915372129,-45.75149630941512,83.2830054631364,0.8203340257966109,1.0959095660215206,0.6498058879001046
HTDPA_3h_150726,3,23,189,205,189.939,204.948,37.5428829702291,-45.71675807449034,83.25964104471944,0.8212061517804297,1.050732363771316,0.4839739821309132
HTDPA_3h_150726,3,24,197,213,197.943,212.952,37.406382486768614,-45.71675807449034,83.12314056125896,0.8182203651846681,1.0465660396928278,0.3702394232077378
HTDPA_3h_150726,3,25,205,221,205.948,220.955,37.406382486768614,-45.83831619733533,83.24469868410395,0.8160505356639413,1.0493562181956517,0.5858359085815237
HTDPA_3h_150726,3,26,213,229,213.952,228.958,37.491594327035365,-45.83831619733533,83.32991052437069,0.8179095009867492,1.0667419943728684,0.3736318697295801
HTDPA_3h_150726,3,27,221,238,221.956,237.964,37.49036075623272,-45.87382541401176,83.36418617024448,0.8172494972434021,1.1141967685465137,0.6033110174883687
HTDPA_3h_150726,3,28,229,246,229.959,245.969,37.37155613964365,-45.87382541401176,83.24538155365542,0.8146596845230359,1.105524592009173,0.5543213078940007
HTDPA_3h_150726,3,29,238,254,238.967,253.974,37.37649776553762,-45.79227757273623,83.16877533827386,0.8162183614075315,1.0644123306444828,0.36031742100893577
HTDPA_3h_150726,3,30,246,262,246.97,261.981,37.51865211517694,-45.79227757273623,83.31092968791317,0.8193226915953786,1.0534165976100214,0.5077520323035708
HTDPA_3h_150726,3,31,254,270,254.975,269.985,37.51865211517694,-45.84033543525634,83.35898755043328,0.8184637341532388,1.0457084831459402,0.5214656124643957
HTDPA_3h_150726,3,32,262,278,262.981,277.988,37.290074382518256,-45.84033543525634,83.13040981777459,0.8134773454087341,1.060971524498601,0.39109421606443734
HTDPA_3h_150726,3,33,270,287,270.985,286.992,37.288378222664605,-45.95004246717583,83.23842068984044,0.8114982320049293,1.1095811181164497,0.4891325518866976
HTDPA_3h_150726,3,34,278,295,278.988,294.994,37.62150108084834,-45.95004246717583,83.57154354802417,0.818747906658042,1.1150298086044426,0.5289711330771735
HTDPA_3h_150726,3,35,287,303,287.992,302.999,37.62486402982224,-45.91868186659166,83.5435458964139,0.8193803153830593,1.0929811231635975,0.2898992599181161
HTDPA_3h_150726,3,36,295,311,295.995,311.005,37.449594178278296,-45.91868186659166,83.36827604486996,0.8155633536494198,1.069630193672286,0.3303683968319174
HTDPA_3h_150726,3,37,303,319,303.999,319.012,37.449594178278296,-45.9097972197392,83.3593913980175,0.8157211847186425,1.0415982007917082,0.35662041634974107
HTDPA_3h_150726,3,38,311,327,312.006,327.016,37.748441390588255,-45.9097972197392,83.65823861032746,0.8222306278093967,1.0589109321333938,0.32671836758339867
HTDPA_3h_150726,3,39,319,335,320.013,335.025,37.748441390588255,-45.93079729411773,83.67923868470598,0.8218546947675699,1.0841443317846662,0.29515335054657826
HTDPA_3h_150726,3,40,327,343,328.017,343.03,37.5440945129817,-45.93079729411773,83.47489180709943,0.8174056782112489,1.0928301956339137,0.20047832839053836
HTDPA_3h_150726,3,41,335,351,336.026,351.034,37.5440945129817,-45.89687409704471,83.4409686100264,0.8180098373060913,1.0899070230715615,0.270881349369588
HTDPA_3h_150726,3,42,343,360,344.032,360.04,37.565549833727886,-45.89241708825178,83.45796692197968,0.8185567947203302,1.0860168163985127,0.6743751176740703
HTDPA_3h_150726,3,43,351,368,352.035,368.043,37.565549833727886,-45.97104254155436,83.53659237528225,0.8171567960367977,1.0611352249550934,0.4241567154628483
HTDPA_3h_150726,3,44,360,376,361.04,376.049,37.53238293303983,-45.97723976630104,83.50962269934087,0.816325275806338,1.044517940768278,0.33339410498827377
HTDPA_3h_150726,3,45,368,384,369.044,384.052,37.53238293303983,-46.00995142062144,83.54233435366126,0.8157448937496159,1.0680455141406762,0.4680023783511921
HTDPA_3h_150726,3,46,376,392,377.049,392.055,37.71371049834682,-46.00995142062144,83.72366191896826,0.819685944755067,1.084458260211243,0.44875262282033657
HTDPA_3h_150726,3,47,384,400,385.053,400.057,37.71371049834682,-45.93887424580179,83.65258474414861,0.8209541726372052,1.0829802280325407,0.30025765307356667
HTDPA_3h_150726,3,48,392,409,393.055,409.062,37.67172503495644,-45.934916539476596,83.60664157443304,0.8201108845507807,1.089296010306034,0.2721349386653847
HTDPA_3h_150726,3,49,400,417,401.057,417.066,37.67172503495644,-45.985316717985086,83.65704175294152,0.819212038181371,1.0714170264993896,0.47955382010331515
HTDPA_3h_150726,3,50,409,425,410.062,425.071,37.51380594416651,-45.9881436510745,83.50194959524102,0.8157277716794732,1.0460624903996185,0.41803575055858694
HTDPA_3h_150726,3,51,417,433,418.067,433.075,37.51380594416651,-45.94816274023845,83.46196868440497,0.8164375615243986,1.0604698929939065,0.3228236728650469
HTDPA_3h_150726,3,52,425,441,426.071,441.081,37.72340284036768,-45.94816274023845,83.67156558060614,0.8209991562368162,1.0775636877666255,0.3270241232515639
HTDPA_3h_150726,3,53,433,449,434.076,449.086,37.72340284036768,-46.598761198388885,84.32216403875657,0.8095366029102066,1.0833441884050268,1.3480634779235339
HTDPA_3h_150726,3,54,441,458,442.082,458.089,37.668993556750564,-46.569970536976896,84.23896409372746,0.8088687435788929,1.1029053198197092,1.3156204643728797
HTDPA_3h_150726,3,55,449,466,450.086,466.095,37.668993556750564,-45.82418887457158,83.49318243132214,0.8220329586161766,1.0928807627919308,0.3903206701717303
HTDPA_3h_150726,3,56,458,474,459.089,474.099,37.76742222704576,-45.83185463598809,83.59927686303385,0.8240430706330184,1.0520016351971033,0.4752037853792402
HTDPA_3h_150726,3,57,466,482,467.098,482.104,37.76742222704576,-45.84316236834575,83.61058459539151,0.8238398111279468,1.0412761431137652,0.45652063660733455
HTDPA_3h_150726,3,58,474,490,475.099,490.109,37.84173018253905,-45.84316236834575,83.6848925508848,0.8254607280031011,1.0564958194528697,0.45754621921734
HTDPA_3h_150726,3,59,482,498,483.104,498.11,37.84173018253905,-45.90414335356036,83.74587353609941,0.8243641514247759,1.0828730454653868,0.4253975984954394
HTDPA_3h_150726,3,60,490,506,491.107,506.114,37.88534572163293,-45.90414335356036,83.78948907519329,0.8253142952659962,1.093645878042695,0.4994926691022731
HTDPA_3h_150726,3,61,498,514,499.11,514.117,37.88534572163293,-45.674354078149065,83.559699799782,0.8294664803975312,1.0924289086483596,0.48331087579562887
HTDPA_3h_150726,3,62,506,523,507.114,523.121,37.5996492552013,-45.67292959757933,83.27257885278064,0.8232370812752524,1.0849044656152107,0.24305406664662327
HTDPA_3h_150726,3,63,514,531,515.118,531.125,37.5996492552013,-45.561673259473174,83.16132251467448,0.8252473310422942,1.059135626971181,0.30422404187274316
HTDPA_3h_150726,3,64,523,539,524.121,539.127,37.823557041249934,-45.566930620751165,83.3904876620011,0.8300659387407827,1.0449457814798153,0.31592038355367913
HTDPA_3h_150726,3,65,531,547,532.126,547.133,37.823557041249934,-46.06972086308343,83.89327790433336,0.8210068637849874,1.0670406347322872,0.36933858040291984
HTDPA_3h_150726,3,66,539,555,540.128,555.138,37.970557561899696,-46.06972086308343,84.04027842498313,0.8241976910332497,1.08746443728644,0.519731810340279
HTDPA_3h_150726,3,67,547,563,548.134,563.144,37.970557561899696,-46.10485560290906,84.07541316480877,0.8235696016257316,1.0860310325324372,0.6929235395271625
HTDPA_3h_150726,3,68,555,572,556.139,572.148,37.796110090890856,-46.10021502703241,83.89632511792327,0.8198684120828468,1.0904774340768955,0.41392965418734945
HTDPA_3h_150726,3,69,563,580,564.144,580.15,37.796110090890856,-46.01456996844806,83.81068005933892,0.8213944000086808,1.0715862480241107,0.24289637727681404
HTDPA_3h_150726,3,70,572,588,573.148,588.155,37.72744131620971,-46.01722067713709,83.7446619933468,0.8198548447962651,1.0429135188485046,0.27418880535476686
HTDPA_3h_150726,3,71,580,596,581.152,596.16,37.72744131620971,-46.12706722004021,83.85450853624992,0.8179024505555119,1.0570503415992847,0.4923221071186107
HTDPA_3h_150726,3,72,588,604,589.156,604.162,37.92169200421117,-46.12706722004021,84.04875922425137,0.8221136588483526,1.0728861949672732,0.4986642321737459
HTDPA_3h_150726,3,73,596,613,597.16,613.164,37.91770492715258,-46.035452559893,83.95315748704559,0.8236631295808577,1.106600841705421,0.2567479302195913
HTDPA_3h_150726,3,74,604,621,605.162,621.171,37.9108028048044,-46.035452559893,83.94625536469741,0.8235131989955289,1.0943538165157523,0.7560421739860521
HTDPA_3h_150726,3,75,613,629,614.165,629.176,37.9257304800532,-46.070528558251844,83.99625903830504,0.8232102315062368,1.051244030129419,0.7377715274772816
HTDPA_3h_150726,3,76,621,637,622.172,637.181,39.129196280977034,-46.070528558251844,85.19972483922888,0.8493324801234232,1.0464606506441512,2.3542257192965788
HTDPA_3h_150726,3,77,629,645,630.176,645.185,39.129196280977034,-46.06649008240981,85.19568636338684,0.8494069379060044,1.0501219173421907,2.1364732650739318
HTDPA_3h_150726,3,78,637,653,638.182,653.192,37.829614755012976,-46.06649008240981,83.89610483742278,0.8211959428065472,1.0642607209903963,0.5716526268159539
HTDPA_3h_150726,3,79,645,661,646.186,661.195,37.829614755012976,-46.26841387451113,84.09802862952411,0.8176120940219431,1.0794317489519034,0.45636643904688634
HTDPA_3h_150726,3,80,653,670,654.192,670.197,37.82363046808343,-46.26410371938518,84.08773418746861,0.8175589156012311,1.107428906180063,0.4841921538315138
HTDPA_3h_150726,3,81,661,678,662.196,678.202,37.82363046808343,-46.007462250966086,83.83109271904951,0.822119469701661,1.0987823521828441,0.48567446524277963
HTDPA_3h_150726,3,82,670,686,671.198,686.206,38.94504178258063,-46.01156681095826,84.95660859353889,0.8464185091237831,1.055761902715853,2.437077312138721
HTDPA_3h_150726,3,83,678,694,679.203,694.208,38.94504178258063,-46.24418301945897,85.1892248020396,0.8421608781842475,1.0457277531484848,2.0551058100728206
HTDPA_3h_150726,3,84,686,702,687.206,702.215,37.82557627917094,-46.24418301945897,84.06975929862992,0.8179531739863241,1.0621292417054782,0.6025208001075961
HTDPA_3h_150726,3,85,694,711,695.209,711.219,37.820076609342436,-46.029431559546715,83.84950816888914,0.8216498733080352,1.1108270458613636,0.39987936386506157
HTDPA_3h_150726,3,86,702,719,703.213,719.222,37.75472672753511,-46.029431559546715,83.78415828708182,0.82023013207741,1.1133603583171134,0.6397343163755835
HTDPA_3h_150726,3,87,711,727,712.219,727.227,37.76701837946156,-45.87748941300298,83.64450779246454,0.8232145843786587,1.095161755308262,0.6016470241745043
HTDPA_3h_150726,3,88,719,735,720.222,735.233,37.44474800726787,-45.87748941300298,83.32223742027085,0.8161899983274797,1.0735579262047412,0.3883973516995383
HTDPA_3h_150726,3,89,727,743,728.228,743.236,37.44474800726787,-45.85527779587183,83.3000258031397,0.8165853486692621,1.0409819017942252,0.30620053717043494
HTDPA_3h_150726,3,90,735,751,736.231,751.239,37.6188063160592,-45.85527779587183,83.47408411193103,0.8203811671040814,1.0508937416091773,0.30735525914743156
HTDPA_3h_150726,3,91,743,759,744.236,759.244,37.6188063160592,-46.1561442461028,83.77495056216199,0.8150335546980952,1.0763261424846329,0.6153616914607488
HTDPA_3h_150726,3,92,751,767,752.24,767.249,37.60547934578051,-46.1561442461028,83.7616235918833,0.814744818052165,1.0917779211127223,0.46784937008520083
HTDPA_3h_150726,3,93,759,775,760.245,775.252,37.60547934578051,-46.11172101184052,83.71720035762104,0.8155297291143007,1.090705142016444,0.4359136802396672
HTDPA_3h_150726,3,94,767,784,768.25,784.257,37.70435591976002,-46.10876191045081,83.81311783021083,0.8177264874946494,1.0854235844941769,0.48328478809599
HTDPA_3h_150726,3,95,775,792,776.252,792.26,37.70435591976002,-46.184626514814106,83.88898243457413,0.8163832592143195,1.0614813804664376,0.5027284758473565
HTDPA_3h_150726,3,96,784,800,785.255,800.26,37.44151722659424,-46.18885590042321,83.63037312701746,0.810617983422516,1.0494771329255763,0.4309966969925425
HTDPA_3h_150726,3,97,792,808,793.258,808.268,37.44151722659424,-46.172298149470905,83.61381537606515,0.8109086774365657,1.0704124989325237,0.47368899214173193
HTDPA_3h_150726,3,98,800,816,801.261,816.271,37.532786780624036,-46.172298149470905,83.70508493009494,0.812885394162563,1.0858196106407236,0.44277214634124246
HTDPA_3h_150726,3,99,808,824,809.267,824.277,37.532786780624036,-46.32656792663631,83.85935470726034,0.8101784453374944,1.0847815502974643,0.5465566262623288
HTDPA_3h_150726,3,100,816,833,817.272,833.289,37.409297532058225,-46.324666171648865,83.73396370370709,0.8075459711559254,1.0888848274496843,0.6435500741511962
HTDPA_3h_150726,3,101,824,841,825.277,841.293,37.409297532058225,-46.322874556911685,83.73217208896992,0.8075772043485264,1.0702843103418491,0.4433439815410685
HTDPA_3h_150726,3,102,833,849,834.29,849.301,37.769845312550984,-46.325760231467896,84.09560554401888,0.8153097784868062,1.045481735292711,0.8600726099233579
HTDPA_3h_150726,3,103,841,857,842.294,857.306,37.769845312550984,-46.3560488002831,84.12589411283409,0.8147770634049449,1.0581283548265223,0.9433905554675502
HTDPA_3h_150726,3,104,849,865,850.301,865.31,37.775095331145614,-46.3560488002831,84.13114413142871,0.8148903176345548,1.0754524725644332,0.3928472955588305
HTDPA_3h_150726,3,105,857,873,858.307,873.314,37.775095331145614,-58.75699656839326,96.53209189953887,0.6429037823125511,1.1054324066841132,18.750907037162552
HTDPA_3h_150726,3,106,865,882,866.311,882.318,37.83978437145152,-58.08940714097292,95.92919151242444,0.651405931543094,1.1216194773772556,17.862063776024904
HTDPA_3h_150726,3,107,873,890,874.317,890.323,37.83978437145152,-46.56515373669988,84.4049381081514,0.8126201963256584,1.0850165078140466,0.8384511115510989
HTDPA_3h_150726,3,108,882,898,883.319,898.327,37.75369140918288,-46.5712995626631,84.32499097184598,0.8106643311162949,1.0513739798406867,0.9216369418210453
HTDPA_3h_150726,3,109,890,906,891.323,906.332,37.75369140918288,-46.30718324259458,84.06087465177745,0.8152880129071644,1.0498939945664418,0.7870636560172987
HTDPA_3h_150726,3,110,898,914,899.328,914.333,37.766614531877366,-46.30718324259458,84.07379777447196,0.8155670867309119,1.0653411096224203,0.47786292763063465
HTDPA_3h_150726,3,111,906,923,907.332,923.336,37.763596689020865,-46.30125769713183,84.06485438615269,0.8156062830094605,1.1115011159380856,0.5839340884173866
HTDPA_3h_150726,3,112,914,931,915.333,931.341,37.62699340799349,-46.30125769713183,83.92825110512533,0.8126559683134552,1.1039258878625415,0.5005216782086428
HTDPA_3h_150726,3,113,923,939,924.338,939.346,37.632537133922085,-46.06891316791503,83.70145030183711,0.8168748630287092,1.079744473914772,0.30759336099585255
HTDPA_3h_150726,3,114,931,947,932.341,947.351,37.654344903469024,-46.06891316791503,83.72325807138405,0.8173482358097742,1.06872777729556,0.26245897527422785
HTDPA_3h_150726,3,115,939,955,940.347,955.356,37.654344903469024,-46.35281801960948,84.00716292307851,0.8123420864625625,1.047600631882637,0.3684815183374277
HTDPA_3h_150726,3,116,947,963,948.352,963.362,37.80013388136618,-46.35281801960948,84.15295190097567,0.8154872885047657,1.0570275943264642,0.40484091410800765
HTDPA_3h_150726,3,117,955,971,956.357,971.367,37.80013388136618,-46.595934265299455,84.39606814666564,0.811232449297972,1.0808307979481153,0.5746511627906857
HTDPA_3h_150726,3,118,963,980,964.362,980.372,37.59806323559788,-46.59314404562679,84.19120728122466,0.8069441117512828,1.126890073048391,0.42670329670327173
HTDPA_3h_150726,3,119,971,988,972.366,988.377,37.59806323559788,-46.383906940909725,83.9819701765076,0.8105842244702569,1.1324178894400851,0.4277664077756575
HTDPA_3h_150726,3,120,980,996,981.37,996.38,37.48795969877754,-46.38876045460352,83.87672015338106,0.8081259195417305,1.0743152332195065,0.7259738846572265
HTDPA_3h_150726,3,121,988,1004,989.377,1004.386,37.48795969877754,-46.30677939501039,83.79473909378792,0.8095566175957577,1.0420215791664114,0.5041058648326947
HTDPA_3h_150726,3,122,996,1012,997.38,1012.388,37.96530754330506,-46.30677939501039,84.27208693831545,0.819864996860392,1.0506279908623082,0.4238070569743234
HTDPA_3h_150726,3,123,1004,1020,1005.385,1020.393,37.96530754330506,-46.44489526880768,84.41020281211274,0.8174269168565119,1.0744035050111187,0.7926730138985328
HTDPA_3h_150726,3,124,1012,1028,1013.391,1028.399,37.603056260275295,-46.44489526880768,84.04795152908298,0.8096273237918022,1.0919464757506714,0.4623374239613976
HTDPA_3h_150726,3,125,1020,1036,1021.393,1036.406,37.603056260275295,-46.38270274084047,83.98575900111577,0.8107129174938181,1.1005171090751642,0.2480933238445221
HTDPA_3h_150726,3,126,1028,1045,1029.4,1045.41,37.736663726496225,-46.377004818561545,84.11366854505778,0.8136934214301139,1.0981881726401432,0.5557433324254681
HTDPA_3h_150726,3,127,1036,1053,1037.407,1053.416,37.736663726496225,-46.457598111001694,84.19426183749792,0.8122818497058665,1.0655996496183744,0.45513367036395924
HTDPA_3h_150726,3,128,1045,1061,1046.41,1061.422,37.554594550170975,-46.46266456251259,84.01725911268358,0.8082746631899174,1.0498146538784123,0.3848280635640905
HTDPA_3h_150726,3,129,1053,1069,1054.416,1069.427,37.554594550170975,-46.487703112733165,84.04229766290413,0.8078393217040792,1.0733443473724202,0.35194152923538574
HTDPA_3h_150726,3,130,1061,1077,1062.423,1077.431,37.733095182388546,-46.487703112733165,84.22079829512171,0.811679060393356,1.089491978598723,0.3789215808502744
HTDPA_3h_150726,3,131,1069,1085,1070.426,1085.438,37.733095182388546,-46.58381883777338,84.31691402016193,0.8100043346337236,1.0853603661842,0.3706784044754388
HTDPA_3h_150726,3,132,1077,1094,1078.432,1094.442,37.788121251406984,-46.57816497159454,84.36628622300152,0.811284027064009,1.0880823234860948,0.48703232524306167
HTDPA_3h_150726,3,133,1085,1102,1086.439,1102.448,37.788121251406984,-46.42476163106434,84.21288288247132,0.8139647878368793,1.0669353219910267,0.48347259627557204
HTDPA_3h_150726,3,134,1094,1110,1095.443,1110.451,37.857076390738754,-46.425914432350154,84.28299082308891,0.8154298489026524,1.0445779292927988,0.2131193100143684
HTDPA_3h_150726,3,135,1102,1118,1103.448,1118.456,37.857076390738754,-46.65893448843508,84.51601087917383,0.8113574989613627,1.063331356427426,0.4463166043091357
HTDPA_3h_150726,3,136,1110,1126,1111.452,1126.46,37.86232640933339,-46.65893448843508,84.52126089776847,0.8114700180030467,1.0786077123511768,0.44628888145636675
HTDPA_3h_150726,3,137,1118,1134,1119.457,1134.462,37.86232640933339,-47.672188077199465,85.53451448653286,0.7942225422508368,1.082027277657646,1.8263086227980314
HTDPA_3h_150726,3,138,1126,1143,1127.461,1143.466,38.06038794999305,-47.61318961648913,85.67357756648218,0.7993664834588647,1.0897146876509496,2.406440777093755
HTDPA_3h_150726,3,139,1134,1151,1135.462,1151.47,38.06038794999305,-47.17356847900951,85.23395642900256,0.8068159602326568,1.074726714090296,1.5454377545440288
HTDPA_3h_150726,3,140,1143,1159,1144.468,1159.477,37.81709547990269,-47.2013017940192,85.01839727392189,0.8011875529393647,1.0472074235716184,1.0778588834368021
HTDPA_3h_150726,3,141,1151,1167,1152.472,1167.481,37.81709547990269,-48.90028858075968,86.71738406066237,0.773351171894356,1.0512781230252237,1.643282664580311
HTDPA_3h_150726,3,142,1159,1175,1160.477,1175.487,38.70313707964326,-48.90028858075968,87.60342566040293,0.7914705250813471,1.0668457449959008,1.941742469643492
HTDPA_3h_150726,3,143,1167,1183,1168.482,1183.487,38.70313707964326,-46.61976127276741,85.32289835241068,0.8301873716854791,1.0838176223007125,1.0526091586794462
HTDPA_3h_150726,3,144,1175,1192,1176.485,1192.496,37.74606236118312,-46.61787420314669,84.3639365643298,0.8096907678951022,1.1082313398340513,0.425829651428541
HTDPA_3h_150726,3,145,1183,1200,1184.488,1200.499,37.74606236118312,-46.81031124836091,84.55637360954404,0.8063621316447628,1.102918745246468,0.7625860275317227
HTDPA_3h_150726,3,146,1192,1208,1193.495,1208.499,41.78207106160411,-46.821281217284536,88.60335227888865,0.8923735099794716,1.0623029510991535,6.425784829396811
HTDPA_3h_150726,3,147,1200,1216,1201.498,1216.501,41.78207106160411,-46.65610755534566,88.43817861694977,0.8955327233854701,1.0460376619717748,6.112816351506254
HTDPA_3h_150726,3,148,1208,1224,1209.499,1224.505,37.89705730157481,-46.65610755534566,84.55316485692047,0.8122635874975114,1.0561961915705989,0.45320176339380663
HTDPA_3h_150726,3,149,1216,1233,1217.502,1233.515,37.894267081902136,-46.663545693578335,84.55781277548047,0.8120743187999322,1.1071341639033834,0.33988263907171995
HTDPA_3h_150726,3,150,1224,1241,1225.506,1241.525,37.724680467270424,-46.663545693578335,84.38822616084876,0.8084400768641539,1.1201618567203941,0.6953215708713035
HTDPA_3h_150726,3,151,1233,1248,1234.515,1248.527,37.73631127769546,-46.88755627719386,84.62386755488932,0.8048257208075147,1.0707951845345984,0.6962669983767272
HTDPA_3h_150726,3,152,1241,1257,1242.526,1257.545,37.739556743735776,-46.87216601289406,84.61172275662983,0.8051592224979319,1.075079258418444,0.8449193848621066
HTDPA_3h_150726,3,153,1248,1265,1249.53,1265.556,37.72641334054082,-46.493753483812846,84.22016682435367,0.8114297193423103,1.0673040165358232,0.6287702398547009
HTDPA_3h_150726,3,154,1257,1273,1258.546,1273.561,38.01013462515155,-46.49779930233822,84.50793392748977,0.8174609378392699,1.046518762756689,0.6932738689745204
HTDPA_3h_150726,3,155,1265,1281,1266.556,1281.569,38.01013462515155,-46.64964599399841,84.65978061914996,0.8148000657934605,1.0718912251310475,0.6386340890985721
HTDPA_3h_150726,3,156,1273,1289,1274.561,1289.571,38.3412896441977,-46.64964599399841,84.9909356381961,0.8218988338974834,1.0866912264078923,0.899269147980779
HTDPA_3h_150726,3,157,1281,1297,1282.567,1297.578,38.3412896441977,-47.11689764892087,85.45818729311857,0.8137481786234676,1.0830029836613937,1.3732318888521433
HTDPA_3h_150726,3,158,1289,1306,1290.572,1306.583,38.65576208667461,-47.08422270801719,85.7399847946918,0.8209918283326055,1.078273341807773,2.4775075499309342
HTDPA_3h_150726,3,159,1297,1314,1298.579,1314.588,38.65576208667461,-46.566328566035736,85.22209065271035,0.8301226074084165,1.0608339833501905,1.4932284716117132
HTDPA_3h_150726,3,160,1306,1322,1307.584,1322.592,37.814672394397476,-46.57331880058411,84.3879911949816,0.8119385383788285,1.0447735141997154,0.40442285604899647
HTDPA_3h_150726,3,161,1314,1330,1315.588,1330.597,37.814672394397476,-46.65408831742464,84.46876071182211,0.8105328762854473,1.0527099037024552,0.6095983935743009
HTDPA_3h_150726,3,162,1322,1338,1323.593,1338.599,37.92855741314262,-46.65408831742464,84.58264573056726,0.8129739274955855,1.0697030877022933,0.5811702523849028
HTDPA_3h_150726,3,163,1330,1346,1331.597,1346.603,37.92855741314262,-47.86118874660631,85.78974615974893,0.7924700243855104,1.083604582011372,2.3247739736667627
HTDPA_3h_150726,3,164,1338,1355,1339.599,1355.607,37.61968009537774,-47.78630071912844,85.40598081450618,0.7872482181973736,1.0845125002163032,2.664525664921997
HTDPA_3h_150726,3,165,1346,1363,1347.603,1363.61,37.61968009537774,-46.29053737944209,83.91021747481983,0.8126861822106405,1.0627400755810787,0.5115790534815005
HTDPA_3h_150726,3,166,1355,1371,1356.607,1371.618,37.800941576534576,-46.296683205405316,84.09762478193988,0.816493514423538,1.0434017241674298,0.34850615392742035
HTDPA_3h_150726,3,167,1363,1379,1364.611,1379.621,37.800941576534576,-46.509510882280104,84.31045245881468,0.8127572373790873,1.0520768055930658,0.6774986587982716
HTDPA_3h_150726,3,168,1371,1387,1372.619,1387.624,37.61476784021716,-46.509510882280104,84.12427872249727,0.8087543198513447,1.0683887433931125,0.5434119352686072
HTDPA_3h_150726,3,169,1379,1396,1380.621,1396.629,37.61180873882746,-46.67094711839427,84.28275585722173,0.8058934103782874,1.1152206928800183,0.7530236613457513
HTDPA_3h_150726,3,170,1387,1404,1388.626,1404.635,37.65266342898208,-46.67094711839427,84.32361054737635,0.8067687877313756,1.1146591356186601,0.6958543828509248
HTDPA_3h_150726,3,171,1396,1412,1397.63,1412.64,37.65999876964786,-46.47477999003867,84.13477875968653,0.8103319429961766,1.0923563448475841,0.46968843150148787
HTDPA_3h_150726,3,172,1404,1420,1405.635,1420.643,37.37569007036921,-46.47477999003867,83.85047006040787,0.8042144595064302,1.0741945711885894,0.4459317821691437
HTDPA_3h_150726,3,173,1412,1428,1413.64,1428.647,37.37569007036921,-46.58462653294179,83.960316603311,0.8023181219224633,1.0431227151383005,0.5494650338382127
HTDPA_3h_150726,3,174,1420,1436,1421.643,1436.652,37.65353720830062,-46.58462653294179,84.2381637412424,0.8082824745127954,1.055017730891503,0.3799096309009577
HTDPA_3h_150726,3,175,1428,1445,1429.649,1445.657,37.64493892609878,-46.76317122125945,84.40811014735823,0.8050125332172652,1.109994366386903,0.48235437395719677
HTDPA_3h_150726,3,176,1436,1452,1437.655,1452.661,37.550959921913154,-46.770800269259205,84.32176019117236,0.8028718710334763,1.0925440967161626,0.5595360064369117
HTDPA_3h_150726,3,177,1445,1460,1446.658,1460.666,37.555930918540525,-46.449770810551506,84.00570172909204,0.8085277981610479,1.055321967804362,0.2993518948431427
HTDPA_3h_150726,3,178,1452,1469,1453.661,1469.666,37.36221624642355,-46.43991692949697,83.80213317592052,0.8045280594094347,1.0814684552897835,0.45061223803144895
HTDPA_3h_150726,3,179,1460,1477,1461.665,1477.674,37.36221624642355,-46.46591002855292,83.82812627497647,0.8040780052185522,1.0594233960711223,0.514261749081529
HTDPA_3h_150726,3,180,1469,1485,1470.667,1485.68,37.56145995910242,-46.46912612385984,84.03058608296226,0.8083100133836233,1.0438347750784651,0.3259831791421414
HTDPA_3h_150726,3,181,1477,1493,1478.675,1493.687,37.56145995910242,-46.67791532489261,84.23937528399503,0.8046944619883544,1.0691628544371259,0.34116744649843256
HTDPA_3h_150726,3,182,1485,1501,1486.68,1501.693,37.66121031240048,-46.67791532489261,84.33912563729308,0.8068314544526443,1.0901559064137822,0.7592646488443296
HTDPA_3h_150726,3,183,1493,1509,1494.689,1509.696,37.66121031240048,-46.69568461859751,84.35689493099798,0.8065244276855753,1.086325171839411,0.8375348879516272
HTDPA_3h_150726,3,184,1501,1518,1502.694,1518.699,37.56076240418425,-46.6833415678876,84.24410397207185,0.8045859859788066,1.0830276795411593,0.7960126918339164
HTDPA_3h_150726,3,185,1509,1526,1510.697,1526.702,37.56076240418425,-46.44320645163737,84.00396885582163,0.8087461067809204,1.0614742482966824,0.8553087714697785
HTDPA_3h_150726,3,186,1518,1534,1519.702,1534.707,37.51865211517694,-46.4485298970655,83.96718201224243,0.8077468156327435,1.0405024554567337,0.4199979799728676
HTDPA_3h_150726,3,187,1526,1542,1527.703,1542.711,37.51865211517694,-46.532126346995454,84.05077846217239,0.8062956727013936,1.0582438005674903,0.37042738738740744
HTDPA_3h_150726,3,188,1534,1550,1535.707,1550.718,37.60144086993848,-46.532126346995454,84.13356721693393,0.8080748468174478,1.081077761482671,0.3807377718043604
HTDPA_3h_150726,3,189,1542,1558,1543.712,1558.723,37.60144086993848,-46.511933967785325,84.1133748377238,0.8084256590143435,1.0872183357447818,0.4199798348377178
HTDPA_3h_150726,3,190,1550,1567,1551.719,1567.729,37.5330364318579,-46.508879411512076,84.04191584336998,0.8070079715265632,1.0998292818974478,0.4723835847763554
HTDPA_3h_150726,3,191,1558,1575,1559.723,1575.736,37.5330364318579,-46.484413590592744,84.01745002245065,0.8074327184683174,1.0888894305475256,0.1727964779219921
HTDPA_3h_150726,3,192,1567,1583,1568.729,1583.741,37.65757568414265,-46.48528002722794,84.14285571137059,0.8100967803589736,1.0530824130363148,0.2750259895465819
HTDPA_3h_150726,3,193,1575,1591,1576.738,1591.744,37.65757568414265,-46.49941469267503,84.15699037681767,0.8098505310879704,1.0488568068971764,0.5378647522890054
HTDPA_3h_150726,3,194,1583,1599,1584.741,1599.749,37.460901910635975,-46.49941469267503,83.96031660331101,0.8056209343326879,1.06775395991486,0.38508905681070227
HTDPA_3h_150726,3,195,1591,1608,1592.745,1608.754,37.45649630062649,-46.61728678847876,84.07378308910525,0.8034894109256415,1.119596917468009,0.41445438990086925
HTDPA_3h_150726,3,196,1599,1616,1600.75,1616.758,37.528983270649185,-46.61728678847876,84.14627005912794,0.8050443484824238,1.109919779935437,0.3852730395082671
HTDPA_3h_150726,3,197,1608,1624,1609.754,1624.76,37.53399832337664,-46.52445324289559,84.05845156627223,0.8067585045528329,1.065861151764804,0.24360500422783116
HTDPA_3h_150726,3,198,1616,1632,1617.759,1632.764,39.132830909234855,-46.52445324289559,85.65728415213044,0.8411239290643473,1.0548364498551503,3.4202070692069215
HTDPA_3h_150726,3,199,1624,1640,1625.761,1640.767,39.132830909234855,-46.56160722064224,85.69443812987708,0.8404527516371048,1.0474899789642786,2.9886762176299984
HTDPA_3h_150726,3,200,1632,1648,1633.764,1648.775,38.794002786088846,-46.56160722064224,85.35561000673108,0.8331757665119909,1.0621565854146633,1.9823556463975267
HTDPA_3h_150726,3,201,1640,1657,1641.768,1657.783,38.73582670591362,-46.15408095208169,84.88990765799531,0.8392719756705829,1.1176055970406493,1.920467517262097
HTDPA_3h_150726,3,202,1648,1665,1649.776,1665.788,37.66761313228092,-46.15408095208169,83.8216940843626,0.8161274659848252,1.1284266948539359,0.369829325919896
HTDPA_3h_150726,3,203,1657,1672,1658.784,1672.792,37.67504392783024,-48.01054626861114,85.68559019644138,0.7847243336296268,1.0722152656502641,2.841830409477005
HTDPA_3h_150726,3,204,1665,1681,1666.789,1681.798,37.523902133771585,-47.93428515934698,85.45818729311856,0.7828196876000473,1.074029212088309,2.9006020509427746
HTDPA_3h_150726,3,205,1672,1689,1673.793,1689.803,37.514738464951854,-46.39401047319814,83.90874893815,0.8086116738414789,1.0680910090440008,0.5708529190729896
HTDPA_3h_150726,3,206,1681,1697,1682.798,1697.807,37.299362876954916,-46.40410666280321,83.70346953975812,0.8037944388842958,1.047007441115644,0.910239789641271
HTDPA_3h_150726,3,207,1689,1706,1690.804,1706.812,37.284824363923626,-46.30992206348381,83.59474642740744,0.8051152475016443,1.0992653398397088,0.8165209866376058
HTDPA_3h_150726,3,208,1697,1713,1698.807,1713.818,37.303401352796946,-46.318894822536464,83.62229617533342,0.8053603501490924,1.0880384893282722,0.531279797550536
HTDPA_3h_150726,3,209,1706,1721,1707.813,1721.823,37.31008319464466,-46.365667715470465,83.67575091011513,0.8046920282395869,1.0642026756402942,0.4293318591059864
HTDPA_3h_150726,3,210,1713,1730,1714.818,1730.829,42.40343829734162,-46.35759076378642,88.76102906112804,0.9147032362705593,1.091083205798793,4.613975224438963
HTDPA_3h_150726,3,211,1721,1738,1722.826,1738.833,42.40343829734162,-54.72963020627421,97.13306850361583,0.7747802814951322,1.0782204713243015,12.216840476569162
HTDPA_3h_150726,3,212,1730,1746,1731.827,1746.837,37.66686417857931,-55.20758015083634,92.87444432941565,0.682277036516854,1.059516169073915,13.811658013514572
HTDPA_3h_150726,3,213,1738,1754,1739.831,1754.84,37.66686417857931,-46.3713950084828,84.03825918706211,0.812286629972828,1.0662790215492282,0.4132305592664841
HTDPA_3h_150726,3,214,1746,1762,1747.837,1762.844,38.34977044346596,-46.3713950084828,84.72116545194876,0.8270135163380478,1.0846427750502319,1.1572598136187149
HTDPA_3h_150726,3,215,1754,1770,1755.841,1770.849,38.34977044346596,-46.39279893044554,84.7425693739115,0.8266319628820391,1.0829651672567544,1.1092757269893898
HTDPA_3h_150726,3,216,1762,1779,1763.844,1779.852,37.53864624193665,-46.386844014249384,83.92549025618604,0.8092519989160138,1.0812686260377855,0.5279336178057834
HTDPA_3h_150726,3,217,1770,1787,1771.852,1787.855,37.53864624193665,-46.34628303142875,83.8849292733654,0.8099602338440088,1.0647276489273483,0.5098644992143134
HTDPA_3h_150726,3,218,1779,1795,1780.853,1795.858,38.2799048113989,-46.349587238935854,84.62949205033476,0.8258952687984665,1.0461206507712426,1.1588671394076968
HTDPA_3h_150726,3,219,1787,1803,1788.855,1803.863,38.2799048113989,-47.09024370836348,85.37014851976238,0.8129052176597715,1.0568619221127245,1.0870941189827459
HTDPA_3h_150726,3,220,1795,1811,1796.86,1811.865,37.59780624168066,-47.09024370836348,84.68804995004413,0.7984202943295255,1.073442350422013,0.47368993290510686
HTDPA_3h_150726,3,221,1803,1819,1804.865,1819.872,37.59780624168066,-46.672261458713756,84.2700677003944,0.8055706980245567,1.083284646339971,0.3552533210650349
HTDPA_3h_150726,3,222,1811,1828,1812.867,1828.878,37.596154137927094,-46.666482766917994,84.2626369048451,0.8056350491573605,1.0957525200840534,0.7742363081453253
HTDPA_3h_150726,3,223,1819,1836,1820.871,1836.882,37.596154137927094,-49.76245177424883,87.35860591217593,0.7555124958168243,1.0835602310706716,5.72694327686592
HTDPA_3h_150726,3,224,1828,1844,1829.88,1844.886,41.517147046367185,-49.93938841491303,91.45653546128023,0.8313507306382876,1.0539077582102552,6.940552717220908
HTDPA_3h_150726,3,225,1836,1852,1837.882,1852.891,41.517147046367185,-46.515164748458936,88.03231179482611,0.8925507900677201,1.0515255082091046,6.151201189078086
HTDPA_3h_150726,3,226,1844,1860,1845.886,1860.891,37.73874904856738,-46.515164748458936,84.25391379702631,0.8113214099670082,1.0648989608897967,0.3723768621661449
HTDPA_3h_150726,3,227,1852,1869,1853.889,1869.896,37.734167214157516,-46.5017423232967,84.23590953745422,0.8114570622282521,1.1119034306767759,0.40047468952468057
HTDPA_3h_150726,3,228,1860,1877,1861.892,1877.9,37.61139754855992,-46.5017423232967,84.11313987185662,0.8088169532890201,1.1090461494239674,0.4982825519005525
HTDPA_3h_150726,3,229,1869,1885,1870.897,1885.903,37.61355629746457,-46.42833751785537,84.04189381531994,0.8101422171965382,1.0769761850144548,0.3430377745635616
HTDPA_3h_150726,3,230,1877,1893,1878.901,1893.908,37.5574214832604,-46.42833751785537,83.98575900111577,0.8089331535684774,1.0621980310399588,0.3635850435652331
HTDPA_3h_150726,3,231,1885,1901,1886.903,1901.912,37.5574214832604,-46.44691450672869,84.00433598998909,0.8086096112545758,1.043061664366336,0.445471371568673
HTDPA_3h_150726,3,232,1893,1909,1894.909,1909.916,37.39386321165833,-46.44691450672869,83.84077771838702,0.8050882089539261,1.052601351837899,0.41598925844751733
HTDPA_3h_150726,3,233,1901,1917,1902.913,1917.918,37.39386321165833,-46.73283859634416,84.12670180800248,0.800162462516959,1.0770200881828742,0.31066467287207056
HTDPA_3h_150726,3,234,1909,1925,1910.917,1925.925,37.862730256917594,-46.73283859634416,84.59556885326175,0.8101953871015132,1.093578373532538,0.34468535474570355
HTDPA_3h_150726,3,235,1917,1933,1918.919,1933.928,37.862730256917594,-46.535760975253275,84.39849123217087,0.8136265414688757,1.0992703750418151,0.6973652780569127
HTDPA_3h_150726,3,236,1925,1942,1926.925,1942.934,37.69351811913668,-46.532434739696114,84.22595285883278,0.8100482669775477,1.0977317559542754,0.8530545391523401
HTDPA_3h_150726,3,237,1933,1950,1934.929,1950.94,37.69351811913668,-48.62559879666839,86.31911691580507,0.7751784872975028,1.066447932794228,4.759635584137175
HTDPA_3h_150726,3,238,1942,1958,1943.935,1958.949,37.69836429014711,-48.75853807870454,86.45690236885164,0.7731643682445024,1.045215004945444,4.115736326564908
HTDPA_3h_150726,3,239,1950,1966,1951.94,1966.951,37.69836429014711,-46.412587462071464,84.11095175221857,0.8122444007448271,1.067931681831853,0.40361936679565075
HTDPA_3h_150726,3,240,1958,1974,1959.947,1974.955,37.599421632017474,-46.412587462071464,84.01200909408894,0.8101125941910449,1.0866759167261848,0.38093232193588955
HTDPA_3h_150726,3,241,1966,1982,1967.952,1982.956,37.599421632017474,-46.258721532490256,83.85814316450774,0.8128071936793403,1.0837963198854106,0.3627103559870442
HTDPA_3h_150726,3,242,1974,1991,1975.955,1991.96,37.53770637846796,-46.25714285557021,83.79484923403817,0.8115007555843395,1.0873289404313262,0.40014020304905074
HTDPA_3h_150726,3,243,1982,1999,1983.956,1999.965,37.53770637846796,-46.427933670271166,83.96564004873912,0.8085155511132339,1.0710940307558088,0.45222406447414126
HTDPA_3h_150726,3,244,1991,2007,1992.961,2007.965,37.799730033781984,-46.428337517855375,84.22806755163737,0.8141521332579481,1.048629569881248,0.5615801384706844
HTDPA_3h_150726,3,245,1999,2015,2000.965,2015.969,37.799730033781984,-46.539395603511096,84.33912563729308,0.8122093023255815,1.0642565502908177,0.759264648844317
HTDPA_3h_150726,3,246,2007,2023,2008.965,2023.972,37.70805663216798,-46.539395603511096,84.24745223567908,0.8102395001735508,1.0837628278605573,0.40936168580906274
HTDPA_3h_150726,3,247,2015,2032,2016.97,2032.975,37.70500207589475,-46.37641740389361,84.08141947978837,0.8130210177194317,1.1145991209637833,0.27059828934434516
HTDPA_3h_150726,3,248,2023,2040,2024.972,2040.979,37.86492571923898,-46.37641740389361,84.2413431231326,0.81646940058936,1.0971002273171575,0.3695894333986554
HTDPA_3h_150726,3,249,2032,2048,2033.975,2048.982,37.871614903770045,-47.678649638546716,85.55026454231677,0.7943097212457967,1.0565722072125387,1.986243639007163
HTDPA_3h_150726,3,250,2040,2056,2041.977,2056.985,38.37238590818131,-47.678649638546716,86.05103554672803,0.8048127662818374,1.0502645590349737,2.2049950722270824
HTDPA_3h_150726,3,251,2048,2064,2049.98,2064.989,38.37238590818131,-46.42995290819217,84.80233881637348,0.826457566822361,1.0502305656604114,0.6163790919394592
HTDPA_3h_150726,3,252,2056,2072,2057.987,2072.993,37.95117287785797,-46.42995290819217,84.38112578605015,0.817385556106429,1.06351768833415,0.4480944085228933
HTDPA_3h_150726,3,253,2064,2081,2065.99,2081.997,37.94851482648557,-46.52421093434507,84.47272576083064,0.8156724007643781,1.112597039377235,0.5812176969734788
HTDPA_3h_150726,3,254,2072,2089,2073.994,2090.0,38.00053039533088,-46.52421093434507,84.52474132967595,0.8167904330275949,1.1147993616257148,0.5808600221831696
HTDPA_3h_150726,3,255,2081,2097,2082.997,2098.006,38.00448075897271,-46.495376216833,84.49985697580571,0.8173819388348925,1.0823532803838094,0.37448161654009215
HTDPA_3h_150726,3,256,2089,2105,2091.0,2106.01,38.02426929059864,-46.495376216833,84.51964550743165,0.8178075409750633,1.0646801965564632,0.48171784065822426
HTDPA_3h_150726,3,257,2097,2113,2099.007,2114.015,38.02426929059864,-46.43843370746044,84.46270299805909,0.8188103313331594,1.0442776805737148,0.632680915154562
HTDPA_3h_150726,3,258,2105,2121,2107.01,2122.019,38.01336540582517,-46.43843370746044,84.4517991132856,0.8185755283068092,1.056511931744243,0.431767423177346
HTDPA_3h_150726,3,259,2113,2129,2115.015,2130.022,38.01336540582517,-46.848742853010314,84.86210825883549,0.8114063065703497,1.079868658802475,0.48965155567400176
HTDPA_3h_150726,3,260,2121,2137,2123.02,2138.025,38.968061094880184,-46.848742853010314,85.81680394789049,0.8317845628674377,1.09315933722799,0.8853821683027593
HTDPA_3h_150726,3,261,2129,2145,2131.022,2146.027,38.968061094880184,-47.6620918875944,86.63015298247458,0.8175902389425522,1.099362140366904,1.860576191541718
HTDPA_3h_150726,3,262,2137,2154,2139.025,2155.035,38.86966913800174,-47.60540637213905,86.47507551014078,0.8164969506646228,1.0943580118881207,3.079748935216317
HTDPA_3h_150726,3,263,2145,2162,2147.027,2163.036,38.86966913800174,-47.99803433618421,86.86770347418596,0.8098179368295321,1.0634178445167057,4.149496244963891
HTDPA_3h_150726,3,264,2154,2170,2156.035,2171.04,37.91926891870596,-48.08653569859137,86.00580461729733,0.7885631262020141,1.0464892546604339,2.5451882460110995
HTDPA_3h_150726,3,265,2162,2178,2164.036,2179.045,37.91926891870596,-46.588261161199604,84.50753007990556,0.8139232496250902,1.0705225152176783,0.26639981649271177
HTDPA_3h_150726,3,266,2170,2186,2172.04,2187.048,38.24921239499951,-46.588261161199604,84.83747355619911,0.8210053657648602,1.092252694006481,0.5339034050068304
HTDPA_3h_150726,3,267,2178,2194,2180.046,2195.052,38.24921239499951,-46.624203596193645,84.87341599119316,0.8203724556084887,1.0868494534946322,0.5721246467011286
HTDPA_3h_150726,3,268,2186,2203,2188.05,2204.058,40.26733422814359,-46.62089938868653,86.88823361683012,0.8637185201518279,1.083427438742141,3.5771414113449853
HTDPA_3h_150726,3,269,2194,2211,2196.052,2212.061,40.26733422814359,-46.53598859843709,86.80332282658068,0.865294483708378,1.0657682067618235,3.352840447230122
HTDPA_3h_150726,3,270,2203,2219,2205.059,2220.068,40.706624944872516,-46.54464562210572,87.25127056697823,0.8745715946656489,1.0478466511541908,4.8996824809071935
HTDPA_3h_150726,3,271,2211,2227,2213.062,2228.072,40.706624944872516,-46.49053004582258,87.1971549906951,0.8755896072759494,1.0623648055595287,4.384984716278566
HTDPA_3h_150726,3,272,2219,2235,2221.069,2236.075,38.31827033189815,-46.49053004582258,84.80880037772073,0.8242166801309947,1.078540619333061,0.4165360329901551
HTDPA_3h_150726,3,273,2227,2243,2229.072,2244.081,38.31827033189815,-46.633492090630305,84.95176242252845,0.8216899188554899,1.0826764206246413,0.5229654490482939
HTDPA_3h_150726,3,274,2235,2252,2237.076,2253.085,38.442060630481286,-46.63129662830891,85.0733572587902,0.8243832663907504,1.0922658099383171,0.8706618770358575
HTDPA_3h_150726,3,275,2243,2260,2245.081,2261.089,38.442060630481286,-50.546209794935905,88.9882704254172,0.760533001117973,1.0815971717912054,7.179910305139425
HTDPA_3h_150726,3,276,2252,2268,2254.086,2269.093,49.29000149951519,-50.779391390054506,100.0693928895697,0.9706694024924643,1.0672453481306161,14.048770329714658
HTDPA_3h_150726,3,277,2260,2276,2262.089,2277.097,49.29000149951519,-47.81191934133358,97.10192084084878,1.0309145120828438,1.066859284486039,15.903718651483501
HTDPA_3h_150726,3,278,2268,2284,2270.094,2285.101,38.33240499734524,-47.81191934133358,86.14432433867881,0.8017332398577595,1.063811530096691,2.529279777224587
HTDPA_3h_150726,3,279,2276,2292,2278.098,2293.109,38.33240499734524,-46.55999183030542,84.89239682765066,0.8232906297976426,1.0816861914662088,0.4616175805983513
HTDPA_3h_150726,3,280,2284,2301,2286.102,2302.113,38.920597989711354,-46.55710615574921,85.47770414546056,0.8359754547352843,1.1095214199042733,1.6250870184606223
HTDPA_3h_150726,3,281,2292,2309,2294.11,2310.119,38.920597989711354,-46.58618318181181,85.50678117152316,0.8354536759926438,1.1116606508802531,1.2816506966666397
HTDPA_3h_150726,3,282,2301,2317,2303.113,2318.123,39.75314079857011,-46.59028039912062,86.34342119769073,0.8532496576114282,1.0696386943871883,2.1496805455514973
HTDPA_3h_150726,3,283,2309,2325,2311.117,2326.125,39.75314079857011,-46.34554876309383,86.09868956166395,0.8577553154409204,1.0469145872471872,2.1557909154017953
HTDPA_3h_150726,3,284,2317,2333,2319.124,2334.132,38.39621291564926,-46.34554876309383,84.74176167874309,0.8284768211920529,1.0576836290557965,0.4013214129129284
HTDPA_3h_150726,3,285,2325,2341,2327.126,2342.135,38.39621291564926,-46.349991086520056,84.74620400216932,0.8283974174660846,1.0829504554558338,0.4193165020228935
HTDPA_3h_150726,3,286,2333,2349,2335.134,2350.14,38.41155912384897,-46.349991086520056,84.76155021036902,0.8287285115577979,1.097287166420028,0.41147032898968217
HTDPA_3h_150726,3,287,2341,2357,2343.136,2358.144,38.41155912384897,-46.34272183000441,84.75428095385337,0.8288585047885461,1.1004371147155445,0.3037723891798158
HTDPA_3h_150726,3,288,2349,2366,2351.141,2367.152,38.84496835121522,-46.33744244067639,85.18241079189161,0.838306266060035,1.0954471328213105,0.3514483933787669
HTDPA_3h_150726,3,289,2357,2374,2359.145,2375.156,38.84496835121522,-46.4856471613954,85.33061551261062,0.8356335928022645,1.067201001017453,0.6273748680856234
HTDPA_3h_150726,3,290,2366,2382,2368.152,2383.161,38.34896274829755,-46.490933893406776,84.83989664170433,0.824869701181376,1.0529658365659538,0.5077759795124644
HTDPA_3h_150726,3,291,2374,2390,2376.156,2391.166,38.34896274829755,-46.51153012020111,84.86049286849865,0.8245044325394414,1.0803383533354365,0.5291724170751408
HTDPA_3h_150726,3,292,2382,2398,2384.161,2399.168,38.53675187495178,-46.51153012020111,85.04828199515289,0.8285419072509576,1.0973786740551277,0.4681635366461701
HTDPA_3h_150726,3,293,2390,2406,2392.166,2407.174,38.53675187495178,-46.614511254172776,85.15126312912456,0.8267114861469689,1.085484659916776,0.4640815745790821
HTDPA_3h_150726,3,294,2398,2415,2400.169,2416.182,38.57352403316427,-46.60718325619034,85.18070728935461,0.827630449605447,1.0878286890512199,0.44986294001428967
HTDPA_3h_150726,3,295,2406,2423,2408.175,2424.188,38.57352403316427,-46.66845060605556,85.24197463921982,0.826543918476674,1.0681302524117724,0.333374482647423
HTDPA_3h_150726,3,296,2415,2431,2417.183,2432.193,38.48950170760008,-46.67185761112956,85.16135931872964,0.8246833033365639,1.0423213153896675,0.5255452282157844
HTDPA_3h_150726,3,297,2423,2439,2425.188,2440.196,38.48950170760008,-46.62056896793583,85.11007067553591,0.8255905614123232,1.058658534928385,0.6570636020270774
HTDPA_3h_150726,3,298,2431,2447,2433.193,2448.198,38.37561668885493,-46.62056896793583,84.99618565679077,0.8231477551303263,1.0794072141346025,0.4670416124219608
HTDPA_3h_150726,3,299,2439,2455,2441.196,2456.204,38.37561668885493,-47.50337978700277,85.8789964758577,0.8078502384656585,1.0872486957362852,1.3567422831668694
HTDPA_3h_150726,3,300,2447,2464,2449.198,2465.21,38.50911401482561,-47.45858207588967,85.9676960907153,0.811425717549816,1.0952320986832713,1.8050127007825372
HTDPA_3h_150726,3,301,2455,2472,2457.205,2473.219,38.50911401482561,-46.54685576979382,85.05596978461944,0.8273193404357887,1.0840058502100118,0.4322457935118034
HTDPA_3h_150726,3,302,2464,2480,2466.211,2481.22,39.50396683911708,-46.548684097947756,86.05265093706484,0.8486591534143656,1.0542934683018854,1.8730625768483598
HTDPA_3h_150726,3,303,2472,2488,2474.219,2489.225,39.50396683911708,-46.81037733251106,86.31434417162814,0.8439147276789952,1.0505875634279778,1.366547513217609
HTDPA_3h_150726,3,304,2480,2496,2482.221,2497.232,38.55250193073568,-46.81037733251106,85.36287926324674,0.823588787949375,1.0672868598012804,0.4187422294132691
HTDPA_3h_150726,3,305,2488,2504,2490.226,2505.233,38.55250193073568,-46.58503038052599,85.13753231126168,0.8275727549348522,1.084964547706919,0.35725979052824103
HTDPA_3h_150726,3,306,2496,2513,2498.23,2514.236,38.53992391415859,-46.58283491820461,85.1227588323632,0.8273417446969754,1.1106001411813633,0.3231498607592232
HTDPA_3h_150726,3,307,2504,2521,2506.233,2522.243,38.53992391415859,-46.509819274980764,85.04974318913935,0.8286405863307783,1.114705669462969,0.4636627366284889
HTDPA_3h_150726,3,308,2513,2529,2515.237,2530.247,38.79804126193088,-46.51354935812213,85.31159062005301,0.8341234284920469,1.0688251867606053,0.40951923577613847
HTDPA_3h_150726,3,309,2521,2537,2523.243,2538.249,38.79804126193088,-46.18966359559161,84.98770485752249,0.8399723713431375,1.0439621220255468,0.936994464111765
HTDPA_3h_150726,3,310,2529,2545,2531.247,2546.252,42.53120833029999,-46.18966359559161,88.7208719258916,0.9207949359120081,1.057212172833324,6.558994487662094
HTDPA_3h_150726,3,311,2537,2553,2539.25,2554.257,42.53120833029999,-46.10566329807747,88.63687162837746,0.9224725399856349,1.08109366803596,6.708416947252843
HTDPA_3h_150726,3,312,2545,2561,2547.252,2562.263,38.347751205544945,-46.10566329807747,84.45341450362241,0.8317362437152919,1.093677495402629,0.39701992138558145
HTDPA_3h_150726,3,313,2553,2569,2555.26,2570.269,38.347751205544945,-48.750057279436305,87.09780848498124,0.7866196133008597,1.0882617035389386,1.835462512171377
HTDPA_3h_150726,3,314,2561,2578,2563.264,2579.274,40.77853184291062,-48.655762539866664,89.43429438277728,0.8381028210070339,1.0897098309385223,5.382616631647684
HTDPA_3h_150726,3,315,2569,2586,2571.27,2587.28,40.77853184291062,-46.183128607410886,86.9616604503215,0.88297465053866,1.0665860163923255,4.566835049801951
HTDPA_3h_150726,3,316,2578,2594,2580.274,2595.285,38.94706102050164,-46.1880482052548,85.13510922575645,0.8432281192620442,1.0456548758510866,1.5542649779422173
HTDPA_3h_150726,3,317,2586,2602,2588.282,2603.289,38.94706102050164,-46.555145659295,85.50220667979664,0.8365790820531057,1.0700929851726995,1.0707094781290256
HTDPA_3h_150726,3,318,2594,2610,2596.285,2611.293,38.9563495149383,-46.555145659295,85.5114951742333,0.8367785980100451,1.0870816012830908,1.1637186765025203
HTDPA_3h_150726,3,319,2602,2618,2604.29,2619.298,38.9563495149383,-48.854249956160565,87.81059947109887,0.7973993982078497,1.0836299848035118,3.4808899211258333
HTDPA_3h_150726,3,320,2610,2627,2612.294,2628.302,38.19279121614472,-48.72842573428973,86.92121695043446,0.7837887360532728,1.084335935118101,3.9075774214803296
HTDPA_3h_150726,3,321,2618,2635,2620.299,2636.308,38.19279121614472,-46.35618096858338,84.5489721847281,0.8238985701179489,1.0631237252312582,0.3955926551083404
HTDPA_3h_150726,3,322,2627,2643,2629.303,2644.313,38.81298362254637,-46.35927958095671,85.17226320350308,0.8372214575674688,1.0428173943347465,0.338133635527381
HTDPA_3h_150726,3,323,2635,2651,2637.309,2652.318,38.81298362254637,-46.56443415373166,85.37741777627804,0.8335328094915958,1.0593914077116868,0.49791684404712516
HTDPA_3h_150726,3,324,2643,2659,2645.313,2660.324,38.583194347135084,-46.56443415373166,85.14762850086674,0.828597942793707,1.0752706049864942,0.4503892980966783
HTDPA_3h_150726,3,325,2651,2667,2653.319,2668.329,38.583194347135084,-46.69891539927114,85.28210974640622,0.8262117870886843,1.0800726661161355,0.5848285300273709
HTDPA_3h_150726,3,326,2659,2676,2661.325,2677.336,38.64442498358355,-46.688011514497674,85.33243649808122,0.8277162322833901,1.1005852097823188,0.5622983689434109
HTDPA_3h_150726,3,327,2667,2684,2669.329,2685.338,38.64442498358355,-47.77199717196431,86.41642215554785,0.8089346745223076,1.0959714214216647,2.2190653520776156
HTDPA_3h_150726,3,328,2676,2692,2678.336,2693.343,40.181623085409086,-47.84341945290139,88.02504253831047,0.8398568401860402,1.0583152972241388,2.931652643072755
HTDPA_3h_150726,3,329,2684,2700,2686.339,2701.346,40.181623085409086,-46.769184878922395,86.95080796433149,0.8591473892357242,1.0495125363765732,1.2071181481240725
HTDPA_3h_150726,3,330,2692,2708,2694.345,2709.349,38.797233566762465,-46.769184878922395,85.56641844568486,0.8295469264046833,1.0607094249126086,0.7907088041231108
HTDPA_3h_150726,3,331,2700,2716,2702.346,2717.355,38.797233566762465,-46.587453466031214,85.38468703279368,0.8327828777988711,1.0801284391535504,0.5357409614620594
HTDPA_3h_150726,3,332,2708,2725,2710.349,2726.362,38.55372815885498,-46.5836572987397,85.13738545759469,0.8276234712876018,1.113470124352122,0.5173498946947281
HTDPA_3h_150726,3,333,2716,2733,2718.355,2734.367,38.55372815885498,-46.552994253073706,85.10672241192869,0.8281686017717202,1.108057471454853,0.5626128570151749
HTDPA_3h_150726,3,334,2725,2741,2727.362,2742.372,38.62236756280274,-46.55797259238441,85.18034015518714,0.8295543257637529,1.06150839613884,0.5068009027033635
HTDPA_3h_150726,3,335,2733,2749,2735.368,2750.377,38.62236756280274,-47.58455315142749,86.20692071423022,0.8116576705027669,1.0456475799698994,1.704409361765901
HTDPA_3h_150726,3,336,2741,2757,2743.373,2758.379,38.970080332801196,-47.58455315142749,86.55463348422869,0.8189649319346846,1.0609384137209017,1.544338971188598
HTDPA_3h_150726,3,337,2749,2765,2751.377,2766.384,38.970080332801196,-53.07243797315703,92.04251830595823,0.7342809529969487,1.0909282918256615,9.773240081785218
HTDPA_3h_150726,3,338,2757,2773,2759.38,2774.387,38.51090562956281,-53.07243797315703,91.58334360271984,0.7256291043015746,1.0986933920878716,9.94841813764181
HTDPA_3h_150726,3,339,2765,2781,2767.384,2782.391,38.51090562956281,-48.876057725707504,87.38696335527031,0.7879298663097187,1.0846099506645512,3.5464113205105523
HTDPA_3h_150726,3,340,2773,2790,2775.39,2791.398,38.886469197504546,-48.75682723348419,87.64329643098873,0.7975594681599568,1.0806817691902526,3.935501627829421
HTDPA_3h_150726,3,341,2781,2798,2783.393,2799.405,38.886469197504546,-47.89497243269569,86.78144163020023,0.811911297206605,1.0606932036676437,2.391776723860468
HTDPA_3h_150726,3,342,2790,2806,2792.399,2807.407,40.757509740482035,-47.96215064265696,88.719660383139,0.8497848656568122,1.0474662460552087,3.138156277596208
HTDPA_3h_150726,3,343,2798,2814,2800.405,2815.413,40.757509740482035,-46.7219347115707,87.47944445205273,0.8723420806970228,1.0701822512762469,3.2134464372273532
HTDPA_3h_150726,3,344,2806,2822,2808.408,2823.42,39.290735314658086,-46.7219347115707,86.01267002622879,0.8409483801818619,1.0871286879823558,1.5255292206420457
HTDPA_3h_150726,3,345,2814,2830,2816.414,2831.423,39.290735314658086,-52.05070358512439,91.34143889978247,0.7548550280478248,1.087273409609045,7.9630312408810795
HTDPA_3h_150726,3,346,2822,2839,2824.419,2840.427,41.937647836405674,-51.76256934782084,93.70021718422652,0.8101925457873588,1.08687722569079,8.766290557064698
HTDPA_3h_150726,3,347,2830,2847,2832.424,2848.433,41.937647836405674,-54.74734075851234,96.68498859491801,0.7660216415147989,1.0770878498589762,13.184083244782189
HTDPA_3h_150726,3,348,2839,2855,2841.428,2856.436,38.65467536953894,-55.20192628465752,93.85660165419645,0.7002414221962103,1.0577986126129908,13.05598461313393
HTDPA_3h_150726,3,349,2847,2863,2849.433,2864.441,38.65467536953894,-50.613410032947236,89.26808540248618,0.7637239882548192,1.0636700992140091,5.8514152838349025
HTDPA_3h_150726,3,350,2855,2871,2857.438,2872.446,39.93042988803505,-50.613410032947236,90.5438399209823,0.7889298480786414,1.079326862939363,5.046525648630934
HTDPA_3h_150726,3,351,2863,2879,2865.441,2880.452,39.93042988803505,-46.84914670059452,86.77957658862957,0.8523192565965846,1.0828357345948687,2.181653744846005
HTDPA_3h_150726,3,352,2871,2888,2873.447,2889.457,45.254191051544645,-46.844733747901685,92.09892479944634,0.9660464993799162,1.104596704338172,10.423652862579722
HTDPA_3h_150726,3,353,2879,2896,2881.452,2897.462,45.254191051544645,-46.64527709740568,91.89946814895032,0.9701773441509172,1.0908731862274141,10.606763553361565
HTDPA_3h_150726,3,354,2888,2904,2890.458,2905.467,38.58157895679827,-46.64843445124581,85.23001340804407,0.8270712492424896,1.0486771660140803,0.31261437134261666
HTDPA_3h_150726,3,355,2896,2912,2898.462,2913.472,38.58157895679827,-46.63429978579871,85.21587874259697,0.8273219311539295,1.0487569151463476,0.5234524430121731
HTDPA_3h_150726,3,356,2904,2920,2906.468,2921.479,41.418204388237534,-46.63429978579871,88.05250417403624,0.888148949989175,1.0664756539415665,0.7772236440188296
HTDPA_3h_150726,3,357,2912,2928,2914.473,2929.487,41.418204388237534,-47.51145673868682,88.92966112692434,0.8717519358759679,1.0847259837240302,2.7806408544726264
HTDPA_3h_150726,3,358,2920,2937,2922.48,2938.488,44.5341381515947,-47.46959610091338,92.00373425250808,0.938161303435607,1.122403697533259,6.975065808522726
HTDPA_3h_150726,3,359,2928,2945,2930.485,2946.497,44.5341381515947,-46.71018641821206,91.24432456980676,0.9534138389614962,1.1224435846833871,9.316404489607907
HTDPA_3h_150726,3,360,2937,2953,2939.489,2954.501,38.37521284127072,-46.713050064718225,85.08826290598894,0.8215094665859772,1.0659317553421024,0.3075057666568496
HTDPA_3h_150726,3,361,2945,2961,2947.497,2962.518,38.37521284127072,-46.677915324892595,85.0531281661633,0.8221278215654549,1.0474565422781013,0.45300160963309627
HTDPA_3h_150726,3,362,2953,2969,2955.502,2970.523,38.56380966309335,-46.677915324892595,85.24172498798595,0.8261682081274928,1.0658432408476866,0.35822792006594284
HTDPA_3h_150726,3,363,2961,2978,2963.518,2979.533,38.55710579319559,-46.763200591992835,85.32030638518842,0.8245181105032756,1.1217578228835239,0.3709379770962948
HTDPA_3h_150726,3,364,2969,2985,2971.524,2986.537,38.38853981154941,-46.76555025066457,85.15409006221398,0.8208721934369602,1.0977317882802713,0.36457319415527645
HTDPA_3h_150726,3,365,2978,2993,2980.534,2994.543,38.38951638843484,-46.70069967132497,85.09021605975981,0.8220330029018101,1.0690212516838389,0.23924384619286101
HTDPA_3h_150726,3,366,2985,3002,2987.538,3003.549,38.57778278950677,-46.69876120292079,85.27654399242756,0.8260986329353402,1.098618654452145,0.3652560520180804
HTDPA_3h_150726,3,367,2993,3010,2995.543,3011.552,38.57778278950677,-46.674706572269024,85.25248936177579,0.8265243773900252,1.0677842999895264,0.33757281834363867
HTDPA_3h_150726,3,368,3002,3018,3004.55,3019.555,38.510501781978604,-46.6783191724768,85.1888209544554,0.8250190337763013,1.0527311730563103,0.20487899574766502
HTDPA_3h_150726,3,369,3010,3026,3012.552,3027.561,38.510501781978604,-46.82168506486873,85.33218684684734,0.8224928626260362,1.0787404022809002,0.2589136669537796
HTDPA_3h_150726,3,370,3018,3034,3020.555,3035.566,38.38450133570739,-46.82168506486873,85.20618640057612,0.8198017923218246,1.0928925851246432,0.25999924165582405
HTDPA_3h_150726,3,371,3026,3042,3028.562,3043.571,38.38450133570739,-46.78897341054832,85.17347474625572,0.8203749417390255,1.0833344613987015,0.26009909674970094
HTDPA_3h_150726,3,372,3034,3051,3036.568,3052.577,38.48787897457991,-46.784758710305915,85.27263768488582,0.8226584904049459,1.085622512337698,0.6740669302729265
HTDPA_3h_150726,3,373,3042,3059,3044.572,3060.58,38.48787897457991,-46.856834490061054,85.34471346464096,0.8213930666345736,1.068045073892104,0.5893104556651589
HTDPA_3h_150726,3,374,3051,3067,3053.577,3068.584,38.379251317112754,-46.86489675637841,85.24414807349116,0.8189338710511351,1.045732352704488,0.42845650938031804
HTDPA_3h_150726,3,375,3059,3075,3061.58,3076.587,38.379251317112754,-46.781704154032674,85.16095547114543,0.8203901933701658,1.0660729300318037,0.37755067006837995
HTDPA_3h_150726,3,376,3067,3083,3069.583,3084.593,38.570271224440596,-46.781704154032674,85.35197537847327,0.82447341160221,1.0885224838194787,0.40687021817199115
HTDPA_3h_150726,3,377,3075,3091,3077.588,3092.598,38.570271224440596,-46.867319841883635,85.43759106632423,0.822967290524937,1.0873586833032327,0.2876773382366275
HTDPA_3h_150726,3,378,3083,3100,3085.594,3101.601,38.555578515058976,-46.863090456274534,85.41866897133352,0.8227280390531039,1.0926194697584861,0.378514433901431
HTDPA_3h_150726,3,379,3091,3108,3093.599,3109.605,38.555578515058976,-46.85333937278688,85.40891788784586,0.8228992646242977,1.077118613622175,0.4206196096232409
HTDPA_3h_150726,3,380,3100,3116,3102.604,3117.607,38.61105983044506,-46.85358902402074,85.46464885446579,0.8240790222206898,1.046755411909002,0.4203453261886536
HTDPA_3h_150726,3,381,3108,3124,3110.605,3125.608,38.61105983044506,-46.799877295321785,85.41093712576685,0.8250248090779653,1.054246952178883,0.7241496408864535
HTDPA_3h_150726,3,382,3116,3132,3118.607,3133.613,38.40792449559113,-46.799877295321785,85.20780179091292,0.8206842990896147,1.0783920787376597,0.3724242855111635
HTDPA_3h_150726,3,383,3124,3141,3126.608,3142.619,38.40473042833426,-46.905678019699536,85.3104084480338,0.8187650632020492,1.1208791956206692,0.3509210887810539
HTDPA_3h_150726,3,384,3132,3149,3134.613,3150.624,38.38869400789974,-46.905678019699536,85.29437202759928,0.8184231766520288,1.1088979174001679,0.3931055143488622
HTDPA_3h_150726,3,385,3141,3157,3143.62,3158.629,38.39096289705463,-46.832185102058,85.22314799911263,0.8197559608502566,1.0744135907317551,0.2444911575715175
HTDPA_3h_150726,3,386,3149,3165,3151.625,3166.635,38.65467536953894,-46.832185102058,85.48686047159694,0.8253869702065278,1.06073853231367,0.46891345940354107
HTDPA_3h_150726,3,387,3157,3173,3159.63,3174.638,38.65467536953894,-46.79018495330092,85.44486032283987,0.8261278601082332,1.0459230629510523,0.42044267571616334
HTDPA_3h_150726,3,388,3165,3181,3167.635,3182.642,38.61954062971332,-46.79018495330092,85.40972558301425,0.825376960323146,1.0646925952423685,0.22082320677100972
HTDPA_3h_150726,3,389,3173,3190,3175.639,3191.647,38.61728642592513,-46.863149197741315,85.48043562366644,0.8240437761230606,1.11925133737487,0.42026769562205957
HTDPA_3h_150726,3,390,3181,3197,3183.643,3198.65,38.312616465719316,-46.86691599429942,85.17953246001873,0.8174767989935461,1.094911417049112,0.2179053669637722
HTDPA_3h_150726,3,391,3190,3205,3192.647,3206.655,38.31541402807534,-46.79550839872905,85.1109224268044,0.8187840102430851,1.0706859340617132,0.23918564131446157
HTDPA_3h_150726,3,392,3197,3214,3199.653,3215.66,38.66245861388903,-46.79227761805543,85.45473623194445,0.8262572497426498,1.1038152696483372,0.5335183122989249
HTDPA_3h_150726,3,393,3205,3222,3207.655,3223.663,38.66245861388903,-46.719115121164606,85.38157373505364,0.8275511750087543,1.0711979270154504,0.5610057553605416
HTDPA_3h_150726,3,394,3214,3230,3216.66,3231.67,38.59854055533478,-46.724357797075896,85.32289835241068,0.8260903386402532,1.0577203996737048,0.3017479588214431
HTDPA_3h_150726,3,395,3222,3238,3224.663,3239.671,38.59854055533478,-46.73081935842315,85.32935991375793,0.8259761135212679,1.0851391570669822,0.2985675206232083
HTDPA_3h_150726,3,396,3230,3246,3232.668,3247.676,38.52100181916788,-46.73081935842315,85.25182117759103,0.8243168501650622,1.095477508650788,0.4140202937958139
HTDPA_3h_150726,3,397,3238,3254,3240.672,3255.68,38.52100181916788,-46.73122320600735,85.25222502517522,0.8243097264831698,1.0866905716788284,0.5759033633349198
HTDPA_3h_150726,3,398,3246,3263,3248.677,3264.686,38.46103412425546,-46.72795571191698,85.18898983617244,0.8230840304971182,1.0864177029637256,0.25302330103513937
HTDPA_3h_150726,3,399,3254,3271,3256.68,3272.69,38.46103412425546,-46.77982442709529,85.24085855135075,0.8221714081931972,1.0673371796311169,0.5843069658656443
HTDPA_3h_150726,3,400,3263,3279,3265.686,3280.692,38.58400204230349,-46.78856956296413,85.37257160526761,0.8246458996866827,1.046825596570091,0.5042570885249703
HTDPA_3h_150726,3,401,3271,3287,3273.69,3288.693,38.58400204230349,-46.778069525774846,85.36207156807833,0.8248310037900045,1.0681376417642203,0.2945953106371717
HTDPA_3h_150726,3,402,3279,3295,3281.692,3296.696,38.73584873396367,-46.778069525774846,85.51391825973852,0.8280771123447092,1.0835989821489873,0.7197767157186629
HTDPA_3h_150726,3,403,3287,3303,3289.693,3304.701,38.73584873396367,-48.66524928675374,87.40109802071741,0.7959652791608577,1.0817339261909165,2.555935237338343
HTDPA_3h_150726,3,404,3295,3312,3297.697,3313.707,38.507557365955606,-48.57117482768458,87.07873219364018,0.7928067933824627,1.0854936922303466,3.261075615898903
HTDPA_3h_150726,3,405,3303,3320,3305.701,3321.711,38.507557365955606,-46.76925096307253,85.27680832902814,0.8233520223866727,1.0665725042512777,0.36571448842795223
HTDPA_3h_150726,3,406,3312,3328,3314.707,3329.717,39.73092918143896,-46.77645413543804,86.507383316877,0.8493788149567891,1.0441792000266685,2.4556808335823166
HTDPA_3h_150726,3,407,3320,3336,3322.711,3337.721,39.73092918143896,-47.42705259358848,87.15798177502744,0.8377271411297877,1.0554310296345324,1.8815958743206258
HTDPA_3h_150726,3,408,3328,3344,3330.718,3345.724,41.432339053684636,-47.42705259358848,88.85939164727311,0.8736013896694426,1.0746876911981496,0.6805491928446658
HTDPA_3h_150726,3,409,3336,3352,3338.721,3353.729,41.432339053684636,-58.41009149356319,99.84243054724783,0.709335287691691,1.1024344804272184,16.27436973158379
HTDPA_3h_150726,3,410,3344,3361,3346.724,3362.737,39.79881228900174,-57.79402567520376,97.5928379642055,0.6886319446350182,1.1236548640559578,17.127801385100256
HTDPA_3h_150726,3,411,3352,3369,3354.729,3370.739,39.79881228900174,-47.22132529151231,87.02013758051405,0.8428143861552163,1.097436961310029,2.1726453261725722
HTDPA_3h_150726,3,412,3361,3377,3363.735,3378.746,38.75281033250018,-47.22835958216078,85.98116991466097,0.8205411044413662,1.0586311356495115,0.7468535262206055
HTDPA_3h_150726,3,413,3369,3385,3371.74,3386.751,38.75281033250018,-49.15430871122312,87.9071190437233,0.7883909131988662,1.0517402356644354,3.2107538796548956
HTDPA_3h_150726,3,414,3377,3393,3379.747,3394.754,38.86023378989808,-49.15430871122312,88.01454250112121,0.7905763463829437,1.0602064674513534,3.013635863081577
HTDPA_3h_150726,3,415,3385,3401,3387.753,3402.759,38.86023378989808,-56.893643814882346,95.75387760478043,0.6830329573605716,1.090792438431996,12.495899858290043
HTDPA_3h_150726,3,416,3393,3409,3395.754,3410.765,38.94908025842266,-56.893643814882346,95.842724073305,0.6845945811653971,1.1065572317178203,12.546787682661693
HTDPA_3h_150726,3,417,3401,3417,3403.76,3418.772,38.94908025842266,-47.35759080910563,86.3066710675283,0.8224464039022392,1.0933708686995933,0.7530554346758022
HTDPA_3h_150726,3,418,3409,3426,3411.766,3427.776,49.065866090282746,-47.349234835454304,96.41510092573705,1.0362546778378572,1.1030766294634236,16.308454119833932
HTDPA_3h_150726,3,419,3417,3434,3419.773,3435.78,49.065866090282746,-47.349469801321476,96.41533589160423,1.0362495355526318,1.0834733888657833,16.209414826388393
HTDPA_3h_150726,3,420,3426,3442,3428.777,3443.784,38.50727100130498,-47.3539561808478,85.86122718215279,0.8131795969536998,1.0519426847389777,0.6025015051173944
HTDPA_3h_150726,3,421,3434,3450,3436.781,3451.786,38.50727100130498,-47.27843668260191,85.78570768390688,0.8144785171265054,1.0663985260567528,0.5726709223664214
HTDPA_3h_150726,3,422,3442,3458,3444.787,3459.792,38.63529068549722,-47.27843668260191,85.91372736809913,0.8171862987955923,1.0846825173486334,0.4801734527916967
HTDPA_3h_150726,3,423,3450,3466,3452.787,3467.798,38.63529068549722,-47.23118651525021,85.86647720074743,0.8180038134977297,1.0883463576940753,0.4047809482600603
HTDPA_3h_150726,3,424,3458,3475,3460.792,3476.805,38.49754194586737,-47.22487915025329,85.72242109612066,0.815196198245028,1.094760063586146,0.5168669658477182
HTDPA_3h_150726,3,425,3466,3483,3468.801,3484.809,38.49754194586737,-47.02997496343375,85.52751690930111,0.8185745787829904,1.0774856143076534,0.4772122027556282
HTDPA_3h_150726,3,426,3475,3491,3477.806,3492.815,38.518174886078455,-47.03249350382251,85.55066838990096,0.8189694404135289,1.0504730707969987,0.45456629799045833
HTDPA_3h_150726,3,427,3483,3499,3485.81,3500.819,38.518174886078455,-47.025224247306866,85.54339913338532,0.8190960384050564,1.0590272314772162,0.39161117169685505
HTDPA_3h_150726,3,428,3491,3507,3493.817,3508.821,38.38046285986537,-47.025224247306866,85.40568710717224,0.8161675669640941,1.0717061576891524,0.3154766408171077
HTDPA_3h_150726,3,429,3499,3515,3501.819,3516.827,38.38046285986537,-47.13345539987316,85.51391825973852,0.8142934256411138,1.0813950687924323,0.34308423220053347
HTDPA_3h_150726,3,430,3507,3524,3509.821,3525.834,38.532111299075126,-47.13218511565376,85.66429641472888,0.8175328855329829,1.097579631801304,0.43334453337814705
HTDPA_3h_150726,3,431,3515,3532,3517.827,3533.838,38.532111299075126,-47.128220066645234,85.66033136572037,0.8176016672088585,1.0800306681535021,0.5385921234896747
HTDPA_3h_150726,3,432,3524,3540,3526.834,3541.842,38.53069416118874,-47.131436161952145,85.66213032314089,0.817515808955838,1.048428660761629,0.4875249275157296
HTDPA_3h_150726,3,433,3532,3548,3534.839,3549.845,38.53069416118874,-47.18837867132472,85.71907283251346,0.8165293075560349,1.053137248961952,0.6272495477159727
HTDPA_3h_150726,3,434,3540,3556,3542.842,3557.85,38.533117246693955,-47.18837867132472,85.72149591801868,0.8165806567562711,1.0765002970379267,0.3778757384741456
HTDPA_3h_150726,3,435,3548,3565,3550.846,3566.854,38.52720638659789,-47.19127903124763,85.71848541784553,0.816405216758104,1.1180667105966886,0.42926057906458776
HTDPA_3h_150726,3,436,3556,3573,3558.85,3574.86,38.60042762495551,-47.19127903124763,85.79170665620313,0.8179568008613688,1.107492290703942,0.48853335150066507
HTDPA_3h_150726,3,437,3565,3581,3567.856,3582.866,38.60419442151362,-47.135878485378385,85.74007290689201,0.8189980893957178,1.0858218771303172,0.4217883452342923
HTDPA_3h_150726,3,438,3573,3589,3575.861,3590.87,38.730598715369034,-47.135878485378385,85.86647720074743,0.8216797895764968,1.069173168560628,0.4884565964791871
HTDPA_3h_150726,3,439,3581,3597,3583.867,3598.873,38.730598715369034,-47.20291718435602,85.93351589972505,0.8205128205128204,1.046103482898485,0.5389385159807718
HTDPA_3h_150726,3,440,3589,3605,3591.871,3606.878,38.548059607309455,-47.20291718435602,85.75097679166547,0.8166457055345945,1.0663090807075066,0.33166223185061494
HTDPA_3h_150726,3,441,3597,3613,3599.873,3614.884,38.548059607309455,-47.32043683135898,85.86849643866844,0.8146175772782359,1.0919952821827665,0.5250523454328332
HTDPA_3h_150726,3,442,3605,3622,3607.879,3623.888,38.74067287692405,-47.311023511305386,86.05169638822943,0.818850872411725,1.1274416173266484,0.5705528790772343
HTDPA_3h_150726,3,443,3613,3630,3615.884,3631.894,38.74067287692405,-47.790060173003205,86.53073304992725,0.8106428980562115,1.129893582630402,1.1111366509908702
HTDPA_3h_150726,3,444,3622,3638,3624.89,3639.899,39.655409683193064,-47.819188597849234,87.47459828104229,0.8292781798680843,1.0721931695113245,1.9586339524383225
HTDPA_3h_150726,3,445,3630,3646,3632.895,3647.902,39.655409683193064,-47.08701292768987,86.74242261088293,0.8421729733438539,1.0447783809165772,2.0707667954746496
HTDPA_3h_150726,3,446,3638,3654,3640.899,3655.906,38.7229256112692,-47.08701292768987,85.80993853895907,0.8223695495557309,1.0615934581349709,0.34922713089642754
HTDPA_3h_150726,3,447,3646,3662,3648.902,3663.912,38.7229256112692,-47.18191710997748,85.90484272124668,0.8207153923188196,1.089409444319214,0.3401289982888109
HTDPA_3h_150726,3,448,3654,3670,3656.906,3671.914,38.56744429135117,-47.18191710997748,85.74936140132866,0.8174200340663007,1.0970333637184504,0.36693007615468737
HTDPA_3h_150726,3,449,3662,3678,3664.912,3679.918,38.56744429135117,-47.050666645111626,85.6181109364628,0.819700272947316,1.1004489655099705,0.24685990019148696
HTDPA_3h_150726,3,450,3670,3687,3672.914,3688.925,38.66325162369075,-47.04862537914057,85.71187700283132,0.8217721838230889,1.0956550383116073,0.25147972689346565
HTDPA_3h_150726,3,451,3678,3695,3680.918,3696.93,38.66325162369075,-47.1300997935826,85.79335141727336,0.8203515755966057,1.0634108128489808,0.3628527765196556
HTDPA_3h_150726,3,452,3687,3703,3689.926,3704.934,38.429328417553876,-47.13466694262577,85.56399536017965,0.8153092174032249,1.049621938368592,0.30089771182601
HTDPA_3h_150726,3,453,3695,3711,3697.93,3712.936,38.429328417553876,-47.4153410136466,85.84466943120047,0.810483012375542,1.0794158336781325,0.6859658836978488
HTDPA_3h_150726,3,454,3703,3719,3705.934,3720.943,39.37069713633021,-47.4153410136466,86.7860381499768,0.8303366862846971,1.0970631759742895,1.1162722780109535
HTDPA_3h_150726,3,455,3711,3727,3713.937,3728.951,39.37069713633021,-47.25622506547075,86.62692220180097,0.8331325043797806,1.083933391756461,1.1501167344198482
HTDPA_3h_150726,3,456,3719,3736,3721.944,3737.958,38.590588429267655,-47.2529575713804,85.84354600064805,0.8166809108397637,1.0980940329896738,0.7004254474711735
HTDPA_3h_150726,3,457,3727,3744,3729.951,3745.961,38.590588429267655,-47.14566628228278,85.73625471155043,0.8185394644378988,1.0917791315164915,0.43298082802775784
HTDPA_3h_150726,3,458,3736,3752,3738.956,3753.967,38.562598120340745,-47.14678237015185,85.70938049049259,0.8179264030699651,1.0540674633928346,0.46105959516001105
HTDPA_3h_150726,3,459,3744,3760,3746.961,3761.973,38.562598120340745,-47.176667091382846,85.73926521172359,0.8174082761218305,1.053801841391409,0.5747269507220767
HTDPA_3h_150726,3,460,3752,3768,3754.97,3769.978,38.62761758139737,-47.176667091382846,85.80428467278021,0.8187864883836394,1.0685747469729276,0.4978820710981048
HTDPA_3h_150726,3,461,3760,3777,3762.973,3778.983,38.617873840593056,-47.19480351925522,85.81267735984827,0.8182653801034934,1.1157035145871104,0.47988892109988146
HTDPA_3h_150726,3,462,3768,3785,3770.978,3786.988,38.3549470352271,-47.19480351925522,85.54975055448232,0.8126942835894738,1.1186456186553742,0.4036390976927247
HTDPA_3h_150726,3,463,3777,3793,3779.984,3794.989,38.36350126132885,-47.11083993515781,85.47434119648666,0.8143242895718145,1.0938702698781908,0.3817703756201211
HTDPA_3h_150726,3,464,3785,3801,3787.988,3802.996,38.48182860350022,-47.11083993515781,85.59266853865803,0.8168359693112169,1.0726130984865105,0.3567591286336365
HTDPA_3h_150726,3,465,3793,3809,3795.99,3811.0,38.48182860350022,-47.122551515099694,85.60438011859992,0.8166329573891878,1.0472980869150605,0.3888841922518004
HTDPA_3h_150726,3,466,3801,3817,3803.997,3819.005,38.440636149911555,-47.122551515099694,85.56318766501124,0.8157588015494841,1.0591440592331511,0.2554155850285623
HTDPA_3h_150726,3,467,3809,3825,3812.001,3827.01,38.440636149911555,-47.211801831208476,85.65243798112003,0.8142166716564733,1.0827555886806262,0.17161421276717911
HTDPA_3h_150726,3,468,3817,3834,3820.006,3836.012,38.364844972381746,-47.20934203228651,85.57418700466826,0.8126536681266178,1.121171269833713,0.30592500584332294
HTDPA_3h_150726,3,469,3825,3841,3828.01,3843.017,38.37117436542871,-47.12335921026809,85.4945335756968,0.8142707779853627,1.0974003874392912,0.37817855455833965
HTDPA_3h_150726,3,470,3834,3850,3837.013,3852.021,38.39823215357028,-47.12335921026809,85.52159136383837,0.8148449685480693,1.0713760823374396,0.4575212851860721
HTDPA_3h_150726,3,471,3841,3858,3844.017,3860.025,38.390133173836176,-47.20255739287191,85.59269056670809,0.8133062125068989,1.0729899873109339,0.61558422039264
HTDPA_3h_150726,3,472,3850,3866,3853.021,3868.029,38.45234772985342,-47.21301337396108,85.6653611038145,0.8144438361788756,1.06034724529428,0.4972916185420597
HTDPA_3h_150726,3,473,3858,3875,3861.025,3877.033,38.450401918765905,-47.340276761768365,85.79067868053427,0.8122132895897674,1.1171054407953287,0.5815773729030073
HTDPA_3h_150726,3,474,3866,3882,3869.029,3884.038,38.33765501593987,-47.351533095342596,85.68918811128248,0.8096391501991451,1.0991354024750526,0.5254523003836348
HTDPA_3h_150726,3,475,3875,3890,3878.033,3892.04,38.342053283266004,-47.124710264004335,85.46676354727035,0.8136294752469415,1.0696567142519378,0.2662121195719678
HTDPA_3h_150726,3,476,3882,3899,3885.039,3901.042,38.54027636295936,-47.118087163623414,85.65836352658278,0.8179507845707629,1.094364286549155,0.4652993825033263
HTDPA_3h_150726,3,477,3890,3907,3893.041,3909.048,38.54027636295936,-47.32335921933195,85.86363558229131,0.8144028023102673,1.065285705313949,0.4881241016582445
HTDPA_3h_150726,3,478,3899,3915,3902.042,3917.052,38.47455934698457,-47.33053302096405,85.80509236794862,0.8128908949735065,1.0561789384296258,0.39390579331572584
HTDPA_3h_150726,3,479,3907,3924,3910.048,3926.058,38.46963974914065,-47.54152502700154,86.01116477614218,0.8091797586907771,1.1164180284481016,0.4176744471933249
HTDPA_3h_150726,3,480,3915,3931,3918.053,3933.059,38.46163622429008,-47.546995326096656,86.00863155038674,0.8089183335456746,1.0998791278556914,0.4500574720739054
HTDPA_3h_150726,3,481,3924,3939,3927.058,3941.063,38.4692138735064,-47.49627941220417,85.96549328571056,0.8099416280514329,1.0523131630369686,0.3943421902279203
HTDPA_3h_150726,3,482,3931,3948,3934.059,3950.068,38.38751917856388,-47.49030246795796,85.87782164652184,0.8083233246295748,1.0878042282406766,0.4943816958369482
HTDPA_3h_150726,3,483,3939,3956,3942.064,3958.073,38.38751917856388,-47.38145452999033,85.7689737085542,0.8101802605968187,1.07289096585742,0.39062564828187196
HTDPA_3h_150726,3,484,3948,3964,3951.069,3966.076,38.4317515030591,-47.3834370544946,85.8151885575537,0.8110798602233017,1.054064035747733,0.346763767447553
HTDPA_3h_150726,3,485,3956,3972,3959.073,3974.079,38.4317515030591,-47.553860735028096,85.98561223808719,0.8081731095862492,1.077101694596407,0.5626354055120285
HTDPA_3h_150726,3,486,3964,3980,3967.077,3982.083,38.36511665166566,-47.553860735028096,85.91897738669375,0.8067718595013249,1.0889713848598102,0.5334547428684182
HTDPA_3h_150726,3,487,3972,3988,3975.081,3990.086,38.36511665166566,-47.44239880178818,85.80751545345385,0.8086673022574823,1.082270680902214,0.5076321920225817
HTDPA_3h_150726,3,488,3980,3997,3983.085,3999.092,38.18950169400431,-47.438228157645874,85.62772985165019,0.8050364268895888,1.092210843925287,0.6641520746653462
HTDPA_3h_150726,3,489,3988,4005,3991.086,4007.097,38.18950169400431,-47.39490632588595,85.58440801989026,0.8057722792279501,1.076120192131207,0.4197571325372857
HTDPA_3h_150726,3,490,3997,4013,4000.093,4015.1,38.262539365278194,-47.40201404336792,85.66455340864611,0.8071922709923663,1.0506863970699136,0.39175626175627737
HTDPA_3h_150726,3,491,4005,4021,4008.097,4023.105,38.262539365278194,-47.32487915478521,85.58741852006341,0.8085079148355167,1.0707197750384296,0.3008153635634426
HTDPA_3h_150726,3,492,4013,4029,4016.101,4031.111,38.31342416088773,-47.32487915478521,85.63830331567294,0.809583137773606,1.0905477954850216,0.3286028218961133
HTDPA_3h_150726,3,493,4021,4037,4024.106,4039.115,38.31342416088773,-47.45411038173006,85.7675345426178,0.807378409429386,1.0854343196952536,0.4230494971183334
HTDPA_3h_150726,3,494,4029,4046,4032.112,4048.119,38.28196076273667,-47.45165058280809,85.73361134554476,0.8067572000668479,1.0970258786777018,0.5587021649426385
HTDPA_3h_150726,3,495,4037,4054,4040.116,4056.122,38.28196076273667,-47.26358977686994,85.54555053960661,0.8099672695930358,1.0933544844078338,0.39195127947009656
HTDPA_3h_150726,3,496,4046,4062,4049.12,4064.126,38.354616614476384,-47.263898169570616,85.618514784047,0.8114992224481773,1.0582930277306237,0.2821742206625295
HTDPA_3h_150726,3,497,4054,4070,4057.123,4072.129,38.354616614476384,-47.3378022774797,85.6924188919561,0.8102323041879588,1.0562505258992223,0.5624643008624379
HTDPA_3h_150726,3,498,4062,4078,4065.126,4080.133,38.55977118725133,-47.3378022774797,85.89757346473104,0.8145661465487087,1.0751019049972907,0.6614953596178654
HTDPA_3h_150726,3,499,4070,4086,4073.13,4088.137,38.55977118725133,-47.54053376474942,86.10030495200076,0.8110925169258998,1.0866894543928245,1.4116688555346986
HTDPA_3h_150726,3,500,4078,4095,4081.134,4097.139,40.14333099174333,-47.51089135206894,87.65422234381228,0.8449290225744255,1.0961455081773706,2.8825781805229655
HTDPA_3h_150726,3,501,4086,4103,4089.137,4105.143,40.14333099174333,-46.94535788051828,87.08868887226161,0.8551075719544636,1.0866655852885985,3.263902835335259
HTDPA_3h_150726,3,502,4095,4111,4098.139,4113.147,38.380462859865354,-46.94889705389256,85.32935991375791,0.8174944518038089,1.055711315559596,0.3055843836225919
HTDPA_3h_150726,3,503,4103,4119,4106.144,4121.153,38.380462859865354,-47.04783971202221,85.42830257188757,0.8157752427059458,1.0502881029030475,0.578921601996821
HTDPA_3h_150726,3,504,4111,4127,4114.147,4129.156,38.18378908635868,-47.04783971202221,85.23162879838088,0.8115949493128696,1.0666937177794995,0.6705275552122972
HTDPA_3h_150726,3,505,4119,4135,4122.153,4137.16,38.18378908635868,-46.984031793718195,85.16782088007687,0.8126971574939187,1.085607491771627,0.6295519012191156
HTDPA_3h_150726,3,506,4127,4144,4130.156,4146.163,38.3251063700962,-46.98033842399357,85.30544479408977,0.8157690569236723,1.1183496692724786,0.4492051299442912
HTDPA_3h_150726,3,507,4135,4152,4138.16,4154.171,38.3251063700962,-47.07544085873162,85.40054722882782,0.8141210293729539,1.119453365335944,0.5047930047202612
HTDPA_3h_150726,3,508,4144,4160,4147.164,4162.175,38.177327525011435,-47.07933982359,85.25666734860144,0.8109146744211982,1.0680912519757866,0.5235531545016473
HTDPA_3h_150726,3,509,4152,4168,4155.17,4170.182,38.177327525011435,-47.026435790059466,85.2037633150709,0.8118269412431514,1.0520653403473486,0.6183941605839403
HTDPA_3h_150726,3,510,4160,4176,4163.175,4178.187,38.4337707409801,-47.026435790059466,85.46020653103957,0.8172801126702505,1.073498971105416,0.5394712095078308
HTDPA_3h_150726,3,511,4168,4185,4171.183,4187.196,38.431369683524935,-47.07450099526292,85.50587067878786,0.8163946270485641,1.1217677450240693,0.5518383133631802
HTDPA_3h_150726,3,512,4176,4192,4179.188,4194.198,38.539578808041206,-47.0797436711742,85.61932247921541,0.8186021376245952,1.0949967980713502,0.6465120348664491
HTDPA_3h_150726,3,513,4185,4200,4188.197,4202.203,38.55065891721505,-46.9732747626117,85.52393367982675,0.8206934498826849,1.0627960240559733,0.42901509542303434
HTDPA_3h_150726,3,514,4192,4209,4195.201,4211.21,38.43554032766725,-46.96600550609605,85.4015458337633,0.818369369791911,1.0921476471512117,0.778034989058395
HTDPA_3h_150726,3,515,4200,4217,4203.203,4219.212,38.43554032766725,-46.89525140934374,85.330791737011,0.8196041000434657,1.0702674108493198,0.7858754689704971
HTDPA_3h_150726,3,516,4209,4225,4212.211,4227.214,38.63004066690258,-46.903666124461864,85.53370679136444,0.8236038642351604,1.0572131997458887,0.5400576495417818
HTDPA_3h_150726,3,517,4217,4234,4220.213,4236.219,38.618549367461185,-46.95396350540347,85.57251287286465,0.8224768791460375,1.1133179307036745,0.6668705316231682
HTDPA_3h_150726,3,518,4225,4241,4228.215,4243.225,38.55209808315147,-46.95939709108182,85.51149517423329,0.820966632266942,1.0974531233408638,0.5608535859677976
HTDPA_3h_150726,3,519,4234,4249,4237.219,4251.231,38.56405197164388,-47.04308899589532,85.6071409675392,0.8197601984641938,1.0557226448477475,0.5027609411436804
HTDPA_3h_150726,3,520,4241,4258,4244.228,4260.235,38.26583623010196,-47.03872744198593,85.30456367208788,0.8134964169108572,1.084672045546626,0.44920976984286537
HTDPA_3h_150726,3,521,4249,4266,4252.231,4268.239,38.26583623010196,-46.964390115759244,85.23022634586121,0.8147840552338309,1.0680418594579537,0.3793513230751627
HTDPA_3h_150726,3,522,4258,4274,4261.236,4276.243,38.318270331898155,-46.9694932806869,85.28776361258505,0.8158118739521086,1.0575612244217243,0.34680209102792114
HTDPA_3h_150726,3,523,4266,4283,4269.24,4285.246,38.31570773540931,-47.0303567829679,85.3460645183772,0.8147016173452758,1.1175474470121198,0.4068983970101494
HTDPA_3h_150726,3,524,4274,4290,4277.243,4292.251,38.181366000853465,-47.03693582724873,85.2183018281022,0.8117315749708085,1.0997755918342973,0.3709731963452976
HTDPA_3h_150726,3,525,4283,4298,4286.246,4300.254,38.18324572779084,-47.03034209760121,85.21358782539205,0.811885349431434,1.0525711554667427,0.2951086397366443
HTDPA_3h_150726,3,526,4290,4307,4293.252,4309.261,38.21126540745116,-47.02824209016335,85.23950749761451,0.8125174088836207,1.089515224188341,0.42145557564763597
HTDPA_3h_150726,3,527,4298,4315,4301.255,4317.261,38.21126540745116,-46.952260002866474,85.16352541031763,0.8138322927398666,1.0735560772029,0.5626977812495406
HTDPA_3h_150726,3,528,4307,4323,4310.259,4325.269,38.1559236030487,-46.95495476765561,85.11087837070431,0.8126069717637547,1.051974197771142,0.397470462633459
HTDPA_3h_150726,3,529,4315,4331,4318.262,4333.271,38.1559236030487,-47.03532043691192,85.19124403996062,0.811218532128997,1.0713140098318592,0.4037723335972158
HTDPA_3h_150726,3,530,4323,4339,4326.267,4341.275,38.49555942136311,-47.03532043691192,85.53087985827503,0.818439399663427,1.086473333159535,0.48652297086736523
HTDPA_3h_150726,3,531,4331,4347,4334.272,4349.279,38.49555942136311,-46.913762314066936,85.40932173543004,0.8205600557817625,1.0863710422313861,0.3045972603776138
HTDPA_3h_150726,3,532,4339,4356,4342.276,4358.285,38.08356145864293,-46.91052419070996,84.99408564935288,0.8118340631585802,1.0993388411343357,0.39505793002780687
HTDPA_3h_150726,3,533,4347,4364,4350.28,4366.289,38.08356145864293,-46.90247660975931,84.98603806840225,0.8119733585820633,1.0825169587954477,0.3387849024835106
HTDPA_3h_150726,3,534,4356,4372,4359.286,4374.29,38.52382875225729,-46.906493057551295,85.43032180980859,0.8212898948764085,1.0492272067041106,0.596078916143918
HTDPA_3h_150726,3,535,4364,4380,4367.289,4382.295,38.52382875225729,-47.03572428449613,85.55955303675341,0.8190333908593701,1.0636373705766307,0.6441644757647774
HTDPA_3h_150726,3,536,4372,4388,4375.29,4390.299,38.47980936557921,-47.03572428449613,85.51553365007534,0.8180975195116297,1.0850183799284265,0.5223183724356847
HTDPA_3h_150726,3,537,4380,4397,4383.295,4399.305,38.47122576874406,-46.93428511402778,85.40551088277184,0.8196827899962139,1.1176798298786312,0.5605426013224833
HTDPA_3h_150726,3,538,4388,4405,4391.3,4407.312,38.39130800317204,-46.93428511402778,85.32559311719982,0.8179800312266309,1.1157191218202467,0.5204445663746403
HTDPA_3h_150726,3,539,4397,4412,4400.305,4414.316,38.39308493254253,-46.877482115638834,85.27056704818136,0.8190091105540453,1.067715642648824,0.30895484525184874
HTDPA_3h_150726,3,540,4405,4421,4408.313,4423.32,38.434174588564304,-46.8770121839045,85.3111867724688,0.8198938626417174,1.067924409112921,0.3881151832460747
HTDPA_3h_150726,3,541,4412,4429,4415.316,4431.323,38.43087038105719,-46.92764732828015,85.35851770933735,0.8189387827652181,1.0658022435432888,0.49325725575690965
HTDPA_3h_150726,3,542,4421,4437,4424.32,4439.328,38.40873219075954,-46.93233930294025,85.34107149369979,0.8183852064743187,1.0528174392709306,0.43498580352072197
HTDPA_3h_150726,3,543,4429,4445,4432.323,4447.332,38.40873219075954,-46.97797407995515,85.38670627071468,0.817590220586971,1.0833900659504145,0.33412896756891713
HTDPA_3h_150726,3,544,4437,4453,4440.328,4455.338,38.18136600085347,-46.97797407995515,85.15934008080862,0.8127503739490743,1.0989673717458714,0.4675529947361127
HTDPA_3h_150726,3,545,4445,4461,4448.333,4463.346,38.18136600085347,-46.91457000923535,85.09593601008882,0.8138487892639172,1.0969299073577878,0.511173444448164
HTDPA_3h_150726,3,546,4453,4470,4456.339,4472.346,38.24087110671489,-46.909672439441465,85.15054354615636,0.8152022625202158,1.0986401419783487,0.6667489478860202
HTDPA_3h_150726,3,547,4461,4478,4464.346,4480.349,38.24087110671489,-47.04689250587016,85.28776361258505,0.8128245898906815,1.072077791670772,0.651482470594923
HTDPA_3h_150726,3,548,4470,4486,4473.346,4488.357,38.45759774844806,-47.05147434028003,85.50907208872809,0.8173515981735159,1.0566419679313208,0.6287900026448041
HTDPA_3h_150726,3,549,4478,4494,4481.35,4496.361,38.45759774844806,-48.004150791414034,86.4617485398621,0.8011306754608091,1.0768930228988056,1.7762530652280413
HTDPA_3h_150726,3,550,4486,4502,4489.358,4504.364,38.4931363358579,-48.004150791414034,86.49728712727193,0.8018709986791962,1.090755951108917,1.7533724898801493
HTDPA_3h_150726,3,551,4494,4510,4497.362,4512.369,38.4931363358579,-47.82443861644386,86.31757495230175,0.8048842275928462,1.0890340650305654,1.7674277854195304
HTDPA_3h_150726,3,552,4502,4519,4505.365,4521.374,38.944593878896335,-47.769911849893155,86.71450572878949,0.8152536266190209,1.1142717871996977,2.7619112779652704
HTDPA_3h_150726,3,553,4510,4526,4513.37,4528.38,38.98017652240627,-48.14792053139017,87.12809705379644,0.809592108905161,1.0986058392039701,3.059758742960441
HTDPA_3h_150726,3,554,4519,4535,4522.375,4537.386,38.16682748782217,-48.14792053139017,86.31474801921235,0.7926993952509164,1.067310820331437,2.4771159073788986
HTDPA_3h_150726,3,555,4526,4543,4529.383,4545.39,38.16459531208403,-47.99832804351817,86.1629233556022,0.7951234317470749,1.066679360288638,2.1924410832715333
HTDPA_3h_150726,3,556,4535,4551,4538.387,4553.393,38.60823289735564,-48.06836255730225,86.6765954546579,0.8031942600776301,1.0585603787296818,2.0702671145755147
HTDPA_3h_150726,3,557,4543,4559,4546.39,4561.398,38.60823289735564,-46.923858503671994,85.53209140102763,0.8227847011842468,1.0856687598842634,0.5575684276628492
HTDPA_3h_150726,3,558,4551,4567,4554.393,4569.403,38.96442646662236,-46.923858503671994,85.88828497029436,0.8303755852382265,1.0991998463953205,1.021280827553774
HTDPA_3h_150726,3,559,4559,4575,4562.398,4577.407,38.96442646662236,-46.898819953451444,85.8632464200738,0.8308189098424179,1.089326409404715,1.0390117255294824
HTDPA_3h_150726,3,560,4567,4584,4570.404,4586.412,38.3413777563979,-46.89301923360561,85.2343969900035,0.8176350847744257,1.0840912972008525,0.6012104955930573
HTDPA_3h_150726,3,561,4575,4592,4578.409,4594.42,38.3413777563979,-46.90347521469478,85.24485297109268,0.8174528130569226,1.064298895349151,0.4495244237992908
HTDPA_3h_150726,3,562,4584,4600,4587.413,4602.421,38.17611598225883,-46.90568536238288,85.08180134464172,0.8138910174175829,1.0522149755098182,0.34482670236096064
HTDPA_3h_150726,3,563,4592,4609,4595.418,4611.427,38.17293660036865,-46.89357727754015,85.0665138779088,0.8140333669671159,1.1114633312506523,0.5209546587338285
HTDPA_3h_150726,3,564,4600,4616,4603.421,4618.429,38.283135592072526,-46.900031496204036,85.18316708827656,0.816270999629735,1.0974110613985761,0.5412257205031181
HTDPA_3h_150726,3,565,4609,4624,4612.427,4626.433,38.29006708515411,-46.87419259349843,85.16425967865254,0.8168688347810611,1.0524477780454158,0.3811790814689921
HTDPA_3h_150726,3,566,4616,4633,4619.43,4635.441,50.436304510565996,-46.87031565669008,97.30662016725609,1.0760820319623112,1.1127305570322854,18.784942296321177
HTDPA_3h_150726,3,567,4624,4641,4627.433,4643.443,50.436304510565996,-48.444645708212214,98.88095021877821,1.0411120521832233,1.1030213364269938,14.657955949669823
HTDPA_3h_150726,3,568,4633,4649,4636.44,4651.449,38.313020313303525,-48.52753726054064,86.84055757384417,0.7895109143413531,1.0510576912828082,2.7003310654643733
HTDPA_3h_150726,3,569,4641,4657,4644.444,4659.451,38.313020313303525,-46.93516623602968,85.24818654933321,0.8162966787127861,1.0624397112083175,0.593489506845427
HTDPA_3h_150726,3,570,4649,4665,4652.449,4667.457,38.39823215357028,-46.93516623602968,85.33339838959995,0.818112200998107,1.0859583860863689,0.5199249411976546
HTDPA_3h_150726,3,571,4657,4673,4660.452,4675.461,38.39823215357028,-47.00987803910716,85.40811019267744,0.8168119926120013,1.0882873934768373,0.45076827780562384
HTDPA_3h_150726,3,572,4665,4682,4668.457,4684.465,39.504664394035245,-47.0082993621871,86.51296375622235,0.8403763788530566,1.0922832180083069,2.797287263838678
HTDPA_3h_150726,3,573,4673,4690,4676.464,4692.468,39.504664394035245,-47.02815397796315,86.53281837199839,0.8400215839334598,1.0743262433218388,2.7753089070559844
HTDPA_3h_150726,3,574,4682,4698,4685.465,4700.472,58.22391775724578,-47.03491658932773,105.25883434657351,1.237887126825624,1.095914266732506,27.95802255985267
HTDPA_3h_150726,3,575,4690,4706,4693.469,4708.477,58.22391775724578,-46.8018965332428,105.02581429048857,1.2440503926136852,1.1110224916615423,28.02746403756012
HTDPA_3h_150726,3,576,4698,4714,4701.472,4716.482,38.40348217216491,-46.8018965332428,85.2053787054077,0.8205539735956512,1.083961062701486,0.5354629734956109
HTDPA_3h_150726,3,577,4706,4722,4709.478,4724.486,38.40348217216491,-47.10074374555275,85.50422591771766,0.8153476806996485,1.0875836667613004,0.8557070525778844
HTDPA_3h_150726,3,578,4714,4731,4717.482,4733.492,41.29580919949074,-47.085838098353996,88.38164729784474,0.8770324765852334,1.1112830714738313,5.181852973606692
HTDPA_3h_150726,3,579,4722,4739,4725.487,4741.495,41.29580919949074,-46.91971723026309,88.21552642975382,0.8801376401487573,1.1060500801962572,5.401103865533674
HTDPA_3h_150726,3,580,4731,4747,4734.493,4749.5,38.244366223989076,-46.92830082709823,85.1726670510873,0.8149531423457227,1.0605511352113905,0.4850542666533898
HTDPA_3h_150726,3,581,4739,4755,4742.496,4757.502,38.244366223989076,-48.262209397719516,86.50657562170859,0.7924288320251703,1.0514687752828717,2.537375983866004
HTDPA_3h_150726,3,582,4747,4763,4750.501,4765.506,38.46527085254791,-48.262209397719516,86.72748025026743,0.7970060080665405,1.0632370507588416,2.335537012288539
HTDPA_3h_150726,3,583,4755,4771,4758.502,4773.508,38.46527085254791,-54.919232975715666,93.38450382826358,0.7003970880211781,1.0926600924130598,12.192946717004622
HTDPA_3h_150726,3,584,4763,4779,4766.506,4781.515,40.205046245292834,-54.919232975715666,95.12427922100849,0.7320758879329362,1.0993609771178487,10.816820989619803
HTDPA_3h_150726,3,585,4771,4787,4774.509,4789.519,40.205046245292834,-46.94607012080314,87.15111636609598,0.8564091976567136,1.0874612369244372,3.264712653265477
HTDPA_3h_150726,3,586,4779,4796,4782.516,4798.522,40.900919688974064,-46.93607672876497,87.83699641773903,0.8714175222895817,1.0889922979073738,4.853624587461501
HTDPA_3h_150726,3,587,4787,4804,4790.519,4806.526,40.900919688974064,-47.7303201012746,88.63123979024866,0.8569169367016635,1.0637325531846062,4.093806251971722
HTDPA_3h_150726,3,588,4796,4812,4799.522,4814.533,38.37682823160753,-47.77961153459737,86.1564397662049,0.8032051119507061,1.0436220255254076,1.4798966433704126
HTDPA_3h_150726,3,589,4804,4820,4807.528,4822.537,38.37682823160753,-46.99210874540224,85.36893697700978,0.8166653775749607,1.0650540497487468,0.5361904829485051
HTDPA_3h_150726,3,590,4812,4828,4815.534,4830.54,38.92808018404413,-46.99210874540224,85.92018892944637,0.8283961120994149,1.0884388569453272,1.082922248230345
HTDPA_3h_150726,3,591,4820,4836,4823.538,4838.545,38.92808018404413,-48.90917322761213,87.83725341165626,0.7959259503913862,1.0888322517263462,1.4454431473878286
HTDPA_3h_150726,3,592,4828,4845,4831.541,4847.549,38.2833999286731,-48.888143782500194,87.17154371117329,0.7830814787935735,1.1079424025709819,0.9254845040706404
HTDPA_3h_150726,3,593,4836,4853,4839.545,4855.552,38.2833999286731,-48.22724353961092,86.51064346828402,0.7938127315368843,1.105348665482136,0.48175536611970526
HTDPA_3h_150726,3,594,4845,4861,4848.549,4863.559,38.430943807890685,-48.23111313373591,86.66205694162659,0.7968081454253154,1.0602577859141569,0.48742691911590263
HTDPA_3h_150726,3,595,4853,4869,4856.552,4871.564,38.430943807890685,-48.2145553827836,86.64549919067429,0.7970817837638624,1.0484576869011535,0.5977389885807392
HTDPA_3h_150726,3,596,4861,4877,4864.559,4879.569,38.34492427245553,-48.2145553827836,86.55947965523913,0.79529768485945,1.0574697902290613,0.42782538712401696
HTDPA_3h_150726,3,597,4869,4885,4872.564,4887.575,38.34492427245553,-48.13822818936931,86.48315246182483,0.7965586959622145,1.0806459782621654,0.3489317668154651
HTDPA_3h_150726,3,598,4877,4893,4880.57,4895.579,38.36309741374464,-48.13822818936931,86.50132560311394,0.7969362159078515,1.0936762380221363,0.322901728814649
HTDPA_3h_150726,3,599,4885,4901,4888.576,4903.582,38.36309741374464,-48.06795870971805,86.4310561234627,0.7981012392354546,1.0821841389625992,0.40837154645145857
HTDPA_3h_150726,3,600,4893,4910,4896.581,4912.585,38.49580907259697,-48.05903734944886,86.55484642204583,0.8010108232648243,1.0794339954055268,0.6679049167689248
HTDPA_3h_150726,3,601,4901,4918,4904.583,4920.589,38.49580907259697,-47.903049384379734,86.39885845697671,0.8036191759673177,1.061464966594892,0.7068604004874803
HTDPA_3h_150726,3,602,4910,4926,4913.585,4928.591,38.76977193103669,-47.907631218789604,86.67740314982629,0.8092608827595509,1.0473473089039247,0.7905901346043578
HTDPA_3h_150726,3,603,4918,4935,4921.589,4937.594,38.7513931946138,-48.24674570658623,86.99813890120004,0.8031918552658732,1.0986774518242957,1.0048109952874071
HTDPA_3h_150726,3,604,4926,4942,4929.592,4944.596,38.622367562802744,-48.254536293619665,86.87690385642242,0.8003883267635812,1.0890441194110498,0.44797162553516184
HTDPA_3h_150726,3,605,4935,4950,4938.593,4952.599,38.62371861653898,-47.90585428941911,86.52957290595809,0.8062421428328382,1.058549614480085,0.4033711611102678
HTDPA_3h_150726,3,606,4942,4959,4945.598,4961.604,38.25370611720918,-47.89664656449929,86.15035268170847,0.7986719083912358,1.1044791576492572,0.5448289788231462
HTDPA_3h_150726,3,607,4950,4967,4953.599,4969.607,38.25370611720918,-48.11166970369547,86.36537582090465,0.7951024429790451,1.1008369200677934,0.4159614354579417
HTDPA_3h_150726,3,608,4959,4975,4962.606,4977.613,38.438616911990536,-48.111978096396136,86.55059500838667,0.7989406886363255,1.0611946214154815,0.5101917737909069
HTDPA_3h_150726,3,609,4967,4983,4970.608,4985.618,38.438616911990536,-47.89026577266889,86.32888268465942,0.8026394569296286,1.0460063992107387,0.7046591132359596
HTDPA_3h_150726,3,610,4975,4991,4978.613,4993.622,39.23985051904855,-47.89026577266889,87.13011629171744,0.8193700721001813,1.054971365466867,1.4911898030127446
HTDPA_3h_150726,3,611,4983,5000,4986.618,5002.628,39.19715281537331,-53.827801837332984,93.0249546527063,0.7281953094392869,1.1162909865227728,6.466437127024653
HTDPA_3h_150726,3,612,4991,5007,4994.623,5009.633,38.66557925431242,-54.139403290620386,92.80498254493281,0.7141855451704102,1.1013354586265132,5.1103448185829485
HTDPA_3h_150726,3,613,5000,5015,5003.629,5017.638,38.67216564127659,-47.90520813328439,86.57737377456098,0.8072643277883452,1.0535373024188883,0.5403310872080892
HTDPA_3h_150726,3,614,5007,5024,5010.633,5026.642,38.57713663337204,-47.89955426710555,86.47669090047759,0.8053756913530286,1.0824629738290772,0.41542599891655607
HTDPA_3h_150726,3,615,5015,5032,5018.638,5034.65,38.57713663337204,-47.91776412181141,86.49490075518345,0.8050696300291762,1.0708077649993177,0.427169394231106
HTDPA_3h_150726,3,616,5024,5040,5027.643,5042.652,38.36955897509188,-47.922573579405096,86.29213255449697,0.800657312602705,1.0486447200288436,0.5811056511056428
HTDPA_3h_150726,3,617,5032,5048,5035.648,5050.655,38.36955897509188,-48.22344002963607,86.59299900472794,0.7956620048572143,1.0570347050279751,0.8089926312843934
HTDPA_3h_150726,3,618,5040,5056,5043.653,5058.659,38.632867599992004,-48.22344002963607,86.85630762962808,0.8011221840716857,1.0789766976172122,0.824463249516443
HTDPA_3h_150726,3,619,5048,5064,5051.655,5066.662,38.632867599992004,-48.17618986228434,86.80905746227634,0.8019079074212236,1.0908359554187397,0.6811041845967526
HTDPA_3h_150726,3,620,5056,5072,5059.66,5074.665,38.51736719091005,-48.17618986228434,86.69355705319438,0.7995104490623929,1.091987366526707,0.5694365278638082
HTDPA_3h_150726,3,621,5064,5080,5067.663,5082.67,38.51736719091005,-48.29734413754514,86.81471132845519,0.7975048706864115,1.0979280629719657,0.5586414785387666
HTDPA_3h_150726,3,622,5072,5089,5075.665,5091.675,38.53293367961023,-48.293092723886,86.82602640349623,0.7978974115391797,1.1050004488896206,0.5930482249394324
HTDPA_3h_150726,3,623,5080,5097,5083.67,5099.677,38.53293367961023,-48.28645493813838,86.81938861774861,0.7980070959646187,1.0732305463384935,0.7038378028561056
HTDPA_3h_150726,3,624,5089,5105,5092.675,5107.681,38.60580981185043,-48.296536442376734,86.90234625422715,0.7993494493732807,1.0480574335576227,0.45886423837982065
HTDPA_3h_150726,3,625,5097,5114,5100.678,5116.687,38.605038830098756,-48.71297672852313,87.31801555862188,0.7925000979768533,1.101147322665905,0.34285274608471633
HTDPA_3h_150726,3,626,5105,5121,5108.682,5123.689,38.51979027641526,-48.71815332028428,87.23794359669954,0.7906660587723296,1.0901869400859148,0.2745339487169991
HTDPA_3h_150726,3,627,5114,5129,5117.688,5131.692,38.522418957054256,-48.459771635911444,86.98219059296571,0.7949360398658369,1.0539009542792377,0.3003221109657636
HTDPA_3h_150726,3,628,5121,5138,5124.69,5140.697,38.505119595083684,-48.45104852809266,86.95616812317635,0.7947221115918229,1.0851977687992629,0.4819912248703043
HTDPA_3h_150726,3,629,5129,5146,5132.693,5148.701,38.505119595083684,-48.77036714158,87.27548673666368,0.7895187559959025,1.0740371570297316,0.4802277426441549
HTDPA_3h_150726,3,630,5138,5154,5141.697,5156.703,38.327962673919025,-48.777922762746265,87.10588543666529,0.785764552958612,1.050184884603124,0.7114335388752427
HTDPA_3h_150726,3,631,5146,5162,5149.701,5164.709,38.327962673919025,-48.9055385993543,87.23350127327333,0.7837141512316371,1.0523446508983925,0.7865798172273163
HTDPA_3h_150726,3,632,5154,5170,5157.704,5172.711,38.451136187100815,-48.9055385993543,87.35667478645512,0.7862327517155385,1.061841808324382,0.6206315443967281
HTDPA_3h_150726,3,633,5162,5178,5165.709,5180.717,38.451136187100815,-49.224174343290194,87.67531053039102,0.7811433447098973,1.0830199600286654,0.19804421925379342
HTDPA_3h_150726,3,634,5170,5186,5173.712,5188.722,38.899810853149944,-49.224174343290194,88.12398519644015,0.7902582698871093,1.0952065919946699,1.0130362813973794
HTDPA_3h_150726,3,635,5178,5194,5181.718,5196.727,38.899810853149944,-49.33765551445111,88.23746636760106,0.7884406027715708,1.0839267273443727,1.1101246727568836
HTDPA_3h_150726,3,636,5186,5203,5189.722,5205.73,38.33632599025368,-49.33569501799689,87.67202100825057,0.777050490041119,1.084665621480385,0.6419605207749358
HTDPA_3h_150726,3,637,5194,5211,5197.727,5213.734,38.33632599025368,-49.06087306560533,87.397199055859,0.7814032567049808,1.0652025609132794,0.7809960223896935
HTDPA_3h_150726,3,638,5203,5219,5206.731,5221.738,38.42448224654345,-49.071519956461586,87.49600220300503,0.7830302032754506,1.046760080001535,0.5474484897717921
HTDPA_3h_150726,3,639,5211,5227,5214.735,5229.741,38.42448224654345,-47.814342426838806,86.23882467338225,0.8036183349240267,1.0697451500201862,0.3690132198199028
HTDPA_3h_150726,3,640,5219,5235,5222.738,5237.745,38.30938568504569,-47.814342426838806,86.1237281118845,0.801211179337314,1.090314949533155,0.3816726218946162
HTDPA_3h_150726,3,641,5227,5243,5230.742,5245.746,38.30938568504569,-47.6620918875944,85.97147757264008,0.8037705473648534,1.0847113417197745,0.3064359900601708
HTDPA_3h_150726,3,642,5235,5252,5238.748,5254.755,39.45958031827153,-47.66003593625665,87.11961625452818,0.8279385347305886,1.0793810218230935,2.531891861823443
HTDPA_3h_150726,3,643,5243,5260,5246.749,5262.759,39.45958031827153,-47.99198396510451,87.45156428337603,0.822211899949021,1.0596279461407858,2.455159910623208
HTDPA_3h_150726,3,644,5252,5268,5255.758,5270.763,38.56623274859857,-47.99890077281939,86.56513352141796,0.8034815824456899,1.0408802924202099,0.896057541135797
HTDPA_3h_150726,3,645,5260,5276,5263.76,5278.767,38.56623274859857,-47.43836032594616,86.00459307454473,0.8129756695554458,1.0595121341975196,0.8921511717998001
HTDPA_3h_150726,3,646,5268,5284,5271.764,5286.77,38.447905406427196,-47.43836032594616,85.88626573237335,0.8104813307680518,1.0810593855643156,0.7912498236704866
HTDPA_3h_150726,3,647,5276,5292,5279.767,5294.778,38.447905406427196,-46.959800938666035,85.40770634509323,0.8187408089025722,1.0881398844031887,0.506503298106267
HTDPA_3h_150726,3,648,5284,5301,5287.771,5303.783,38.40373182339878,-46.95566700794047,85.35939883133925,0.8178721392010998,1.1024055370737056,0.49478257727937414
HTDPA_3h_150726,3,649,5292,5309,5295.776,5311.788,38.40373182339878,-46.77089572414274,85.17462754754152,0.821103193103379,1.0938844092116444,0.3007650665538324
HTDPA_3h_150726,3,650,5301,5317,5304.783,5319.794,38.37682823160753,-46.77120411684339,85.14803234845093,0.8205225620391319,1.0563607578681664,0.41557972320503433
HTDPA_3h_150726,3,651,5309,5325,5312.788,5327.799,38.37682823160753,-46.76676179341718,85.14359002502471,0.8206005025776533,1.0470284169687947,0.492955305434216
HTDPA_3h_150726,3,652,5317,5333,5320.795,5335.804,38.42932841755388,-46.76676179341718,85.19609021097106,0.8217230987107416,1.058330464486588,0.47156801494117867
HTDPA_3h_150726,3,653,5325,5341,5328.8,5343.809,38.42932841755388,-46.86651214671522,85.2958405642691,0.8199741490736753,1.0822021718713875,0.2204160827241438
HTDPA_3h_150726,3,654,5333,5349,5336.805,5351.812,38.213673807589664,-46.86651214671522,85.08018595430488,0.8153726841878499,1.0944905144772135,0.1991587951052432
HTDPA_3h_150726,3,655,5341,5357,5344.809,5359.815,38.213673807589664,-46.825723540710754,85.03939734830041,0.8160829330136524,1.082522692140357,0.24642760467865327
HTDPA_3h_150726,3,656,5349,5366,5352.813,5368.822,38.144975662175135,-46.82170709291877,84.9666827550939,0.8146857094824744,1.0806749817370527,0.46508973857746877
HTDPA_3h_150726,3,657,5357,5374,5360.815,5376.826,38.144975662175135,-46.82123716118443,84.96621282335957,0.8146938862563406,1.0614080661730605,0.5861444363364189
HTDPA_3h_150726,3,658,5366,5382,5369.822,5384.831,38.464463157379505,-46.82693508346336,85.29139824084287,0.8214174830964538,1.0417169184856858,0.49034602764243895
HTDPA_3h_150726,3,659,5374,5390,5377.827,5392.837,38.464463157379505,-46.90124303895666,85.36570619633616,0.8201160708135289,1.0605577359279128,0.7017382356976447
HTDPA_3h_150726,3,660,5382,5398,5385.832,5400.841,38.30615490437207,-46.90124303895666,85.20739794332873,0.8167407177791554,1.082119905360355,0.582530558465148
HTDPA_3h_150726,3,661,5390,5406,5393.837,5408.845,38.30615490437207,-46.98847411714442,85.2946290215165,0.8152244911991199,1.0881493094081833,0.4018789801377837
HTDPA_3h_150726,3,662,5398,5415,5401.841,5417.849,38.24803756566364,-46.98541956087118,85.23345712653482,0.8140405666935043,1.1048319226870573,0.3793369437343782
HTDPA_3h_150726,3,663,5406,5423,5409.844,5425.857,38.24803756566364,-46.83357286921098,85.08161043487462,0.8166798991073433,1.1122413843433838,0.4486467763226849
HTDPA_3h_150726,3,664,5415,5431,5418.85,5433.861,38.55855964449872,-46.83703127306844,85.39559091756716,0.8232494373884477,1.0722303124991235,0.4539895013123404
HTDPA_3h_150726,3,665,5423,5439,5426.856,5441.863,38.55855964449872,-47.952458300636096,86.51101794513482,0.8040997481872006,1.0473839874062567,1.6728103745267553
HTDPA_3h_150726,3,666,5431,5447,5434.861,5449.863,38.46284776704269,-47.952458300636096,86.41530606767878,0.8021037738232594,1.0541257686555412,1.545096738012888
HTDPA_3h_150726,3,667,5439,5455,5442.863,5457.867,38.46284776704269,-46.87014677497305,85.33299454201574,0.8206257162305377,1.079449731992248,0.4771263606246845
HTDPA_3h_150726,3,668,5447,5463,5450.864,5465.87,38.24194313848387,-46.87014677497305,85.11208991345691,0.8159125961795296,1.096359526981851,0.29299839148199347
HTDPA_3h_150726,3,669,5455,5471,5458.867,5473.876,38.24194313848387,-48.562268152782075,86.80421129126594,0.7874826401882762,1.0848806505146127,2.954260338787507
HTDPA_3h_150726,3,670,5463,5480,5466.87,5482.881,39.633131981911774,-48.46602760212491,88.09915958403668,0.81775078220304,1.08183864694074,5.022111792545289
HTDPA_3h_150726,3,671,5471,5488,5474.876,5490.885,39.633131981911774,-46.78008876369586,86.41322074560763,0.8472222483825095,1.0630406807516108,2.366089620053885
HTDPA_3h_150726,3,672,5480,5496,5483.884,5498.891,38.605809811850435,-46.78170415403267,85.3875139658831,0.8252330801104976,1.0432792639654562,0.3067786790266612
HTDPA_3h_150726,3,673,5488,5504,5491.886,5506.896,38.605809811850435,-52.71422516596931,91.32003497781974,0.732360376924845,1.0623485842299765,9.693860033167514
HTDPA_3h_150726,3,674,5496,5512,5499.891,5514.902,39.30971615111561,-52.71422516596931,92.02394131708492,0.7457136290507929,1.0853783481204404,9.016566959818851
HTDPA_3h_150726,3,675,5504,5520,5507.897,5522.907,39.30971615111561,-46.99493567849167,86.30465182960728,0.8364670699848753,1.0919359003702145,1.592865712708121
HTDPA_3h_150726,3,676,5512,5529,5515.903,5531.909,38.17557996637434,-46.98932586841292,85.16490583478726,0.8124308927793463,1.109757215333526,0.5061897082822303
HTDPA_3h_150726,3,677,5520,5537,5523.906,5539.912,38.17557996637434,-47.10748432886726,85.2830642952416,0.8103930937993332,1.1039436377581253,0.5897364546652358
HTDPA_3h_150726,3,678,5529,5545,5532.91,5547.915,38.349366595881754,-47.11447456341564,85.4638411592974,0.8139614619762737,1.0618184207160448,0.6025006615506968
HTDPA_3h_150726,3,679,5537,5553,5540.912,5555.919,38.349366595881754,-46.739300157691396,85.08866675357315,0.8204950965567892,1.0468809398448682,0.4697005149623859
HTDPA_3h_150726,3,680,5545,5561,5548.916,5563.921,38.36269356616044,-46.739300157691396,85.10199372385183,0.8207802306994426,1.0575243579149054,0.37570156789793485
HTDPA_3h_150726,3,681,5553,5570,5556.919,5572.929,38.35829529883431,-46.929762021084706,85.288057319919,0.8173554189684705,1.1157220789972333,0.32905878240746433
HTDPA_3h_150726,3,682,5561,5577,5564.922,5579.933,40.11943055744188,-46.931935455356054,87.05136601279793,0.8548428733693593,1.100277925996518,2.8096870868223784
HTDPA_3h_150726,3,683,5570,5585,5573.929,5587.94,40.21743335210284,-46.84877222374371,87.06620557584654,0.858452237766863,1.0544434531704268,3.1714450831563212
HTDPA_3h_150726,3,684,5577,5594,5580.934,5596.944,38.43536410326686,-46.84053373302598,85.27589783629284,0.8205577742203893,1.0837346590466124,0.47744582185694867
HTDPA_3h_150726,3,685,5585,5602,5588.94,5604.947,38.43536410326686,-46.86943453468818,85.30479863795505,0.8200517988929599,1.0672022328908994,0.4772840658101348
HTDPA_3h_150726,3,686,5594,5610,5597.944,5612.951,38.53594417978338,-46.87216601289406,85.40811019267744,0.8221498483595259,1.0436701407454776,0.6330384990023025
HTDPA_3h_150726,3,687,5602,5618,5605.947,5620.956,38.53594417978338,-46.74576171903864,85.28170589882203,0.8243730075766086,1.0530047392436748,0.6855795485218286
HTDPA_3h_150726,3,688,5610,5626,5613.951,5628.959,38.33200114976104,-46.74576171903864,85.07776286879968,0.8200101942963774,1.0705663778429815,0.40114398010138985
HTDPA_3h_150726,3,689,5618,5634,5621.957,5636.967,38.33200114976104,-46.76958872650659,85.10158987626764,0.8195924358863657,1.0869005938669967,0.3753515686172155
HTDPA_3h_150726,3,690,5626,5643,5629.959,5645.97,38.52982038187018,-46.76320059199284,85.29302097386302,0.8239346300960323,1.1164464236548832,0.5623029503301246
HTDPA_3h_150726,3,691,5634,5651,5637.965,5653.974,38.52982038187018,-46.65056382941705,85.18038421128723,0.8259240021783816,1.1171482685867336,0.4920394568748723
HTDPA_3h_150726,3,692,5643,5659,5646.97,5661.982,38.55209808315148,-46.654492165008854,85.20659024816032,0.8263319627786192,1.0700991527498378,0.5154284861152767
HTDPA_3h_150726,3,693,5651,5667,5654.975,5669.989,38.55209808315148,-46.568068781989474,85.12016686514096,0.8278655115296895,1.0451240980077898,0.4593272383085072
HTDPA_3h_150726,3,694,5659,5675,5662.983,5677.991,38.542809588714825,-46.568068781989474,85.1108783707043,0.8276660509405004,1.0502731944841006,0.5592725978647652
HTDPA_3h_150726,3,695,5667,5684,5670.989,5686.998,38.529908494070376,-46.72187597010388,85.25178446417425,0.8246652706908573,1.108622950279489,0.6172796552068431
HTDPA_3h_150726,3,696,5675,5691,5678.992,5694.0,38.5553288638251,-46.72960781567053,85.28493667949564,0.82507281070944,1.0984388008260546,0.3794589948906471
HTDPA_3h_150726,3,697,5684,5699,5687.998,5702.005,38.56061559583648,-46.61220565160116,85.17282124743764,0.827264341105298,1.0544377947448453,0.3796069997067124
HTDPA_3h_150726,3,698,5691,5708,5695.0,5711.011,38.45342710430575,-46.603482543782384,85.05690964808814,0.8251191757650315,1.0842639002646173,0.25341620697692235
HTDPA_3h_150726,3,699,5699,5716,5703.005,5719.016,38.45342710430575,-46.47589607790774,84.9293231822135,0.8273843077677536,1.06699290228638,0.2537969056217729
HTDPA_3h_150726,3,700,5708,5724,5712.013,5727.021,38.38005901228116,-46.47720307554389,84.85726208782505,0.8257824583355057,1.043756689147415,0.34009442133617374
HTDPA_3h_150726,3,701,5716,5732,5720.016,5735.024,38.38005901228116,-46.52687632840082,84.90693534068197,0.8249008324002465,1.0551848801455188,0.5165423672382349
HTDPA_3h_150726,3,702,5724,5740,5728.021,5743.028,38.619944477297516,-46.52687632840082,85.14682080569833,0.8300566795996839,1.0732198486731581,0.4011702294167566
HTDPA_3h_150726,3,703,5732,5748,5736.024,5751.03,38.619944477297516,-46.707396198539385,85.3273406758369,0.8268485854603307,1.0879357295176084,0.6827569266302574
HTDPA_3h_150726,3,704,5740,5756,5744.028,5759.034,38.3263472835822,-46.707396198539385,85.0337434821216,0.8205627031887667,1.090411403029748,0.5418247142131168
HTDPA_3h_150726,3,705,5748,5764,5752.031,5767.036,38.3263472835822,-46.57412649575251,84.9004737793347,0.8229107053049617,1.0907405204882092,0.37694594941705123
HTDPA_3h_150726,3,706,5756,5773,5760.034,5776.04,38.405200360068605,-46.56841388810688,84.9736142481755,0.8247049266558103,1.0982401748291606,0.5636991516826533
HTDPA_3h_150726,3,707,5764,5781,5768.036,5784.043,38.405200360068605,-46.52356477821035,84.92876513827895,0.8254999491796459,1.070316719584683,0.5639968294501476
HTDPA_3h_150726,3,708,5773,5789,5777.041,5792.047,38.37117436542869,-46.52808787115342,84.8992622365821,0.8246884005138353,1.0443011489374163,0.5804133646646876
HTDPA_3h_150726,3,709,5781,5798,5785.043,5801.051,38.3651386797157,-46.556518741081284,84.92165742079698,0.8240551423760655,1.09556220641318,0.5791706699592036
HTDPA_3h_150726,3,710,5789,5805,5793.047,5808.053,38.29727025751962,-46.562011068226454,84.85928132574608,0.8225003469331111,1.088820117493969,0.3693676205342661
HTDPA_3h_150726,3,711,5798,5813,5802.051,5816.058,38.30254964684765,-46.594656638396714,84.89720628524437,0.822037383902173,1.0574901013788731,0.3109547099804212
HTDPA_3h_150726,3,712,5805,5822,5809.055,5825.063,38.34143649786469,-46.58835661608315,84.92979311394785,0.8229832362154738,1.0928999049704007,0.6767880035149493
HTDPA_3h_150726,3,713,5813,5830,5817.058,5833.066,38.34143649786469,-46.45190018872276,84.79333668658745,0.8254008198177636,1.0756177588748201,0.4942854193677168
HTDPA_3h_150726,3,714,5822,5838,5826.064,5841.072,38.30494336161946,-46.455395305996944,84.7603386676164,0.8245531678141733,1.0467408382503876,0.4316085228842751
HTDPA_3h_150726,3,715,5830,5846,5834.067,5849.076,38.30494336161946,-46.52203015739039,84.82697351900984,0.8233721364271636,1.0508497319295569,0.47538460439805325
HTDPA_3h_150726,3,716,5838,5854,5842.073,5857.081,38.296462562351216,-46.52203015739039,84.81849271974161,0.8231898400131947,1.0608837137157332,0.4002524449353824
HTDPA_3h_150726,3,717,5846,5862,5850.076,5865.086,38.296462562351216,-46.40451051038742,84.70097307273863,0.825274572259064,1.0815317622735727,0.11840441509523253
HTDPA_3h_150726,3,718,5854,5870,5858.082,5873.091,38.40832834317535,-46.40451051038742,84.81283885356277,0.8276852383687537,1.0938103907875631,0.39674932860980244
HTDPA_3h_150726,3,719,5862,5878,5866.086,5881.096,38.40832834317535,-46.43762601229202,84.84595435546737,0.8270950012175188,1.0815918992010116,0.3930660561462832
HTDPA_3h_150726,3,720,5870,5887,5874.092,5890.103,38.1648596486846,-46.43392529988406,84.59878494856866,0.8219175829354209,1.0787810781049354,0.5520417986951001
HTDPA_3h_150726,3,721,5878,5895,5882.097,5898.106,38.1648596486846,-46.388518146052995,84.5533777947376,0.8227221125823327,1.0600245457262298,0.6582224034686319
HTDPA_3h_150726,3,722,5887,5903,5891.104,5906.11,38.12846196732292,-46.398452796624376,84.5269147639473,0.8217614956785128,1.0415958435984871,0.631846118564383
HTDPA_3h_150726,3,723,5895,5911,5899.107,5914.114,38.12846196732292,-46.31404865152603,84.44251061884896,0.8232590990739611,1.062490694671752,0.5016569023649619
HTDPA_3h_150726,3,724,5903,5919,5907.11,5922.117,38.10665419777599,-46.31404865152603,84.42070284930202,0.8227882318062122,1.0879563338398939,0.38334360245120214
HTDPA_3h_150726,3,725,5911,5927,5915.115,5930.12,38.10665419777599,-46.364933447135556,84.47158764491155,0.8218852344784339,1.0911287783032,0.36397476657409444
HTDPA_3h_150726,3,726,5919,5936,5923.117,5939.126,38.20348216310107,-46.36182014939552,84.56530231249658,0.8240289539969492,1.1029869427157328,0.45313671642870773
HTDPA_3h_150726,3,727,5927,5944,5931.121,5947.129,38.20348216310107,-46.341378118951525,84.5448602820526,0.8243924482573292,1.094951095806866,0.4025651050306403
HTDPA_3h_150726,3,728,5936,5952,5940.126,5955.131,38.175712134674626,-46.34393337275702,84.51964550743165,0.8237477778939664,1.0563779365995736,0.4413385510736499
HTDPA_3h_150726,3,729,5944,5960,5948.129,5963.136,38.175712134674626,-46.329394859725724,84.50510699440035,0.8240062761506277,1.0453478110840593,0.41094767025087614
HTDPA_3h_150726,3,730,5952,5968,5956.132,5971.141,38.002865368635895,-46.329394859725724,84.33226022836162,0.8202754532775453,1.0519105765745493,0.34931147101355753
HTDPA_3h_150726,3,731,5960,5977,5964.136,5980.146,38.000618507531065,-46.46919955069333,84.4698180582244,0.8177592658138241,1.1086676765507644,0.22682446993832975
HTDPA_3h_150726,3,732,5968,5984,5972.142,5987.151,37.98953839835721,-46.470741514196654,84.46027991255386,0.8174936994872685,1.098218378479819,0.2686755698363407
HTDPA_3h_150726,3,733,5977,5992,5981.147,5995.156,37.995199607219405,-46.366343242338594,84.36154284955799,0.8194564623876737,1.0601206092922997,0.22321849445019298
HTDPA_3h_150726,3,734,5984,6001,5988.152,6004.161,38.16732679028991,-46.36343553973233,84.53076233002224,0.8232204181155093,1.0970106249720537,0.6612317668041083
HTDPA_3h_150726,3,735,5992,6009,5996.157,6012.167,38.16732679028991,-46.46541072608517,84.63273751637507,0.821413739680196,1.0732131286030655,0.6225665296909592
HTDPA_3h_150726,3,736,6001,6017,6005.161,6020.168,37.94915363993695,-46.471549209365044,84.42070284930199,0.8166104699666298,1.0448866640967374,0.5539155476676683
HTDPA_3h_150726,3,737,6009,6026,6013.166,6029.172,37.94763370448368,-46.47610167304151,84.42373537752519,0.8164977771036942,1.0957843343854776,0.7233976489841382
HTDPA_3h_150726,3,738,6017,6033,6021.169,6036.176,38.092115684744684,-46.4788184658807,84.57093415062539,0.8195586063081067,1.0893732592643361,0.5143467215502356
HTDPA_3h_150726,3,739,6026,6041,6030.172,6044.183,38.09275449819606,-46.440122524630745,84.5328770228268,0.8202552540207567,1.0571658722705077,0.36743909332890634
HTDPA_3h_150726,3,740,6033,6050,6037.177,6053.185,37.84630467426557,-46.436891743957126,84.2831964182227,0.8150051231452317,1.0917156858510706,0.5686784298474544
HTDPA_3h_150726,3,741,6041,6058,6045.183,6061.192,37.84630467426557,-46.30037657512993,84.1466812493955,0.8174081394965277,1.074398787694878,0.2579169168134934
HTDPA_3h_150726,3,742,6050,6066,6054.186,6069.196,38.11311575912321,-46.30274091916835,84.41585667829156,0.8231287177071885,1.0460586612634586,0.23725401738513438
HTDPA_3h_150726,3,743,6058,6074,6062.192,6077.201,38.11311575912321,-46.47518383762288,84.58829959674608,0.8200745561821672,1.0506758296808074,0.6427129325490814
HTDPA_3h_150726,3,744,6066,6082,6070.197,6085.205,38.2488085474153,-46.47518383762288,84.72399238503817,0.8229942388404689,1.060660145891151,0.6614711714460084
HTDPA_3h_150726,3,745,6074,6090,6078.202,6093.21,38.2488085474153,-46.48972235065417,84.73853089806947,0.8227368677085053,1.0816222610097668,0.3999235564366947
HTDPA_3h_150726,3,746,6082,6098,6086.205,6101.214,38.028711614024864,-46.48972235065417,84.51843396467903,0.8180025539233996,1.0965396539717265,0.390692937314529
HTDPA_3h_150726,3,747,6090,6106,6094.211,6109.216,38.028711614024864,-46.503857016101264,84.53256863012612,0.8177539252466305,1.085937521148042,0.3959398618370117
HTDPA_3h_150726,3,748,6098,6115,6102.215,6118.223,38.06817119434314,-46.49977448415914,84.56794567850227,0.8186743186746345,1.0891490684187093,0.45708737493171836
HTDPA_3h_150726,3,749,6106,6123,6110.217,6126.227,38.06817119434314,-46.450754730120295,84.51892592446343,0.8195382704870973,1.0698360258222348,0.4250487723002525
HTDPA_3h_150726,3,750,6115,6131,6119.224,6134.229,38.05576940216644,-46.454183763244345,84.50995316541079,0.8192108077093601,1.0452099198003375,0.2848129139547541
HTDPA_3h_150726,3,751,6123,6139,6127.227,6142.234,38.05576940216644,-46.45135683015492,84.50712623232135,0.819260663177479,1.0645931028519935,0.3808260256624669
HTDPA_3h_150726,3,752,6131,6147,6135.229,6150.239,37.9103842718535,-46.45135683015492,84.36174110200842,0.8161308271461113,1.0882704909370768,0.2395354125278226
HTDPA_3h_150726,3,753,6139,6155,6143.234,6158.245,37.9103842718535,-46.49133774099098,84.40172201284449,0.8154289834174479,1.0909587438505255,0.3667589500177005
HTDPA_3h_150726,3,754,6147,6164,6151.239,6167.25,38.04032773908321,-46.48881920060223,84.52914693968543,0.8182683146873824,1.1046826300944956,0.5740813049034462
HTDPA_3h_150726,3,755,6155,6172,6159.246,6175.255,38.04032773908321,-46.25723096777039,84.29755870685361,0.8223649998761862,1.0950389767587292,0.4801975108366535
HTDPA_3h_150726,3,756,6164,6180,6168.25,6183.259,38.000442283130695,-46.263163855916495,84.2636061390472,0.8213973951604459,1.0550484529835193,0.29843567279488786
HTDPA_3h_150726,3,757,6172,6188,6176.255,6191.262,38.000442283130695,-46.44610681156029,84.446549094691,0.818162056882505,1.0459194535920564,0.5406291097774054
HTDPA_3h_150726,3,758,6180,6196,6184.259,6199.266,38.164808249901164,-46.44610681156029,84.61091506146145,0.8217009103635369,1.0513254342036373,0.3962808812860398
HTDPA_3h_150726,3,759,6188,6204,6192.263,6207.269,38.164808249901164,-46.45701069633376,84.62181894623492,0.8215080496540215,1.074627019246715,0.5090845618238209
HTDPA_3h_150726,3,760,6196,6212,6200.267,6215.272,38.153096669959275,-46.45701069633376,84.61010736629304,0.8212559546576723,1.0951130589333142,0.44935850317407183
HTDPA_3h_150726,3,761,6204,6220,6208.269,6223.278,38.153096669959275,-46.318894822536464,84.47199149249573,0.8237048145500199,1.0842175987217142,0.1942134552130366
HTDPA_3h_150726,3,762,6212,6229,6216.272,6232.283,38.1511728869218,-46.31741160049992,84.46858448742172,0.8236896572715652,1.0812494025415245,0.3402416736904399
HTDPA_3h_150726,3,763,6220,6237,6224.279,6240.29,38.1511728869218,-46.27743803234721,84.428610919269,0.8244011446842567,1.0657374247562728,0.3549988224378907
HTDPA_3h_150726,3,764,6229,6245,6233.284,6248.296,38.1260388818177,-46.28174084478981,84.40777972660752,0.8237814348789725,1.044069800797292,0.5068287490012311
HTDPA_3h_150726,3,765,6237,6253,6241.293,6256.3,38.1260388818177,-46.379875807751056,84.50591468956875,0.8220383995820453,1.0547620707433532,0.804882916292316
HTDPA_3h_150726,3,766,6245,6261,6249.297,6264.304,38.14461587069102,-46.379875807751056,84.52449167844208,0.8224389394401149,1.0666041837066045,0.45264713470744117
HTDPA_3h_150726,3,767,6253,6269,6257.302,6272.306,38.14461587069102,-46.29789474815793,84.44251061884896,0.8238952565377434,1.0791423760973735,0.3598457638872303
HTDPA_3h_150726,3,768,6261,6278,6265.304,6281.312,38.01236680088968,-46.29491361871818,84.30728041960785,0.8210916454873856,1.1145576352194901,0.383607536374049
HTDPA_3h_150726,3,769,6269,6286,6273.307,6289.317,38.01236680088968,-46.2707415051328,84.28310830602248,0.8215205887001612,1.1113154951973743,0.34099042071291397
HTDPA_3h_150726,3,770,6278,6294,6282.312,6297.326,38.000038435546486,-46.27326004552156,84.27329848106805,0.8212094500833473,1.0650743727872864,0.3111899787229937
HTDPA_3h_150726,3,771,6286,6302,6290.318,6305.328,38.000038435546486,-46.29789474815793,84.29793318370442,0.8207724917569477,1.045585809352235,0.40378950545423076
HTDPA_3h_150726,3,772,6294,6310,6298.325,6313.333,37.918057375953346,-46.29789474815793,84.21595212411128,0.8190017620069432,1.0478135419767782,0.4173353985441232
HTDPA_3h_150726,3,773,6302,6318,6306.329,6321.339,37.918057375953346,-46.21672138373321,84.13477875968655,0.8204402268417784,1.0721639857661633,0.1942802148483652
HTDPA_3h_150726,3,774,6310,6326,6314.334,6329.342,38.15915438372232,-46.21672138373321,84.37587576745553,0.8256568887024752,1.0946958706123189,0.4683463360934258
HTDPA_3h_150726,3,775,6318,6334,6322.34,6337.346,38.15915438372232,-46.2171252313174,84.37627961503972,0.8256496740707083,1.0857914882703648,0.5637869440150065
HTDPA_3h_150726,3,776,6326,6343,6330.343,6346.351,38.015597581563306,-46.21458466287859,84.23018224444189,0.8225887532880709,1.0873248920038132,0.5468063519870606
HTDPA_3h_150726,3,777,6334,6351,6338.346,6354.357,38.015597581563306,-46.2375525763947,84.253150157958,0.8221801428341844,1.073066003857122,0.5543064600299296
HTDPA_3h_150726,3,778,6343,6359,6347.352,6362.363,38.162385164395936,-46.240952238785354,84.4033374031813,0.8252941022349148,1.0469903301511156,0.5604139752533572
HTDPA_3h_150726,3,779,6351,6367,6355.357,6370.371,38.162385164395936,-46.13918264756629,84.30156781196223,0.8271144605204421,1.0527545306830433,0.5419140007473217
HTDPA_3h_150726,3,780,6359,6375,6363.363,6378.373,38.28555867757774,-46.13918264756629,84.42474132514403,0.8297840681318874,1.0647128027911719,0.6847373607397119
HTDPA_3h_150726,3,781,6367,6383,6371.37,6386.378,38.28555867757774,-46.12706722004021,84.41262589761794,0.830002013675483,1.082666138397575,0.5819861640696337
HTDPA_3h_150726,3,782,6375,6391,6379.373,6394.383,38.178539067764056,-46.12706722004021,84.30560628780427,0.8276819093145626,1.0873259995234725,0.4531121500699479
HTDPA_3h_150726,3,783,6383,6400,6387.379,6403.388,38.17229044423394,-46.06056453694706,84.23285498118099,0.8287412633341561,1.1115646706981535,0.6794410370171192
HTDPA_3h_150726,3,784,6391,6408,6395.384,6411.393,37.8391088445834,-46.06056453694706,83.89967338153046,0.8215077089259535,1.094377939702743,0.3568216681941563
HTDPA_3h_150726,3,785,6400,6416,6404.388,6419.398,37.84415326804426,-46.022066848147524,83.86622011619178,0.8223045130266147,1.0435680645581014,0.2570140801664295
HTDPA_3h_150726,3,786,6408,6424,6412.393,6427.402,38.16521209748535,-46.022066848147524,84.18727894563287,0.8292807062189032,1.045353609952704,0.39222974820471346
HTDPA_3h_150726,3,787,6416,6432,6420.399,6435.404,38.16521209748535,-46.14685575166614,84.31206784915149,0.8270381909195924,1.068454268897318,0.5439769700917689
HTDPA_3h_150726,3,788,6424,6440,6428.4,6443.411,38.056577097334845,-46.14685575166614,84.20343284900099,0.8246840760317848,1.0849056233063927,0.3576676594581356
HTDPA_3h_150726,3,789,6432,6448,6436.405,6451.415,38.056577097334845,-46.03256688533679,84.08914398267163,0.8267315874895819,1.0821116687119214,0.2634530784746947
HTDPA_3h_150726,3,790,6440,6457,6444.411,6460.419,37.8476557280018,-46.03098820841672,83.87864393641851,0.8222212296776499,1.095336350778618,0.2989228035847677
HTDPA_3h_150726,3,791,6448,6465,6452.416,6468.423,37.8476557280018,-46.03421898909035,83.88187471709215,0.8221635244201996,1.081379825985013,0.4045529151587005
HTDPA_3h_150726,3,792,6457,6473,6461.419,6476.427,38.07636562896078,-46.03660536117882,84.1129709901396,0.8270889074082196,1.0498057427236254,0.33420589689791563
HTDPA_3h_150726,3,793,6465,6481,6469.424,6484.432,38.07636562896078,-46.10970177391949,84.18606740288027,0.8257777466367715,1.047675444541618,0.48362659503022665
HTDPA_3h_150726,3,794,6473,6489,6477.428,6492.438,37.88898034989075,-46.10970177391949,83.99868212381024,0.8217138452914798,1.0557554602040502,0.4847054751052956
HTDPA_3h_150726,3,795,6481,6497,6485.432,6500.441,37.88898034989075,-46.04104768460505,83.93002803449579,0.8229391435538479,1.0808078812543707,0.3445650688556619
HTDPA_3h_150726,3,796,6489,6505,6493.437,6508.447,38.0040769113885,-46.04104768460505,84.04512459599354,0.8254390119818255,1.0917693292925394,0.4883558773923426
HTDPA_3h_150726,3,797,6497,6513,6501.442,6516.451,38.0040769113885,-45.971989747706395,83.9760666590949,0.8266789651688847,1.078131565264475,0.4919659517168282
HTDPA_3h_150726,3,798,6505,6522,6509.448,6525.457,37.83634799564413,-45.96505091194146,83.8013989075856,0.8231547065645578,1.0835322252722464,0.44832984955985977
HTDPA_3h_150726,3,799,6513,6530,6517.451,6533.461,37.83634799564413,-45.90187446440547,83.7382224600496,0.8242876448321138,1.0668317891653267,0.2574069377992923
HTDPA_3h_150726,3,800,6522,6538,6526.458,6541.465,38.063442506266306,-45.90454720114456,83.96798970741087,0.8291867544075732,1.0450505852209475,0.38505386687186993
HTDPA_3h_150726,3,801,6530,6546,6534.461,6549.47,38.063442506266306,-45.981278242143055,84.04472074840936,0.8278030529255743,1.0619747994984543,0.7302219979818536
HTDPA_3h_150726,3,802,6538,6554,6542.466,6557.475,37.91199966219031,-45.981278242143055,83.89327790433336,0.8245094767166121,1.0766743647394712,0.5424102823308392
HTDPA_3h_150726,3,803,6546,6562,6550.471,6565.48,37.91199966219031,-46.04872078870489,83.9607204508952,0.8233019074764308,1.0795650122847649,0.6068689093899974
HTDPA_3h_150726,3,804,6554,6571,6558.475,6574.484,38.05251659344279,-46.04303020910931,84.0955468025521,0.826455522597519,1.098416522312328,0.6520711584731089
HTDPA_3h_150726,3,805,6562,6579,6566.479,6582.487,38.05251659344279,-45.857700881377056,83.91021747481985,0.8297955602239105,1.0844565194764888,0.4281321963098188
HTDPA_3h_150726,3,806,6571,6587,6575.485,6590.492,37.89140343539597,-45.85891242412967,83.75031585952564,0.8262604024481527,1.0493239665689993,0.3721137905594124
HTDPA_3h_150726,3,807,6579,6595,6583.487,6598.497,37.89140343539597,-45.78096984037856,83.67237327577453,0.8276671194933045,1.0465700490150924,0.4264868621734809
HTDPA_3h_150726,3,808,6587,6603,6591.493,6606.503,37.998019197625474,-45.78096984037856,83.77898903800403,0.8299959422028547,1.053011154188973,0.49598191388849844
HTDPA_3h_150726,3,809,6595,6611,6599.498,6614.505,37.998019197625474,-45.98652826073769,83.98454745836317,0.8262858849048487,1.0765985402070146,0.4352389630748076
HTDPA_3h_150726,3,810,6603,6619,6607.503,6622.509,37.862326409333384,-45.98652826073769,83.84885467007108,0.8233351775254455,1.0891715956676569,0.3445416014449037
HTDPA_3h_150726,3,811,6611,6627,6615.506,6630.512,37.862326409333384,-45.8803163460924,83.74264275542578,0.8252411801985776,1.0784255626127055,0.41540426886314574
HTDPA_3h_150726,3,812,6619,6636,6623.509,6639.519,38.08279781957463,-45.87852473135521,83.96132255092985,0.8300789539892796,1.0956882506909604,0.7441335472787637
HTDPA_3h_150726,3,813,6627,6644,6631.513,6647.52,38.08279781957463,-45.86956665766927,83.95236447724389,0.8302410638363267,1.0785532441249426,0.5286982571873402
HTDPA_3h_150726,3,814,6636,6652,6640.517,6655.526,37.771056855303584,-45.87022015648734,83.64127701179092,0.823433084176329,1.044778930430577,0.2863392094094408
HTDPA_3h_150726,3,815,6644,6660,6648.521,6663.529,37.771056855303584,-45.965124338774956,83.73618119407854,0.8217329420654025,1.0616059877359225,0.6027759397335799
HTDPA_3h_150726,3,816,6652,6668,6656.526,6671.535,38.03517317537211,-45.965124338774956,84.00029751414706,0.8274789576341176,1.0771541632082622,0.7983230769230844
HTDPA_3h_150726,3,817,6660,6676,6664.53,6679.543,38.03517317537211,-45.89848948738152,83.93366266275362,0.8286802812068313,1.0853493926596047,0.7829063920898741
HTDPA_3h_150726,3,818,6668,6684,6672.538,6687.551,37.842134030123255,-45.89848948738152,83.74062351750477,0.824474496933649,1.084963167398794,0.4300717602974383
HTDPA_3h_150726,3,819,6676,6693,6680.545,6696.557,37.83352840523807,-45.89608842992635,83.72961683516442,0.82433012702165,1.1070101432380386,0.3934830418579515
HTDPA_3h_150726,3,820,6684,6701,6688.552,6704.563,37.55509385263872,-45.89608842992635,83.45118228256507,0.8182634977701297,1.0913666374263589,0.44504549319606357
HTDPA_3h_150726,3,821,6693,6709,6697.559,6712.567,37.56145995910242,-45.87708556541879,83.4385455245212,0.8187411971830985,1.0450210858786921,0.397902172703029
HTDPA_3h_150726,3,822,6701,6717,6705.564,6720.571,37.769845312550984,-45.87708556541879,83.64693087796977,0.8232834507042253,1.0480781796595264,0.3238993361496635
HTDPA_3h_150726,3,823,6709,6725,6713.568,6728.574,37.769845312550984,-45.96310510085394,83.73295041340492,0.8217426831732756,1.0695230227418555,0.30676258090654784
HTDPA_3h_150726,3,824,6717,6733,6721.573,6736.579,37.695537357057695,-45.96310510085394,83.65864245791164,0.820125996151582,1.084686936176629,0.34854562306302994
HTDPA_3h_150726,3,825,6725,6741,6729.576,6744.583,37.695537357057695,-45.91908571417584,83.61462307123354,0.8209121930626893,1.0806034087721454,0.41890458595956365
HTDPA_3h_150726,3,826,6733,6750,6737.579,6753.589,37.66165087340142,-45.91708850430488,83.5787393777063,0.8202099065987277,1.0917909102269006,0.35543049436561625
HTDPA_3h_150726,3,827,6741,6758,6745.583,6761.592,37.66165087340142,-46.10036188069939,83.76201275410081,0.8169491374246465,1.0765021752923478,0.34311177125883674
HTDPA_3h_150726,3,828,6750,6766,6754.59,6769.594,37.47382503333045,-46.10485560290907,83.57868063623951,0.8127956273431203,1.0471959600766996,0.5716745588434268
HTDPA_3h_150726,3,829,6758,6774,6762.592,6777.599,37.47382503333045,-45.967951271864365,83.44177630519482,0.815216340874149,1.0557617777919655,0.6303760581171922
HTDPA_3h_150726,3,830,6766,6782,6770.595,6785.601,37.588113899659795,-45.967951271864365,83.55606517152415,0.8177026136613222,1.067820949609613,0.3582890285161726
HTDPA_3h_150726,3,831,6774,6790,6778.6,6793.606,37.588113899659795,-46.04427846527867,83.63239236493847,0.8163471152665461,1.0832808257034499,0.3572461115752296
HTDPA_3h_150726,3,832,6782,6798,6786.602,6801.609,37.60346010785949,-46.04427846527867,83.64773857313816,0.8166804076692334,1.0885332780275176,0.33892785585654167
HTDPA_3h_150726,3,833,6790,6807,6794.607,6810.613,37.60082408453715,-46.00402587515869,83.60484995969584,0.8173376866314844,1.1082872401450161,0.44459207963641545
HTDPA_3h_150726,3,834,6798,6815,6802.61,6818.615,37.83749345424659,-46.00402587515869,83.84151932940529,0.8224822226847353,1.0921307141585788,0.7141383328066968
HTDPA_3h_150726,3,835,6807,6823,6811.613,6826.621,37.844153268044266,-45.97037435736958,83.81452762541385,0.8232291730723619,1.0448796543713652,0.3643278404162996
HTDPA_3h_150726,3,836,6815,6831,6819.615,6834.626,37.781153044908656,-45.97037435736958,83.75152740227824,0.821858720383727,1.0460397758670292,0.34458453882650975
HTDPA_3h_150726,3,837,6823,6839,6827.622,6842.63,37.781153044908656,-45.98854749865871,83.76970054356737,0.8215339492079103,1.064035930613158,0.40026033004064415
HTDPA_3h_150726,3,838,6831,6847,6835.627,6850.634,37.57882540522313,-45.98854749865871,83.56737290388185,0.8171344269205097,1.0786891704067905,0.5230311992577147
HTDPA_3h_150726,3,839,6839,6855,6843.63,6858.639,37.57882540522313,-45.99702829792696,83.57585370315009,0.8169837660342237,1.0816493384220527,0.5222617166548116
HTDPA_3h_150726,3,840,6847,6864,6851.635,6867.643,37.60684508488345,-45.99562584540727,83.60247093029072,0.8176178580824452,1.0975629179358166,0.483356596187154
HTDPA_3h_150726,3,841,6855,6872,6859.639,6875.645,37.60684508488345,-45.96058656046518,83.56743164534863,0.8182411909693178,1.0831655812717644,0.564690921257851
HTDPA_3h_150726,3,842,6864,6880,6868.643,6883.649,37.59699854651225,-45.964316643606544,83.56131519011879,0.8179605679342097,1.0497339781530286,0.4775692682431559
HTDPA_3h_150726,3,843,6872,6888,6876.646,6891.654,37.59699854651225,-45.96391279602234,83.5609113425346,0.8179677546896279,1.045324186280197,0.5660638339004015
HTDPA_3h_150726,3,844,6880,6896,6884.65,6899.658,37.87080720860163,-45.96391279602234,83.83472000462397,0.8239247902297587,1.0501219774060133,0.3963789199864933
HTDPA_3h_150726,3,845,6888,6904,6892.654,6907.663,37.87080720860163,-45.93200883687034,83.80281604547197,0.8244970809594147,1.0718667851697947,0.33580002987793234
HTDPA_3h_150726,3,846,6896,6912,6900.658,6915.668,37.64344101869556,-45.93200883687034,83.57544985556589,0.8195470211718366,1.0866218221439115,0.39832498985252945
HTDPA_3h_150726,3,847,6904,6920,6908.664,6923.672,37.64344101869556,-45.93241268445453,83.5758537031501,0.8195398155393586,1.0795067961223497,0.4044125364220119
HTDPA_3h_150726,3,848,6912,6929,6916.669,6932.677,37.57932470769088,-45.92733889026028,83.50666359795116,0.8182343156759786,1.0837945201984776,0.47322130435746385
HTDPA_3h_150726,3,849,6920,6937,6924.673,6940.681,37.57932470769088,-45.909275889221405,83.48860059691228,0.8185562499040366,1.0649059694684346,0.47332368716003953
HTDPA_3h_150726,3,850,6929,6945,6933.678,6948.687,37.955615201284196,-45.91020106732339,83.86581626860759,0.826735982829296,1.0424322526162444,0.5522259675345712
HTDPA_3h_150726,3,851,6937,6953,6941.682,6956.692,37.955615201284196,-45.88798945019225,83.84360465147645,0.8271361560192562,1.0549257707955233,0.7255465002023039
HTDPA_3h_150726,3,852,6945,6961,6949.687,6964.695,37.966115238473456,-45.88798945019225,83.8541046886657,0.8273649748739296,1.067744970573389,0.4576939673855543
HTDPA_3h_150726,3,853,6953,6969,6957.692,6972.699,37.966115238473456,-45.94008578855439,83.90620102702785,0.8264267379303069,1.0814609295120075,0.3806991004346088
HTDPA_3h_150726,3,854,6961,6978,6965.695,6981.704,37.77264287490699,-45.93753053474889,83.71017340965588,0.822261067044828,1.104660406552513,0.3135694822888494
HTDPA_3h_150726,3,855,6969,6986,6973.699,6989.707,37.77264287490699,-45.89858494226506,83.67122781717205,0.8229587670822633,1.0918607443356263,0.4722905746848757
HTDPA_3h_150726,3,856,6978,6994,6982.705,6997.71,37.939865145500285,-45.90091257288673,83.84077771838702,0.8265601492182757,1.055363964351786,0.5748864430047418
HTDPA_3h_150726,3,857,6986,7002,6990.708,7005.714,37.939865145500285,-45.83993158767215,83.77979673317243,0.8276597244247099,1.0478252539570487,0.5838808603352998
HTDPA_3h_150726,3,858,6994,7010,6998.71,7013.72,37.936634364826666,-45.83993158767215,83.77656595249881,0.8275892448109382,1.0553267522766379,0.4859905710401667
HTDPA_3h_150726,3,859,7002,7018,7006.715,7021.726,37.936634364826666,-45.8350854166617,83.77171978148837,0.8276767463170509,1.0792411030015538,0.4624324845492884
HTDPA_3h_150726,3,860,7010,7026,7014.721,7029.729,37.60265241269109,-45.8350854166617,83.43773782935278,0.820390145908226,1.0890898844630585,0.2177898619117309
HTDPA_3h_150726,3,861,7018,7035,7022.724,7038.733,37.59888561613298,-45.85925753024706,83.45814314638005,0.8198755854547831,1.1007503150758917,0.22780004230098702
HTDPA_3h_150726,3,862,7026,7043,7030.73,7046.737,37.57051348767191,-45.85925753024706,83.42977101791897,0.8192569071335661,1.0843888161772002,0.2635779727695888
HTDPA_3h_150726,3,863,7035,7051,7039.733,7054.743,37.573575386628505,-45.8492200821088,83.4227954687373,0.8195030432216751,1.04653764349821,0.43063368349711323
HTDPA_3h_150726,3,864,7043,7059,7047.738,7062.748,37.899480387080025,-45.8492200821088,83.74870046918883,0.8266112339361056,1.0519844109954095,0.3513880034912121
HTDPA_3h_150726,3,865,7051,7067,7055.744,7070.752,37.899480387080025,-45.86537398547691,83.76485437255693,0.8263200993211295,1.0778708231803324,0.32165637339272746
HTDPA_3h_150726,3,866,7059,7075,7063.749,7078.756,37.65353720830063,-45.86537398547691,83.51891119377754,0.8209578149351507,1.090766181239438,0.4043298131600339
HTDPA_3h_150726,3,867,7067,7083,7071.753,7086.759,37.65353720830063,-45.776123669368125,83.42966087766875,0.8225584472871637,1.078770175387952,0.35416705794653464
HTDPA_3h_150726,3,868,7075,7092,7079.756,7095.764,37.601088421137725,-45.774581705864804,83.37567012700254,0.821440350077959,1.091858907371153,0.4021519459561561
HTDPA_3h_150726,3,869,7083,7100,7087.759,7103.767,37.601088421137725,-45.853765203101915,83.45485362423963,0.8200218292781349,1.0759082213815845,0.7317960434696906
HTDPA_3h_150726,3,870,7092,7108,7096.764,7111.771,37.779133806987645,-45.85972011929807,83.63885392628572,0.8237977403418548,1.0495666522324518,0.538691243572109
HTDPA_3h_150726,3,871,7100,7116,7104.767,7119.776,37.779133806987645,-45.722815788253385,83.50194959524103,0.8262643749227153,1.0761046588851677,0.5471033922405121
HTDPA_3h_150726,3,872,7108,7124,7112.772,7127.78,37.72784516379391,-45.722815788253385,83.45066095204729,0.8251426451624299,1.0911572899513544,0.5018794612827268
HTDPA_3h_150726,3,873,7116,7132,7120.777,7135.787,37.72784516379391,-45.73250813027425,83.46035329406816,0.8249677681425618,1.0791863139820959,0.41716799814191924
HTDPA_3h_150726,3,874,7124,7141,7128.781,7144.793,37.66890544455037,-45.72761790316371,83.39652334771408,0.8237670618294816,1.089726461276191,0.4343199282394446
HTDPA_3h_150726,3,875,7132,7149,7136.787,7152.8,37.66890544455037,-45.629372799952236,83.2982782445026,0.8255407237285058,1.0704036613806152,0.31747244982367057
HTDPA_3h_150726,3,876,7141,7157,7145.795,7160.802,37.93824975516349,-45.63154623422358,83.56979598938707,0.8314039932030589,1.043440827909907,0.33458696975849234
HTDPA_3h_150726,3,877,7149,7165,7153.8,7168.807,37.93824975516349,-45.70504649454846,83.64329624971195,0.8300669765140406,1.068451110311392,0.39370690820602616
HTDPA_3h_150726,3,878,7157,7173,7161.803,7176.811,37.6640372454899,-45.70504649454846,83.36908374003836,0.8240673652959162,1.0863357261616124,0.39500186497575207
HTDPA_3h_150726,3,879,7165,7181,7169.808,7184.817,37.6640372454899,-45.78379677346797,83.44783401895788,0.8226499307570855,1.0796648156709583,0.36305877114871166
HTDPA_3h_150726,3,880,7173,7190,7177.812,7193.821,37.61095698755896,-45.779046057341084,83.39000304490004,0.8215758131012365,1.0835554109294845,0.5950825807501487
HTDPA_3h_150726,3,881,7181,7198,7185.817,7201.827,37.61095698755896,-45.7404235429246,83.35138053048357,0.8222695391585818,1.0643944351233197,0.3829915649073509
HTDPA_3h_150726,3,882,7190,7206,7194.822,7209.836,37.802960814455595,-45.74543125296873,83.54839206742432,0.826376750180977,1.0435157505006292,0.36620501641040654
HTDPA_3h_150726,3,883,7198,7214,7202.828,7217.84,37.802960814455595,-45.75068127156336,83.55364208601895,0.8262819211383476,1.070129993294592,0.4708054366003839
HTDPA_3h_150726,3,884,7206,7222,7210.836,7225.844,37.73309518238854,-45.75068127156336,83.48377645395189,0.8247548262377854,1.0874222425224136,0.4518350820671296
HTDPA_3h_150726,3,885,7214,7230,7218.84,7233.848,37.73309518238854,-45.820546903630415,83.55364208601895,0.8234972677595627,1.080280252221351,0.41347752955620454
HTDPA_3h_150726,3,886,7222,7239,7226.845,7242.853,37.65930121472969,-45.8189315132936,83.47823272802329,0.82191574466994,1.0943843188218125,0.39252926844282193
HTDPA_3h_150726,3,887,7230,7247,7234.849,7250.858,37.65930121472969,-45.74250886499578,83.40181007972546,0.823288930781588,1.082219247602511,0.400616201516894
HTDPA_3h_150726,3,888,7239,7255,7243.853,7258.864,37.81548008956588,-45.74623894813714,83.56171903770303,0.826635827536283,1.049003049977791,0.4105714451414623
HTDPA_3h_150726,3,889,7247,7263,7251.858,7266.87,37.81548008956588,-45.68283487741732,83.4983149669832,0.8277831310389943,1.047319092490878,0.516293039655255
HTDPA_3h_150726,3,890,7255,7271,7259.864,7274.872,37.766210684293156,-45.68283487741732,83.44904556171048,0.826704620797567,1.0567238751383836,0.450229389987185
HTDPA_3h_150726,3,891,7263,7279,7267.871,7282.877,37.766210684293156,-45.77289288869451,83.53910357298767,0.8250780822642974,1.0817690708455936,0.6801706484641611
HTDPA_3h_150726,3,892,7271,7287,7275.873,7290.882,37.873634141691056,-45.77289288869451,83.64652703038556,0.8274249616205819,1.0885630844713883,0.7243927309244699
HTDPA_3h_150726,3,893,7279,7296,7283.877,7299.888,37.86375088990312,-45.68179955906509,83.54555044896821,0.828858566330044,1.1082621667920636,0.597675253830454
HTDPA_3h_150726,3,894,7287,7304,7291.882,7307.892,37.624996198122524,-45.68179955906509,83.30679575718761,0.8236320933345592,1.0940884012507566,0.7330966355801827
HTDPA_3h_150726,3,895,7296,7312,7300.888,7315.893,37.6341525242589,-45.671930992643844,83.30608351690275,0.8240105400912532,1.0440234794036471,0.5394056166103484
HTDPA_3h_150726,3,896,7304,7320,7308.892,7323.897,37.73309518238853,-45.671930992643844,83.40502617503238,0.8261769179075441,1.0459267594077757,0.4637477121524326
HTDPA_3h_150726,3,897,7312,7328,7316.893,7331.902,37.73309518238853,-45.70868112280629,83.44177630519482,0.8255126653295987,1.073434470607205,0.479688554184795
HTDPA_3h_150726,3,898,7320,7336,7324.897,7339.905,37.67251804475814,-45.70868112280629,83.38119916756443,0.8241873779631215,1.0891051412283876,0.3662212363234872
HTDPA_3h_150726,3,899,7328,7345,7332.902,7348.91,37.66890544455037,-45.69516324276052,83.36406868731089,0.8243521364488888,1.1104261049045834,0.33038507041796117
HTDPA_3h_150726,3,900,7336,7353,7340.906,7356.913,37.4658068231132,-45.69516324276052,83.16097006587373,0.8199074948933223,1.0920180585304748,0.4319894978602885
HTDPA_3h_150726,3,901,7345,7361,7349.911,7364.92,37.46857501473581,-45.681219487080504,83.14979450181632,0.8202183618441408,1.0447146980618391,0.3650801868922741
HTDPA_3h_150726,3,902,7353,7369,7357.913,7372.923,37.70563354666277,-45.681219487080504,83.38685303374328,0.8254077708526721,1.0460492937618604,0.6035060368750657
HTDPA_3h_150726,3,903,7361,7377,7365.918,7380.926,37.70563354666277,-45.580661438614044,83.28629498527681,0.827228749136144,1.0611201074275316,0.6657005702315879
HTDPA_3h_150726,3,904,7369,7385,7373.924,7388.931,37.57034460595488,-45.580661438614044,83.15100604456893,0.8242606276469442,1.0745914354095372,0.567774226919266
HTDPA_3h_150726,3,905,7377,7393,7381.926,7396.934,37.57034460595488,-45.59560379922954,83.16594840518442,0.8239905051238674,1.0810435862793157,0.21382200122368838
HTDPA_3h_150726,3,906,7385,7402,7389.931,7405.94,37.52751473397936,-45.59377547107561,83.12129020505498,0.8230841676576349,1.1069975727716068,0.2881304786591875
HTDPA_3h_150726,3,907,7393,7410,7397.935,7413.943,37.52751473397936,-45.59333491007467,83.12084964405403,0.8230921209864598,1.0960316679961941,0.31862161080150225
HTDPA_3h_150726,3,908,7402,7418,7406.938,7421.949,37.40436324884761,-45.59762303715056,83.00198628599817,0.8203138838700537,1.0547756807043975,0.3563526137557807
HTDPA_3h_150726,3,909,7410,7426,7414.943,7429.952,37.40436324884761,-45.43325707038009,82.8376203192277,0.8232815708304817,1.0482442066811821,0.3830802306930922
HTDPA_3h_150726,3,910,7418,7434,7422.95,7437.957,37.548940683992136,-45.43325707038009,82.98219775437222,0.8264637647665353,1.055681741036322,0.32432934752455533
HTDPA_3h_150726,3,911,7426,7442,7430.953,7445.961,37.548940683992136,-45.526949709915094,83.07589039390723,0.8247629354315062,1.073293169642019,0.305945574130703
HTDPA_3h_150726,3,912,7434,7450,7438.96,7453.963,37.6369794573483,-45.526949709915094,83.1639291672634,0.826696708151118,1.0838436324621026,0.3632182451232913
HTDPA_3h_150726,3,913,7442,7458,7446.963,7461.967,37.6369794573483,-45.63639240523402,83.27337186258232,0.824714169409932,1.0827977181613597,0.4170261881668208
HTDPA_3h_150726,3,914,7450,7467,7454.963,7470.972,37.526251792443304,-45.63072385368848,83.15697564613178,0.8223900175848281,1.1062362520881968,0.40320956512002937
HTDPA_3h_150726,3,915,7458,7475,7462.968,7478.975,37.526251792443304,-45.59321742714107,83.11946921958437,0.8230665416936422,1.1028369776736224,0.41779834700230617
HTDPA_3h_150726,3,916,7467,7483,7471.973,7486.981,37.695537357057695,-45.59439225647694,83.28992961353464,0.8267581930912312,1.0610548239242135,0.45288667141839734
HTDPA_3h_150726,3,917,7475,7491,7479.976,7494.983,37.695537357057695,-45.542699765699005,83.2382371227567,0.8276965913524633,1.0442771943621458,0.53948562196466
HTDPA_3h_150726,3,918,7483,7499,7487.983,7502.987,37.82032626057631,-45.542699765699005,83.36302602627532,0.8304366332068244,1.0530802339080347,0.5753081551384956
HTDPA_3h_150726,3,919,7491,7507,7495.984,7510.992,37.82032626057631,-45.49383420801048,83.31416046858679,0.8313286167011389,1.0808232120833672,0.4890472174153285
HTDPA_3h_150726,3,920,7499,7515,7503.988,7518.996,37.662421855153084,-45.49383420801048,83.15625606316357,0.8278577198604541,1.0912968889299752,0.21240687679083378
HTDPA_3h_150726,3,921,7507,7523,7511.993,7527.001,37.662421855153084,-45.6032769033294,83.26569875848249,0.825870955172597,1.0776807462541171,0.3670887715162957
HTDPA_3h_150726,3,922,7515,7532,7519.997,7536.006,37.6797138744403,-45.59750555421697,83.27721942865728,0.8263547186728856,1.0815058050948405,0.5245136579528485
HTDPA_3h_150726,3,923,7523,7540,7528.001,7544.013,37.6797138744403,-45.42900565672094,83.10871953116124,0.8294197359097563,1.0689715619335214,0.31699146606427214
HTDPA_3h_150726,3,924,7532,7548,7537.006,7552.017,37.87403798927526,-45.43204552762748,83.30608351690273,0.8336414869597681,1.0476423790932061,0.2522736461428664
HTDPA_3h_150726,4,1,9,25,9.841,24.849,44.381570530441074,-41.77726487139699,86.15883540183806,1.0623378688638647,1.0657550268191032,0.3722612266142257
HTDPA_3h_150726,4,2,17,33,17.844,32.853,43.96592799780345,-41.77726487139699,85.74319286920044,1.0523888563108146,1.0799992787349249,0.45950498070190493
HTDPA_3h_150726,4,3,25,42,25.85,41.858,43.95421103820571,-41.72530106153149,85.6795120997372,1.0534186673305794,1.126865187556327,0.5774208954171939
HTDPA_3h_150726,4,4,33,50,33.853,49.863,59.82404765625817,-41.72530106153149,101.54934871778966,1.4337595208249503,1.1267748171396108,23.668948939036426
HTDPA_3h_150726,4,5,42,58,42.858,57.866,60.75149181586098,-41.88605442539404,102.63754624125502,1.4503990086741014,1.075964208199301,21.156008155867685
HTDPA_3h_150726,4,6,50,66,50.861,65.873,43.983367544627406,-41.88605442539404,85.86942197002145,1.0500718711276333,1.0577912404142569,0.4093619469925087
HTDPA_3h_150726,4,7,58,74,58.866,73.879,43.983367544627406,-41.6925585011092,85.6759260457366,1.0549452738300353,1.0656255994910782,0.4293277921826059
HTDPA_3h_150726,4,8,66,82,66.873,81.883,44.334234617633186,-41.6925585011092,86.02679311874238,1.0633608541067037,1.0789828196000792,0.5009267303793744
HTDPA_3h_150726,4,9,74,90,74.879,89.888,44.334234617633186,-41.736157368169096,86.07039198580227,1.0622500348210198,1.0877193958595794,0.4810036905709588
HTDPA_3h_150726,4,10,82,99,82.884,98.894,43.93582024337317,-41.73070656608817,85.66652680946135,1.0528415130904338,1.0835463385974495,0.3736819192081017
HTDPA_3h_150726,4,11,90,107,90.887,106.895,43.93582024337317,-41.76899807322719,85.70481831660035,1.051876326225188,1.0693893005918387,0.39117203529307565
HTDPA_3h_150726,4,12,99,115,99.893,114.9,43.997900500314046,-41.77186691642766,85.7697674167417,1.0532902584493045,1.0586262177362755,0.22286264106003087
HTDPA_3h_150726,4,13,107,123,107.896,122.905,43.997900500314046,-41.805500328159596,85.80340082847364,1.0524428640955095,1.0649643825898027,0.27407458309543525
HTDPA_3h_150726,4,14,115,131,115.9,130.911,44.053956186533895,-41.805500328159596,85.85945651469349,1.0537837327797694,1.0781599733115013,0.26421608786277556
HTDPA_3h_150726,4,15,123,140,123.906,139.917,44.05178190537143,-41.88505033027387,85.9368322356453,1.0517304278737245,1.1120758798712502,0.44414241467789445
HTDPA_3h_150726,4,16,131,148,131.911,147.918,44.04864127702564,-41.88505033027387,85.93369160729951,1.0516554457901166,1.082082137870511,0.4298309485170432
HTDPA_3h_150726,4,17,140,156,140.915,155.923,44.0527105046179,-41.876088970066064,85.92879947468396,1.0519776700280614,1.0496913856303365,0.38830272924075604
HTDPA_3h_150726,4,18,148,164,148.918,163.927,46.973419370325175,-41.876088970066064,88.84950834039124,1.1217241276734986,1.0536990631485594,4.869525278299623
HTDPA_3h_150726,4,19,156,172,156.923,171.933,46.973419370325175,-41.89560465341669,88.86902402374187,1.1212016095462745,1.052251609582973,4.852523303352413
HTDPA_3h_150726,4,20,164,180,164.926,179.935,43.82433548668514,-41.89560465341669,85.71994014010184,1.0460365914091458,1.0778872169659948,0.33754050794173984
HTDPA_3h_150726,4,21,172,188,172.933,187.939,43.82433548668514,-42.08577875925887,85.91011424594402,1.0413098385887367,1.0831487557948154,0.6803941536691807
HTDPA_3h_150726,4,22,180,197,180.936,196.943,43.93077711901023,-42.078772742179815,86.00954986119004,1.0440127944837603,1.082405525885235,0.8721256083765049
HTDPA_3h_150726,4,23,188,205,188.939,204.948,43.93077711901023,-41.88492953687596,85.81570665588619,1.0488444795002718,1.0817687347796265,0.40172711389343435
HTDPA_3h_150726,4,24,197,213,197.943,212.952,46.422827963454566,-41.88730010731004,88.3101280707646,1.108279307678582,1.0515491355119724,4.084349371588162
HTDPA_3h_150726,4,25,205,221,205.948,220.955,46.422827963454566,-41.830829193784844,88.25365715723942,1.1097754660419688,1.0450072602372136,3.69214784772962
HTDPA_3h_150726,4,26,213,229,213.952,228.958,44.21921665405615,-41.830829193784844,86.05004584784099,1.0570963451192157,1.0732107309026395,0.3705856125383621
HTDPA_3h_150726,4,27,221,238,221.956,237.964,44.21316188498567,-41.99119752869155,86.20435941367722,1.0529150033117274,1.1093246829607746,0.4998949066508389
HTDPA_3h_150726,4,28,229,246,229.959,245.969,43.93041473881649,-41.99119752869155,85.92161226750804,1.046181517181069,1.089564275717192,0.5493230171633955
HTDPA_3h_150726,4,29,238,254,238.967,253.974,43.93229458607154,-41.84079464911282,85.77308923518436,1.049987098823016,1.0746887212777034,0.26555872371943434
HTDPA_3h_150726,4,30,246,262,246.97,261.981,44.525239178086046,-41.84079464911282,86.36603382719886,1.064158545541155,1.064075337465231,0.5691697957182001
HTDPA_3h_150726,4,31,254,270,254.975,269.985,44.525239178086046,-41.86778442395943,86.39302360204547,1.0634725431662884,1.0436208109760297,0.5565219021253303
HTDPA_3h_150726,4,32,262,278,262.981,277.988,43.844266397341094,-41.86778442395943,85.71205082130052,1.0472077039799268,1.0624137906779079,0.46757254556200795
HTDPA_3h_150726,4,33,270,287,270.985,286.992,43.83767560756736,-41.85914014642114,85.6968157539885,1.0472665098763474,1.0998927343589036,0.5641386314318252
HTDPA_3h_150726,4,34,278,295,278.988,294.994,44.12561686984689,-41.85914014642114,85.98475701626802,1.0541453244261045,1.1026396100632645,0.35797973050572685
HTDPA_3h_150726,4,35,287,302,287.992,301.998,44.135748416096995,-41.827341284420065,85.96308970051706,1.0551889520297282,1.0617083396985476,0.2434875732251211
HTDPA_3h_150726,4,36,295,311,295.995,311.005,43.917346403079584,-41.824600784204875,85.74194718728447,1.0500362365602074,1.0571806035627986,0.3496596511278963
HTDPA_3h_150726,4,37,302,319,302.999,319.012,43.9150739772813,-41.84848012905516,85.76355410633647,1.0493827695020952,1.0602325023503165,0.3632359768000609
HTDPA_3h_150726,4,38,311,327,312.006,327.016,44.198040061484214,-41.852421013662145,86.05046107514636,1.056045002678731,1.0608478432749942,0.20746970859451674
HTDPA_3h_150726,4,39,319,335,320.013,335.025,44.198040061484214,-44.3317432538012,88.52978331528541,0.9969840303470241,1.069586748378759,4.017889947844384
HTDPA_3h_150726,4,40,327,343,328.017,343.03,44.141569147959004,-44.3317432538012,88.47331240176021,0.9957102046550833,1.0804548778171126,3.9675720883081764
HTDPA_3h_150726,4,41,335,352,336.026,352.035,44.1353709367285,-41.776094685354686,85.91146562208318,1.0564743131004273,1.1169385283025404,0.2579652895385659
HTDPA_3h_150726,4,42,343,360,344.032,360.04,44.18075905599501,-41.776094685354686,85.9568537413497,1.0575607746188713,1.0824228465025647,0.2005337251252417
HTDPA_3h_150726,4,43,352,368,353.036,368.043,44.183507105797574,-42.013944435436386,86.19745154123396,1.051639109336549,1.0378745300093546,0.4435137361446344
HTDPA_3h_150726,4,44,360,376,361.04,376.049,44.31347325236657,-42.013944435436386,86.32741768780295,1.0547325143551782,1.0461032370053325,0.5776252501154406
HTDPA_3h_150726,4,45,368,384,369.044,384.052,44.31347325236657,-43.298242490829146,87.61171574319572,1.0234473896198548,1.0556775154209252,2.0356176628103775
HTDPA_3h_150726,4,46,376,392,377.049,392.055,44.56011827173395,-43.298242490829146,87.8583607625631,1.0291438106563349,1.0771591762686346,2.025698919141174
HTDPA_3h_150726,4,47,384,400,385.053,400.057,44.56011827173395,-41.922594428263295,86.48271269999725,1.0629141368620185,1.0806181357723947,0.4904557370437672
HTDPA_3h_150726,4,48,392,409,393.055,409.062,44.31698381049347,-41.92192251498738,86.23890632548085,1.0571314756533372,1.0820052661561128,0.3569247507396703
HTDPA_3h_150726,4,49,400,417,401.057,417.066,44.31698381049347,-41.82915318538879,86.14613699588226,1.059475997854379,1.0768653234649888,0.3663003137053215
HTDPA_3h_150726,4,50,409,425,410.062,425.071,44.11042710005909,-41.833735784922176,85.94416288498127,1.0544223764007585,1.049330730346222,0.40864779859021044
HTDPA_3h_150726,4,51,417,433,418.067,433.075,44.11042710005909,-41.96702374993384,86.07745084999293,1.05107351340655,1.0497072288262739,0.45128392393705985
HTDPA_3h_150726,4,52,425,441,426.071,441.081,44.571329408977924,-41.96702374993384,86.53835315891176,1.0620560007915307,1.0751627892431181,0.2603648542310362
HTDPA_3h_150726,4,53,433,449,434.076,449.086,44.571329408977924,-43.28661612627984,87.85794553525776,1.0296792264599801,1.0786531739498382,1.6991847440805417
HTDPA_3h_150726,4,54,441,458,442.082,458.089,44.16991784853215,-43.229360055668195,87.39927790420035,1.0217573841401484,1.0892535437826032,1.961944838147248
HTDPA_3h_150726,4,55,449,466,450.086,466.095,44.16991784853215,-42.10084773564875,86.27076558418091,1.0491455688938878,1.099657112620132,0.6850424460340782
HTDPA_3h_150726,4,56,458,474,459.089,474.099,44.3948578042117,-42.1052944426095,86.5001522468212,1.0543770894352238,1.0603414162447566,0.533770161290337
HTDPA_3h_150726,4,57,466,482,467.098,482.104,44.3948578042117,-41.91428988215664,86.30914768636833,1.059181914545833,1.0416156126673697,0.4636245549889512
HTDPA_3h_150726,4,58,474,490,475.099,490.109,44.35997871056378,-41.91428988215664,86.27426859272042,1.0583497617467283,1.0560466549210996,0.3710495918681593
HTDPA_3h_150726,4,59,482,498,483.104,498.11,44.35997871056378,-41.87110624240208,86.23108495296586,1.0594412875970607,1.0641809169923346,0.30269964174274877
HTDPA_3h_150726,4,60,490,506,491.107,506.114,44.28980529596264,-41.87110624240208,86.16091153836472,1.0577653487242042,1.0798636234416974,0.21542045175249935
HTDPA_3h_150726,4,61,498,514,499.11,514.117,44.28980529596264,-42.1273014897921,86.41710678575474,1.0513325973821164,1.1015528605016798,0.3989313857390005
HTDPA_3h_150726,4,62,506,523,507.114,523.121,54.692442129340726,-42.121654398439574,96.8140965277803,1.298440028304464,1.0969896740497869,15.93454865031785
HTDPA_3h_150726,4,63,514,531,515.118,531.125,54.692442129340726,-41.88637905765094,96.57882118699166,1.3057333519821317,1.0714821782642843,15.981896634584578
HTDPA_3h_150726,4,64,523,539,524.121,539.127,44.433058716302256,-41.8918676076687,86.32492632397096,1.0606607261445744,1.0452843327029047,0.46995805635453647
HTDPA_3h_150726,4,65,531,547,532.126,547.133,44.433058716302256,-49.87129073423918,94.30434945054144,0.8909546567198972,1.0623442265759266,12.275848358760971
HTDPA_3h_150726,4,66,539,555,540.128,555.138,46.05784316206749,-49.87129073423918,95.92913389630667,0.9235342114465555,1.0825277701363365,11.12007756635559
HTDPA_3h_150726,4,67,547,564,548.134,564.144,45.96629686562279,-41.89477419880602,87.86107106442881,1.0971844996107607,1.1100330728715722,2.8429868780044427
HTDPA_3h_150726,4,68,555,572,556.139,572.148,44.15143645865117,-41.89477419880602,86.04621065745718,1.0538650059106767,1.0825154349909343,0.2194734692043969
HTDPA_3h_150726,4,69,564,580,565.145,580.15,44.153610739813644,-41.919687837125956,86.0732985769396,1.0532905424145174,1.0430817241085497,0.24031491808656374
HTDPA_3h_150726,4,70,572,588,573.148,588.155,43.8313943508758,-41.919687837125956,85.75108218800176,1.0456040255160666,1.0448688860431334,0.4149522555153298
HTDPA_3h_150726,4,71,580,596,581.152,596.16,43.8313943508758,-41.82916828456353,85.66056263543933,1.047866743433461,1.049132577050286,0.24362882819999404
HTDPA_3h_150726,4,72,588,604,589.156,604.162,44.23250392782678,-41.82916828456353,86.0616722123903,1.0574559749051995,1.0727443210022818,0.2660988883742583
HTDPA_3h_150726,4,73,596,612,597.16,612.164,44.23250392782678,-45.2385996886469,89.47110361647367,0.9777602364409035,1.0776980858696819,2.814170553428477
HTDPA_3h_150726,4,74,604,621,605.162,621.171,44.459459623334034,-45.1052211285868,89.56468075192083,0.9856832204987575,1.0842160455946115,5.059089814827299
HTDPA_3h_150726,4,75,612,629,613.164,629.176,44.459459623334034,-41.900844067051246,86.36030369038528,1.0610635802989647,1.0870893512582316,0.3587041261024922
HTDPA_3h_150726,4,76,621,637,622.172,637.181,44.11250323658575,-41.903493972217994,86.01599720880375,1.052716588879971,1.0540937916836532,0.29128966855577054
HTDPA_3h_150726,4,77,629,645,630.176,645.185,44.11250323658575,-42.51429333836179,86.62679657494755,1.0375922959721844,1.0441879744161662,1.0908524865188896
HTDPA_3h_150726,4,78,637,653,638.182,653.192,44.27693324949732,-42.51429333836179,86.79122658785911,1.041459936711333,1.0665710784955325,0.9579187258696417
HTDPA_3h_150726,4,79,645,661,646.186,661.195,44.27693324949732,-41.932144656285935,86.20907790578326,1.0559186421880256,1.071664050483384,0.4423827780694425
HTDPA_3h_150726,4,80,653,670,654.192,670.197,44.12144949761882,-41.930800829734125,86.05225032735294,1.052244379418846,1.0904378591075703,0.5150864973217139
HTDPA_3h_150726,4,81,661,677,662.196,677.202,44.1324341472417,-41.94127965700324,86.07371380424495,1.0522433866624425,1.0809888088375545,0.44093283420086404
HTDPA_3h_150726,4,82,670,686,671.198,686.206,44.28067029524533,-41.94127965700324,86.22194995224856,1.0557777601774119,1.0636874353720152,0.46766337587285994
HTDPA_3h_150726,4,83,677,694,678.202,694.208,44.27201846811968,-41.88399338804213,86.15601185616181,1.0570152195840843,1.0677452712954087,0.32868671056893567
HTDPA_3h_150726,4,84,686,702,687.206,702.215,44.291050977878626,-41.88646965269938,86.17752063057802,1.057407113684127,1.0651784794019183,0.2153789335222105
HTDPA_3h_150726,4,85,694,711,695.209,711.219,44.28802359334338,-41.79901523260904,86.08703882595242,1.0595470574338453,1.103096388611695,0.20023046809227643
HTDPA_3h_150726,4,86,702,719,703.213,719.222,44.02789501093376,-41.79901523260904,85.8269102435428,1.0533237389905274,1.0989483768410344,0.20083733681995472
HTDPA_3h_150726,4,87,711,726,712.219,726.226,44.02855937462229,-41.773980800891174,85.80254017551346,1.0539708816470519,1.0578882157226774,0.28699197092596757
HTDPA_3h_150726,4,88,719,735,720.222,735.233,44.19637915226287,-41.769790779901,85.96616993216387,1.0580943386848254,1.057708388731911,0.36306993054281167
HTDPA_3h_150726,4,89,726,743,727.227,743.236,44.18975816413966,-41.81677186210251,86.00653002624217,1.056747237923158,1.0600810258167077,0.44378249148366883
HTDPA_3h_150726,4,90,735,751,736.231,751.239,44.0900809620978,-41.82335510228887,85.91343606438667,1.0541976093086056,1.048020366230378,0.38228145978627776
HTDPA_3h_150726,4,91,743,759,744.236,759.244,44.0900809620978,-41.882732606951386,85.97281356904918,1.05270306443138,1.0561104141416149,0.29000386380102483
HTDPA_3h_150726,4,92,751,767,752.24,767.249,43.98918072690206,-41.882732606951386,85.87191333385346,1.0502939514410066,1.0779168250708782,0.32511428529982744
HTDPA_3h_150726,4,93,759,775,760.245,775.252,43.98918072690206,-41.833735784922176,85.82291651182425,1.051524084606299,1.093377981654426,0.3116710129711835
HTDPA_3h_150726,4,94,767,784,768.25,784.257,44.152191417388146,-41.83172004509447,85.98391146248261,1.0554715744366288,1.0882118995987529,0.2577479405964722
HTDPA_3h_150726,4,95,775,792,776.252,792.26,44.152191417388146,-41.813510440358804,85.96570185774695,1.0559312277873714,1.067097457819449,0.3580590802971273
HTDPA_3h_150726,4,96,784,800,785.255,800.26,44.16274574053095,-41.81878760193021,85.98153334246116,1.0560503609265934,1.050774186437172,0.5584693172873036
HTDPA_3h_150726,4,97,792,808,793.258,808.268,44.16274574053095,-42.62225243774819,86.78499817827914,1.0361429350791052,1.0572750643338917,1.371188291245243
HTDPA_3h_150726,4,98,800,816,801.261,816.271,44.11956210077639,-42.62225243774819,86.74181453852458,1.035129763853168,1.0779371563738185,1.2434132751242242
HTDPA_3h_150726,4,99,808,825,809.267,825.277,44.11441328219027,-48.35157389589776,92.46598717808803,0.9123676796368572,1.120152899266196,10.28465973536514
HTDPA_3h_150726,4,100,816,833,817.272,833.289,44.00905124085905,-48.35157389589776,92.36062513675681,0.9101885976992543,1.089985828132343,10.43386804365324
HTDPA_3h_150726,4,101,825,841,826.286,841.293,44.012433456000664,-41.84785351330348,85.86028696930414,1.0517249933024417,1.0445728017968159,0.5302195580789135
HTDPA_3h_150726,4,102,833,849,834.29,849.301,44.03028823012995,-41.84785351330348,85.87814174343342,1.0521516525604515,1.0498266681059776,0.6107547552968196
HTDPA_3h_150726,4,103,841,857,842.294,857.306,44.03028823012995,-44.159008694782955,88.1892969249129,0.9970850689710293,1.0531165132108542,3.642487711170111
HTDPA_3h_150726,4,104,849,865,850.301,865.31,48.15640196321685,-44.159008694782955,92.3154106579998,1.0905227129545179,1.076752303988403,5.369902844934217
HTDPA_3h_150726,4,105,857,873,858.307,873.314,48.15640196321685,-41.848268740608816,90.00467070382567,1.1507382124146688,1.081050352256204,6.518351171802918
HTDPA_3h_150726,4,106,865,882,866.311,882.318,44.283252254125756,-41.847121203328626,86.13037345745438,1.0582150212665848,1.087615266644188,0.6003891794099575
HTDPA_3h_150726,4,107,873,890,874.317,890.323,44.283252254125756,-41.871793254852726,86.15504550897847,1.0575914908777773,1.0968380784975489,0.757417002339999
HTDPA_3h_150726,4,108,882,898,883.319,898.327,43.8405293515931,-41.88107169773006,85.72160104932316,1.04678623479373,1.059967882211091,0.44166678776428836
HTDPA_3h_150726,4,109,890,906,891.323,906.332,43.8405293515931,-41.96038011304853,85.80090946464162,1.044807726562036,1.0446339540135114,0.464935829187543
HTDPA_3h_150726,4,110,898,914,899.328,914.333,44.37451166625041,-41.96038011304853,86.33489177929894,1.057533595899222,1.070566379980715,0.7422911476419032
HTDPA_3h_150726,4,111,906,922,907.332,922.336,44.37451166625041,-41.75442736960371,86.12893903585413,1.0627498558046102,1.0774020206281365,0.5668054149431603
HTDPA_3h_150726,4,112,914,931,915.333,931.341,44.10671270307321,-41.75160382392745,85.85831652700065,1.0564076266166347,1.0890684219480624,0.5449305100758046
HTDPA_3h_150726,4,113,922,938,923.336,938.345,44.115409827723084,-41.73947918661176,85.85488901433484,1.056922862656931,1.0782199216023114,0.36784277879345023
HTDPA_3h_150726,4,114,931,947,932.341,947.351,43.85672321650107,-41.73947918661176,85.59620240311283,1.0507252143809314,1.063470434363504,0.208570749431223
HTDPA_3h_150726,4,115,938,955,939.346,955.356,43.85383172453848,-41.96311306367635,85.81694478821484,1.0450566824723677,1.0683846895927047,0.32998536830489655
HTDPA_3h_150726,4,116,947,963,948.352,963.362,44.33008234457987,-41.967438977239176,86.29752132181905,1.0562970585034284,1.0570692505232215,0.5393036683475249
HTDPA_3h_150726,4,117,955,971,956.357,971.367,44.33008234457987,-41.73034418589444,86.0604265304743,1.0622985074626867,1.064770195753294,0.3294094402709804
HTDPA_3h_150726,4,118,963,980,964.362,980.372,43.91800321718074,-41.72868327667311,85.64668649385385,1.0524655888610674,1.1085136405201486,0.26205614113277986
HTDPA_3h_150726,4,119,971,987,972.366,987.376,43.92108344882757,-41.65975554398796,85.58083899281553,1.054280873118708,1.0978397345843973,0.23953975139006803
HTDPA_3h_150726,4,120,980,996,981.37,996.38,43.785719347289245,-41.65975554398796,85.4454748912772,1.0510315957340775,1.0570563594492708,0.22334823598018425
HTDPA_3h_150726,4,121,987,1004,988.377,1004.386,43.78277500821507,-41.707031060096874,85.48980606831194,1.0497696406422983,1.0602989461575898,0.2353039888122023
HTDPA_3h_150726,4,122,996,1012,997.38,1012.388,44.190565969988214,-41.7079219114065,85.89848788139471,1.0595245206379544,1.0612132201120397,0.2938381890163591
HTDPA_3h_150726,4,123,1004,1020,1005.385,1020.393,44.190565969988214,-41.75069032385573,85.94125629384394,1.0584391689623962,1.0681770438217135,0.47778667852000806
HTDPA_3h_150726,4,124,1012,1028,1013.391,1028.399,43.71928297843608,-41.75069032385573,85.4699733022918,1.0471511402400817,1.0797203175054826,0.33852768425807644
HTDPA_3h_150726,4,125,1020,1037,1021.393,1037.407,43.71558368062494,-41.65548247753671,85.37106615816165,1.0494557038007943,1.1330066706104354,0.24575297372384022
HTDPA_3h_150726,4,126,1028,1045,1029.4,1045.41,44.32359724902931,-41.65548247753671,85.97907972656603,1.0640519473740682,1.0954858668423506,0.7839622850258727
HTDPA_3h_150726,4,127,1037,1053,1038.408,1053.416,44.3433696183505,-41.75235123307704,86.09572085142754,1.062056825753583,1.0392543856672993,0.772239638092847
HTDPA_3h_150726,4,128,1045,1061,1046.41,1061.422,44.085928689044486,-41.75235123307704,85.83827992212153,1.0558909231947335,1.0585855324264841,0.5572497895765257
HTDPA_3h_150726,4,129,1053,1069,1054.416,1069.427,44.085928689044486,-41.602454175852095,85.68838286489658,1.0596953848610668,1.0668656896056896,0.4400419160225869
HTDPA_3h_150726,4,130,1061,1077,1062.423,1077.431,43.836792305845115,-41.602454175852095,85.43924648169721,1.0537068827850529,1.0808673944493086,0.15851675455009837
HTDPA_3h_150726,4,131,1069,1085,1070.426,1085.438,43.836792305845115,-41.70833713871182,85.54512944455693,1.0510318874630407,1.0845822890735553,0.18710610620328416
HTDPA_3h_150726,4,132,1077,1094,1078.432,1094.442,43.926066176491545,-41.70561173767136,85.6316779141629,1.0532411430094075,1.0791233499446646,0.3882122243259885
HTDPA_3h_150726,4,133,1085,1102,1086.439,1102.448,43.926066176491545,-41.68096988449674,85.60703606098829,1.053863820784791,1.0681890521443593,0.38832397061545953
HTDPA_3h_150726,4,134,1094,1110,1095.443,1110.451,44.07015005144185,-41.682593045781225,85.75274309722307,1.0572794740250038,1.0486340549232258,0.3230534572922734
HTDPA_3h_150726,4,135,1102,1118,1103.448,1118.456,44.07015005144185,-41.96619329532317,86.03634334676502,1.0501345628685637,1.0546332222391095,0.42931810832853706
HTDPA_3h_150726,4,136,1110,1126,1111.452,1126.46,44.488699175216794,-41.96619329532317,86.45489247053996,1.060108046067994,1.0760249625511478,0.7476694314901624
HTDPA_3h_150726,4,137,1118,1134,1119.457,1134.462,44.488699175216794,-41.70044781991051,86.1891469951273,1.0668638228382525,1.0804291823102206,0.5396246585505635
HTDPA_3h_150726,4,138,1126,1143,1127.461,1143.466,43.62954858296008,-41.698152745350136,85.32770132831021,1.0463184987930987,1.0827906445369628,0.4040246675455539
HTDPA_3h_150726,4,139,1134,1151,1135.462,1151.47,43.62954858296008,-41.66282067646004,85.29236925942013,1.047205827031564,1.0868684964942172,0.2968449284008533
HTDPA_3h_150726,4,140,1143,1159,1144.468,1159.477,44.051880050007235,-41.66515349895727,85.71703354896451,1.0572835175348556,1.0569215510642103,0.19175823749962587
HTDPA_3h_150726,4,141,1151,1167,1152.472,1167.481,44.051880050007235,-41.76439282493169,85.81627287493893,1.0547712314330595,1.0464503463515997,0.23421970939601025
HTDPA_3h_150726,4,142,1159,1175,1160.477,1175.487,43.87706935446234,-41.76439282493169,85.64146217939404,1.0505855918554015,1.074082010142182,0.27027985183175
HTDPA_3h_150726,4,143,1167,1183,1168.482,1183.487,43.87706935446234,-41.63940940602666,85.51647876048901,1.0537389934284662,1.0806849535570013,0.23432093070681445
HTDPA_3h_150726,4,144,1175,1192,1176.485,1192.496,43.887684074304104,-41.63727287280105,85.52495694710515,1.0540479970524943,1.09105521269523,0.2673500047844211
HTDPA_3h_150726,4,145,1183,1199,1184.488,1199.498,43.890771855538304,-42.11775126176946,86.00852311730776,1.0420967535220291,1.0803162355565128,0.7214877182141259
HTDPA_3h_150726,4,146,1192,1208,1193.495,1208.499,44.38613803079972,-42.11775126176946,86.50388929256918,1.053858211824554,1.0662155883549587,0.9354807539996886
HTDPA_3h_150726,4,147,1199,1216,1200.499,1216.501,44.37973598071023,-41.628334161355355,86.00807014206558,1.066094449244358,1.069297568564663,0.28630615795416614
HTDPA_3h_150726,4,148,1208,1224,1209.499,1224.505,44.07845459754849,-41.63027440530936,85.70872900285785,1.0588076880878523,1.0539431764735436,0.31819149863865503
HTDPA_3h_150726,4,149,1216,1232,1217.502,1232.517,44.07845459754849,-41.688406228055875,85.76686082560437,1.0573312483192063,1.0604371518468367,0.3804225529401489
HTDPA_3h_150726,4,150,1224,1241,1225.506,1241.525,44.06866278273003,-41.68450309138575,85.75316587411578,1.057195348739493,1.1060050408170485,0.5025251226905659
HTDPA_3h_150726,4,151,1232,1249,1233.515,1249.53,44.06866278273003,-41.67426585091246,85.74292863364249,1.0574550476877842,1.1297657177232026,0.4908363783645803
HTDPA_3h_150726,4,152,1241,1257,1242.526,1257.545,43.822674577463815,-41.676779863506574,85.4994544409704,1.0514889758994133,1.0661527977303182,0.3096100237967914
HTDPA_3h_150726,4,153,1249,1265,1250.53,1265.556,43.822674577463815,-40.73504433501296,84.55771891247677,1.0757978858954365,1.03811721559458,1.413858241423689
HTDPA_3h_150726,4,154,1257,1273,1258.546,1273.561,42.24148899875848,-40.73504433501296,82.97653333377144,1.0369815398101994,1.0452834734082304,1.2493861905381514
HTDPA_3h_150726,4,155,1265,1281,1266.556,1281.569,42.24148899875848,-40.26915929843014,82.51064829718862,1.048978665924253,1.053892576639431,0.2805354482869723
HTDPA_3h_150726,4,156,1273,1289,1274.561,1289.571,42.565781524223,-40.26915929843014,82.83494082265314,1.0570317897320094,1.0793583753064755,0.1386038106600351
HTDPA_3h_150726,4,157,1281,1298,1282.567,1298.579,42.56399982160375,-40.34475331676272,82.90875313836648,1.0550070659105744,1.1142788831714254,0.1564967056678444
HTDPA_3h_150726,4,158,1289,1306,1290.572,1306.583,42.902402525862186,-40.34475331676272,83.2471558426249,1.0633948406876688,1.08095844999292,0.31059165757057816
HTDPA_3h_150726,4,159,1298,1314,1299.579,1314.588,42.90917450573279,-41.156500049925214,84.065674555658,1.0425856050364215,1.0468389746325086,1.1328737460300167
HTDPA_3h_150726,4,160,1306,1322,1307.584,1322.592,43.27872680747852,-41.156500049925214,84.43522685740373,1.0515648015496684,1.0534155963251075,1.1399455610360536
HTDPA_3h_150726,4,161,1314,1330,1315.588,1330.597,43.27872680747852,-40.71511342435701,83.99384023183552,1.062964662689307,1.0495492821375845,0.5130509580589606
HTDPA_3h_150726,4,162,1322,1338,1323.593,1338.599,43.222671121258664,-40.71511342435701,83.93778454561567,1.0615878843506195,1.0719688891823176,0.45068622649629003
HTDPA_3h_150726,4,163,1330,1346,1331.597,1346.603,43.222671121258664,-40.75705138219556,83.97972250345423,1.0604955377154734,1.0781915116140048,0.3701918417799529
HTDPA_3h_150726,4,164,1338,1355,1339.599,1355.607,42.966694811902364,-40.75200825783263,83.718703069735,1.054345458021546,1.078349668828651,0.3539786689290282
HTDPA_3h_150726,4,165,1346,1363,1347.603,1363.61,42.966694811902364,-40.782146210612375,83.74884102251474,1.0535662981052607,1.0743437902351507,0.7203725752643546
HTDPA_3h_150726,4,166,1355,1371,1356.607,1371.618,43.4971363700833,-40.78860865740082,84.28574502748413,1.0664040231289191,1.04844089036442,0.6332495184420526
HTDPA_3h_150726,4,167,1363,1379,1364.611,1379.621,43.4971363700833,-40.755390472974234,84.25252684305752,1.0672732089004808,1.0470152763343816,0.4654428876283043
HTDPA_3h_150726,4,168,1371,1387,1372.619,1387.624,42.9992788309899,-40.755390472974234,83.75466930396414,1.0550574618958353,1.0750769285247999,0.22344696293650967
HTDPA_3h_150726,4,169,1379,1396,1380.621,1396.629,42.996349591090464,-41.54761397319874,84.54396356428921,1.0348692856062989,1.110277966982194,1.462782375620693
HTDPA_3h_150726,4,170,1387,1404,1388.626,1404.635,46.54082046445526,-41.54761397319874,88.088434437654,1.1201803428345487,1.10046746089683,7.299670105708091
HTDPA_3h_150726,4,171,1396,1411,1397.63,1411.639,46.95970177007446,-40.8219778335748,87.78167960364925,1.150353418972551,1.0591468687799857,6.274090745370323
HTDPA_3h_150726,4,172,1404,1420,1405.635,1420.643,54.55671564760865,-40.81684411416342,95.37355976177207,1.3366225839267543,1.0702027153544902,9.38848752666636
HTDPA_3h_150726,4,173,1411,1428,1412.64,1428.647,53.91885101074457,-40.8609941011013,94.77984511184587,1.3195677735430165,1.0759543303850505,17.355323931832796
HTDPA_3h_150726,4,174,1420,1436,1421.643,1436.652,43.58018183114976,-40.862103890444644,84.4422857215944,1.0665183062524766,1.0478763399582285,0.7727798430400611
HTDPA_3h_150726,4,175,1428,1444,1429.649,1444.657,43.58018183114976,-41.09006368107206,84.67024551222181,1.0606014672891528,1.054752497496449,0.6761795471598213
HTDPA_3h_150726,4,176,1436,1452,1437.655,1452.661,46.965114824218524,-41.09006368107206,88.05517850529058,1.1429798500373893,1.0826186789866368,5.981016669417392
HTDPA_3h_150726,4,177,1444,1460,1445.657,1460.666,46.965114824218524,-40.830961842544724,87.79607666676324,1.1502328797770858,1.0930218718191773,6.178171972323255
HTDPA_3h_150726,4,178,1452,1469,1453.661,1469.666,43.51334533416599,-40.83064475987519,84.34399009404117,1.0657031156394356,1.079664799494132,0.924966165413513
HTDPA_3h_150726,4,179,1460,1477,1461.665,1477.674,43.51334533416599,-40.915502121910365,84.42884745607635,1.0634928835656272,1.062177299058425,0.6938891054828219
HTDPA_3h_150726,4,180,1469,1485,1470.667,1485.68,43.505440916189954,-40.920235713191154,84.42567662938112,1.0631766938274363,1.0484797838623734,0.3208396450984671
HTDPA_3h_150726,4,181,1477,1493,1478.675,1493.687,43.505440916189954,-40.85670593547532,84.36214685166527,1.064829871132973,1.0569227514659127,0.3210812566754149
HTDPA_3h_150726,4,182,1485,1501,1486.68,1501.693,43.460181139908734,-40.85670593547532,84.31688707538405,1.063722102524493,1.077683277201051,0.3949959125784259
HTDPA_3h_150726,4,183,1493,1510,1494.689,1510.697,43.44977780851332,-40.90475150949594,84.35452931800926,1.0622183537388452,1.112254070174154,0.47630469375649476
HTDPA_3h_150726,4,184,1501,1518,1502.694,1518.699,43.31536495498357,-40.90475150949594,84.2201164644795,1.058932357648671,1.082832531354647,0.2843038648240298
HTDPA_3h_150726,4,185,1510,1526,1511.697,1526.702,43.31609726495844,-40.9659107167777,84.28200798173614,1.0573693226162848,1.0444272735457467,0.28413493087921626
HTDPA_3h_150726,4,186,1518,1534,1519.702,1534.707,43.39499045297156,-40.9659107167777,84.36090116974927,1.0592951479337924,1.0460626247033027,0.2510308710033058
HTDPA_3h_150726,4,187,1526,1542,1527.703,1542.711,43.39499045297156,-40.99871367389896,84.39370412687052,1.0584476088233505,1.0500300231820314,0.18236431534044656
HTDPA_3h_150726,4,188,1534,1550,1535.707,1550.718,44.16191528592029,-40.99871367389896,85.16062895981925,1.0771536794344627,1.0732516595297215,0.6195150516348656
HTDPA_3h_150726,4,189,1542,1558,1543.712,1558.723,44.16191528592029,-40.88452616493258,85.04644145085287,1.0801620913439565,1.0774117556819467,0.6807890381263404
HTDPA_3h_150726,4,190,1550,1567,1551.719,1567.729,43.76619611435125,-40.883854251656665,84.65005036600792,1.070500737160264,1.0862951919972785,0.46226542781565616
HTDPA_3h_150726,4,191,1558,1575,1559.723,1575.736,43.76619611435125,-41.015126476840635,84.7813225911919,1.0670745130839476,1.0967402579689853,0.46471820656374024
HTDPA_3h_150726,4,192,1567,1583,1568.729,1583.741,43.95886913361281,-41.01698367533357,84.97585280894637,1.071723593367213,1.0613405920299723,0.3872238320245914
HTDPA_3h_150726,4,193,1575,1591,1576.738,1591.744,43.95886913361281,-40.96508026216705,84.92394939577986,1.0730814843346137,1.0443807379577743,0.29865991277308224
HTDPA_3h_150726,4,194,1583,1599,1584.741,1599.749,43.90198299278227,-40.96508026216705,84.86706325494933,1.0716928347709738,1.0671791590057702,0.5367875647668314
HTDPA_3h_150726,4,195,1591,1607,1592.745,1607.753,43.90198299278227,-40.96258889833505,84.86457189111732,1.0717580156308602,1.0744281882205304,0.5371660281532938
HTDPA_3h_150726,4,196,1599,1616,1600.75,1616.758,43.608590928421854,-40.95962191049876,84.56821283892062,1.0646726921384035,1.0904552332944981,0.40235892766278847
HTDPA_3h_150726,4,197,1607,1623,1608.754,1623.759,43.617137061324335,-41.95290602155254,85.57004308287688,1.039669028861,1.0804019770401956,2.035985054347833
HTDPA_3h_150726,4,198,1616,1632,1617.759,1632.764,43.63623751736963,-41.95290602155254,85.58914353892217,1.040124312126371,1.0674593094362654,2.025460931663173
HTDPA_3h_150726,4,199,1623,1640,1624.76,1640.767,43.62906540936843,-41.09913828509042,84.72820369445884,1.0615566950997557,1.071328863332408,0.41602502456588214
HTDPA_3h_150726,4,200,1632,1648,1633.764,1648.775,43.82599639590647,-41.10169004562136,84.92768644152784,1.0662821004990606,1.0707751084080286,0.39614189397310007
HTDPA_3h_150726,4,201,1640,1656,1641.768,1656.782,43.82599639590647,-41.259891648952966,85.08588804485944,1.0621936860325862,1.0776622768874777,0.4413490537493776
HTDPA_3h_150726,4,202,1648,1665,1649.776,1665.788,57.49660046523491,-41.25414641296464,98.75074687819955,1.3937168858053472,1.1363342893540245,20.300116407258425
HTDPA_3h_150726,4,203,1656,1672,1657.783,1672.792,58.28130457643924,-42.15221512811203,100.43351970455127,1.3826391898813983,1.124693196791143,13.281589244075468
HTDPA_3h_150726,4,204,1665,1681,1666.789,1681.798,62.69683174134273,-42.15221512811203,104.84904686945475,1.487391150163521,1.097745914106672,16.084839016276568
HTDPA_3h_150726,4,205,1672,1689,1673.793,1689.803,61.66871383416526,-41.13809415591795,102.8068079900832,1.4990658925625961,1.1038938766907784,25.635975837045432
HTDPA_3h_150726,4,206,1681,1697,1682.798,1697.807,43.8313943508758,-41.14113663962793,84.97253099050373,1.0653909427640014,1.0587786017483949,0.4998968926070617
HTDPA_3h_150726,4,207,1689,1705,1690.804,1705.811,43.8313943508758,-41.19843800776379,85.0298323586396,1.063909130307703,1.067519821636315,0.38335801034286127
HTDPA_3h_150726,4,208,1697,1713,1698.807,1713.818,43.33519772100371,-41.19843800776379,84.5336357287675,1.0518650661667621,1.0801214607093352,0.23303992455202452
HTDPA_3h_150726,4,209,1705,1722,1706.812,1722.826,43.330403733023964,-41.22672631163797,84.55713004466193,1.051027030511325,1.1259181843093424,0.29164255883270435
HTDPA_3h_150726,4,210,1713,1730,1714.818,1730.829,43.661860816902305,-41.22672631163797,84.88858712854028,1.0590668899309843,1.0912784979079353,0.5067993983708521
HTDPA_3h_150726,4,211,1722,1738,1723.824,1738.833,43.66405774682688,-41.392764386659294,85.05682213348618,1.0548717485730335,1.0419276747464694,0.5138769014469592
HTDPA_3h_150726,4,212,1730,1746,1731.827,1746.837,43.8957545832023,-41.392764386659294,85.2885189698616,1.0604692688113797,1.0489526230789237,0.5781650616839157
HTDPA_3h_150726,4,213,1738,1754,1739.831,1754.84,43.8957545832023,-41.052277996286826,84.94803257948912,1.0692647698423134,1.0554788073263124,0.34857934715664884
HTDPA_3h_150726,4,214,1746,1762,1747.837,1762.844,43.82682685051713,-41.052277996286826,84.87910484680395,1.0675857465079346,1.0791839444795253,0.42936912961803125
HTDPA_3h_150726,4,215,1754,1771,1755.841,1771.852,43.818469457298896,-41.190427895564554,85.00889735286344,1.0638022398892664,1.11422364491379,0.4924412561482962
HTDPA_3h_150726,4,216,1762,1779,1763.844,1779.852,43.63422932712928,-41.190427895564554,84.82465722269384,1.0593293528720027,1.0845927342146042,0.4935108442150709
HTDPA_3h_150726,4,217,1771,1787,1772.851,1787.855,43.63914410850694,-41.25241755745697,84.8915616659639,1.057856646770476,1.050000654026751,0.529380863406456
HTDPA_3h_150726,4,218,1779,1795,1780.853,1795.858,43.79194775686922,-41.25241755745697,85.0443653143262,1.0615607605511883,1.0478622692575013,0.4900642534201627
HTDPA_3h_150726,4,219,1787,1803,1788.855,1803.863,43.79194775686922,-41.24951096631965,85.04145872318887,1.0616355619979465,1.0462622952484435,0.48030833907043724
HTDPA_3h_150726,4,220,1795,1811,1796.86,1811.865,43.97091072546744,-41.24951096631965,85.2204216917871,1.065974109641441,1.0717466147430492,0.5338394449371082
HTDPA_3h_150726,4,221,1803,1820,1804.865,1820.871,43.969189419547156,-41.00491943471683,84.97410885426399,1.072290594048104,1.1066668965242197,0.3477479027075345
HTDPA_3h_150726,4,222,1811,1828,1812.867,1828.878,43.67243023921986,-41.00491943471683,84.67734967393669,1.065053433619103,1.0881169351996798,0.3489666156569289
HTDPA_3h_150726,4,223,1820,1836,1821.871,1836.882,43.678590702513524,-40.98791776396032,84.66650846647384,1.065645514223195,1.0671035740371932,0.3402860169491378
HTDPA_3h_150726,4,224,1828,1844,1829.88,1844.886,43.89035662823298,-40.98791776396032,84.8782743921933,1.0708120593240944,1.0589757386571088,0.48377028970618513
HTDPA_3h_150726,4,225,1836,1852,1837.882,1852.891,43.89035662823298,-41.30556665253952,85.19592328077249,1.0625772791700594,1.044221355957202,0.7442662260757692
HTDPA_3h_150726,4,226,1844,1860,1845.886,1860.891,44.193887788430864,-41.30556665253952,85.49945444097038,1.069925711470993,1.0694664105484684,0.7020227283764691
HTDPA_3h_150726,4,227,1852,1868,1853.889,1868.895,44.193887788430864,-41.198853235069116,85.39274102349998,1.072697036887724,1.0766467298762639,0.5237506382109681
HTDPA_3h_150726,4,228,1860,1877,1861.892,1877.9,43.61671428443163,-41.19628637536342,84.81300065979505,1.0587535460602997,1.092719922425378,0.3896368101331141
HTDPA_3h_150726,4,229,1868,1884,1869.896,1884.903,43.622535016293654,-41.048125723233504,84.67066073952716,1.0627168536370717,1.0816871143569864,0.33954225801073423
HTDPA_3h_150726,4,230,1877,1893,1878.901,1893.908,43.63125478970563,-41.048125723233504,84.67938051293913,1.0629292816897133,1.0676502089544526,0.3035209748204165
HTDPA_3h_150726,4,231,1884,1901,1885.903,1901.912,43.62677033480804,-41.086485176658826,84.71325551146687,1.0618277554584383,1.0701429167723997,0.4916758210027728
HTDPA_3h_150726,4,232,1893,1909,1894.909,1909.916,43.37298340578895,-41.092139817598714,84.46512322338766,1.055505592999404,1.0614853607699675,0.4223630535987422
HTDPA_3h_150726,4,233,1901,1917,1902.913,1917.918,43.37298340578895,-41.08923322646139,84.46221663225035,1.0555802578923967,1.0693752407040147,0.26676479263760244
HTDPA_3h_150726,4,234,1909,1925,1910.917,1925.925,43.79485434800656,-41.08923322646139,84.88408757446794,1.0658474473503379,1.0807236091872292,0.3220079441172469
HTDPA_3h_150726,4,235,1917,1934,1918.919,1934.929,43.78839190121812,-41.09198127626396,84.88037317748208,1.0656189003598056,1.1329883289619374,0.31843522148089276
HTDPA_3h_150726,4,236,1925,1942,1926.925,1942.934,43.63555805450635,-41.09198127626396,84.7275393307703,1.0618995896338452,1.0956288538363916,0.28408079121759733
HTDPA_3h_150726,4,237,1934,1950,1935.929,1950.94,43.64246592694961,-41.23829982907568,84.88076575602528,1.0582993505512766,1.0383277012951138,0.4496683299090336
HTDPA_3h_150726,4,238,1942,1958,1943.935,1958.949,51.50437972611105,-41.23829982907568,92.74267955518673,1.2489452751346726,1.0573050225475635,12.382325993714005
HTDPA_3h_150726,4,239,1950,1966,1951.94,1966.951,51.50437972611105,-41.155254368009224,92.65963409412026,1.2514654694042275,1.0650058334743484,12.326985131344266
HTDPA_3h_150726,4,240,1958,1974,1959.947,1974.955,43.502534325052615,-41.155254368009224,84.65778869306183,1.0570347576048025,1.0766464817583759,0.21306425744175186
HTDPA_3h_150726,4,241,1966,1982,1967.952,1982.956,43.502534325052615,-41.15317823148258,84.65571255653519,1.057088083947129,1.0832297452526554,0.34105661228774453
HTDPA_3h_150726,4,242,1974,1991,1975.955,1991.96,43.514432474747224,-41.15189480162973,84.66632727637696,1.057410179640718,1.0832015718750696,0.4071807207257435
HTDPA_3h_150726,4,243,1982,1999,1983.956,1999.965,43.514432474747224,-41.490569291033474,85.00500176578069,1.0487788723629572,1.0776584058238712,0.7381163662226299
HTDPA_3h_150726,4,244,1991,2007,1992.961,2007.965,59.09598054950118,-41.50612144101502,100.60210199051619,1.423789515806322,1.080278861579393,22.410157254769246
HTDPA_3h_150726,4,245,1999,2015,2000.965,2015.969,59.09598054950118,-41.30390574331819,100.39988629281936,1.430760105757341,1.079674525096284,22.604292479166237
HTDPA_3h_150726,4,246,2007,2023,2008.965,2023.972,43.74212048022935,-41.30390574331819,85.04602622354754,1.0590310938646668,1.0776228643361907,0.375684461326641
HTDPA_3h_150726,4,247,2015,2031,2016.97,2031.975,43.74212048022935,-40.94141230576311,84.68353278599247,1.0684077079107503,1.0808796747314864,0.35802814484297135
HTDPA_3h_150726,4,248,2023,2040,2024.972,2040.979,43.82532448263057,-40.939751396541766,84.76507587917234,1.0704834051906957,1.0868093671784125,0.4067063682068447
HTDPA_3h_150726,4,249,2031,2048,2032.975,2048.982,43.82532448263057,-45.69837710904766,89.52370159167823,0.9590127101899587,1.100928730104128,7.620389850239008
HTDPA_3h_150726,4,250,2040,2056,2041.977,2056.985,43.67028615640686,-45.95652769956642,89.62681385597328,0.9502520826180448,1.0650227981019542,7.713503822098683
HTDPA_3h_150726,4,251,2048,2064,2049.98,2064.989,43.67028615640686,-41.020305493776235,84.6905916501831,1.0646016803320173,1.0449830255179666,0.3714459556191792
HTDPA_3h_150726,4,252,2056,2072,2057.987,2072.993,43.76454275471729,-41.020305493776235,84.78484824849352,1.0668994837534163,1.069906037169997,0.7188310829672481
HTDPA_3h_150726,4,253,2064,2081,2065.99,2081.997,43.74629540204479,-53.53853299740968,97.28482839945447,0.8170992545530027,1.1137928299203599,12.36932807040634
HTDPA_3h_150726,4,254,2072,2089,2073.994,2090.0,43.59874626649181,-53.53853299740968,97.13727926390149,0.8143433117340219,1.105252389117619,11.827459219894527
HTDPA_3h_150726,4,255,2081,2096,2082.997,2097.005,43.60489163061072,-40.94269573561595,84.54758736622668,1.0650224868480982,1.055153232193314,0.15844099920636825
HTDPA_3h_150726,4,256,2089,2105,2091.0,2106.01,43.53118500912055,-40.94141230576311,84.47259731488366,1.063255578093306,1.0624462023335974,0.30499274959817607
HTDPA_3h_150726,4,257,2096,2113,2098.006,2114.015,43.52340138454242,-40.99428961570033,84.51769100024275,1.0616942455291007,1.0665777692900558,0.3828402873852716
HTDPA_3h_150726,4,258,2105,2121,2107.01,2122.019,43.741705252924014,-40.99829844659362,84.74000369951764,1.0669151381954078,1.0648747254400095,0.4653080394549223
HTDPA_3h_150726,4,259,2113,2129,2115.015,2130.022,43.741705252924014,-41.08009822574409,84.8218034786681,1.0647906685264923,1.0712326589673278,0.5370739874093069
HTDPA_3h_150726,4,260,2121,2137,2123.02,2138.025,53.04404257428315,-41.08009822574409,94.12414080002723,1.2912345604140132,1.0934141427262472,14.363523453663957
HTDPA_3h_150726,4,261,2129,2145,2131.022,2146.027,53.04404257428315,-41.25615460320498,94.30019717748813,1.2857243503291125,1.1147218327643198,14.30014882983641
HTDPA_3h_150726,4,262,2137,2154,2139.025,2155.035,52.11688529900039,-41.251368164812604,93.36825346381299,1.2633977397010572,1.1013458257613657,13.319089705039055
HTDPA_3h_150726,4,263,2145,2162,2147.027,2163.036,52.11688529900039,-40.90900947677245,93.02589477577283,1.2739708432342174,1.075743363705336,13.66953680835815
HTDPA_3h_150726,4,264,2154,2170,2156.035,2171.04,43.79236298417456,-40.914007303611164,84.70637028778572,1.0703513508027689,1.0607522020858942,0.33431176470588186
HTDPA_3h_150726,4,265,2162,2178,2164.036,2179.045,43.79236298417456,-41.104181409453346,84.8965443936279,1.065399224179732,1.068232269870234,0.4053514169169073
HTDPA_3h_150726,4,266,2170,2186,2172.04,2187.048,43.67776024790285,-41.104181409453346,84.7819416573562,1.0626111200905128,1.080311646439019,0.3274787199655223
HTDPA_3h_150726,4,267,2178,2194,2180.046,2195.052,43.67776024790285,-41.088402771850724,84.76616301975358,1.0630191806293836,1.0840371921544698,0.3064783682106758
HTDPA_3h_150726,4,268,2186,2203,2188.05,2204.058,43.826411623211804,-41.085971804717694,84.9123834279295,1.0667001338442101,1.0808574544335012,0.594501181084727
HTDPA_3h_150726,4,269,2194,2211,2196.052,2212.061,43.826411623211804,-41.12616580787386,84.95257743108567,1.0656576114572043,1.074726429049942,0.38620340948395954
HTDPA_3h_150726,4,270,2203,2219,2205.059,2220.068,43.70018252239078,-41.12867982046796,84.82886234285874,1.0625233465588433,1.0533031366240289,0.36285763234538043
HTDPA_3h_150726,4,271,2211,2227,2213.062,2228.072,43.70018252239078,-41.041482086348175,84.74166460873896,1.0647808095830678,1.0545953471053244,0.41589950265819514
HTDPA_3h_150726,4,272,2219,2235,2221.069,2236.075,43.72343525148939,-41.041482086348175,84.76491733783757,1.06534737608887,1.0762031681706672,0.42159551486471314
HTDPA_3h_150726,4,273,2227,2243,2229.072,2244.081,43.72343525148939,-41.04355822287484,84.76699347436423,1.0652934868381116,1.0802968725123772,0.35077630715272506
HTDPA_3h_150726,4,274,2235,2252,2237.076,2253.085,43.4056882182744,-41.04221439632304,84.44790261459744,1.057586410887301,1.087399346636547,0.2314739198860203
HTDPA_3h_150726,4,275,2243,2260,2245.081,2261.089,43.4056882182744,-41.07274492764602,84.47843314592042,1.0568002770386569,1.1014704020965387,0.1975243972014779
HTDPA_3h_150726,4,276,2252,2268,2254.086,2269.093,43.623365470904325,-41.07553072538543,84.69889619628975,1.0620280420124746,1.0656867072850844,0.5247704209195011
HTDPA_3h_150726,4,277,2260,2276,2262.089,2277.097,43.623365470904325,-41.051862768981486,84.67522823988581,1.062640341472296,1.0456296576155335,0.5198278778962949
HTDPA_3h_150726,4,278,2268,2284,2270.094,2285.101,43.59886705988971,-41.051862768981486,84.65072982887119,1.0620435741306415,1.068922596072146,0.402165049591385
HTDPA_3h_150726,4,279,2276,2292,2278.098,2293.109,43.59886705988971,-41.16688073255853,84.76574779244825,1.0590762837517524,1.0758649253165997,0.4513678646830749
HTDPA_3h_150726,4,280,2284,2301,2286.102,2302.113,43.51419088795141,-41.163792951324346,84.67798383927575,1.057098672598183,1.0958592028663894,0.6773074042638456
HTDPA_3h_150726,4,281,2292,2308,2294.11,2309.117,43.518728189960584,-41.13864527579593,84.6573734657565,1.0578551602321475,1.0852715304515026,0.39268007965391927
HTDPA_3h_150726,4,282,2301,2317,2303.113,2318.123,43.6939541128108,-41.13864527579593,84.83259938860672,1.0621145596770123,1.0646792018024671,0.31349518364788387
HTDPA_3h_150726,4,283,2308,2325,2310.119,2326.125,43.68740862056129,-41.74610772432233,85.43351634488363,1.0465025604077554,1.0687888033564459,1.1177621904513646
HTDPA_3h_150726,4,284,2317,2333,2319.124,2334.132,43.7234352514894,-41.77560396217566,85.49903921366506,1.0466260473715074,1.056499992938382,1.1408824772108006
HTDPA_3h_150726,4,285,2325,2341,2327.126,2342.135,43.7234352514894,-41.033177540241546,84.75661279173094,1.0655629876240877,1.063887446051943,0.5520137565463626
HTDPA_3h_150726,4,286,2333,2349,2335.134,2350.14,43.301149081966464,-41.033177540241546,84.33432662220801,1.0552716527863508,1.0814277150791054,0.24235032298724496
HTDPA_3h_150726,4,287,2341,2358,2343.136,2359.145,43.29806130073227,-40.97611020931414,84.27417151004641,1.0566659714540287,1.1317629960166893,0.18992789591670253
HTDPA_3h_150726,4,288,2349,2366,2351.141,2367.152,43.9620324107207,-40.97611020931414,84.93814262003485,1.072869830400052,1.09557484079925,0.4045598940510563
HTDPA_3h_150726,4,289,2358,2374,2360.146,2375.156,43.96302140666614,-41.473733711199095,85.43675511786523,1.0600208245729963,1.0429008801790374,0.9864352956614666
HTDPA_3h_150726,4,290,2366,2382,2368.152,2383.161,44.116655509639074,-41.473733711199095,85.59038922083818,1.0637251957309624,1.05811167640742,0.9422284103643958
HTDPA_3h_150726,4,291,2374,2390,2376.156,2391.166,44.116655509639074,-40.98044367246433,85.0970991821034,1.0765294749427525,1.0645744862569524,0.5205062432602579
HTDPA_3h_150726,4,292,2382,2398,2384.161,2399.168,43.58973205917241,-40.98044367246433,84.57017573163674,1.0636715504488625,1.080381074490344,0.343585372559799
HTDPA_3h_150726,4,293,2390,2407,2392.166,2408.175,43.578754959136894,-40.96089024117686,84.53964520031376,1.0639113237663074,1.1115768120496372,0.3629868414801234
HTDPA_3h_150726,4,294,2398,2415,2400.169,2416.182,43.78488889267857,-40.96089024117686,84.74577913385544,1.0689437811257048,1.0795353724736405,0.27604216220260874
HTDPA_3h_150726,4,295,2407,2423,2409.176,2424.188,43.78987162034256,-41.01200094766959,84.80187256801216,1.0677331173433227,1.0430266425408887,0.4355677422513665
HTDPA_3h_150726,4,296,2415,2431,2417.183,2432.193,43.69270843089481,-41.01200094766959,84.7047093785644,1.0653639769160677,1.0487946740871035,0.2805366771897447
HTDPA_3h_150726,4,297,2423,2439,2425.188,2440.196,43.69270843089481,-41.27234846811294,84.96505689900775,1.05864362103484,1.0524186837691687,0.8031658708942702
HTDPA_3h_150726,4,298,2431,2447,2433.193,2448.198,43.599282287195045,-41.27234846811294,84.87163075530799,1.0563799712264956,1.075813959660044,0.7028637266509531
HTDPA_3h_150726,4,299,2439,2455,2441.196,2456.204,43.599282287195045,-42.58031447990963,86.17959676710467,1.0239304904092756,1.0812380775968435,2.455903598203802
HTDPA_3h_150726,4,300,2447,2464,2449.198,2465.21,43.75275784883323,-42.49907337022452,86.25183121905775,1.029499101490694,1.0862834086001762,2.528050089332711
HTDPA_3h_150726,4,301,2455,2472,2457.205,2473.219,43.75275784883323,-41.286881423799564,85.0396392726328,1.0597254222163708,1.0962062692030292,0.5791332213082364
HTDPA_3h_150726,4,302,2464,2480,2466.211,2481.22,43.88620435517965,-41.29435551529554,85.1805598704752,1.0627652086475616,1.061998161601866,0.6222609704497357
HTDPA_3h_150726,4,303,2472,2488,2474.219,2489.225,43.88620435517965,-41.18515073399315,85.0713550891728,1.0655831913456402,1.044331015800487,0.614737820860106
HTDPA_3h_150726,4,304,2480,2496,2482.221,2497.232,43.534506827563206,-41.18515073399315,84.71965756155635,1.0570437658160847,1.0724799112640282,0.5856804814930965
HTDPA_3h_150726,4,305,2488,2505,2490.226,2506.233,43.52473011191948,-49.89117634737091,93.4159064592904,0.8723933428403334,1.1207786967555913,13.809688838631553
HTDPA_3h_150726,4,306,2496,2513,2498.23,2514.236,43.523280591144506,-49.89117634737091,93.41445693851541,0.8723642891903476,1.1086435439925915,13.385832467770536
HTDPA_3h_150726,4,307,2505,2520,2507.234,2521.242,43.549689047763636,-41.155850785411424,84.70553983317507,1.058165199277104,1.0547020019899216,0.4215276620359083
HTDPA_3h_150726,4,308,2513,2529,2515.237,2530.247,43.98751981768072,-41.15359345878789,85.14111327646862,1.0688621848230773,1.062935311124838,0.47974615575940044
HTDPA_3h_150726,4,309,2520,2537,2522.243,2538.249,43.97779594914858,-41.14226152814601,85.12005747729458,1.0689202371401665,1.0661515418402354,0.5351921223231109
HTDPA_3h_150726,4,310,2529,2545,2531.247,2546.252,44.03527095779395,-41.143628003459916,85.17889896125386,1.070281671662277,1.0695617347597999,0.41051233803586723
HTDPA_3h_150726,4,311,2537,2553,2539.25,2554.257,44.03527095779395,-41.09878345448403,85.13405441227798,1.0714494993887596,1.0783962173118982,0.33263229771252933
HTDPA_3h_150726,4,312,2545,2561,2547.252,2562.263,43.75457729938932,-41.09878345448403,84.85336075387335,1.0646197678295397,1.0819861756230713,0.232161836812562
HTDPA_3h_150726,4,313,2553,2570,2555.26,2571.27,43.75257665873635,-41.76470990760122,85.51728656633757,1.0475968049468802,1.116347108740098,1.0459364522099226
HTDPA_3h_150726,4,314,2561,2578,2563.264,2579.274,43.72340505313992,-41.76470990760122,85.48811496074114,1.046898329950622,1.0808727833505176,1.0513734741089988
HTDPA_3h_150726,4,315,2570,2586,2572.272,2587.28,43.73921388909203,-41.18930300704647,84.92851689613849,1.0619071141264356,1.0395779386185353,0.7085542816632785
HTDPA_3h_150726,4,316,2578,2594,2580.274,2595.285,43.40246454446754,-41.18930300704647,84.59176755151401,1.0537314636531347,1.0524652445765024,0.23433527713966226
HTDPA_3h_150726,4,317,2586,2602,2588.282,2603.289,43.40246454446754,-41.20591209925977,84.60837664372731,1.05330673035259,1.0606504687571239,0.19790895349523288
HTDPA_3h_150726,4,318,2594,2610,2596.285,2611.293,43.68980183975748,-41.20591209925977,84.89571393901724,1.0602799359110007,1.0787146754484012,0.3335661462612915
HTDPA_3h_150726,4,319,2602,2619,2604.29,2620.299,43.68167093416034,-41.176264869659036,84.85793580381937,1.0608458798395632,1.1111653164218813,0.464298639973615
HTDPA_3h_150726,4,320,2610,2627,2612.294,2628.302,43.23328584110043,-41.176264869659036,84.40955071075948,1.0499564731758155,1.0809625517748744,0.4121853224722331
HTDPA_3h_150726,4,321,2619,2635,2621.299,2636.308,43.234712713113296,-41.34376756463008,84.57848027774338,1.0457371270174451,1.046139082806801,0.6084940007462096
HTDPA_3h_150726,4,322,2627,2643,2629.303,2644.313,43.72177434226808,-41.34376756463008,85.06554190689815,1.0575179021583025,1.0525544357999157,0.752643936250701
HTDPA_3h_150726,4,323,2635,2651,2637.309,2652.318,43.72177434226808,-40.89947434792453,84.6212486901926,1.0690057767083934,1.0546585547419798,0.25280477931253575
HTDPA_3h_150726,4,324,2643,2659,2645.313,2660.324,43.323571356454416,-40.89947434792453,84.22304570437895,1.059269637255201,1.0777104717687316,0.4224806247411705
HTDPA_3h_150726,4,325,2651,2667,2653.319,2668.329,43.323571356454416,-53.12127485307496,96.44484620952937,0.8155597070341508,1.1017076025622852,18.862026951392785
HTDPA_3h_150726,4,326,2659,2676,2661.325,2677.336,43.573168264483336,-52.449369126760985,96.02253739124433,0.8307662988123762,1.1181770468261758,18.036485913260485
HTDPA_3h_150726,4,327,2667,2683,2669.329,2684.338,43.581427513065755,-41.08715708993474,84.6685846030005,1.0607068144839362,1.084507991339595,0.3886290943509143
HTDPA_3h_150726,4,328,2676,2692,2678.336,2693.343,43.30696226424112,-41.08715708993474,84.39411935417587,1.054026740507928,1.0658747729909015,0.2946992836337919
HTDPA_3h_150726,4,329,2683,2700,2685.338,2701.346,43.297819713936434,-41.4512208416627,84.74904055559914,1.044548720997325,1.0710375143735555,0.7138783137050715
HTDPA_3h_150726,4,330,2692,2708,2694.345,2709.349,43.46516386757272,-41.466259619703116,84.93142348727584,1.0482055595610027,1.0673213175123126,0.5798711267123731
HTDPA_3h_150726,4,331,2700,2716,2702.346,2717.355,43.46516386757272,-41.22542778261038,84.69059165018311,1.0543289956085573,1.073614917968378,0.29148694364637073
HTDPA_3h_150726,4,332,2708,2725,2710.349,2726.362,43.49027379516427,-41.21914652591881,84.70942032108309,1.055098842665686,1.102326657520108,0.4413813477660878
HTDPA_3h_150726,4,333,2716,2732,2718.355,2733.366,43.49215364241932,-41.171033005611854,84.66318664803117,1.0563775175738506,1.0929365543460638,0.46245811590222546
HTDPA_3h_150726,4,334,2725,2741,2727.362,2742.372,43.75291639016799,-41.171033005611854,84.92394939577984,1.0627111635553135,1.0559898557364142,0.7191034792982759
HTDPA_3h_150726,4,335,2732,2749,2734.367,2750.377,43.73485022759235,-41.29742064776763,85.03227087535998,1.059021351493449,1.0603498536113378,0.6695886699017358
HTDPA_3h_150726,4,336,2741,2757,2743.373,2758.379,43.56689455737913,-41.29975347026486,84.86664802764399,1.0548947849954255,1.0698485463153276,0.2923330365093361
HTDPA_3h_150726,4,337,2749,2765,2751.377,2766.384,43.56689455737913,-41.29352506068488,84.86041961806401,1.055053897514279,1.077552436086991,0.308677013862039
HTDPA_3h_150726,4,338,2757,2773,2759.38,2774.387,43.32979976603439,-41.29352506068488,84.62332482671927,1.0493122033625613,1.0810660663183036,0.29099116781158546
HTDPA_3h_150726,4,339,2765,2781,2767.384,2782.391,43.32979976603439,-41.25075664823566,84.58055641427005,1.050400120791182,1.0876113773744711,0.3701095745150968
HTDPA_3h_150726,4,340,2773,2790,2775.39,2791.398,43.456089263554354,-41.24460373452937,84.70069299808372,1.0536187847326453,1.0802350804603527,0.3825417247216554
HTDPA_3h_150726,4,341,2781,2798,2783.393,2799.405,43.456089263554354,-41.35497870187406,84.8110679654284,1.0508067136686756,1.0655026414598068,0.429819157568881
HTDPA_3h_150726,4,342,2790,2806,2792.399,2807.407,43.66488820143754,-41.36079188414871,85.02568008558626,1.0557072583073988,1.050736063192572,0.4376793850631635
HTDPA_3h_150726,4,343,2798,2815,2800.405,2816.414,43.656153328850834,-41.21162713689861,84.86778046574945,1.0593164201896685,1.0893155717799334,0.3980371449057203
HTDPA_3h_150726,4,344,2806,2822,2808.408,2823.42,43.300733854661125,-41.21380141806108,84.51453527272221,1.050636737325703,1.0804271905577776,0.1813751731863327
HTDPA_3h_150726,4,345,2815,2831,2817.415,2832.424,43.300733854661125,-41.468335756229756,84.76906961089088,1.0441878861308316,1.0813568647662564,0.33079646928006734
HTDPA_3h_150726,4,346,2822,2839,2824.419,2840.427,43.647214617405126,-41.45756249505323,85.10477711245835,1.0528167116099305,1.0796475601357158,0.9544701800054042
HTDPA_3h_150726,4,347,2831,2847,2833.424,2848.433,43.666133883353545,-41.14694982190259,84.81308370525613,1.0612240779050406,1.0458319140410155,0.7403672823942419
HTDPA_3h_150726,4,348,2839,2855,2841.428,2856.436,43.63706797198029,-41.14694982190259,84.78401779388287,1.0605176850496998,1.0515058239250175,0.5736183008712606
HTDPA_3h_150726,4,349,2847,2863,2849.433,2864.441,43.63706797198029,-41.19760755315312,84.8346755251334,1.0592136428233065,1.0534518070324699,0.5330013362113264
HTDPA_3h_150726,4,350,2855,2871,2857.438,2872.446,43.41450613632218,-41.19760755315312,84.61211368947531,1.0538113428142355,1.07679102806695,0.41944659007818197
HTDPA_3h_150726,4,351,2863,2879,2865.441,2880.452,43.41450613632218,-41.15691527723055,84.57142141355274,1.054853257195896,1.0812834171791221,0.12374714618877754
HTDPA_3h_150726,4,352,2871,2888,2873.447,2889.457,43.521800872020044,-41.156182967255695,84.67798383927574,1.057479040431093,1.0873614955093112,0.34288356882521354
HTDPA_3h_150726,4,353,2879,2896,2881.452,2897.462,43.521800872020044,-41.23515165114253,84.75695252316257,1.0554538816838366,1.0922456638770945,0.3631654894136524
HTDPA_3h_150726,4,354,2888,2904,2890.458,2905.467,43.59969751450038,-41.237884601770354,84.83758211627074,1.0572728920393901,1.054679225689689,0.2742921748664058
HTDPA_3h_150726,4,355,2896,2912,2898.462,2913.472,43.59969751450038,-41.12079050166664,84.72048801616702,1.0602835447128203,1.0428723056641362,0.23761245674740034
HTDPA_3h_150726,4,356,2904,2920,2906.468,2921.479,43.953055951338165,-41.12079050166664,85.0738464530048,1.0688767267145978,1.0646895916087682,1.150564462991439
HTDPA_3h_150726,4,357,2912,2929,2914.473,2930.485,43.92195920096245,-41.15636415735257,85.07832335831502,1.0671972634180273,1.1018671544044853,1.0739615314854687
HTDPA_3h_150726,4,358,2920,2937,2922.48,2938.488,43.458052156270476,-41.15636415735257,84.61441631362305,1.0559254454576672,1.0972097550014588,0.479127716183871
HTDPA_3h_150726,4,359,2929,2944,2931.485,2945.498,43.468681975286984,-41.51537723513024,84.98405921041723,1.0470501503357137,1.055295567809389,0.6582992652784653
HTDPA_3h_150726,4,360,2937,2953,2939.489,2954.501,43.1691067988708,-41.49740166760303,84.66650846647383,1.0402845735898898,1.0687348660863312,0.6718467514124088
HTDPA_3h_150726,4,361,2944,2961,2946.497,2962.518,43.166577687101956,-42.65420229149666,85.82077997859861,1.0120123075354628,1.0737743703611788,2.6855695919248457
HTDPA_3h_150726,4,362,2953,2969,2955.502,2970.523,43.506686598105944,-42.73560949210389,86.24229609020983,1.0180429649925673,1.0568832906979873,2.4691083731746333
HTDPA_3h_150726,4,363,2961,2977,2963.518,2978.532,43.506686598105944,-41.10418140945335,84.6108680075593,1.0584491676095038,1.0637377860259511,0.3237753349364442
HTDPA_3h_150726,4,364,2969,2986,2971.524,2987.538,43.11089193066322,-41.10360764081326,84.21449957147648,1.0488347472414286,1.1129101040244107,0.12823235959830362
HTDPA_3h_150726,4,365,2977,2994,2979.533,2995.543,43.11089193066322,-42.310212892584666,85.42110482324789,1.0189240134553632,1.13394494721971,2.162994625032016
HTDPA_3h_150726,4,366,2986,3002,2988.541,3003.549,43.20730771096137,-42.37768355490746,85.58499126586884,1.0195769113943898,1.0684191412963926,2.1190686797725697
HTDPA_3h_150726,4,367,2994,3010,2996.543,3011.552,43.20730771096137,-40.27912475375811,83.48643246471948,1.072697283645173,1.0411002920351642,1.9334221284976898
HTDPA_3h_150726,4,368,3002,3018,3004.55,3019.555,43.09395065660565,-40.27912475375811,83.37307541036375,1.0698829957218698,1.0500501299578273,1.716380728027922
HTDPA_3h_150726,4,369,3010,3026,3012.552,3027.561,43.09395065660565,-39.7862499423287,82.88020059893435,1.0831367801456924,1.0577969175592496,0.49097634292241765
HTDPA_3h_150726,4,370,3018,3034,3020.555,3035.566,43.014227013981866,-39.7862499423287,82.80047695631058,1.0811329812770043,1.0807487105376092,0.26765758989020894
HTDPA_3h_150726,4,371,3026,3043,3028.562,3044.572,43.011237377383466,-40.115427050821374,83.12666442820483,1.0721869499954082,1.1107704159683593,0.27813335978021936
HTDPA_3h_150726,4,372,3034,3051,3036.568,3052.577,42.976690465579814,-40.115427050821374,83.09211751640119,1.0713257623091876,1.0810778215665102,0.25755813552023665
HTDPA_3h_150726,4,373,3043,3059,3045.573,3060.58,42.981839284165936,-40.21476452143161,83.19660380559755,1.0688074341765614,1.0457947774638492,0.25306402347727
HTDPA_3h_150726,4,374,3051,3067,3053.577,3068.584,43.283294307837174,-40.21476452143161,83.49805882926879,1.0763035622096022,1.0507911099604839,0.27279427122184013
HTDPA_3h_150726,4,375,3059,3075,3061.58,3076.587,43.283294307837174,-40.382931580091174,83.66622588792835,1.0718215001799394,1.0555431548349288,0.4175664408545954
HTDPA_3h_150726,4,376,3067,3083,3069.583,3084.593,43.43526750158879,-40.382931580091174,83.81819908167996,1.0755848028379005,1.075893352368714,0.4263573944446731
HTDPA_3h_150726,4,377,3075,3092,3077.588,3093.599,43.426072104172526,-40.31524952932202,83.74132163349455,1.0771624288865669,1.1068498084016232,0.3939281431986377
HTDPA_3h_150726,4,378,3083,3100,3085.594,3101.601,43.2539113137944,-40.31524952932202,83.5691608431164,1.0728920648831664,1.086161168303459,0.13350858694010573
HTDPA_3h_150726,4,379,3092,3108,3094.599,3109.605,43.25588930568525,-40.35926362368724,83.6151529293725,1.0717710240951461,1.0628332533364357,0.2621047613372286
HTDPA_3h_150726,4,380,3100,3116,3102.604,3117.607,43.36426363237697,-40.35926362368724,83.72352725606422,1.074456264532192,1.0546219804195582,0.26948609602593543
HTDPA_3h_150726,4,381,3108,3124,3110.605,3125.608,43.36426363237697,-40.26500702537681,83.62927065775378,1.0769714656959297,1.045989347080013,0.23040713782112215
HTDPA_3h_150726,4,382,3116,3132,3118.607,3133.613,43.13630384174954,-40.26500702537681,83.40131086712634,1.0713099792721532,1.0743892039720888,0.390105448154649
HTDPA_3h_150726,4,383,3124,3141,3126.608,3142.619,43.13420505646077,-40.44815246537783,83.5823575218386,1.0664072998978658,1.1082595017914334,0.4809728450140082
HTDPA_3h_150726,4,384,3132,3149,3134.613,3150.624,50.487170972682755,-40.44815246537783,90.93532343806058,1.248194735616119,1.105541431194193,12.186566815042674
HTDPA_3h_150726,4,385,3141,3156,3143.62,3157.629,51.3639649506224,-40.572765954501726,91.93673090512414,1.2659714895509446,1.0620843690023583,12.637530072141606
HTDPA_3h_150726,4,386,3149,3165,3151.625,3166.635,43.71928297843608,-40.56978386749071,84.28906684592678,1.0776316462821758,1.0643248558682694,0.39257001403976327
HTDPA_3h_150726,4,387,3156,3173,3158.629,3174.638,43.71437574664578,-40.92697749471228,84.64135324135806,1.0681066236150378,1.0713919253692037,1.5007714370424328
HTDPA_3h_150726,4,388,3165,3181,3167.635,3182.642,43.49049273319799,-40.95760617067106,84.44809890386905,1.0618416650614868,1.0568201790532523,1.245839471329261
HTDPA_3h_150726,4,389,3173,3189,3175.639,3190.647,43.49049273319799,-40.20355338418763,83.69404611738562,1.0817574336676206,1.061655318085489,0.4707554003234736
HTDPA_3h_150726,4,390,3181,3198,3183.643,3199.653,43.16733264583892,-40.20076758644822,83.36810023228713,1.0737937416993684,1.1106168923503699,0.25106658349887745
HTDPA_3h_150726,4,391,3189,3205,3191.647,3206.655,43.17118293539746,-46.57355547529019,89.74473841068766,0.9269462572661459,1.1066890330226342,9.962931514708469
HTDPA_3h_150726,4,392,3198,3214,3200.652,3215.66,43.40246454446754,-46.57355547529019,89.97602001975773,0.9319121999928675,1.058974452665057,10.667363480716785
HTDPA_3h_150726,4,393,3205,3222,3207.655,3223.663,43.39339749003656,-40.474878004666486,83.86827549470306,1.072106937173068,1.0553744189673646,0.4991385353913407
HTDPA_3h_150726,4,394,3214,3230,3216.66,3231.67,43.613400015576346,-40.47926431492827,84.09266433050462,1.0774257080431238,1.0586125986776398,0.5431949121577019
HTDPA_3h_150726,4,395,3222,3238,3224.663,3239.671,43.613400015576346,-40.350543850275265,83.9639438658516,1.0808627555903145,1.0668867892991694,0.5029689632662782
HTDPA_3h_150726,4,396,3230,3246,3232.668,3247.676,43.47429886829003,-40.350543850275265,83.8248427185653,1.0774154378093581,1.0807175969697411,0.5129836979943175
HTDPA_3h_150726,4,397,3238,3255,3240.672,3256.68,43.46176655325636,-40.53334200925727,83.99510856251362,1.0722473005884954,1.1135372655710554,0.4397513236815121
HTDPA_3h_150726,4,398,3246,3263,3248.677,3264.686,43.37727157141493,-40.53334200925727,83.91061358067219,1.070162720890573,1.0808034498102277,0.20803841723080727
HTDPA_3h_150726,4,399,3255,3271,3257.681,3272.69,43.378381360758276,-40.61006091610795,83.98844227686622,1.068168340115744,1.041751730788693,0.3485305852049997
HTDPA_3h_150726,4,400,3263,3279,3265.686,3280.692,43.6038497875537,-40.61006091610795,84.21391070366164,1.0737203738164862,1.044768244239681,0.48027660812370865
HTDPA_3h_150726,4,401,3271,3287,3273.69,3288.693,43.6038497875537,-40.42736090176173,84.03121068931543,1.078572749121834,1.0518662515005122,0.4007343828752584
HTDPA_3h_150726,4,402,3279,3295,3281.692,3296.696,43.21312089323602,-40.42736090176173,83.64048179499775,1.0689077874324686,1.0780909375652583,0.3507165658059771
HTDPA_3h_150726,4,403,3287,3304,3289.693,3305.701,43.20849299617841,-40.90695598900789,84.1154489851863,1.0562627296880502,1.1095243054559931,0.978417466303249
HTDPA_3h_150726,4,404,3295,3312,3297.697,3313.707,43.129494113942094,-40.90695598900789,84.03645010294998,1.054331545117447,1.0818997207106975,0.8351164791347833
HTDPA_3h_150726,4,405,3304,3320,3306.702,3321.711,43.13754952366554,-40.58846909623067,83.72601861989621,1.062803069053708,1.0518850444093795,0.3301382173091469
HTDPA_3h_150726,4,406,3312,3328,3314.707,3329.717,43.43568272889413,-40.58846909623067,84.02415182512479,1.0701483375959078,1.051362842648422,0.36523377002030843
HTDPA_3h_150726,4,407,3320,3336,3322.711,3337.721,43.43568272889413,-40.49794954366822,83.93363227256235,1.072540294467457,1.0481798113510994,0.36636111784464903
HTDPA_3h_150726,4,408,3328,3344,3330.718,3345.724,43.57893614923377,-40.49794954366822,84.07688569290198,1.0760775950457289,1.0708652858812286,0.7102398214179897
HTDPA_3h_150726,4,409,3336,3352,3338.721,3353.729,43.57893614923377,-40.44023294822704,84.0191690974608,1.0776133808384587,1.0756401705901881,0.6539427710099257
HTDPA_3h_150726,4,410,3344,3361,3346.724,3362.737,43.29827268917862,-40.437522646361316,83.73579533553993,1.0707449382553784,1.0962913720649494,0.3657228998218655
HTDPA_3h_150726,4,411,3352,3368,3354.729,3369.74,43.30280999118779,-40.36175498751924,83.66456497870703,1.072867371713098,1.0851487737239771,0.33111652629645505
HTDPA_3h_150726,4,412,3361,3377,3363.735,3378.746,43.334367266393045,-40.36175498751924,83.69612225391228,1.0736492325418705,1.0675640510109583,0.3556321719329128
HTDPA_3h_150726,4,413,3368,3385,3370.739,3386.751,43.326447749242256,-40.40980056153986,83.73624831078212,1.0721767280999235,1.0736864383487268,0.4264070684758786
HTDPA_3h_150726,4,414,3377,3393,3379.747,3394.754,43.393744771055566,-40.4128279460751,83.80657271713066,1.0737616488744133,1.0623063836826148,0.4333949354169145
HTDPA_3h_150726,4,415,3385,3401,3387.753,3402.759,43.393744771055566,-40.40576908188445,83.79951385294001,1.0739492344055084,1.0687362146458734,0.40551551908669214
HTDPA_3h_150726,4,416,3393,3409,3395.754,3410.765,43.46848568601538,-40.40576908188445,83.87425476789983,1.0757989929092593,1.0798457250059206,0.3141412701241544
HTDPA_3h_150726,4,417,3401,3417,3403.76,3418.772,43.46848568601538,-40.34763725913794,83.81612294515332,1.0773489760214057,1.0953344349049048,0.3363936667723712
HTDPA_3h_150726,4,418,3409,3426,3411.766,3427.776,43.10403690533153,-40.343635977832,83.44767288316353,1.06842221482011,1.0861583192421014,0.265581715321298
HTDPA_3h_150726,4,419,3417,3434,3419.773,3435.78,43.10403690533153,-40.55744029214129,83.66147719747282,1.0627898751707883,1.0642780955247348,0.26490299772701825
HTDPA_3h_150726,4,420,3426,3442,3428.777,3443.784,43.37547476962094,-40.56147932138406,83.936954091005,1.0693760556892051,1.0609882289428476,0.5992095851039171
HTDPA_3h_150726,4,421,3434,3450,3436.781,3451.786,43.37547476962094,-40.52161750007216,83.8970922696931,1.070428019551384,1.0669183450999518,0.5103406070744464
HTDPA_3h_150726,4,422,3442,3458,3444.787,3459.792,43.30197953657713,-40.52161750007216,83.82359703664929,1.0686142905450409,1.073109174417302,0.2768757739976398
HTDPA_3h_150726,4,423,3450,3467,3452.787,3468.801,43.29990340005047,-40.25814445045778,83.55804785050825,1.0755563623488886,1.1067328159671421,0.1768205989648157
HTDPA_3h_150726,4,424,3458,3475,3460.792,3476.805,43.180710514658,-40.25814445045778,83.43885496511578,1.0725956475166603,1.0858344677829612,0.17707318820991322
HTDPA_3h_150726,4,425,3467,3483,3469.799,3484.809,43.18197884533611,-40.35552657793926,83.53750542327538,1.0700387903980904,1.0568837967772802,0.3555704948181906
HTDPA_3h_150726,4,426,3475,3491,3477.806,3492.815,43.3812879518956,-40.35552657793926,83.73681452983486,1.0749776209241786,1.054098872160827,0.3675898147918426
HTDPA_3h_150726,4,427,3483,3499,3485.81,3500.819,43.3812879518956,-40.41365840068577,83.79494635258138,1.0734313513957814,1.0490621883157536,0.22040088203959365
HTDPA_3h_150726,4,428,3491,3507,3493.817,3508.821,43.10848361229228,-40.41365840068577,83.52214201297805,1.066681050868703,1.073762762905006,0.31988804263526577
HTDPA_3h_150726,4,429,3499,3515,3501.819,3516.827,43.10848361229228,-40.42154771948708,83.53003133177936,1.0664728602539344,1.0782799900478748,0.3637093061983189
HTDPA_3h_150726,4,430,3507,3524,3509.821,3525.834,43.09817842553268,-40.41834669444234,83.51652511997503,1.066302358959646,1.0852673935852237,0.33500038870422977
HTDPA_3h_150726,4,431,3515,3532,3517.827,3533.838,43.09817842553268,-41.145704139986584,84.24388256551927,1.047452688594254,1.0854842048937074,2.474467762489328
HTDPA_3h_150726,4,432,3524,3540,3526.834,3541.842,42.89588723196215,-41.20300550812244,84.09889274008458,1.0410863650105813,1.050719464555588,3.0294415835131314
HTDPA_3h_150726,4,433,3532,3548,3534.839,3549.845,42.89588723196215,-39.96562813823224,82.86151537019438,1.0733194805194801,1.0454305982360328,1.439085674769618
HTDPA_3h_150726,4,434,3540,3556,3542.842,3557.85,42.405919011670065,-39.96562813823224,82.37154714990231,1.0610597402597401,1.071248959300361,0.31277219637356685
HTDPA_3h_150726,4,435,3548,3564,3550.846,3565.854,42.405919011670065,-40.22763656789691,82.63355557956697,1.0541489043259256,1.0755076699917172,0.49467679691268834
HTDPA_3h_150726,4,436,3556,3573,3558.85,3574.86,42.59872792350426,-40.21628953808028,82.81501746158455,1.0592406314154885,1.0931062092054635,0.6058271370482987
HTDPA_3h_150726,4,437,3564,3580,3566.854,3581.865,42.603151981702894,-40.2081208845463,82.8112728662492,1.059565854968296,1.083455223042399,0.43860386289336334
HTDPA_3h_150726,4,438,3573,3589,3575.861,3590.87,42.63221789307617,-40.2081208845463,82.84033877762246,1.0602887415577174,1.0602248308302513,0.4555420889597297
HTDPA_3h_150726,4,439,3580,3597,3582.866,3598.873,42.62605742978251,-40.337626506285744,82.96368393606826,1.0567319181048038,1.065063262059948,0.46005903267652615
HTDPA_3h_150726,4,440,3589,3605,3591.871,3606.878,42.458237652141925,-40.342239304168615,82.80047695631055,1.0524511872536204,1.0583854291482637,0.42007371746651656
HTDPA_3h_150726,4,441,3597,3613,3599.873,3614.884,42.458237652141925,-51.042231735276225,93.50046938741815,0.8318256512047896,1.0828106861413296,16.637350463409113
HTDPA_3h_150726,4,442,3605,3622,3607.879,3623.888,42.83451663623404,-50.46440141717582,93.29891805340986,0.8488065930304504,1.1228730147596235,15.963708516842498
HTDPA_3h_150726,4,443,3613,3629,3615.884,3630.893,42.838170636520964,-40.40493862727379,83.24310926379476,1.060221153450898,1.0964249669606825,0.5620503202378407
HTDPA_3h_150726,4,444,3622,3638,3624.89,3639.899,42.430002195379345,-40.40493862727379,82.83494082265314,1.0501192091092204,1.053432642143966,0.6094108565212885
HTDPA_3h_150726,4,445,3629,3646,3631.894,3647.902,42.42007448798821,-40.29027549430312,82.71034998229132,1.052861365864481,1.057215158079303,0.5061263578885269
HTDPA_3h_150726,4,446,3638,3654,3640.899,3655.906,42.94405359938071,-40.2919968002234,83.23605039960411,1.0658209324374464,1.053777392326028,0.2655173377099634
HTDPA_3h_150726,4,447,3646,3662,3648.902,3663.912,42.94405359938071,-48.08788945783703,91.03194305721775,0.8930326134823118,1.0719940462363338,12.445957470100451
HTDPA_3h_150726,4,448,3654,3671,3656.906,3672.914,42.63593229006204,-47.6687892141841,90.30472150424615,0.8944202903600389,1.1179550023255558,12.027143104602546
HTDPA_3h_150726,4,449,3662,3678,3664.912,3679.918,42.64425948493079,-40.336426121893965,82.98068560682475,1.0572146217432032,1.0991151932822947,0.3931956926402633
HTDPA_3h_150726,4,450,3671,3687,3673.915,3688.925,42.70571312611997,-40.336426121893965,83.04213924801394,1.0587381489144867,1.0618566109815473,0.37511280451217666
HTDPA_3h_150726,4,451,3678,3695,3680.918,3696.93,42.700828543091795,-40.40949857804508,83.11032712113688,1.056702756670473,1.0634908328605353,0.2786728693369878
HTDPA_3h_150726,4,452,3687,3703,3689.926,3704.934,42.45533106100461,-40.41282794607511,82.86815900707973,1.0505409598569768,1.0509202819774133,0.22769457792388612
HTDPA_3h_150726,4,453,3695,3711,3697.93,3712.936,42.45533106100461,-40.46888363229496,82.92421469329958,1.0490857975416061,1.0612600471531926,0.3741614757546046
HTDPA_3h_150726,4,454,3703,3719,3705.934,3720.943,42.693671534265334,-40.46888363229496,83.1625551665603,1.054975272413864,1.074964787818298,0.38419298788707906
HTDPA_3h_150726,4,455,3711,3728,3713.937,3729.951,42.68642393039044,-40.43368745597753,83.12011138636797,1.0557143465301204,1.1006729515179487,0.3556660267570489
HTDPA_3h_150726,4,456,3719,3736,3721.944,3737.958,42.77804572270885,-40.43368745597753,83.21173317868639,1.0579803231966851,1.0841342410054224,0.3850285791429682
HTDPA_3h_150726,4,457,3728,3744,3730.952,3745.961,42.786267223354436,-43.497551597388636,86.28381882074308,0.9836477146893734,1.063767959680127,5.23621451498803
HTDPA_3h_150726,4,458,3736,3752,3738.956,3753.967,50.863683993983344,-43.497551597388636,94.36123559137198,1.169345908587575,1.0639945073273105,10.870347103655865
HTDPA_3h_150726,4,459,3744,3760,3746.961,3761.973,50.863683993983344,-40.362170214824566,91.2258542088079,1.2601820893986937,1.0551290768337604,12.862862981961845
HTDPA_3h_150726,4,460,3752,3768,3754.97,3769.978,42.75554040275984,-40.362170214824566,83.11771061758441,1.0592973612468493,1.068702383010741,0.44957796716856396
HTDPA_3h_150726,4,461,3760,3776,3762.973,3777.982,42.75554040275984,-40.37504226128988,83.13058266404971,1.0589596445760825,1.0744068342049518,0.46839214804825213
HTDPA_3h_150726,4,462,3768,3785,3770.978,3786.988,42.3471756723466,-40.373320955369586,82.72049662771619,1.048890075680398,1.099147085696407,0.2976848679505441
HTDPA_3h_150726,4,463,3776,3792,3778.983,3793.989,42.34986332545021,-40.44189385744836,82.79175718289858,1.0471780444982906,1.088572127038175,0.2412889878579018
HTDPA_3h_150726,4,464,3785,3801,3787.988,3802.996,42.82695949927699,-40.44189385744836,83.26885335672534,1.0589751224370358,1.0632061960757266,0.405881877748843
HTDPA_3h_150726,4,465,3792,3809,3794.989,3811.0,42.81923627139782,-40.52772511625423,83.34696138765204,1.0565418154749708,1.0678849854359485,0.5806346486066579
HTDPA_3h_150726,4,466,3801,3817,3803.997,3819.005,42.6687578959454,-40.5311677280948,83.19992562404019,1.0527394172847602,1.059598809277628,0.28561056435029797
HTDPA_3h_150726,4,467,3809,3825,3812.001,3827.01,42.6687578959454,-40.34306975877928,83.01182765472467,1.0576477732376826,1.0677862984746016,0.24435731471245345
HTDPA_3h_150726,4,468,3817,3834,3820.006,3836.012,42.51616563602947,-40.34188447356224,82.85805010959172,1.0538963707531346,1.1036774090956725,0.26747161047804724
HTDPA_3h_150726,4,469,3825,3841,3828.01,3843.017,42.52093697524711,-40.411167036853776,82.9321040121009,1.052207597381914,1.093129981580239,0.33663906232006763
HTDPA_3h_150726,4,470,3834,3850,3837.013,3852.021,42.477753335492544,-40.411167036853776,82.88892037234632,1.051138990783268,1.0602433851102204,0.34275604514508495
HTDPA_3h_150726,4,471,3841,3858,3844.017,3860.025,42.47110969860723,-40.40457624708005,82.87568594568728,1.0511460246208255,1.0652172872841497,0.3714092956582359
HTDPA_3h_150726,4,472,3850,3866,3853.021,3868.029,42.667927441334726,-40.40826044571646,83.07618788705119,1.0559209174236504,1.0585256034664339,0.30678468966482664
HTDPA_3h_150726,4,473,3858,3874,3861.025,3876.032,42.667927441334726,-40.473451132653615,83.14137857398833,1.0542201430139628,1.0680184641413417,0.37022239313592553
HTDPA_3h_150726,4,474,3866,3883,3869.029,3885.039,42.44332721708682,-40.46726802059785,82.91059523768467,1.0488310502078657,1.1121285002863677,0.38253900334142327
HTDPA_3h_150726,4,475,3874,3890,3877.033,3892.04,42.446611287592624,-40.32106271159667,82.7676739991893,1.052715589150001,1.0998452794224067,0.28673026272881746
HTDPA_3h_150726,4,476,3883,3899,3886.041,3901.042,42.66460562289208,-40.32106271159667,82.98566833448875,1.0581220521903902,1.0608300435062064,0.3768517332479343
HTDPA_3h_150726,4,477,3890,3907,3893.041,3909.048,42.65909442411221,-40.77671050770621,83.43580493181842,1.046163211621748,1.06457802474085,0.7230752832323278
HTDPA_3h_150726,4,478,3899,3915,3902.042,3917.052,42.73810085593589,-40.79691320350747,83.53501405944337,1.0475817286162112,1.0522873097893168,0.6850002733883785
HTDPA_3h_150726,4,479,3907,3923,3910.048,3925.058,42.73810085593589,-40.554420457193416,83.2925213131293,1.0538456812876273,1.0614469330254432,0.5469348687654212
HTDPA_3h_150726,4,480,3915,3931,3918.053,3933.059,42.413393103166044,-40.554420457193416,82.96781356035946,1.0458389646557726,1.0820922423870594,0.3858367573681325
HTDPA_3h_150726,4,481,3923,3939,3926.058,3941.063,42.413393103166044,-50.86451444859401,93.27790755176005,0.8338503485771195,1.1023426784865933,16.184701860284992
HTDPA_3h_150726,4,482,3931,3948,3934.059,3950.068,42.58338716196908,-50.30498433027769,92.88837149224676,0.8465043321033078,1.0967186371583817,15.564556945482053
HTDPA_3h_150726,4,483,3939,3956,3942.064,3958.073,42.58338716196908,-40.146954127677155,82.73034128964623,1.0606878675414197,1.0664938595672417,0.9070190340437468
HTDPA_3h_150726,4,484,3948,3964,3951.069,3966.076,58.393000721573614,-40.16244588095974,98.55544660253335,1.4539204333981224,1.0867640707046191,24.07547062813614
HTDPA_3h_150726,4,485,3956,3972,3959.073,3974.079,58.393000721573614,-39.9946940496055,98.38769477117911,1.4600186877076409,1.0907067978572649,24.26418571084916
HTDPA_3h_150726,4,486,3964,3980,3967.077,3982.083,42.3536003711982,-39.9946940496055,82.3482944208037,1.0589804817275748,1.074552387652817,0.41901629176940164
HTDPA_3h_150726,4,487,3972,3988,3975.081,3990.086,42.3536003711982,-41.52688280628161,83.88048317747982,1.0199080091990804,1.077170084023578,2.151120780551553
HTDPA_3h_150726,4,488,3980,3997,3983.085,3999.092,42.36614023581924,-41.45825705709124,83.82439729291048,1.0218987300280804,1.0844620793875839,2.1414904852449212
HTDPA_3h_150726,4,489,3988,4005,3991.086,4007.097,42.36614023581924,-40.314041595342864,82.6801818311621,1.0509028258956163,1.076168136146203,0.4767446338512844
HTDPA_3h_150726,4,490,3997,4013,4000.093,4015.1,42.28384218390237,-40.320647484291335,82.60448966819371,1.0486895628443438,1.047131311222233,0.4687668519840311
HTDPA_3h_150726,4,491,4005,4021,4008.097,4023.105,42.28384218390237,-40.08230701103061,82.36614919493297,1.0549253607649356,1.0523943357575951,0.39762416567522046
HTDPA_3h_150726,4,492,4013,4029,4016.101,4031.111,42.44661128759263,-40.08230701103061,82.52891829862324,1.0589862324020265,1.077732214525313,0.311802813499978
HTDPA_3h_150726,4,493,4021,4037,4024.106,4039.115,42.44661128759263,-40.25919384310216,82.70580513069478,1.0543333642748849,1.0796659063015508,0.3364436545471115
HTDPA_3h_150726,4,494,4029,4046,4032.112,4048.119,42.052771963278644,-40.25624195444062,82.30901391771926,1.0446273651393296,1.0902124508150326,0.46371825347179846
HTDPA_3h_150726,4,495,4037,4054,4040.116,4056.122,42.052771963278644,-40.193368990825945,82.24614095410459,1.046261436130848,1.098499373964177,0.3704960802722822
HTDPA_3h_150726,4,496,4046,4062,4049.12,4064.126,42.53297856710174,-40.19524883808099,82.72822740518274,1.0581593545654575,1.062070134046933,0.16222309221226255
HTDPA_3h_150726,4,497,4054,4070,4057.123,4072.129,42.53297856710174,-40.38542294392318,82.91840151102492,1.0531765044570793,1.0499999722588855,0.1410628261239555
HTDPA_3h_150726,4,498,4062,4078,4065.126,4080.133,43.081909064751024,-40.38542294392318,83.4673320086742,1.0667687973596816,1.0749536651911178,0.8245845106857249
HTDPA_3h_150726,4,499,4070,4086,4073.13,4088.137,43.081909064751024,-40.360094078297905,83.44200314304894,1.0674382716049384,1.080673068525188,1.1712211689184138
HTDPA_3h_150726,4,500,4078,4095,4081.134,4097.139,42.57363309508746,-40.3554133341287,82.92904642921616,1.054967093078509,1.0894045495437636,0.296936250634974
HTDPA_3h_150726,4,501,4086,4103,4089.137,4105.143,42.57363309508746,-40.21930937302815,82.79294246811561,1.0585371494130669,1.102609006116574,0.17845463186608587
HTDPA_3h_150726,4,502,4095,4111,4098.139,4113.147,42.85021222837561,-40.22140815831692,83.07162038669253,1.0653583300642127,1.062755118755237,0.2753062285380157
HTDPA_3h_150726,4,503,4103,4119,4106.144,4121.153,42.85021222837561,-40.320647484291335,83.17085971266695,1.0627362133772722,1.0439888957998844,0.3419642340066489
HTDPA_3h_150726,4,504,4111,4127,4114.147,4129.156,42.657961986006754,-40.320647484291335,82.9786094702981,1.0579681787755522,1.067395723900363,0.3635296413612954
HTDPA_3h_150726,4,505,4119,4135,4122.153,4137.16,42.657961986006754,-40.43234362942572,83.09030561543247,1.0550454946905743,1.0740965796982183,0.5764201331281139
HTDPA_3h_150726,4,506,4127,4144,4130.156,4146.163,42.66274842439913,-40.42643985210264,83.08918827650177,1.05531796963764,1.1013023075245794,0.5373886695296711
HTDPA_3h_150726,4,507,4135,4151,4138.16,4153.168,42.66958835055606,-40.499195225584224,83.16878357614029,1.0535910186087045,1.0908795190364722,0.5244322680818905
HTDPA_3h_150726,4,508,4144,4160,4147.164,4162.175,42.55830743272701,-40.499195225584224,83.05750265831124,1.0508432870251705,1.0556760515684436,0.6185251638512518
HTDPA_3h_150726,4,509,4151,4168,4154.171,4170.182,42.55466853161482,-40.500788188519216,83.05545672013403,1.0507121079603539,1.063665148892299,0.3143272791529322
HTDPA_3h_150726,4,510,4160,4176,4163.175,4178.187,42.95983223698333,-40.506669317080195,83.46650155406353,1.0605619509394895,1.0724687059731317,0.2876486214890455
HTDPA_3h_150726,4,511,4168,4184,4171.183,4186.195,42.95983223698333,-40.40037112691513,83.36020336389846,1.0633524157990484,1.0779690978184104,0.2569983761543723
HTDPA_3h_150726,4,512,4176,4192,4179.188,4194.198,42.96979769231131,-40.40037112691513,83.37016881922645,1.0635990832194213,1.0834612397071954,0.42901784024464934
HTDPA_3h_150726,4,513,4184,4200,4187.196,4202.203,42.96979769231131,-40.6005106880853,83.57030838039661,1.058356088730709,1.099382818992471,0.5907888146911688
HTDPA_3h_150726,4,514,4192,4209,4195.201,4211.21,43.06900681993624,-40.59479565044646,83.6638024703827,1.0609489746122807,1.082097287416287,0.7211047848817557
HTDPA_3h_150726,4,515,4200,4217,4203.203,4219.212,43.06900681993624,-40.39134937000836,83.4603561899446,1.0662928446732238,1.0598184644242408,0.7222724866566399
HTDPA_3h_150726,4,516,4209,4225,4212.211,4227.214,43.22806907622798,-40.395388399251146,83.62345747547913,1.0701238628771137,1.0620808425430717,0.5491874553110322
HTDPA_3h_150726,4,517,4217,4234,4220.213,4236.219,43.21613317859653,-40.436103323935825,83.65223650253236,1.0687511809036032,1.1009150724407135,0.4121168495064943
HTDPA_3h_150726,4,518,4225,4241,4228.215,4243.225,43.05824110834708,-40.438572039005706,83.49681314735278,1.0647814434895113,1.0829789262530616,0.41767637888078557
HTDPA_3h_150726,4,519,4234,4250,4237.219,4252.231,43.05824110834708,-40.44064817553237,83.49888928387945,1.0647267798837712,1.0858159830191552,0.626683309132152
HTDPA_3h_150726,4,520,4241,4258,4244.228,4260.235,42.80839506393497,-40.43746224966237,83.24585731359733,1.0586320872371855,1.0815115881053163,0.4456454751371024
HTDPA_3h_150726,4,521,4250,4266,4253.232,4268.239,42.817409271254355,-40.416564991823094,83.23397426307744,1.0594024821237775,1.0411040932099933,0.44894998353737714
HTDPA_3h_150726,4,522,4258,4274,4261.236,4276.243,42.94654496321269,-40.416564991823094,83.36310995503578,1.0625976000657515,1.0677895054560036,0.496624660672932
HTDPA_3h_150726,4,523,4266,4282,4269.24,4284.246,42.94654496321269,-40.77075388327153,83.71729884648423,1.053366466712157,1.076656792207433,0.6537270481802084
HTDPA_3h_150726,4,524,4274,4290,4277.243,4292.251,42.79083472371309,-40.77075388327153,83.56158860698463,1.0495473016325658,1.082913002782397,0.6041114473546976
HTDPA_3h_150726,4,525,4282,4298,4285.246,4300.254,42.79083472371309,-40.48881454295093,83.27964926666402,1.056855707106963,1.0848378830011862,0.2897724417143663
HTDPA_3h_150726,4,526,4290,4307,4293.252,4309.261,42.70218746881832,-40.487531113098065,83.1897185819164,1.0546997135867293,1.083246359150773,0.33109595440934564
HTDPA_3h_150726,4,527,4298,4315,4301.255,4317.261,42.70218746881832,-40.45808772235632,83.16027519117463,1.0554672717569387,1.074430264810222,0.3849437977022247
HTDPA_3h_150726,4,528,4307,4323,4310.259,4325.269,42.90626791459546,-40.459748631577654,83.36601654617311,1.0604679802955663,1.055028581696837,0.3426406072559905
HTDPA_3h_150726,4,529,4315,4331,4318.262,4333.271,42.90626791459546,-41.109994591728004,84.01626250632347,1.0436943215562693,1.0598672333069508,0.9584165109865551
HTDPA_3h_150726,4,530,4323,4339,4326.267,4341.275,43.1973422556334,-41.109994591728004,84.3073368473614,1.0507747005232009,1.0758893815284387,1.0584314836066007
HTDPA_3h_150726,4,531,4331,4348,4334.272,4350.28,43.192669061051554,-42.21493709997932,85.40760616103088,1.023160805824645,1.1092807342650715,2.716542116051044
HTDPA_3h_150726,4,532,4339,4356,4342.276,4358.285,42.69469827814761,-42.21493709997932,84.90963537812694,1.0113647256427756,1.0875194641140467,2.950508622624296
HTDPA_3h_150726,4,533,4348,4364,4351.281,4366.289,42.69906948923465,-40.51289772666018,83.21196721589483,1.053962364709741,1.0614681135577986,0.22971307528404802
HTDPA_3h_150726,4,534,4356,4372,4359.286,4374.29,43.49464500625132,-40.51289772666018,84.0075427329115,1.0735999508035425,1.0602047401011883,0.39681682705852844
HTDPA_3h_150726,4,535,4364,4380,4367.289,4382.295,43.49464500625132,-40.62127205335191,84.11591705960322,1.0707356714266734,1.054259571480486,0.3666649883007999
HTDPA_3h_150726,4,536,4372,4388,4375.29,4390.299,43.16786111695481,-40.62127205335191,83.78913317030671,1.0626910220895647,1.0749972849577207,0.5003447130942515
HTDPA_3h_150726,4,537,4380,4396,4383.295,4398.304,43.16786111695481,-40.52950681887348,83.69736793582828,1.0650971231866242,1.07526605718375,0.6104866795654164
HTDPA_3h_150726,4,538,4388,4405,4391.3,4407.312,42.90620751789651,-40.526758769070916,83.43296628696743,1.0587130286530966,1.1020329565173734,0.408209337375576
HTDPA_3h_150726,4,539,4396,4412,4399.305,4414.316,42.907928823816796,-40.607154324970615,83.51508314878741,1.0566593384119842,1.0924726975410712,0.4209020986322553
HTDPA_3h_150726,4,540,4405,4421,4408.313,4423.32,44.993615578500844,-40.607154324970615,85.60076990347146,1.1080218825093304,1.0530474618056085,2.291998311941555
HTDPA_3h_150726,4,541,4412,4429,4415.316,4431.323,44.889302929814,-40.57595188037174,85.46525481018574,1.106303138917335,1.0567922549070716,3.2757144724800376
HTDPA_3h_150726,4,542,4421,4437,4424.32,4439.328,43.08564611049901,-40.57642750437603,83.66207361487504,1.0618393180585544,1.054092306695441,0.4212663473707734
HTDPA_3h_150726,4,543,4429,4445,4432.323,4447.332,43.08564611049901,-40.46265522271498,83.548301333214,1.0648249817849704,1.0647892710731788,0.33894568388408125
HTDPA_3h_150726,4,544,4437,4454,4440.328,4456.339,42.585712434878936,-40.46128874740106,83.04700118228,1.0525050919841086,1.1106194316365936,0.10652957345153521
HTDPA_3h_150726,4,545,4445,4461,4448.333,4463.346,42.587788571405596,-40.55525091180408,83.14303948320968,1.050117743421726,1.099613032802928,0.38317252228631377
HTDPA_3h_150726,4,546,4454,4470,4457.339,4472.346,42.6288960746335,-40.55525091180408,83.18414698643758,1.0511313607044128,1.0539477031436335,0.36559166192458464
HTDPA_3h_150726,4,547,4461,4478,4464.346,4480.349,42.62774853735331,-40.961433811467494,83.5891823488208,1.0406800878493496,1.0591474839672386,0.8318185118885549
HTDPA_3h_150726,4,548,4470,4486,4473.346,4488.357,43.082739519361674,-40.979197990548336,84.06193750991001,1.0513319350295365,1.0579074526130254,0.9989065834189412
HTDPA_3h_150726,4,549,4478,4494,4481.35,4496.361,43.082739519361674,-40.393727490029825,83.4764670093915,1.0665700393704831,1.064447605309958,0.5383549378724487
HTDPA_3h_150726,4,550,4486,4502,4489.358,4504.364,42.94239269015937,-40.393727490029825,83.3361201801892,1.063095568507725,1.0792100940846499,0.7017787742899839
HTDPA_3h_150726,4,551,4494,4510,4497.362,4512.369,42.94239269015937,-40.47801863301227,83.42041132317163,1.0608817857289403,1.0791646965804873,0.7010696704379715
HTDPA_3h_150726,4,552,4502,4519,4505.365,4521.374,42.89180290519516,-40.473851260784215,83.36565416597938,1.0597410814412351,1.098187050016645,0.3905475434171196
HTDPA_3h_150726,4,553,4510,4526,4513.37,4528.38,42.897963368488824,-40.41822590104443,83.31618926953325,1.0613519621943703,1.0885056080681905,0.4137790801985503
HTDPA_3h_150726,4,554,4519,4535,4522.375,4537.386,42.72813540060791,-40.41822590104443,83.14636130165235,1.0571501951921098,1.063442977773776,0.3479881943438632
HTDPA_3h_150726,4,555,4526,4543,4529.383,4545.39,42.72746348733201,-40.54768622525966,83.27514971259167,1.0537583636699455,1.06685319602982,0.4731234266244045
HTDPA_3h_150726,4,556,4535,4551,4538.387,4553.393,44.33091279919053,-40.55483568449875,84.88574848368927,1.0931104035057182,1.0538726695943081,2.206146395867582
HTDPA_3h_150726,4,557,4543,4559,4546.39,4561.398,44.33091279919053,-40.53864181959079,84.86955461878131,1.0935470654511934,1.0628894438979788,2.0767266002260296
HTDPA_3h_150726,4,558,4551,4567,4554.393,4569.403,43.18696157300008,-40.53864181959079,83.72560339259087,1.0653282802417288,1.0786720728484378,0.4624899076562972
HTDPA_3h_150726,4,559,4559,4575,4562.398,4577.407,43.18696157300008,-40.39455794464049,83.58151951764057,1.0691282135624927,1.0869668778225021,0.737282143762011
HTDPA_3h_150726,4,560,4567,4584,4570.404,4586.412,42.87640174696102,-40.391923138648465,83.26832488560949,1.0615092923351133,1.0816256075789654,0.4140169291138666
HTDPA_3h_150726,4,561,4575,4592,4578.409,4594.42,42.87640174696102,-40.45814811905528,83.3345498660163,1.0597717330212346,1.065902653263938,0.2982851042534442
HTDPA_3h_150726,4,562,4584,4600,4587.413,4602.421,42.77422563149981,-40.459333404272314,83.23355903577212,1.0572152834080815,1.0508883920937606,0.45597865833886103
HTDPA_3h_150726,4,563,4592,4608,4595.418,4610.426,42.77422563149981,-40.48798408834025,83.26220971984006,1.0564671616687864,1.0589788747324933,0.45914892131537716
HTDPA_3h_150726,4,564,4600,4616,4603.421,4618.429,42.79415654215575,-40.48798408834025,83.282140630496,1.0569594289699307,1.0769976620908686,0.3991643815126906
HTDPA_3h_150726,4,565,4608,4625,4611.427,4627.433,42.793205294147164,-40.451776267315275,83.24498156146244,1.057881983015014,1.1033934518474062,0.503252302558895
HTDPA_3h_150726,4,566,4616,4633,4619.43,4635.441,42.68651452543888,-40.451776267315275,83.13829079275416,1.0552445025740256,1.086439760813207,0.40249380873889534
HTDPA_3h_150726,4,567,4625,4641,4628.433,4643.443,42.687858351990684,-40.53158295540013,83.21944130739081,1.0531998811633698,1.0612172241915987,0.25114520080430147
HTDPA_3h_150726,4,568,4633,4649,4636.44,4651.449,43.02834474236315,-40.53158295540013,83.55992769776329,1.0616004015858544,1.0569339431238622,0.3683679604847879
HTDPA_3h_150726,4,569,4641,4657,4644.444,4659.451,43.02834474236315,-40.559818412162734,83.58816315452589,1.0608613752930456,1.053763659397229,0.4739294212322466
HTDPA_3h_150726,4,570,4649,4665,4652.449,4667.457,42.98225451147127,-40.559818412162734,83.54207292363401,1.0597250232900972,1.0770693803099451,0.45540010735800374
HTDPA_3h_150726,4,571,4657,4673,4660.452,4675.461,42.98225451147127,-40.44563090319636,83.42788541466763,1.06271687575714,1.0809665146494096,0.3766989513291246
HTDPA_3h_150726,4,572,4665,4682,4668.457,4684.465,43.067225117317,-40.44428707664454,83.51151219396155,1.0648531159840158,1.0862670514719182,0.3998372334458954
HTDPA_3h_150726,4,573,4673,4690,4676.464,4692.468,43.067225117317,-40.50516694919363,83.57239206651063,1.0632526258029502,1.086407425135637,0.5009057077474453
HTDPA_3h_150726,4,574,4682,4698,4685.465,4700.472,42.75595563006518,-40.506669317080195,83.26262494714538,1.0555287894785401,1.0543780670944995,0.20073802007750424
HTDPA_3h_150726,4,575,4690,4706,4693.469,4708.477,42.75595563006518,-40.521202272766836,83.27715790283202,1.0551502233881214,1.0514412993261608,0.2801710228462625
HTDPA_3h_150726,4,576,4698,4714,4701.472,4716.482,42.976441329196625,-40.521202272766836,83.49764360196346,1.0605914661638727,1.069501817452486,0.5489090402757086
HTDPA_3h_150726,4,577,4706,4722,4709.478,4724.486,42.976441329196625,-40.556496593720084,83.53293792291672,1.0596684856613392,1.0702222800501189,0.4620826746995291
HTDPA_3h_150726,4,578,4714,4731,4717.482,4733.492,42.78949089716129,-40.552276374380426,83.34176727154173,1.0551686544579348,1.092014639784517,0.3102390670089135
HTDPA_3h_150726,4,579,4722,4738,4725.487,4740.495,42.79581745137708,-40.45310499469234,83.24892244606943,1.057911808178683,1.0820115643627806,0.30688762531797337
HTDPA_3h_150726,4,580,4731,4747,4734.493,4749.5,42.823222453529006,-40.45310499469234,83.27632744822134,1.0585892593200852,1.0652946663895757,0.22768742894752522
HTDPA_3h_150726,4,581,4738,4755,4741.495,4757.502,42.81887389120408,-40.55384668855333,83.37272057975741,1.0558523392378971,1.0716382653168361,0.24229938964163716
HTDPA_3h_150726,4,582,4747,4763,4750.501,4765.506,43.023777242004506,-40.55400522988809,83.57778247189259,1.0609008160381703,1.0599764757927739,0.4065913494500499
HTDPA_3h_150726,4,583,4755,4771,4758.502,4773.508,43.023777242004506,-40.522447954682825,83.54622519668733,1.0617270035146686,1.0680387658049135,0.4001132172996841
HTDPA_3h_150726,4,584,4763,4779,4766.506,4781.515,42.86723654789424,-40.522447954682825,83.38968450257707,1.0578639423717353,1.0814570650942956,0.3355300778273996
HTDPA_3h_150726,4,585,4771,4787,4774.509,4789.519,42.86723654789424,-40.48839931564558,83.35563586353982,1.0587535509542711,1.0913362808653553,0.3496994226563877
HTDPA_3h_150726,4,586,4779,4796,4782.516,4798.522,42.65631617596017,-40.48683655106005,83.14315272702022,1.0535848144659086,1.0730893941279105,0.31098017423140556
HTDPA_3h_150726,4,587,4787,4804,4790.519,4806.526,42.65631617596017,-40.568160706206235,83.22447688216641,1.0514727666574857,1.053169810105511,0.27285717188548547
HTDPA_3h_150726,4,588,4796,4812,4799.522,4814.533,42.79664790598774,-40.56978386749071,83.36643177347845,1.054889719052249,1.0484968434404578,0.3961762288753865
HTDPA_3h_150726,4,589,4804,4820,4807.528,4822.537,42.79664790598774,-40.53116772809481,83.32781563408255,1.0558947670368397,1.0576511905784254,0.31029101056407715
HTDPA_3h_150726,4,590,4812,4828,4815.534,4830.54,42.9195551883661,-40.53116772809481,83.4507229164609,1.0589271810842928,1.0733934225183162,0.3836040124193804
HTDPA_3h_150726,4,591,4820,4836,4823.538,4838.545,42.9195551883661,-40.586392959704,83.5059481480701,1.0574863164356232,1.074853718907346,0.5119938441342768
HTDPA_3h_150726,4,592,4828,4845,4831.541,4847.549,52.48983491506247,-40.58597773239867,93.07581264746113,1.293299751484397,1.1124453490811137,15.434938168141773
HTDPA_3h_150726,4,593,4836,4852,4839.545,4854.551,53.04861007464181,-40.502932271332206,93.55154234597401,1.3097473960469124,1.0995815635243613,8.417118623003788
HTDPA_3h_150726,4,594,4845,4861,4848.549,4863.559,42.96813678308998,-40.502932271332206,83.47106905442219,1.0608648404822443,1.0567565499190195,0.46648153214773813
HTDPA_3h_150726,4,595,4852,4869,4855.552,4871.564,42.96720818384351,-40.67708615277594,83.64429433661945,1.0563000511508194,1.0631148069285534,0.8700773332659321
HTDPA_3h_150726,4,596,4861,4877,4864.559,4879.569,43.08107861014036,-40.679403876098434,83.7604824862388,1.0590390837918118,1.0571394461639338,0.8900509612238516
HTDPA_3h_150726,4,597,4869,4885,4872.564,4887.575,43.08107861014036,-40.44272431205903,83.5238029221994,1.0652368094128277,1.0643962152061948,0.41717288418707876
HTDPA_3h_150726,4,598,4877,4893,4880.57,4895.579,42.655055394869436,-40.44272431205903,83.09777970692846,1.0547028203574986,1.0758612690382974,0.31337247534053625
HTDPA_3h_150726,4,599,4885,4901,4888.576,4903.582,42.655055394869436,-40.454350676608335,83.10940607147776,1.0543997043940592,1.0768493752384054,0.31629155550226956
HTDPA_3h_150726,4,600,4893,4910,4896.581,4912.585,42.744012182846355,-40.45011535809394,83.19412754094029,1.0567092776978548,1.071342819921757,0.279737575242559
HTDPA_3h_150726,4,601,4901,4918,4904.583,4920.589,42.744012182846355,-40.58724606307677,83.33125824592312,1.0531390111173777,1.0621501468710692,0.4641546836631948
HTDPA_3h_150726,4,602,4910,4926,4913.585,4928.591,43.36966158734629,-40.59220614197864,83.96186772932494,1.0684233676694732,1.0566174740499652,0.6624543660704028
HTDPA_3h_150726,4,603,4918,4934,4921.589,4936.594,43.36966158734629,-40.573520913238696,83.94318250058498,1.0689154061853983,1.0635395609620268,0.6461009487440709
HTDPA_3h_150726,4,604,4926,4942,4929.592,4944.596,43.154158615878835,-40.573520913238696,83.72767952911752,1.0636039871461613,1.0771079682909082,0.7120991554380779
HTDPA_3h_150726,4,605,4934,4950,4937.594,4952.599,43.154158615878835,-40.49338204330957,83.64754065918841,1.0657089242317037,1.0786739134821253,0.5740521221146776
HTDPA_3h_150726,4,606,4942,4959,4945.598,4961.604,42.57650193828793,-40.49033955959959,83.06684149788752,1.0515224718137428,1.0953221205603458,0.27531532972600276
HTDPA_3h_150726,4,607,4950,4966,4953.599,4968.606,42.581560161825614,-40.47262067804295,83.05418083986856,1.0521078064244749,1.0840424298732212,0.5788945160757955
HTDPA_3h_150726,4,608,4959,4975,4962.606,4977.613,42.59775402673358,-40.47262067804295,83.07037470477653,1.052507925434232,1.0642252448853973,0.6002729181245591
HTDPA_3h_150726,4,609,4966,4983,4969.607,4985.618,42.59362440244237,-40.402885139509245,82.99650954195161,1.0542223471261671,1.0678559086143113,0.2685897905638437
HTDPA_3h_150726,4,610,4975,4991,4978.613,4993.622,42.85893200178758,-40.40535385457912,83.2642858563667,1.0607240851308717,1.0501972913118507,0.49277798002264767
HTDPA_3h_150726,4,611,4983,4999,4986.618,5001.628,42.85893200178758,-40.48839931564558,83.34733131743316,1.058548441682306,1.0585580463462214,0.4996731381428432
HTDPA_3h_150726,4,612,4991,5007,4994.623,5009.633,42.694917216181324,-40.48839931564558,83.1833165318269,1.0544975335610045,1.081348026368881,0.28566759179759915
HTDPA_3h_150726,4,613,4999,5015,5002.628,5017.638,42.694917216181324,-40.38168589817519,83.07660311435652,1.0572841689631056,1.0818137973105661,0.23527452205422067
HTDPA_3h_150726,4,614,5007,5024,5010.633,5026.642,42.76170841564087,-40.380659154292914,83.14236756993378,1.0589650914872404,1.079344005655588,0.35050892976157494
HTDPA_3h_150726,4,615,5015,5032,5018.638,5034.65,42.76170841564087,-40.474002252531605,83.23571066817247,1.0565228550622559,1.0835651591619633,0.412834415702204
HTDPA_3h_150726,4,616,5024,5040,5027.643,5042.652,42.50931061069781,-40.47594249648562,82.98525310718344,1.0502364611865118,1.0534908155894926,0.34680918666033916
HTDPA_3h_150726,4,617,5032,5048,5035.648,5050.655,42.50931061069781,-40.422378174097744,82.93168878479555,1.0516281458654342,1.0467167268155055,0.3140000801097511
HTDPA_3h_150726,4,618,5040,5056,5043.653,5058.659,42.915402915312775,-40.422378174097744,83.33778108941053,1.0616743708269134,1.0639674683025147,0.47276785714286346
HTDPA_3h_150726,4,619,5048,5064,5051.655,5066.662,42.915402915312775,-40.50417795324821,83.41958086856098,1.0595302777122821,1.0676518378637143,0.5099410157241647
HTDPA_3h_150726,4,620,5056,5072,5059.66,5074.665,42.72730494599725,-40.50417795324821,83.23148289924546,1.054886362471424,1.0830762052402665,0.3180465756704974
HTDPA_3h_150726,4,621,5064,5080,5067.663,5082.67,42.72730494599725,-40.36881385170988,83.09611879770713,1.058423591610866,1.0980766011234855,0.17854438792335464
HTDPA_3h_150726,4,622,5072,5089,5075.665,5091.675,42.51048834632747,-40.36788525246341,82.87837359879089,1.053076921926033,1.0739806782497772,0.31197369106642703
HTDPA_3h_150726,4,623,5080,5097,5083.67,5099.677,42.51048834632747,-40.47321709544516,82.98370544177263,1.0503362815483128,1.0506996716995478,0.408962592182187
HTDPA_3h_150726,4,624,5089,5105,5092.675,5107.681,43.25049135071592,-40.477188178401605,83.72767952911752,1.068515213064976,1.0491353583094825,0.6029130691370399
HTDPA_3h_150726,4,625,5097,5113,5100.678,5115.686,43.25049135071592,-40.396218853861825,83.64671020457774,1.0706569223020543,1.0583416773826209,0.4150879631468139
HTDPA_3h_150726,4,626,5105,5121,5108.682,5123.689,42.76882767653047,-40.396218853861825,83.16504653039229,1.0587334381777622,1.0804097167586169,0.2590819220322832
HTDPA_3h_150726,4,627,5113,5129,5116.687,5131.692,42.76882767653047,-40.39248180811383,83.1613094846443,1.058831390447994,1.0822649879678963,0.3183149506438575
HTDPA_3h_150726,4,628,5121,5138,5124.69,5140.697,43.03974461929137,-40.39101718816411,83.43076180745548,1.0655771410456931,1.0855710199215987,0.3836957910552518
HTDPA_3h_150726,4,629,5129,5146,5132.693,5148.701,43.03974461929137,-40.37011993032485,83.40986454961622,1.0661287282171579,1.0941925168045443,0.6772451283766774
HTDPA_3h_150726,4,630,5138,5154,5141.697,5156.703,42.630972211160156,-40.37421180667921,83.00518401783937,1.0558960857313282,1.0598349628332686,0.5573572682751156
HTDPA_3h_150726,4,631,5146,5162,5149.701,5164.709,42.630972211160156,-40.39746453577782,83.02843674693798,1.055288313290163,1.045712467924159,0.4667440325266765
HTDPA_3h_150726,4,632,5154,5170,5157.704,5172.711,42.85685586526092,-40.39746453577782,83.25432040103874,1.0608798437660598,1.0655260747476214,0.4151957327321885
HTDPA_3h_150726,4,633,5162,5178,5165.709,5180.717,42.85685586526092,-40.26168520693415,83.11854107219507,1.064457576601384,1.0722896546889358,0.23108224762211008
HTDPA_3h_150726,4,634,5170,5186,5173.712,5188.722,42.46861833477524,-40.26168520693415,82.73030354170939,1.0548147231418172,1.0827032371176712,0.08222569651828292
HTDPA_3h_150726,4,635,5178,5194,5181.718,5196.727,42.46861833477524,-40.32936725770332,82.79798559247857,1.0530444988983383,1.0859383950621302,0.12788469639526012
HTDPA_3h_150726,4,636,5186,5203,5189.722,5205.73,42.53718368726666,-40.3284764063937,82.86566009366035,1.0547679326790236,1.0773321158615448,0.19315620073424086
HTDPA_3h_150726,4,637,5194,5211,5197.727,5213.734,42.53718368726666,-40.3927384940844,82.92992218135106,1.0530898689499926,1.0648869303746318,0.4170020690604603
HTDPA_3h_150726,4,638,5203,5219,5206.731,5221.738,42.71941562719593,-40.39829499038847,83.11771061758441,1.0574559059326563,1.0441875663528253,0.4125451856884367
HTDPA_3h_150726,4,639,5211,5227,5214.735,5229.741,42.71941562719593,-40.294903391360734,83.01431901855666,1.0601692033428478,1.0516243348363803,0.2910694010253663
HTDPA_3h_150726,4,640,5219,5235,5222.738,5237.745,42.65920766792276,-40.294903391360734,82.95411105928349,1.058675020351803,1.0805264527344003,0.35621583742115853
HTDPA_3h_150726,4,641,5227,5243,5230.742,5245.746,42.65920766792276,-40.29490339136074,82.95411105928349,1.0586750203518027,1.0832857105800968,0.37105816398038854
HTDPA_3h_150726,4,642,5235,5252,5238.748,5254.755,42.62358116512525,-40.288493791683884,82.91207495680914,1.0579591628695577,1.078519843724214,0.4603453984090187
HTDPA_3h_150726,4,643,5243,5260,5246.749,5262.759,42.62358116512525,-40.261979640841574,82.88556080596683,1.058655872000096,1.0694325110274405,0.4604926576808906
HTDPA_3h_150726,4,644,5252,5268,5255.758,5270.763,43.01713360511918,-40.26334611615548,83.28047972127466,1.0683944022193117,1.0430436006366697,0.4486992810346725
HTDPA_3h_150726,4,645,5260,5276,5263.76,5278.767,43.01713360511918,-40.44729181241768,83.46442541753686,1.0635355712965813,1.0483821428154716,0.4941778726325689
HTDPA_3h_150726,4,646,5268,5284,5271.764,5286.77,42.7729799495838,-40.44729181241768,83.22027176200149,1.0574992300585155,1.0705232604913302,0.43681814779888106
HTDPA_3h_150726,4,647,5276,5292,5279.767,5294.778,42.7729799495838,-40.448122267028346,83.22110221661214,1.057477518170246,1.0737936940885964,0.40056675132094505
HTDPA_3h_150726,4,648,5284,5301,5287.771,5303.783,42.77058673038761,-40.443320729461234,83.21390745984885,1.0575438900404404,1.0993174551723714,0.41848435428065267
HTDPA_3h_150726,4,649,5292,5309,5295.776,5311.788,42.77058673038761,-40.40001629630877,83.17060302669638,1.058677462323089,1.116053765262862,0.44411076545014916
HTDPA_3h_150726,4,650,5301,5317,5304.783,5319.794,42.51844561141511,-40.401201581525804,82.91964719294091,1.0524054717931324,1.0633059267362583,0.251310785840535
HTDPA_3h_150726,4,651,5309,5325,5312.788,5327.799,42.51844561141511,-40.401201581525804,82.91964719294091,1.0524054717931324,1.041231208906333,0.21530318432425433
HTDPA_3h_150726,4,652,5317,5333,5320.795,5335.804,42.76633631269847,-40.401201581525804,83.16753789422427,1.058541197751261,1.0614220091228888,0.3160704763996735
HTDPA_3h_150726,4,653,5325,5341,5328.8,5343.809,42.76633631269847,-40.35594180524459,83.12227811794307,1.0597283671159579,1.0695359362177341,0.2462544646202142
HTDPA_3h_150726,4,654,5333,5349,5336.805,5351.812,42.56785766074966,-40.35594180524459,82.92379946599425,1.0548101656549027,1.0826398565978645,0.2969550391323217
HTDPA_3h_150726,4,655,5341,5357,5344.809,5359.815,42.56785766074966,-40.31400384740602,82.88186150815568,1.0559074663453123,1.083361814259659,0.2971052974359417
HTDPA_3h_150726,4,656,5349,5366,5352.813,5368.822,42.26216731856402,-40.3124410828205,82.57460840138452,1.0483653726584772,1.079731221664971,0.3086210689846007
HTDPA_3h_150726,4,657,5357,5374,5360.815,5376.826,42.26216731856402,-40.40086185009416,82.66302916865817,1.0460709347086743,1.068912582897008,0.4758686401668858
HTDPA_3h_150726,4,658,5366,5382,5369.822,5384.831,42.63844630265615,-40.40369294535779,83.04213924801394,1.0553106212424852,1.0426063718082523,0.43441917676706926
HTDPA_3h_150726,4,659,5374,5390,5377.827,5392.837,42.63844630265615,-40.375872715900535,83.01431901855668,1.0560377630144595,1.049895994305276,0.5191046642490936
HTDPA_3h_150726,4,660,5382,5398,5385.832,5400.841,42.79208040562909,-40.375872715900535,83.16795312152962,1.059842859787326,1.0682028507691257,0.5847644724032058
HTDPA_3h_150726,4,661,5390,5406,5393.837,5408.845,42.79208040562909,-40.35594180524459,83.14802221087368,1.0603662928284803,1.070841103766315,0.6122989108451182
HTDPA_3h_150726,4,662,5398,5415,5401.841,5417.849,42.254436541097476,-40.353903416654774,82.60833995775225,1.047096636595961,1.1003329266226622,0.3780310909240299
HTDPA_3h_150726,4,663,5406,5422,5409.844,5424.854,42.26183513671976,-40.31192771087936,82.57376284759911,1.0483704832928187,1.0892607886849366,0.411535119478638
HTDPA_3h_150726,4,664,5415,5431,5418.85,5433.861,42.60232152709224,-40.31192771087936,82.9142492379716,1.0568167772238477,1.0484482706828566,0.45439354179604996
HTDPA_3h_150726,4,665,5422,5439,5425.857,5441.863,42.595526898459525,-41.24529829656738,83.8408251950269,1.0327365459253939,1.0542109858303939,1.92047019491145
HTDPA_3h_150726,4,666,5431,5447,5434.861,5449.863,42.66958835055606,-41.298923015654196,83.96851136621027,1.0331888881068962,1.0549858574429183,1.6078002007684586
HTDPA_3h_150726,4,667,5439,5455,5442.863,5457.867,42.66958835055606,-40.037047234749394,82.70663558530546,1.0657526290680548,1.0633584546015513,0.26796128203068
HTDPA_3h_150726,4,668,5447,5463,5450.864,5465.87,42.43830674148599,-40.037047234749394,82.47535397623538,1.059975939101035,1.0810599805336263,0.12950459907263556
HTDPA_3h_150726,4,669,5455,5471,5458.867,5473.876,42.43830674148599,-40.15248042563177,82.59078716711775,1.056928645294726,1.0839482033241656,0.28510821749076476
HTDPA_3h_150726,4,670,5463,5480,5466.87,5482.881,42.36037235106879,-40.149309598936505,82.5096819500053,1.0550710030687764,1.081763237740868,0.38027378088012537
HTDPA_3h_150726,4,671,5471,5488,5474.876,5490.885,42.36037235106879,-40.23999524242107,82.60036759348986,1.0526932743374786,1.0734936973157672,0.3726472537721365
HTDPA_3h_150726,4,672,5480,5496,5483.884,5498.891,43.01588792320319,-40.24216952358354,83.25805744678672,1.0689256675884269,1.0448309016256063,0.374140001595917
HTDPA_3h_150726,4,673,5488,5504,5491.886,5506.896,43.01588792320319,-40.14376065221979,83.15964857542298,1.0715460441254046,1.0461430757051886,0.3756931718886553
HTDPA_3h_150726,4,674,5496,5512,5499.891,5514.902,42.75263381162251,-40.14376065221979,82.8963944638423,1.0649882601185363,1.0646395535302444,0.36426149939140073
HTDPA_3h_150726,4,675,5504,5520,5507.897,5522.907,42.75263381162251,-40.246321796636856,82.99895560825937,1.062274312362008,1.0686564746529226,0.36937424957973086
HTDPA_3h_150726,4,676,5512,5529,5515.903,5531.909,48.63658591827784,-40.242109126884586,88.87869504516243,1.208599324775081,1.110924693987089,9.966012814780278
HTDPA_3h_150726,4,677,5520,5536,5523.906,5538.912,48.985195664660075,-40.145006334135786,89.13020199879585,1.2202064500113772,1.0988026239197184,5.744493091207235
HTDPA_3h_150726,4,678,5529,5545,5532.91,5547.915,42.36813332688484,-40.145006334135786,82.51313966102063,1.0553774228915416,1.0558502009716633,0.29843295524311386
HTDPA_3h_150726,4,679,5536,5553,5539.912,5555.919,42.36399615300625,-40.2341367626222,82.59813291562844,1.052936624512414,1.060616490626137,0.2683132816878457
HTDPA_3h_150726,4,680,5545,5561,5548.916,5563.921,42.64010721187748,-40.236771568614216,82.8768787804917,1.0597298329257094,1.0521899452545884,0.3513481367175333
HTDPA_3h_150726,4,681,5553,5569,5556.919,5571.927,42.64010721187748,-40.2558720246595,82.89597923653699,1.0592270162662845,1.0608997019765651,0.4604347826086934
HTDPA_3h_150726,4,682,5561,5577,5564.922,5579.933,42.67166448708272,-40.2558720246595,82.92753651174223,1.0600109335836367,1.0812330619115254,0.45877486030162656
HTDPA_3h_150726,4,683,5569,5585,5572.929,5587.94,42.67166448708272,-40.16120019904374,82.83286468612647,1.0625096928278244,1.0815536498957607,0.2705257459095097
HTDPA_3h_150726,4,684,5577,5594,5580.934,5596.944,42.557084399573135,-40.1595166410603,82.71660104063344,1.0597011109456802,1.083952953589766,0.2232741656961705
HTDPA_3h_150726,4,685,5585,5602,5588.94,5604.947,42.557084399573135,-41.1981586730311,83.75524307260423,1.032985108323096,1.0776888446185322,2.0649458374676923
HTDPA_3h_150726,4,686,5594,5610,5597.944,5612.951,46.167878397980544,-41.25241755745697,87.42029595543752,1.1191557036306357,1.0470259653718772,5.398417182809577
HTDPA_3h_150726,4,687,5602,5618,5605.947,5620.956,46.167878397980544,-40.41698021912844,86.58485861710898,1.1422891603398497,1.047310096508433,5.434863325084884
HTDPA_3h_150726,4,688,5610,5626,5613.951,5628.959,45.88884564879726,-40.41698021912844,86.3058258679257,1.1353853108273315,1.0711251458713664,4.958833785578216
HTDPA_3h_150726,4,689,5618,5634,5621.957,5636.967,45.88884564879726,-50.252054173228885,96.14089982202614,0.9131735289986201,1.0916579419895707,13.471196434278621
HTDPA_3h_150726,4,690,5626,5643,5629.959,5645.97,42.9050599806163,-49.7094728785575,92.6145328591738,0.8631163739240468,1.1165893766861392,15.158914660334922
HTDPA_3h_150726,4,691,5634,5650,5637.965,5652.973,42.91374200609144,-40.238432477835545,83.15217448392698,1.0664864251292474,1.0885687785748284,0.5245370199293765
HTDPA_3h_150726,4,692,5643,5659,5646.97,5661.982,42.96855201039529,-40.238432477835545,83.20698448823083,1.0678485558318798,1.0601191408862434,0.6584762636671854
HTDPA_3h_150726,4,693,5650,5667,5653.974,5669.989,42.95567241434263,-40.23616005203728,83.1918324663799,1.0675887649017257,1.0631976015530022,0.6807960659884186
HTDPA_3h_150726,4,694,5659,5675,5662.983,5677.991,42.760107903118495,-40.23843247783555,82.99854038095404,1.0626683314930807,1.0524800523442108,0.4698790316528853
HTDPA_3h_150726,4,695,5667,5683,5670.989,5685.997,42.760107903118495,-40.29490339136073,83.05501129447921,1.061179064950589,1.0621940244814794,0.44584067832198215
HTDPA_3h_150726,4,696,5675,5691,5678.992,5694.0,42.74017699246255,-40.29490339136073,83.03508038382327,1.0606844388570018,1.0792931171855387,0.3169453681710086
HTDPA_3h_150726,4,697,5683,5699,5686.998,5702.005,42.74017699246255,-40.248813160468856,82.98899015293141,1.0618990632608425,1.0792829644423503,0.23144298122722667
HTDPA_3h_150726,4,698,5691,5708,5695.0,5711.011,42.84653557932657,-40.248239391828754,83.09477497115532,1.0645567663768498,1.0875849447150037,0.23707522042365078
HTDPA_3h_150726,4,699,5699,5716,5703.005,5719.016,42.84653557932657,-40.28529276663914,83.13182834596572,1.0635776144789106,1.0851123968020013,0.2369695516662639
HTDPA_3h_150726,4,700,5708,5724,5712.013,5727.021,42.59526266290159,-40.285768390643426,82.88103105354502,1.0573277950134508,1.0465932360931467,0.10547343740605981
HTDPA_3h_150726,4,701,5716,5732,5720.016,5735.024,42.59526266290159,-40.411167036853776,83.00642969975536,1.0540468337391984,1.045400575126305,0.33819175012255154
HTDPA_3h_150726,4,702,5724,5740,5728.021,5743.028,42.936994735190055,-40.411167036853776,83.34816177204382,1.0625032109573278,1.0672595009965624,0.5277352549955385
HTDPA_3h_150726,4,703,5732,5748,5736.024,5751.03,42.936994735190055,-40.25462634274351,83.19162107793356,1.0666350339364181,1.0711366996119587,0.4410385721130775
HTDPA_3h_150726,4,704,5740,5756,5744.028,5759.034,46.69272571192055,-40.25462634274351,86.94735205466407,1.1599343964681368,1.0836598624567233,7.0144835885901
HTDPA_3h_150726,4,705,5748,5764,5752.031,5767.036,46.69272571192055,-40.28203134489544,86.97475705681599,1.159145260380159,1.0979494660247364,7.0731450423225235
HTDPA_3h_150726,4,706,5756,5773,5760.034,5776.04,42.52724843028816,-40.27843774130747,82.80568617159562,1.0558316264256304,1.0829366460854648,0.46093685039714455
HTDPA_3h_150726,4,707,5764,5781,5768.036,5784.043,42.52724843028816,-40.29685873448948,82.82410716477764,1.0553489717522255,1.0593046260944878,0.361910364717601
HTDPA_3h_150726,4,708,5773,5789,5777.041,5792.047,42.80329154287306,-40.29864043710872,83.10193197998179,1.0621522482792731,1.043759643506875,0.4800359755366334
HTDPA_3h_150726,4,709,5781,5797,5785.043,5800.052,42.80329154287306,-40.25753293388084,83.06082447675391,1.0632368260909923,1.05348667735078,0.4372861020711145
HTDPA_3h_150726,4,710,5789,5805,5793.047,5808.053,42.60979561858823,-40.25753293388084,82.86732855246908,1.0584303734799339,1.0742512301301195,0.31610118704624607
HTDPA_3h_150726,4,711,5797,5813,5801.051,5816.058,42.60979561858823,-40.34597634991661,82.95577196850485,1.0561101619908202,1.0754875355186833,0.454166099387363
HTDPA_3h_150726,4,712,5805,5822,5809.055,5825.063,43.83254188815597,-40.34312260589087,84.17566449404684,1.0864935348796125,1.0911184071698519,1.9906461229822474
HTDPA_3h_150726,4,713,5813,5830,5817.058,5833.066,43.83254188815597,-40.29341612264892,84.1259580108049,1.087833847463673,1.0949498621489884,2.314017905218632
HTDPA_3h_150726,4,714,5822,5838,5826.064,5841.072,42.7459901747372,-40.297394755192734,83.04338492992994,1.060763119661202,1.0516957541103957,0.5689619740493501
HTDPA_3h_150726,4,715,5830,5846,5834.067,5849.076,42.7459901747372,-40.29947089171938,83.04546106645658,1.0607084715725268,1.042411321334017,0.5411489999999815
HTDPA_3h_150726,4,716,5838,5854,5842.073,5857.081,42.687858351990684,-40.29947089171938,82.98732924371006,1.059265975642426,1.0638328437017721,0.31898228760132663
HTDPA_3h_150726,4,717,5846,5862,5850.076,5865.086,42.687858351990684,-40.242999978194206,82.93085833018489,1.0607523886171815,1.070385544595667,0.3191994953035245
HTDPA_3h_150726,4,718,5854,5870,5858.082,5873.091,42.839001091131635,-40.242999978194206,83.08200106932584,1.0645081409026187,1.0801921689885636,0.4001259445843783
HTDPA_3h_150726,4,719,5862,5878,5866.086,5881.096,42.839001091131635,-40.28078566297945,83.11978675411109,1.0635095712768916,1.0806737258550723,0.39994405007517814
HTDPA_3h_150726,4,720,5870,5887,5874.092,5890.103,42.51302500768368,-40.2751461212143,82.78817112889797,1.0555647614470258,1.0744431989245729,0.3866739863139551
HTDPA_3h_150726,4,721,5878,5895,5882.097,5898.106,42.51302500768368,-40.26666038501077,82.77968539269446,1.0557872095970768,1.0634485416120185,0.3867136242206354
HTDPA_3h_150726,4,722,5887,5903,5891.104,5906.11,42.44038287801264,-40.271650662262125,82.71203354027477,1.053852578180581,1.0408797598157316,0.32004397656590505
HTDPA_3h_150726,4,723,5895,5911,5899.107,5914.114,42.44038287801264,-40.231373613644905,82.67175649165755,1.0549076272061098,1.0495607557503301,0.23828829733803705
HTDPA_3h_150726,4,724,5903,5919,5907.11,5922.117,42.50889538339248,-40.231373613644905,82.74026899703739,1.0566105893281041,1.076369325710213,0.23995107018294398
HTDPA_3h_150726,4,725,5911,5927,5915.115,5930.12,42.50889538339248,-40.323969302734,82.83286468612647,1.0541843007630287,1.077938086572276,0.29282182386911176
HTDPA_3h_150726,4,726,5919,5936,5923.117,5939.126,42.49865059333182,-40.32035305038392,82.81900364371575,1.0540247636280842,1.0919002158914437,0.32706387344981547
HTDPA_3h_150726,4,727,5927,5943,5931.121,5946.129,42.502251746507156,-40.227636567896916,82.72988831440406,1.0565435947192947,1.0804959661505913,0.23812085926521737
HTDPA_3h_150726,4,728,5936,5952,5940.126,5955.131,42.606058572840226,-40.227636567896916,82.83369514073715,1.059124080056977,1.0631210954301744,0.3047100105268405
HTDPA_3h_150726,4,729,5943,5960,5947.129,5963.136,42.60087200631725,-40.24669927600535,82.8475712823226,1.0584935602834749,1.0673351732933793,0.3418125081329969
HTDPA_3h_150726,4,730,5952,5968,5956.132,5971.141,42.30377309455833,-40.250058842384846,82.55383193694317,1.0510238819827722,1.054099722485952,0.3042515692901955
HTDPA_3h_150726,4,731,5960,5976,5964.136,5979.146,42.30377309455833,-40.23220406825558,82.53597716281391,1.0514903191181932,1.0630256953607826,0.2062346998838184
HTDPA_3h_150726,4,732,5968,5984,5972.142,5987.151,42.44578083298197,-40.23220406825558,82.67798490123755,1.0550200222928618,1.0787157449428204,0.30714536825452277
HTDPA_3h_150726,4,733,5976,5992,5980.146,5995.156,42.44578083298197,-40.25628725196484,82.7020680849468,1.0543888602372355,1.0899629167254508,0.45630371586511426
HTDPA_3h_150726,4,734,5984,6001,5988.152,6004.161,42.431882042634385,-40.25545679735417,82.68733883998856,1.0540653471214183,1.075737483813192,0.5676690280011374
HTDPA_3h_150726,4,735,5992,6009,5996.157,6012.167,42.431882042634385,-40.251108235029236,82.68299027766362,1.0541792239575478,1.0569255234255313,0.5754963500690711
HTDPA_3h_150726,4,736,6001,6017,6005.161,6020.168,42.50059083728583,-40.25296543352218,82.753556270808,1.055837511089105,1.0445210326917087,0.4165923220118566
HTDPA_3h_150726,4,737,6009,6025,6013.166,6028.172,42.50059083728583,-40.328536803092646,82.82912764037847,1.053858984391088,1.053064728703234,0.4009758921991744
HTDPA_3h_150726,4,738,6017,6033,6021.169,6036.176,42.57117947919232,-40.328536803092646,82.89971628228497,1.055609324162926,1.078560765853184,0.3490235363062274
HTDPA_3h_150726,4,739,6025,6041,6029.172,6044.183,42.57117947919232,-40.41324317338044,82.98442265257276,1.053396761466382,1.0797571582099084,0.3560857230063985
HTDPA_3h_150726,4,740,6033,6050,6037.177,6053.185,42.17084750974041,-40.40913619785134,82.57998370759175,1.043596856494615,1.0802972314385486,0.5516540712195666
HTDPA_3h_150726,4,741,6041,6058,6045.183,6061.192,42.17084750974041,-40.313588620100695,82.4844361298411,1.046070294241026,1.0807701180160012,0.46935413861351816
HTDPA_3h_150726,4,742,6050,6066,6054.186,6069.196,42.50142129189649,-40.31649521123802,82.81791650313451,1.054194345743859,1.0519163583710027,0.3240948198062799
HTDPA_3h_150726,4,743,6058,6074,6062.192,6077.201,42.50142129189649,-40.23801725053021,82.73943854242671,1.056250386972943,1.0451586849353196,0.3433752879360498
HTDPA_3h_150726,4,744,6066,6082,6070.197,6085.205,42.652979258342775,-40.23801725053021,82.89099650887299,1.0600169236167007,1.0602087493138843,0.44115274410403676
HTDPA_3h_150726,4,745,6074,6090,6078.202,6093.21,42.652979258342775,-44.39112075846371,87.04410001680648,0.9608448385527745,1.070044723190059,7.001736392691899
HTDPA_3h_150726,4,746,6082,6098,6086.205,6101.214,42.46197469788993,-44.39112075846371,86.85309545635363,0.9565420735585739,1.0801218805937323,6.917902184825745
HTDPA_3h_150726,4,747,6090,6106,6094.211,6109.216,42.46197469788993,-41.597056220882784,84.05903091877272,1.0207927809221493,1.0824105749027724,2.3516128649829064
HTDPA_3h_150726,4,748,6098,6115,6102.215,6118.223,42.39848266811093,-41.52792464933864,83.92640731744956,1.0209631958765886,1.0710492899492883,2.671182179440494
HTDPA_3h_150726,4,749,6106,6123,6110.217,6126.227,42.39848266811093,-40.1137057449011,82.51218841301203,1.056957513168682,1.0562942807239384,0.45937500480359034
HTDPA_3h_150726,4,750,6115,6131,6119.224,6134.229,42.43623060495932,-40.11386428623586,82.55009489119519,1.0578943554814868,1.0436812265862696,0.3083669589098875
HTDPA_3h_150726,4,751,6123,6139,6127.227,6142.234,42.43623060495932,-40.06860450995464,82.50483511491396,1.0590893075504157,1.0516832464601096,0.24548581264027683
HTDPA_3h_150726,4,752,6131,6147,6135.229,6150.239,42.18211149409597,-40.06860450995464,82.25071600405062,1.0527472071960042,1.0720686728623812,0.24175348081136736
HTDPA_3h_150726,4,753,6139,6155,6143.234,6158.245,42.18211149409597,-40.01047268720812,82.19258418130408,1.0542767595840514,1.073881566496916,0.24417144069594932
HTDPA_3h_150726,4,754,6147,6164,6151.239,6167.25,42.59299023710331,-40.01021600123756,82.60320623834087,1.0645528690918804,1.1001542222012377,0.4880833749184023
HTDPA_3h_150726,4,755,6155,6171,6159.246,6174.254,42.6031519817029,-39.99178745846817,82.59493944017106,1.0652975195456482,1.0884250738480716,0.490063343639233
HTDPA_3h_150726,4,756,6164,6180,6168.25,6183.259,42.3137385498863,-39.99178745846817,82.30552600835446,1.0580606979327818,1.067123637501591,0.49290851486746523
HTDPA_3h_150726,4,757,6171,6188,6175.255,6191.262,42.305320759969106,-40.03929701178556,82.34461777175466,1.0565949933515701,1.0709236047314534,0.6279917940202288
HTDPA_3h_150726,4,758,6180,6196,6184.259,6199.266,42.52758061213244,-40.044106098940034,82.57168671107247,1.0620184780016388,1.0519432288810788,0.4469592525357311
HTDPA_3h_150726,4,759,6188,6204,6192.263,6207.269,42.52758061213244,-40.13047337844915,82.65805399058159,1.0597328421989305,1.0597456449095282,0.37499389652730925
HTDPA_3h_150726,4,760,6196,6212,6200.267,6215.272,42.380590146044796,-40.13047337844915,82.51106352449395,1.0560700280401876,1.0748789959895269,0.21375798261813886
HTDPA_3h_150726,4,761,6204,6220,6208.269,6223.278,42.380590146044796,-40.01628586948278,82.39687601552757,1.059083551238949,1.0762459710142125,0.1561512411937303
HTDPA_3h_150726,4,762,6212,6229,6216.272,6232.283,42.48901731984811,-40.015712100842684,82.5047294206908,1.0618083519986476,1.0725217427441904,0.22216528421059165
HTDPA_3h_150726,4,763,6220,6237,6224.279,6240.29,42.48901731984811,-40.027912234032094,82.5169295538802,1.0614847227461333,1.067652221311067,0.2088934740299953
HTDPA_3h_150726,4,764,6229,6245,6233.284,6248.296,42.365226735747505,-40.02998837055875,82.39521510630625,1.0583372231730719,1.0468516652874262,0.5581211889091745
HTDPA_3h_150726,4,765,6237,6253,6241.293,6256.3,42.365226735747505,-40.026666552116076,82.39189328786358,1.0584250547216203,1.0471455344349994,0.585042181972129
HTDPA_3h_150726,4,766,6245,6261,6249.297,6264.304,42.4951928823165,-40.026666552116076,82.52185943443257,1.061672043735801,1.0590006083196055,0.4103019538188211
HTDPA_3h_150726,4,767,6253,6269,6257.302,6272.306,42.4951928823165,-39.9432058637443,82.43839874606081,1.0638903904528252,1.0645295156338845,0.3815937503148026
HTDPA_3h_150726,4,768,6261,6278,6265.304,6281.312,42.226533266179146,-39.9419375330662,82.16847079924534,1.057197919635762,1.105595088578939,0.49447988742206
HTDPA_3h_150726,4,769,6269,6285,6273.307,6288.316,42.231523543430505,-40.01628586948277,82.24780941291328,1.0553584028556013,1.0932759334933133,0.47154822065943597
HTDPA_3h_150726,4,770,6278,6294,6282.312,6297.326,52.92196574651544,-40.01628586948277,92.93825161599821,1.3225106877516286,1.0754169268191704,9.063185301016405
HTDPA_3h_150726,4,771,6285,6302,6289.317,6305.328,52.334917382236675,-42.535734166491686,94.87065154872836,1.2303753163725684,1.0821092762546238,12.043590749125276
HTDPA_3h_150726,4,772,6294,6310,6298.325,6313.333,48.633498137043645,-42.68121471510537,91.31471285214901,1.1394590913512987,1.0562652827886305,8.834992156060292
HTDPA_3h_150726,4,773,6302,6318,6306.329,6321.339,48.633498137043645,-41.051032314370815,89.68453045141446,1.184708286130442,1.0642895036615054,10.06915139196903
HTDPA_3h_150726,4,774,6310,6326,6314.334,6329.342,42.410486512028726,-41.051032314370815,83.46151882639954,1.0331162000323681,1.0769233791943487,1.6455958647177626
HTDPA_3h_150726,4,775,6318,6334,6322.34,6337.346,42.410486512028726,-40.85338411703266,83.26387062906139,1.0381144041956336,1.0772796405670155,1.579263337422578
HTDPA_3h_150726,4,776,6326,6343,6330.343,6346.351,60.87694330918293,-40.801563749327194,101.67850705851012,1.492024758737017,1.1333412580279125,24.638519801771416
HTDPA_3h_150726,4,777,6334,6351,6338.346,6354.357,60.87694330918293,-40.12276524974471,100.99970855892764,1.5172668915079395,1.1345083353941006,27.294153983323284
HTDPA_3h_150726,4,778,6343,6359,6347.352,6362.363,42.73187244635591,-40.130473378449146,82.86234582480506,1.0648235330636235,1.0507843901626528,0.9955371594365579
HTDPA_3h_150726,4,779,6351,6367,6355.357,6370.371,42.73187244635591,-39.92161404386702,82.65348649022292,1.0703944083874188,1.0451814965926456,0.843131179165661
HTDPA_3h_150726,4,780,6359,6375,6363.363,6378.373,42.46197469788992,-39.92161404386702,82.38358874175694,1.0636337160925278,1.0632425400477081,0.6022880356440741
HTDPA_3h_150726,4,781,6367,6383,6371.37,6386.378,42.46197469788992,-39.936977454164314,82.39895215205424,1.0632245453883822,1.070086028033809,0.5689290627535364
HTDPA_3h_150726,4,782,6375,6391,6379.373,6394.383,42.54585061356704,-39.936977454164314,82.48282806773136,1.0653247522899532,1.0783901462380328,0.640000755115903
HTDPA_3h_150726,4,783,6383,6399,6387.379,6402.388,42.54585061356704,-39.991787458468174,82.53763807203521,1.0638646911631866,1.09386899313732,0.6265231893025753
HTDPA_3h_150726,4,784,6391,6408,6395.384,6411.393,44.49633180804754,-39.98771823087591,84.48405003892346,1.112749958653314,1.0777414449371334,3.9527690430284173
HTDPA_3h_150726,4,785,6399,6416,6403.388,6419.398,44.49633180804754,-39.93073394540959,84.42706575345713,1.114337940015821,1.0547029209957286,3.957452133612769
HTDPA_3h_150726,4,786,6408,6424,6412.393,6427.402,43.195681346412066,-39.9382231360803,83.13390448249237,1.0815624220244533,1.0459362346739667,1.653561856622689
HTDPA_3h_150726,4,787,6416,6432,6420.399,6435.404,43.195681346412066,-41.07220890694276,84.26789025335484,1.0517009553657182,1.0552138827757618,2.134656456953631
HTDPA_3h_150726,4,788,6424,6440,6428.4,6443.411,42.36937900880082,-41.07220890694276,83.44158791574358,1.0315826719911037,1.0811683699475214,2.0761151308259334
HTDPA_3h_150726,4,789,6432,6448,6436.405,6451.415,42.36937900880082,-39.86638881225782,82.23576782105863,1.062784472612513,1.0828756076828059,0.24703761676343194
HTDPA_3h_150726,4,790,6440,6457,6444.411,6460.419,41.98627519772652,-39.86055298122106,81.84682817894759,1.0533289695581223,1.0836279506516109,0.4913904914127753
HTDPA_3h_150726,4,791,6448,6465,6452.416,6468.423,41.98627519772652,-45.43066874091887,87.41694393864539,0.9241835165835888,1.0984372795727768,9.766205007048942
HTDPA_3h_150726,4,792,6457,6473,6461.419,6476.427,48.82159610635916,-45.750990183426936,94.5725862897861,1.0671156167466849,1.0687711628176875,10.057433581693074
HTDPA_3h_150726,4,793,6465,6481,6469.424,6484.432,48.82159610635916,-40.048673599298695,88.87026970565785,1.2190565059616378,1.0479138866390607,10.153788663165559
HTDPA_3h_150726,4,794,6473,6489,6477.428,6492.438,42.24356513528514,-40.048673599298695,82.29223873458383,1.054805598755832,1.0572525839854494,0.39872937543520054
HTDPA_3h_150726,4,795,6481,6497,6485.432,6500.441,42.24356513528514,-39.966043365537566,82.2096085008227,1.0569864209203021,1.0658058682323193,0.39201619298236645
HTDPA_3h_150726,4,796,6489,6505,6493.437,6508.447,42.29712945767301,-39.966043365537566,82.26317282321057,1.0583266667359301,1.0813828975689213,0.21552464212885097
HTDPA_3h_150726,4,797,6497,6513,6501.442,6516.451,42.29712945767301,-45.584484033988694,87.88161349166171,0.9278843526261136,1.0869688254197798,9.209552793094176
HTDPA_3h_150726,4,798,6505,6522,6509.448,6525.457,41.984070718214575,-45.284720117888256,87.26879083610282,0.9271133973869948,1.0745584123052918,9.136050961761711
HTDPA_3h_150726,4,799,6513,6530,6517.451,6533.461,41.984070718214575,-40.06602255107421,82.0500932692888,1.0478721880789472,1.0575169670274498,0.4201640094234784
HTDPA_3h_150726,4,800,6522,6538,6526.458,6541.465,42.438721968791306,-40.07109587378664,82.50981784257795,1.0590856337561134,1.0438390590371358,0.47751195209097413
HTDPA_3h_150726,4,801,6530,6546,6534.461,6549.47,42.438721968791306,-40.0320645070854,82.47078647587671,1.0601182449953324,1.0503020619994312,0.4628086357594533
HTDPA_3h_150726,4,802,6538,6554,6542.466,6557.475,42.26308081863575,-40.0320645070854,82.29514532572115,1.0557307333264183,1.0662479397800853,0.3564499755288996
HTDPA_3h_150726,4,803,6546,6562,6550.471,6565.48,42.26308081863575,-47.6863646535807,89.94944547221645,0.8862718121974155,1.0777662402486012,12.296654710631625
HTDPA_3h_150726,4,804,6554,6571,6558.475,6574.484,53.03304282548552,-47.276935431348335,100.30997825683386,1.1217529719644315,1.114852569743695,25.554097999099262
HTDPA_3h_150726,4,805,6562,6579,6566.479,6582.487,53.03304282548552,-39.93278743317414,92.96583025865966,1.3280576246833287,1.1168616885256868,16.93329065680214
HTDPA_3h_150726,4,806,6571,6587,6575.485,6590.492,42.325364914435596,-39.934486090332314,82.25985100476791,1.0598700285937093,1.0586911773356433,0.3652092797867765
HTDPA_3h_150726,4,807,6579,6595,6583.487,6598.497,42.325364914435596,-40.13462565150248,82.45999056593809,1.0545847688217094,1.0415183680540347,0.548724004229813
HTDPA_3h_150726,4,808,6587,6603,6591.493,6606.503,42.27761377432238,-40.13462565150248,82.41223942582486,1.0533949946718806,1.0501388529122382,0.5807892681697979
HTDPA_3h_150726,4,809,6595,6612,6599.498,6615.506,42.27282733593001,-49.068633704269764,91.34146104019977,0.8615040636897047,1.1028900994777229,14.692200599262668
HTDPA_3h_150726,4,810,6603,6619,6607.503,6622.509,43.32149521992775,-49.595164576193206,92.91665979612095,0.8735023986738223,1.0958560859637865,10.803813194621318
HTDPA_3h_150726,4,811,6612,6627,6616.506,6630.512,43.38618008451115,-47.47677300902371,90.86295309353486,0.9138401229642319,1.060730154929615,9.327450205168292
HTDPA_3h_150726,4,812,6619,6636,6623.509,6639.519,42.641367992968206,-46.668408491002815,89.30977648397102,0.9137094958185475,1.0805228899565194,11.102258623085708
HTDPA_3h_150726,4,813,6627,6644,6631.513,6647.52,42.641367992968206,-40.120923150426506,82.76229114339472,1.0628212076051122,1.0623129002467935,1.501088796233555
HTDPA_3h_150726,4,814,6636,6652,6640.517,6655.526,53.551035114093864,-40.12133837773184,93.67237349182571,1.3347270375161708,1.0658948639173014,17.812125287575395
HTDPA_3h_150726,4,815,6644,6660,6648.521,6663.529,53.551035114093864,-39.9407144999123,93.49174961400617,1.34076307308452,1.06975795532189,17.8432455431297
HTDPA_3h_150726,4,816,6652,6668,6656.526,6671.535,42.73768562863056,-39.9407144999123,82.67840012854286,1.0700280694458884,1.073063666976894,0.5748243235099053
HTDPA_3h_150726,4,817,6660,6676,6664.53,6679.543,42.73768562863056,-40.07275678300796,82.81044241163852,1.066502258880093,1.075773461769454,0.8824203495893319
HTDPA_3h_150726,4,818,6668,6684,6672.538,6687.551,42.42792605885268,-40.07275678300796,82.50068284186064,1.0587723297550464,1.0779066632948509,0.48054960541150504
HTDPA_3h_150726,4,819,6676,6692,6680.545,6695.556,42.42792605885268,-40.03829291666538,82.46621897551805,1.0596836919885926,1.094670711567575,0.44790413131592427
HTDPA_3h_150726,4,820,6684,6701,6688.552,6704.563,42.26503616176451,-40.03546182140175,82.30049798316627,1.0556899867999248,1.0773445113411166,0.5579339023406689
HTDPA_3h_150726,4,821,6692,6709,6696.557,6712.567,42.26503616176451,-40.04068613586157,82.30572229762609,1.0555522454923856,1.0532540699257606,0.47755370749775405
HTDPA_3h_150726,4,822,6701,6717,6705.564,6720.571,42.52924152135376,-40.042860417024045,82.57210193837781,1.0620929943174748,1.0478374129551231,0.3951413054410176
HTDPA_3h_150726,4,823,6709,6725,6713.568,6728.574,42.52924152135376,-40.97629139941102,83.50553292076478,1.0378987475173282,1.056692291854774,1.7088662808043622
HTDPA_3h_150726,4,824,6717,6733,6721.573,6736.579,42.174637402599984,-40.97629139941102,83.15092880201101,1.0292448623890398,1.080711018816088,1.6761744584377885
HTDPA_3h_150726,4,825,6725,6741,6729.576,6744.583,42.174637402599984,-39.92618154422567,82.10081894682565,1.0563153242161094,1.082158266292791,0.4199044126944028
HTDPA_3h_150726,4,826,6733,6750,6737.579,6753.589,50.23441078754595,-39.92085908513005,90.155269872676,1.2583499438331864,1.0877063084320613,12.975792361386294
HTDPA_3h_150726,4,827,6741,6758,6745.583,6761.592,50.23441078754595,-39.96842148555901,90.20283227310496,1.2568525080655522,1.0884664013843872,12.912515584135582
HTDPA_3h_150726,4,828,6750,6766,6754.59,6769.594,41.95290602155254,-39.98016109391887,81.93306711547142,1.0493430960170327,1.0504995194767452,0.4590837265167165
HTDPA_3h_150726,4,829,6758,6774,6762.592,6777.599,41.95290602155254,-39.97850018469754,81.93140620625007,1.0493866910397691,1.04625611410599,0.30167897342853
HTDPA_3h_150726,4,830,6766,6782,6770.595,6785.601,42.17256126607332,-39.97850018469754,82.15106145077087,1.0548810253321008,1.0730661485761352,0.4593642530048745
HTDPA_3h_150726,4,831,6774,6791,6778.6,6794.607,42.16459645139832,-42.5426495885223,84.70724603992062,0.99111354979578,1.1100748881541693,4.289400230799765
HTDPA_3h_150726,4,832,6782,6798,6786.602,6801.609,42.310416731443645,-42.69906948923466,85.0094862206783,0.9908978635262999,1.0856557937194753,2.9654896693205783
HTDPA_3h_150726,4,833,6791,6806,6795.608,6809.613,42.321386281891776,-39.98320357762885,82.30458985952063,1.0584791236080735,1.053153544137303,0.6282972107710763
HTDPA_3h_150726,4,834,6798,6815,6802.61,6818.615,42.54189462978533,-39.97041457662461,82.51230920640995,1.064334585477744,1.0655465041264152,0.7132619416654965
HTDPA_3h_150726,4,835,6806,6823,6810.613,6826.621,42.54189462978533,-40.239391275431494,82.78128590521683,1.0572201338383478,1.054635000241259,0.8357179566125371
HTDPA_3h_150726,4,836,6815,6831,6819.615,6834.626,42.508064928781806,-40.256702479270174,82.76476740805198,1.0559251580695401,1.0432967483874003,0.85538620537416
HTDPA_3h_150726,4,837,6823,6839,6827.622,6842.63,42.508064928781806,-39.85476244770852,82.36282737649032,1.0665742891970453,1.0510761082279283,0.4380021779023688
HTDPA_3h_150726,4,838,6831,6847,6835.627,6850.634,42.20038149553058,-39.85476244770852,82.0551439432391,1.0588541720929747,1.0690834575978352,0.2400789413759109
HTDPA_3h_150726,4,839,6839,6855,6843.63,6858.639,42.20038149553058,-39.93780790877498,82.13818940430556,1.0566524229853507,1.0721954869159664,0.32227990799484935
HTDPA_3h_150726,4,840,6847,6864,6851.635,6867.643,42.15885876499736,-39.93592806151993,82.09478682651729,1.0556624275778212,1.0851651805132432,0.35280016067572817
HTDPA_3h_150726,4,841,6855,6872,6859.639,6875.645,42.15885876499736,-40.22118167069583,82.38004043569319,1.0481755387041072,1.0909576804471215,0.595928063593188
HTDPA_3h_150726,4,842,6864,6880,6868.643,6883.649,42.11110762488414,-40.23552588669822,82.34663351158235,1.0466150670794634,1.0554831952426393,0.8287045992023042
HTDPA_3h_150726,4,843,6872,6888,6876.646,6891.654,42.11110762488414,-39.861406084593845,81.972513709478,1.0564380878967485,1.040871163985349,0.6969307452283731
HTDPA_3h_150726,4,844,6880,6896,6884.65,6899.658,42.42418901310469,-39.861406084593845,82.28559509769853,1.0642923363785037,1.0494767975184862,0.35910985517484506
HTDPA_3h_150726,4,845,6888,6904,6892.654,6907.663,42.42418901310469,-44.53271326958202,86.95690228268671,0.9526522391817174,1.0612364325705816,7.98573584184892
HTDPA_3h_150726,4,846,6896,6912,6900.658,6915.668,42.05048443830563,-44.53271326958202,86.58319770788765,0.9442605525459445,1.0823725365664862,7.991762900441206
HTDPA_3h_150726,4,847,6904,6920,6908.664,6923.672,42.05048443830563,-39.91663131620303,81.96711575450865,1.0534577455998002,1.0807440565755972,0.4742896004619945
HTDPA_3h_150726,4,848,6912,6929,6916.669,6932.677,41.80266923289595,-39.91092382815156,81.7135930610475,1.047399188575285,1.0673658951085339,0.4972325248272812
HTDPA_3h_150726,4,849,6920,6937,6924.673,6940.681,41.80266923289595,-39.967877915268396,81.77054714816435,1.0459066483719075,1.0581138513545998,0.496886196894743
HTDPA_3h_150726,4,850,6929,6945,6933.678,6948.687,42.31664514102363,-39.97144132050689,82.28808646153053,1.0586719853735562,1.0427090160333616,0.47730239786856804
HTDPA_3h_150726,4,851,6937,6953,6941.682,6956.692,42.31664514102363,-39.838983810105894,82.15562895112953,1.0621918807650217,1.047183282002086,0.403513699287878
HTDPA_3h_150726,4,852,6945,6961,6949.687,6964.695,42.41048651202871,-39.838983810105894,82.24947032213461,1.0645473969461667,1.060193922390146,0.4363604145736879
HTDPA_3h_150726,4,853,6953,6969,6957.692,6972.699,42.41048651202871,-49.47142683920419,91.8819133512329,0.8572723533904634,1.0797215244788736,15.303648573533197
HTDPA_3h_150726,4,854,6961,6978,6965.695,6981.704,42.2122796452252,-48.94877645518876,91.16105610041396,0.8623766047322832,1.1064626534554087,14.900588152088465
HTDPA_3h_150726,4,855,6969,6985,6973.699,6988.706,42.21532967852255,-39.75759925826076,81.97292893678332,1.061817877993504,1.078661280432957,0.44196300217306955
HTDPA_3h_150726,4,856,6978,6994,6982.705,6997.71,42.25685240905577,-39.75759925826076,82.01445166731654,1.0628622753240242,1.0637046068667826,0.4942825680827435
HTDPA_3h_150726,4,857,6985,7002,6989.707,7005.714,42.24791369761007,-39.92955620977991,82.17746990738999,1.058061188450232,1.0688575623648184,0.5915129736000506
HTDPA_3h_150726,4,858,6994,7010,6998.71,7013.72,42.32411923251961,-39.93282518111098,82.25694441363058,1.0598829168876276,1.051158261587928,0.6211770763398455
HTDPA_3h_150726,4,859,7002,7018,7006.715,7021.726,42.32411923251961,-39.82943358208325,82.15355281460285,1.062634223640041,1.0594032069512551,0.42712835857104225
HTDPA_3h_150726,4,860,7010,7026,7014.721,7029.729,41.8108982831289,-39.82943358208325,81.64033186521215,1.0497487541961177,1.0796885754596666,0.26995300484193346
HTDPA_3h_150726,4,861,7018,7034,7022.724,7037.733,41.8108982831289,-39.87926085872312,81.69015914185202,1.0484371420836718,1.0863367619575761,0.269788345803515
HTDPA_3h_150726,4,862,7026,7043,7030.73,7046.737,42.068173121512785,-39.87740366023018,81.94557678174297,1.054937615295839,1.0660426747027965,0.5776155024841878
HTDPA_3h_150726,4,863,7034,7051,7038.733,7054.743,42.068173121512785,-39.788439322665894,81.85661244417868,1.057296386529748,1.0515564368277448,0.709294245770001
HTDPA_3h_150726,4,864,7043,7059,7047.738,7062.748,42.031383982260344,-39.791232669992674,81.82261665225302,1.0562976103516646,1.047585340935167,0.4495463195554502
HTDPA_3h_150726,4,865,7051,7068,7055.744,7071.753,42.02719396127017,-47.927136093974475,89.95433005524464,0.8768976698057688,1.0997352814690453,13.357959804389921
HTDPA_3h_150726,4,866,7059,7075,7063.749,7078.756,42.32661059635161,-48.39308152725625,90.71969212360786,0.8746417723473996,1.094892561563982,7.926625808991133
HTDPA_3h_150726,4,867,7068,7083,7072.754,7086.759,42.35321534224236,-39.785283595145366,82.13849893738772,1.0645447641702956,1.0535855931537477,0.43470149356618254
HTDPA_3h_150726,4,868,7075,7092,7079.756,7095.764,41.79844146396894,-39.78312441315764,81.58156587712658,1.0506575861131906,1.0654053206623981,0.28674870184385803
HTDPA_3h_150726,4,869,7083,7100,7087.759,7103.767,41.79844146396894,-40.00260601716892,81.80104748113786,1.0448929613742979,1.0543665612133015,0.39363890619878866
HTDPA_3h_150726,4,870,7092,7108,7096.764,7111.771,42.1169208071588,-40.01088791451346,82.12780872167227,1.0526364947747486,1.0459335737423014,0.6558850295768385
HTDPA_3h_150726,4,871,7100,7116,7104.767,7119.776,42.1169208071588,-39.756353576344765,81.87327438350357,1.0593758485994194,1.055821134799932,0.45227582324510635
HTDPA_3h_150726,4,872,7108,7124,7112.772,7127.78,41.775188734870326,-39.756353576344765,81.53154231121509,1.050780189250726,1.078840683399365,0.258987237336639
HTDPA_3h_150726,4,873,7116,7132,7120.777,7135.787,41.775188734870326,-39.866804039563156,81.64199277443348,1.0478690163729534,1.079656080026238,0.3770216661580688
HTDPA_3h_150726,4,874,7124,7141,7128.781,7144.793,42.01152101789073,-39.86411638645955,81.87563740435027,1.0538681106239338,1.0609664311667364,0.45315820455569117
HTDPA_3h_150726,4,875,7132,7149,7136.787,7152.8,42.01152101789073,-39.77264558588853,81.78416660377925,1.056291840761947,1.0494086045333404,0.4365848507126167
HTDPA_3h_150726,4,876,7141,7157,7145.795,7160.802,42.29173150270368,-39.77628448700072,82.0680159897044,1.0632398688853162,1.0439334668712954,0.24229167299111432
HTDPA_3h_150726,4,877,7149,7165,7153.8,7168.807,42.29173150270368,-39.76133630400874,82.05306780671242,1.0636395914701646,1.0545037076680233,0.27009564293303195
HTDPA_3h_150726,4,878,7157,7173,7161.803,7176.811,50.44928714326172,-39.76133630400874,90.21062344727046,1.2688026065707307,1.095548268652301,13.94595021541406
HTDPA_3h_150726,4,879,7165,7181,7169.808,7184.817,50.44928714326172,-39.71026334545288,90.1595504887146,1.2704344643697394,1.0966056398517687,13.985942164479837
HTDPA_3h_150726,4,880,7173,7190,7177.812,7193.821,41.81354063870829,-39.70947063877906,81.52301127748734,1.0529866041043232,1.0645940289636733,0.2767945443466333
HTDPA_3h_150726,4,881,7181,7198,7185.817,7201.827,41.81354063870829,-45.466272594954276,87.27981323366257,0.9196606242876537,1.058935994913619,9.53450213098112
HTDPA_3h_150726,4,882,7190,7206,7194.822,7209.836,42.125640580570774,-45.76054041144959,87.88618099202037,0.9205669382792223,1.0473937447947106,8.838525734911997
HTDPA_3h_150726,4,883,7198,7214,7202.828,7217.84,42.125640580570774,-39.764242895146076,81.88988347571686,1.0593849527489168,1.0536344341925532,0.2834138030697127
HTDPA_3h_150726,4,884,7206,7222,7210.836,7225.844,42.168408993019995,-39.764242895146076,81.93265188816608,1.0604605022711846,1.079171478798909,0.28551996756537945
HTDPA_3h_150726,4,885,7214,7230,7218.84,7233.848,42.168408993019995,-39.92244449847769,82.09085349149768,1.0562581906683581,1.0786951287868387,0.5628152108487019
HTDPA_3h_150726,4,886,7222,7239,7226.845,7242.853,42.09951900827168,-39.91491001028274,82.01442901855441,1.0547316528441664,1.0805664383538378,0.7356067585271259
HTDPA_3h_150726,4,887,7230,7247,7234.849,7250.858,42.09951900827168,-39.75328844387268,81.85280745214436,1.0590197856892172,1.089415259273717,0.3158825326341295
HTDPA_3h_150726,4,888,7239,7255,7243.853,7258.864,42.396368783647425,-39.75469266712343,82.15106145077085,1.0664494161392077,1.0577165406352038,0.3049938841321133
HTDPA_3h_150726,4,889,7247,7263,7251.858,7266.87,42.396368783647425,-39.815731081007286,82.2120998646547,1.0648145251280126,1.0422779008204865,0.332099165122015
HTDPA_3h_150726,4,890,7255,7271,7259.864,7274.872,42.19041604020262,-39.815731081007286,82.0061471212099,1.0596418775876275,1.0544610280386304,0.2413484255457138
HTDPA_3h_150726,4,891,7263,7279,7267.871,7282.877,42.19041604020262,-39.91829222542436,82.10870826562697,1.056919364234002,1.0653194417458032,0.4888417347681954
HTDPA_3h_150726,4,892,7271,7287,7275.873,7290.882,42.22861695229319,-39.91829222542436,82.14690917771755,1.0578763418490473,1.0784706862384446,0.6954511817869445
HTDPA_3h_150726,4,893,7279,7295,7283.877,7298.887,42.22861695229319,-39.754277439818104,81.98289439211129,1.0622408372588548,1.0825380397287487,0.5335200388977068
HTDPA_3h_150726,4,894,7287,7304,7291.882,7307.892,43.27215111687953,-39.75259388183466,83.0247449987142,1.0885365429362124,1.0660366760812445,2.29860339706561
HTDPA_3h_150726,4,895,7295,7312,7299.888,7315.893,43.27215111687953,-39.9078737948542,83.18002491173372,1.0843010915419686,1.0501175931343696,2.874605206980969
HTDPA_3h_150726,4,896,7304,7320,7308.892,7323.897,42.115675125242795,-39.909572452012384,82.02524757725519,1.0552775321229775,1.0474365621961597,0.43642746136284194
HTDPA_3h_150726,4,897,7312,7329,7316.893,7332.902,42.110511207481935,-41.30333952426547,83.4138507317474,1.0195425283406505,1.0893160956040553,2.4112789266812498
HTDPA_3h_150726,4,898,7320,7336,7324.897,7339.905,48.49315130784132,-41.3877816589953,89.88093296683662,1.171677953348382,1.0914094592796924,13.117662776838399
HTDPA_3h_150726,4,899,7329,7344,7333.903,7347.909,48.876089027993494,-39.768085635117245,88.64417466311073,1.2290279566495759,1.0607107185584874,11.336336837457806
HTDPA_3h_150726,4,900,7336,7353,7340.906,7356.913,41.75027509655039,-39.76542818036312,81.51570327691351,1.0499138826617092,1.0639167313188154,0.2114592328577784
HTDPA_3h_150726,4,901,7344,7361,7348.91,7364.92,41.75027509655039,-45.827444854719666,87.57771995127005,0.9110321386868817,1.062287948961979,10.38598035987247
HTDPA_3h_150726,4,902,7353,7369,7357.913,7372.923,55.141355693516516,-46.16953930720187,101.31089500071839,1.194323281560558,1.0749054377838754,15.646388730639499
HTDPA_3h_150726,4,903,7361,7377,7365.918,7380.926,55.141355693516516,-39.64797924965305,94.78933494316956,1.390773419908886,1.0756485632342134,20.687154891078187
HTDPA_3h_150726,4,904,7369,7385,7373.924,7388.931,42.09159194153353,-39.64797924965305,81.73957119118657,1.061632717180709,1.0655837004832818,0.4725973432221841
HTDPA_3h_150726,4,905,7377,7393,7381.926,7396.934,42.09159194153353,-39.796630624962,81.88822256649553,1.0576672266101854,1.0692660290272924,0.556314238919352
HTDPA_3h_150726,4,906,7385,7402,7389.931,7405.94,48.05001317800334,-39.79203292625386,87.84204610425721,1.2075284835799645,1.1048914434445936,9.889790060354015
HTDPA_3h_150726,4,907,7393,7410,7397.935,7413.943,48.05001317800334,-39.70146807616721,87.75148125417056,1.2102830325019582,1.120666080409955,10.153879629173948
HTDPA_3h_150726,4,908,7402,7418,7406.938,7421.949,41.721624412482456,-39.7040349358729,81.42565934835535,1.0508157289270026,1.0662527669178394,0.24949540793170266
HTDPA_3h_150726,4,909,7410,7426,7414.943,7429.952,41.721624412482456,-47.30103371423234,89.02265812671479,0.8820446644896239,1.052729922030806,12.070609389211494
HTDPA_3h_150726,4,910,7418,7434,7422.95,7437.957,42.15013899158538,-47.30103371423234,89.45117270581773,0.8911039713473088,1.0607200747835197,12.021043880293556
HTDPA_3h_150726,4,911,7426,7442,7430.953,7445.961,42.15013899158538,-39.58735606307453,81.73749505465992,1.0647374107133492,1.0577121582903195,0.19958801117601782
HTDPA_3h_150726,4,912,7434,7450,7438.96,7453.963,42.006470343940414,-39.58735606307453,81.59382640701494,1.0611082558029767,1.074976703099373,0.11619122257053902
HTDPA_3h_150726,4,913,7442,7458,7446.963,7461.967,42.006470343940414,-39.75926016748208,81.7657305114225,1.0565204223366373,1.0767776595136611,0.1882255558151289
HTDPA_3h_150726,4,914,7450,7467,7454.963,7470.972,41.828217036554946,-39.757002840858554,81.5852198774135,1.052096839492332,1.0964985024449656,0.4401189645567732
HTDPA_3h_150726,4,915,7458,7474,7462.968,7477.974,41.830829193784844,-39.82818790016725,81.65901709395209,1.0502820087782399,1.085174021081301,0.3094702559226189
HTDPA_3h_150726,4,916,7467,7483,7471.973,7486.981,42.37975969143413,-39.82818790016725,82.20794759160138,1.0640644710641272,1.0569756199810152,0.5253198001848771
HTDPA_3h_150726,4,917,7474,7491,7478.975,7494.983,42.3677407483416,-48.52823424034823,90.89597498868983,0.8730534174910374,1.0748944266982614,14.28139676042745
HTDPA_3h_150726,4,918,7483,7499,7487.983,7502.987,42.330762869404914,-49.02422703136133,91.35498990076624,0.8634661968729352,1.0637611013384538,14.604161227569401
HTDPA_3h_150726,4,919,7491,7507,7495.984,7510.992,42.330762869404914,-39.7260419830555,82.05680485246042,1.065567087893136,1.0611413843035795,0.3072198017397214
HTDPA_3h_150726,4,920,7499,7515,7503.988,7518.996,41.872767151623414,-39.7260419830555,81.59880913467892,1.0540382344026007,1.0825900472057761,0.38476561704900814
HTDPA_3h_150726,4,921,7507,7523,7511.993,7527.001,41.872767151623414,-40.19607929269166,82.06884644431507,1.0417127214503383,1.0822579210276537,0.7081146280255811
HTDPA_3h_150726,4,922,7515,7532,7519.997,7536.006,41.88885532230819,-40.174827204246014,82.0636825265542,1.0426642312448084,1.0688579013297457,0.8968743350939051
HTDPA_3h_150726,4,923,7523,7540,7528.001,7544.013,41.88885532230819,-39.746010641648304,81.63486596395649,1.053913453100485,1.0667527613233267,0.3468902141058471
HTDPA_3h_150726,4,924,7532,7548,7537.006,7552.017,42.040934210282984,-39.74970993945945,81.79064414974243,1.0576412827744697,1.0516772761172892,0.23182324929686865
