time_s,s1_flow_ml_min,s1_temp_c,s2_flow_ml_min,s2_temp_c,s3_flow_ml_min,s3_temp_c,s4_flow_ml_min,s4_temp_c
0.005,0.0,26.8,19.219199999999997,26.9,0.0,26.6,0.0,26.3
1.005,0.0,26.9,-16.0872,27.0,0.0,26.6,0.0,26.3
2.005,0.7,26.9,-30.4224,27.0,0.7,26.6,2.9,26.2
3.005,26.2,25.1,-30.410399999999996,25.1,26.0,24.7,28.6,24.5
4.005,30.6,24.3,-30.470399999999998,24.2,30.5,24.0,31.6,24.1
5.005,31.6,24.1,-30.436799999999998,24.0,33.0,23.9,32.5,24.0
6.005,31.6,24.1,-30.811199999999996,24.0,31.4,23.9,32.4,24.0
7.005,31.7,24.0,-30.511199999999995,23.9,32.0,23.8,32.6,23.9
8.005,31.9,24.0,-21.9216,23.9,31.4,23.8,32.8,23.9
9.005,31.8,24.0,1.7688,23.9,31.5,23.8,32.7,23.8
10.005,32.1,24.0,27.7296,23.9,31.7,23.8,32.8,23.8
11.005,18.6,24.1,27.0984,24.0,19.1,23.8,21.0,23.9
12.005,-19.8,24.3,27.1128,24.4,-15.7,24.1,-19.0,24.1
13.01,-36.8,24.0,26.810399999999998,23.9,-34.8,23.8,-34.8,23.8
14.01,-37.0,24.0,27.1968,23.8,-35.3,23.7,-35.1,23.8
15.01,-37.1,24.0,26.786399999999997,23.7,-35.3,23.7,-35.0,23.8
16.01,-37.2,24.0,26.3232,23.8,-35.3,23.7,-35.0,23.8
17.015,-37.4,24.0,-0.09119999999999999,23.8,-35.4,23.7,-35.0,23.8
18.015,-37.5,24.0,-29.2608,23.8,-35.7,23.7,-35.3,23.8
19.016,-37.4,24.0,-30.434399999999997,23.8,-35.5,23.7,-35.0,23.8
20.016,-34.4,24.0,-30.472799999999996,23.8,-31.7,23.7,-31.7,23.8
21.016,-4.0,24.4,-30.7152,24.3,-5.2,24.1,-5.4,24.1
22.016,-0.3,25.0,-30.8448,24.8,-0.2,24.5,0.0,24.6
23.016,0.2,25.3,-30.755999999999997,25.2,0.1,24.9,0.1,24.9
24.016,20.2,24.8,-30.5616,24.8,18.3,24.4,20.8,24.5
25.016,29.9,24.1,-0.08639999999999999,24.0,28.9,23.9,30.5,23.9
26.016,31.4,24.1,28.946399999999997,23.9,30.8,23.8,32.1,23.9
27.016,31.9,24.0,27.211199999999998,23.9,31.3,23.8,32.8,23.9
28.016,31.8,24.1,27.3216,23.9,31.1,23.8,32.4,23.9
29.016,32.1,24.0,26.659200000000002,23.9,31.3,23.8,32.5,23.9
30.016,32.1,24.0,26.6664,23.9,31.3,23.8,32.5,23.9
31.016,32.3,24.0,26.916,23.9,31.6,23.8,32.9,23.9
32.016,28.8,24.1,26.712,24.0,28.1,23.9,29.6,23.9
33.016,-9.5,24.4,-5.7504,24.4,-4.9,24.2,-7.8,24.1
34.016,-35.2,24.1,-29.788800000000002,24.1,-32.1,23.9,-32.6,23.9
35.016,-37.1,24.0,-30.364799999999995,23.9,-35.4,23.8,-35.1,23.8
36.034,-37.1,24.0,-30.3528,23.8,-35.2,23.8,-34.9,23.8
37.034,-37.3,24.0,-30.4128,23.8,-35.4,23.8,-35.0,23.8
38.034,-37.3,24.0,-30.4992,23.8,-35.3,23.7,-35.0,23.8
39.034,-37.7,24.0,-30.384,23.8,-35.6,23.7,-35.2,23.8
40.034,-37.5,24.0,-30.528,23.8,-35.5,23.7,-35.1,23.8
41.034,-35.3,24.0,0.34319999999999995,23.9,-33.3,23.7,-32.7,23.8
42.034,-13.3,24.3,12.168000000000001,24.1,-14.2,23.9,-14.7,24.0
43.034,1.0,24.9,26.7072,24.7,0.5,24.4,0.5,24.5
44.034,25.9,24.4,27.42,24.4,22.7,24.1,26.1,24.1
45.05,30.3,24.1,26.179199999999998,24.0,29.7,23.8,31.7,23.9
46.05,31.9,24.1,26.704800000000002,23.9,31.1,23.8,32.4,23.9
47.05,32.1,24.1,26.2896,23.9,31.2,23.8,32.4,23.9
48.05,32.1,24.1,26.702399999999997,24.0,31.2,23.8,32.5,23.9
49.05,32.3,24.1,13.831199999999999,24.0,31.3,23.9,32.5,23.9
50.05,32.2,24.1,-18.54,24.0,31.3,23.9,32.6,23.9
51.05,32.4,24.1,-31.1904,24.1,31.6,23.9,32.7,23.9
52.05,23.9,24.2,-29.9424,24.1,23.8,24.0,25.4,24.0
53.05,-3.9,24.6,-30.472799999999996,24.6,-1.8,24.4,-4.1,24.3
54.05,-32.5,24.2,-30.319199999999995,24.3,-29.2,24.0,-30.6,24.1
55.077,-37.2,24.1,-30.662399999999998,24.0,-35.4,23.9,-35.1,23.9
56.077,-37.1,24.1,-30.434399999999997,23.9,-35.2,23.8,-34.9,23.9
57.077,-37.4,24.1,-14.678399999999998,23.9,-35.4,23.8,-35.0,23.8
58.077,-37.3,24.1,0.6023999999999999,23.9,-35.3,23.8,-35.0,23.8
59.077,-37.7,24.1,27.8736,23.9,-35.6,23.8,-35.1,23.8
60.077,-37.6,24.1,26.9736,23.9,-35.5,23.8,-35.1,23.8
61.077,-35.7,24.1,26.904,23.9,-34.2,23.8,-33.4,23.8
62.077,-20.2,24.2,27.2232,24.1,-19.3,23.9,-20.4,23.9
63.077,0.6,24.9,26.3952,24.7,-0.2,24.4,0.4,24.4
64.077,23.2,24.5,26.695199999999996,24.5,20.4,24.2,23.7,24.2
65.077,30.3,24.2,26.032799999999998,24.0,29.2,23.9,31.1,23.9
66.077,31.9,24.1,0.2496,24.0,30.9,23.9,32.3,23.9
67.077,32.1,24.1,-29.541599999999995,24.0,31.2,23.9,32.5,23.9
68.077,32.2,24.2,-30.273600000000002,24.0,31.2,23.9,32.6,23.9
69.077,32.4,24.2,-30.424799999999998,24.1,31.3,23.9,32.6,23.9
70.077,32.3,24.2,-30.7656,24.1,31.2,24.0,32.6,24.0
71.077,32.6,24.2,-30.936,24.1,31.7,24.0,33.0,24.0
72.077,27.7,24.2,-30.54,24.2,26.5,24.0,28.3,24.1
73.077,-7.5,24.6,-29.5536,24.6,-4.2,24.3,-6.9,24.3
74.077,-35.3,24.2,-0.4416,24.3,-32.3,24.1,-32.9,24.1
75.077,-37.2,24.2,26.46,24.1,-35.4,23.9,-35.1,24.0
76.077,-37.3,24.1,27.3144,24.0,-35.2,23.9,-34.9,23.9
77.077,-37.4,24.1,27.2832,24.0,-35.4,23.9,-35.1,23.9
78.077,-37.4,24.1,26.868,24.0,-35.2,23.9,-34.9,23.9
79.077,-37.8,24.1,26.795999999999996,24.0,-35.6,23.8,-34.9,23.9
80.09,-37.6,24.1,26.8344,24.0,-35.5,23.8,-34.9,23.9
81.09,-35.7,24.1,26.8584,24.0,-33.0,23.8,-33.1,23.9
82.09,-14.6,24.3,-6.129599999999999,24.2,-15.4,24.0,-17.2,24.0
83.09,3.1,24.9,-29.879999999999995,24.8,4.1,24.5,6.6,24.5
84.09,28.0,24.4,-30.3984,24.3,25.3,24.1,27.9,24.1
85.09,31.1,24.2,-30.299999999999997,24.1,30.4,23.9,32.3,24.0
86.09,32.1,24.2,-30.340799999999998,24.1,30.9,23.9,32.3,24.0
87.09,32.3,24.2,-30.72,24.1,31.1,23.9,32.4,24.0
88.09,32.3,24.2,-30.468,24.2,31.2,24.0,32.5,24.0
89.09,32.4,24.3,-30.5688,24.2,31.3,24.0,32.5,24.0
90.09,32.3,24.3,-0.564,24.2,31.4,24.1,32.7,24.1
91.09,32.6,24.3,15.5136,24.2,31.6,24.1,32.8,24.1
92.09,19.4,24.4,26.8848,24.4,18.8,24.2,20.9,24.2
93.09,-11.6,24.7,27.434399999999997,24.8,-8.3,24.5,-11.2,24.4
94.097,-36.2,24.3,26.3544,24.4,-33.4,24.1,-33.6,24.1
95.097,-37.2,24.2,26.8224,24.2,-35.3,24.0,-35.0,24.0
96.097,-37.3,24.2,26.2248,24.1,-35.2,23.9,-34.8,24.0
97.097,-37.4,24.2,26.757599999999996,24.1,-35.4,23.9,-35.0,23.9
98.097,-37.5,24.2,12.719999999999999,24.1,-35.4,23.9,-34.8,23.9
99.097,-37.8,24.2,-22.1256,24.1,-35.8,23.9,-35.1,23.9
100.097,-37.6,24.2,-30.345599999999997,24.1,-35.4,23.9,-35.0,23.9
101.097,-34.9,24.2,-30.3984,24.1,-32.9,23.9,-32.5,23.9
102.097,-14.0,24.4,-30.453599999999998,24.4,-12.3,24.1,-13.4,24.1
103.103,6.2,24.9,-30.249599999999997,24.9,8.6,24.5,10.9,24.4
104.103,30.2,24.4,-30.5352,24.3,26.1,24.1,28.9,24.1
105.103,31.6,24.2,-30.395999999999997,24.1,30.6,24.0,32.2,24.0
106.103,32.2,24.2,-10.9704,24.1,31.0,24.0,32.5,24.0
107.103,32.2,24.3,1.716,24.1,31.1,24.0,32.5,24.0
108.103,32.4,24.3,27.492,24.2,31.2,24.1,32.6,24.0
109.103,32.5,24.3,26.9256,24.3,31.2,24.1,32.6,24.1
110.103,32.5,24.3,26.8272,24.3,31.7,24.2,32.9,24.1
111.103,32.6,24.3,26.5272,24.3,31.5,24.2,32.8,24.2
112.103,14.1,24.5,26.4528,24.5,13.8,24.3,15.5,24.3
113.103,-22.0,24.6,26.5512,24.8,-17.5,24.5,-20.8,24.4
114.103,-37.0,24.3,25.979999999999997,24.4,-34.6,24.2,-34.7,24.1
115.103,-37.2,24.3,-0.7488,24.2,-35.3,24.1,-34.9,24.1
116.103,-37.4,24.2,-29.956799999999998,24.2,-35.5,24.0,-35.0,24.0
117.103,-37.5,24.2,-30.254399999999997,24.2,-35.4,24.0,-35.0,24.0
118.103,-37.6,24.3,-30.336,24.2,-35.3,24.0,-35.0,24.0
119.103,-37.8,24.2,-30.7152,24.2,-35.7,24.0,-35.2,24.0
120.103,-37.6,24.2,-30.729599999999998,24.1,-35.6,24.0,-35.0,24.0
121.103,-33.4,24.3,-30.612000000000002,24.2,-31.2,24.0,-31.3,24.0
122.103,-3.2,24.7,-27.674400000000002,24.6,-2.8,24.4,-4.3,24.3
123.103,8.7,25.0,-0.0552,25.0,8.1,24.7,11.8,24.5
124.103,29.7,24.4,27.456,24.4,27.4,24.1,29.5,24.1
125.103,32.0,24.3,27.2448,24.2,31.2,24.1,32.3,24.1
126.103,32.3,24.3,27.3432,24.2,31.2,24.1,32.6,24.1
127.103,32.2,24.4,26.584799999999998,24.2,31.0,24.1,32.5,24.1
128.103,32.5,24.4,26.6064,24.3,31.3,24.1,32.7,24.1
129.103,32.4,24.4,26.5464,24.4,31.2,24.2,32.6,24.2
130.103,32.5,24.4,26.642400000000002,24.4,31.3,24.2,32.8,24.2
131.103,32.7,24.4,-5.644799999999999,24.4,31.9,24.3,33.0,24.2
132.103,12.1,24.6,-29.457599999999996,24.7,11.6,24.4,13.7,24.4
133.105,-23.5,24.7,-30.528,24.9,-19.6,24.5,-22.4,24.4
134.105,-37.1,24.4,-30.2664,24.4,-35.5,24.2,-34.8,24.2
135.105,-37.2,24.4,-30.364799999999995,24.3,-35.4,24.1,-34.9,24.1
136.105,-37.4,24.3,-30.6672,24.3,-35.3,24.1,-35.0,24.1
137.105,-37.5,24.3,-30.5616,24.3,-35.2,24.1,-34.9,24.1
138.105,-37.6,24.3,-30.576,24.2,-35.3,24.1,-34.9,24.0
139.105,-37.8,24.3,-0.1248,24.2,-35.6,24.0,-35.1,24.1
140.105,-37.7,24.3,22.795199999999998,24.2,-35.5,24.0,-35.0,24.0
141.105,-33.4,24.3,27.215999999999998,24.3,-30.1,24.0,-30.5,24.1
142.105,-1.7,24.8,27.624,24.7,-2.9,24.4,-2.6,24.4
143.105,7.3,25.1,26.555999999999997,25.2,6.7,24.8,6.3,24.8
144.105,28.9,24.5,26.6352,24.5,25.6,24.2,29.1,24.2
145.105,31.6,24.4,26.387999999999998,24.3,30.6,24.1,32.2,24.1
146.105,32.5,24.4,26.548799999999996,24.3,31.5,24.1,32.6,24.1
147.105,32.4,24.4,7.9944,24.3,31.1,24.1,32.5,24.1
148.105,32.5,24.4,-26.534399999999998,24.4,31.3,24.2,32.6,24.2
149.105,32.5,24.5,-30.362399999999997,24.5,31.3,24.3,32.7,24.2
150.105,32.5,24.5,-30.4752,24.5,31.4,24.3,32.8,24.3
151.105,32.7,24.5,-30.5304,24.5,31.6,24.3,32.9,24.3
152.105,14.2,24.6,-30.333599999999997,24.7,14.4,24.5,15.8,24.4
153.105,-22.3,24.8,-30.455999999999996,24.9,-16.8,24.6,-21.2,24.5
154.105,-37.2,24.5,-30.4776,24.5,-35.1,24.3,-34.8,24.3
155.105,-37.2,24.4,-8.2008,24.4,-38.3,24.2,-34.9,24.2
156.105,-37.5,24.4,1.7207999999999999,24.4,-36.2,24.1,-35.0,24.1
157.105,-37.5,24.4,27.2088,24.3,-35.5,24.1,-35.0,24.1
158.105,-37.6,24.4,27.2472,24.3,-35.4,24.1,-35.0,24.1
159.105,-37.6,24.3,26.58,24.3,-35.6,24.1,-35.2,24.1
160.105,-37.4,24.3,26.7144,24.3,-35.5,24.1,-35.0,24.1
161.105,-32.5,24.4,26.387999999999998,24.3,-30.8,24.1,-30.6,24.1
162.105,-3.2,24.8,26.7552,24.8,-2.6,24.5,-4.2,24.4
163.106,1.1,25.3,25.586399999999998,25.3,0.1,25.0,0.4,24.8
164.106,22.6,24.8,-1.8719999999999999,25.0,18.2,24.6,22.8,24.5
165.106,30.6,24.5,-30.156,24.4,30.7,24.2,31.2,24.2
166.106,32.2,24.4,-31.670399999999997,24.3,31.0,24.2,32.4,24.2
167.106,32.5,24.5,-30.432,24.3,31.4,24.2,32.7,24.2
168.106,32.4,24.5,-30.633599999999998,24.4,32.9,24.2,32.6,24.2
169.106,32.6,24.5,-30.7128,24.5,31.6,24.3,32.6,24.2
170.106,32.5,24.5,-30.3432,24.6,31.8,24.4,32.5,24.3
171.106,32.7,24.6,-27.168,24.6,31.8,24.4,33.0,24.4
172.106,28.1,24.6,-0.021599999999999998,24.7,26.8,24.5,28.9,24.4
173.106,-10.5,24.9,26.508,25.0,-6.3,24.7,-9.1,24.6
174.106,-35.7,24.6,26.872799999999998,24.7,-32.4,24.5,-32.9,24.4
175.106,-37.3,24.5,27.043200000000002,24.5,-35.3,24.3,-35.0,24.3
176.106,-37.3,24.4,26.4144,24.5,-35.2,24.2,-34.8,24.2
177.106,-37.4,24.4,26.8176,24.4,-35.3,24.2,-35.0,24.2
178.106,-37.5,24.4,26.376,24.4,-35.3,24.2,-34.9,24.2
179.106,-37.9,24.4,26.5464,24.4,-35.6,24.2,-35.2,24.2
180.106,-37.6,24.4,-4.512,24.4,-35.5,24.2,-35.1,24.1
181.138,-35.3,24.4,-28.7472,24.4,-32.6,24.2,-32.4,24.2
182.138,-12.3,24.7,-30.7536,24.7,-12.4,24.4,-12.9,24.3
183.138,-0.1,25.2,-30.791999999999998,25.3,-0.4,24.8,-0.1,24.8
184.138,4.5,25.5,-30.2664,25.6,1.6,25.2,2.1,25.1
185.138,26.9,24.7,-30.739199999999997,25.0,24.6,24.5,27.6,24.5
186.138,30.6,24.5,-30.587999999999997,24.5,29.8,24.3,31.7,24.3
187.138,32.2,24.5,-30.5688,24.4,30.8,24.3,32.3,24.2
188.138,32.4,24.5,-0.2712,24.4,31.2,24.3,32.7,24.2
189.138,32.4,24.6,27.518399999999996,24.5,31.1,24.3,32.6,24.3
190.14,32.5,24.6,26.412000000000003,24.6,31.4,24.4,32.7,24.3
191.14,32.3,24.6,27.518399999999996,24.7,31.1,24.5,32.7,24.4
192.14,32.6,24.6,36.770399999999995,24.7,31.6,24.5,33.0,24.4
193.14,23.0,24.7,26.894399999999997,24.8,22.5,24.6,24.8,24.5
194.14,-15.6,25.0,26.3376,25.2,-11.4,24.8,-14.7,24.7
195.14,-36.9,24.6,26.968799999999998,24.8,-34.2,24.5,-34.3,24.4
196.14,-37.3,24.6,5.8992,24.6,-35.4,24.4,-35.1,24.3
197.14,-37.5,24.5,-27.674400000000002,24.5,-35.2,24.3,-34.9,24.3
198.14,-37.6,24.5,-30.4776,24.5,-35.4,24.3,-35.1,24.2
199.14,-37.6,24.5,-30.371999999999996,24.5,-35.2,24.3,-34.9,24.2
200.14,-37.9,24.5,-30.379199999999997,24.5,-35.6,24.3,-35.2,24.2
201.14,-37.7,24.5,-30.4272,24.5,-35.4,24.3,-35.0,24.2
202.14,-35.0,24.5,-30.3864,24.5,-32.1,24.2,-32.4,24.2
203.14,-7.3,24.8,-30.576,24.8,-8.7,24.5,-8.8,24.5
204.14,3.7,25.4,-2.8152,25.4,4.2,24.9,3.3,24.9
205.14,27.7,24.7,6.167999999999999,24.8,24.2,24.4,28.6,24.4
206.14,31.0,24.6,27.5064,24.6,30.1,24.3,31.7,24.3
207.14,32.2,24.6,26.997600000000002,24.5,31.0,24.3,32.4,24.3
208.14,32.4,24.6,26.5608,24.5,31.1,24.3,32.5,24.3
209.14,32.5,24.7,26.7168,24.6,31.4,24.4,32.8,24.3
210.14,32.6,24.7,26.467200000000002,24.7,31.2,24.5,32.5,24.4
211.14,32.6,24.7,26.508,24.8,31.4,24.6,32.8,24.5
212.14,32.7,24.7,24.4464,24.8,31.5,24.6,32.9,24.5
213.14,21.2,24.8,-9.0336,24.9,21.0,24.7,22.9,24.6
214.14,-16.1,25.1,-30.3744,25.3,-11.8,24.9,-15.2,24.8
215.14,-37.0,24.7,-30.3048,24.9,-34.2,24.6,-34.1,24.5
216.14,-37.3,24.6,-30.441599999999998,24.7,-35.3,24.5,-34.9,24.4
217.14,-37.5,24.6,-30.4824,24.6,-35.2,24.4,-35.2,24.3
218.14,-37.6,24.6,-30.794399999999996,24.6,-35.3,24.4,-35.9,24.3
219.14,-37.6,24.6,-30.2592,24.6,-35.3,24.4,-35.1,24.3
220.14,-37.9,24.6,-26.1696,24.6,-35.8,24.3,-35.6,24.3
221.14,-37.7,24.6,0.25439999999999996,24.6,-35.5,24.3,-35.1,24.3
222.14,-34.5,24.6,27.084,24.6,-32.1,24.3,-32.6,24.3
223.145,-8.4,24.9,26.952,24.9,-7.9,24.6,-8.0,24.5
224.145,1.1,25.5,27.0912,25.5,0.2,25.2,0.6,25.0
225.145,25.5,25.0,26.616,25.2,21.7,24.7,25.1,24.7
226.145,30.6,24.7,26.750400000000003,24.7,29.5,24.4,31.0,24.4
227.147,32.2,24.6,26.8296,24.6,30.8,24.4,32.2,24.4
228.147,32.5,24.7,26.5656,24.6,31.4,24.4,33.4,24.4
229.147,32.4,24.7,-2.124,24.7,31.2,24.5,34.0,24.4
230.147,32.7,24.8,-29.3808,24.8,31.3,24.6,32.6,24.5
231.148,32.6,24.8,-30.4608,24.9,31.2,24.6,32.6,24.5
232.148,32.8,24.8,-30.4056,24.9,31.5,24.7,32.9,24.6
233.148,26.4,24.9,-30.309599999999996,25.0,25.2,24.7,27.3,24.7
234.176,-15.8,25.1,-30.772799999999997,25.3,-11.0,25.0,-14.1,24.8
235.176,-36.9,24.8,-30.479999999999997,25.0,-34.1,24.7,-34.2,24.6
236.176,-37.4,24.7,-30.638399999999997,24.8,-35.2,24.5,-35.0,24.5
237.176,-37.5,24.6,-0.012,24.7,-35.3,24.4,-35.0,24.4
238.176,-37.6,24.7,29.3424,24.7,-35.3,24.4,-35.0,24.4
239.176,-37.7,24.6,27.0288,24.7,-35.3,24.4,-35.1,24.4
240.176,-38.0,24.6,27.4944,24.7,-35.7,24.4,-35.3,24.3
241.176,-37.7,24.6,26.510399999999997,24.6,-35.4,24.4,-35.1,24.3
242.176,-34.8,24.6,26.512800000000002,24.7,-32.1,24.4,-32.1,24.4
243.176,-7.9,25.0,26.6208,25.0,-9.2,24.6,-10.3,24.6
244.176,4.3,25.5,26.58,25.5,2.5,25.1,4.2,25.0
245.176,26.7,24.9,1.9176,25.0,24.3,24.6,27.2,24.6
246.176,31.2,24.7,-29.4624,24.7,30.0,24.5,31.1,24.4
247.176,32.3,24.7,-30.42,24.7,30.9,24.5,32.3,24.4
248.176,32.5,24.8,-30.3816,24.7,31.2,24.5,32.5,24.4
249.176,32.5,24.8,-30.576,24.8,31.3,24.5,32.6,24.4
250.176,32.6,24.9,-30.436799999999998,24.9,31.4,24.6,32.7,24.5
251.176,32.6,24.9,-30.424799999999998,25.0,31.3,24.7,32.7,24.6
252.176,32.8,24.9,-30.583199999999998,25.0,31.6,24.7,33.0,24.7
253.176,20.5,25.0,-0.78,25.1,20.2,24.9,23.0,24.7
254.176,-19.4,25.2,11.0688,25.4,-14.9,25.1,-17.8,24.9
255.176,-37.1,24.9,27.5232,25.0,-34.7,24.7,-34.4,24.6
256.176,-37.4,24.8,27.232799999999997,24.9,-35.3,24.6,-35.0,24.5
257.176,-37.5,24.7,26.877599999999997,24.8,-35.3,24.5,-35.1,24.5
258.176,-37.6,24.7,26.839199999999998,24.7,-35.3,24.5,-35.2,24.4
259.176,-37.7,24.7,26.848799999999997,24.7,-35.3,24.5,-35.1,24.4
260.176,-37.9,24.7,26.8368,24.7,-35.6,24.5,-35.5,24.4
261.176,-37.8,24.7,21.444,24.7,-35.5,24.5,-35.2,24.4
262.176,-34.4,24.7,-10.612799999999998,24.7,-31.9,24.5,-32.6,24.4
263.176,-4.9,25.1,-30.3504,25.1,-5.8,24.8,-5.1,24.7
264.176,6.9,25.5,-30.276,25.5,7.6,25.1,9.5,25.0
265.176,29.6,24.9,-30.362399999999997,24.9,26.8,24.6,28.9,24.6
266.176,31.9,24.7,-30.4848,24.8,30.9,24.5,32.1,24.5
267.176,32.6,24.7,-30.7248,24.7,31.3,24.5,32.6,24.5
268.176,32.5,24.8,-30.400799999999997,24.8,31.1,24.5,32.5,24.5
269.176,32.7,24.9,-23.3952,24.9,31.2,24.6,32.6,24.5
270.176,32.7,24.9,0.1536,25.0,31.3,24.7,32.7,24.6
271.176,32.7,25.0,26.980800000000002,25.0,31.4,24.8,32.8,24.7
272.176,32.9,25.0,26.548799999999996,25.1,31.5,24.8,32.9,24.7
273.176,15.4,25.1,26.6616,25.2,14.6,25.0,17.3,24.9
274.176,-20.6,25.2,26.496,25.6,-16.5,25.1,-19.4,25.0
275.176,-37.1,24.9,26.4312,25.1,-34.8,24.8,-34.7,24.7
276.176,-37.3,24.8,26.3808,24.9,-35.2,24.7,-35.0,24.6
277.176,-37.5,24.8,25.7136,24.9,-35.3,24.6,-35.1,24.5
278.176,-37.6,24.8,-1.26,24.8,-35.4,24.5,-35.2,24.5
279.176,-37.7,24.8,-29.0904,24.8,-35.4,24.5,-35.1,24.5
280.176,-37.9,24.7,-30.299999999999997,24.8,-35.8,24.5,-35.3,24.4
281.176,-37.7,24.7,-30.2976,24.8,-35.7,24.5,-35.2,24.4
282.176,-34.6,24.8,-30.2304,24.8,-31.4,24.5,-31.9,24.5
283.176,-3.7,25.2,-30.828,25.2,-4.5,24.8,-4.4,24.8
284.176,-0.5,25.6,-30.465600000000002,25.7,-0.2,25.3,-0.1,25.2
285.176,4.1,25.9,-30.5064,26.0,1.4,25.6,2.1,25.5
286.176,27.5,25.0,-0.084,25.2,25.8,24.8,28.2,24.8
287.176,31.4,24.8,25.247999999999998,24.9,30.1,24.6,32.0,24.6
288.176,32.3,24.8,27.069599999999998,24.8,30.9,24.6,32.4,24.5
289.176,32.5,24.9,27.3984,24.9,31.2,24.6,32.6,24.6
290.176,32.6,24.9,26.702399999999997,25.0,31.2,24.7,32.7,24.6
291.176,32.7,25.0,26.6448,25.0,31.2,24.8,32.6,24.6
292.176,32.8,25.0,26.58,25.1,31.4,24.9,32.8,24.7
293.176,32.9,25.0,26.6784,25.2,31.5,24.9,34.5,24.8
294.176,22.0,25.1,-3.168,25.2,21.3,25.0,24.3,24.9
295.176,-14.3,25.4,-29.759999999999998,25.6,-10.5,25.2,-13.3,25.1
296.176,-37.0,25.0,-30.379199999999997,25.2,-34.2,24.9,-35.5,24.8
297.176,-37.4,24.9,-30.333599999999997,25.0,-35.3,24.8,-35.0,24.7
298.176,-37.5,24.8,-30.5952,24.9,-35.2,24.7,-35.3,24.6
299.176,-37.6,24.8,-30.479999999999997,24.9,-35.3,24.6,-36.2,24.5
300.176,-37.7,24.8,-30.336,24.9,-35.4,24.6,-35.8,24.5
301.176,-38.0,24.8,-30.3936,24.9,-35.7,24.6,-35.4,24.5
302.176,-37.7,24.8,1.2072,24.9,-35.4,24.6,-35.5,24.5
303.176,-35.3,24.8,10.173599999999999,24.9,-32.4,24.6,-33.1,24.5
304.176,-8.3,25.1,27.148799999999998,25.2,-8.8,24.8,-9.6,24.7
305.176,5.6,25.6,27.252,25.7,1.6,25.3,2.5,25.1
306.176,27.2,25.0,26.2872,25.3,24.6,24.8,27.7,24.7
307.177,30.9,24.8,26.7624,24.9,30.2,24.6,31.4,24.6
308.177,32.3,24.9,26.3376,24.9,31.0,24.6,33.5,24.6
309.178,32.6,24.9,26.316,24.9,31.2,24.7,33.6,24.6
310.178,32.6,25.0,20.1912,25.0,31.3,24.7,32.9,24.6
311.18,32.7,25.1,-15.0912,25.1,31.3,24.8,32.7,24.7
312.18,32.7,25.1,-30.3144,25.2,31.3,24.9,34.1,24.8
313.18,32.9,25.1,-30.2832,25.2,31.5,25.0,32.9,24.9
314.18,21.1,25.2,-30.407999999999998,25.4,20.5,25.1,23.1,24.9
315.18,-13.8,25.5,-30.3384,25.7,-9.8,25.3,-12.6,25.1
316.18,-36.9,25.1,-30.6888,25.3,-34.1,25.0,-34.1,24.9
317.18,-37.3,25.0,-30.225599999999996,25.1,-35.4,24.8,-35.1,24.7
318.18,-37.4,24.9,-21.295199999999998,25.0,-35.2,24.7,-35.0,24.6
319.18,-37.5,24.9,0.9504,25.0,-35.4,24.7,-35.1,24.6
320.18,-37.5,24.9,27.828,25.0,-35.2,24.7,-35.0,24.6
321.18,-37.8,24.9,26.935200000000002,25.0,-35.6,24.7,-35.3,24.6
322.18,-37.6,24.9,26.987999999999996,25.0,-35.4,24.6,-35.1,24.6
323.18,-34.7,24.9,26.750400000000003,24.9,-32.4,24.7,-32.5,24.6
324.18,-11.3,25.1,26.7216,25.2,-10.6,24.9,-12.1,24.7
325.18,7.3,25.6,26.676,25.8,4.6,25.3,6.7,25.2
326.18,28.5,25.0,26.2776,25.2,25.5,24.8,28.6,24.7
327.18,31.4,24.9,0.0048,25.0,30.9,24.7,31.9,24.6
328.18,32.5,24.9,-29.541599999999995,24.9,31.1,24.7,32.4,24.6
329.18,32.6,25.0,-30.312,25.0,31.2,24.7,32.6,24.7
330.18,32.6,25.1,-30.2376,25.1,31.3,24.8,32.7,24.7
331.18,32.7,25.1,-30.6432,25.2,31.2,24.9,35.0,24.8
332.18,32.7,25.2,-30.852,25.3,31.4,25.0,32.9,24.9
333.18,32.9,25.2,-30.4944,25.3,31.5,25.1,32.8,24.9
334.18,18.6,25.3,-29.510399999999997,25.5,18.2,25.2,20.3,25.1
335.18,-15.1,25.5,0.0048,25.8,-11.1,25.4,-14.3,25.2
336.18,-37.0,25.2,29.3736,25.4,-34.0,25.1,-34.3,24.9
337.18,-37.4,25.0,27.0912,25.2,-35.4,24.9,-35.3,24.8
338.18,-37.4,25.0,27.4392,25.1,-35.2,24.8,-35.0,24.7
339.18,-37.6,25.0,26.4528,25.1,-35.3,24.8,-35.1,24.7
340.18,-37.6,25.0,26.4888,25.0,-35.4,24.8,-35.1,24.6
341.18,-37.9,24.9,26.532,25.0,-35.6,24.7,-35.3,24.6
342.18,-37.7,25.0,26.6064,25.0,-35.4,24.7,-35.1,24.6
343.18,-34.7,25.0,-5.8152,25.0,-32.5,24.7,-32.3,24.6
344.18,-8.9,25.3,-29.915999999999997,25.3,-9.8,25.0,-10.9,24.8
345.18,8.4,25.7,-30.319199999999995,25.8,8.9,25.3,9.8,25.2
346.18,29.5,25.1,-30.208799999999997,25.2,26.0,24.9,29.1,24.8
347.18,31.9,25.0,-30.4056,25.1,30.9,24.8,32.1,24.7
348.18,32.5,25.0,-30.602399999999996,25.0,31.1,24.8,32.5,24.7
349.18,32.5,25.1,-30.290399999999998,25.1,31.2,24.8,32.7,24.7
350.18,32.6,25.2,-30.4848,25.2,31.3,24.9,32.7,24.8
351.18,32.7,25.2,-0.3696,25.3,31.4,25.1,32.7,24.9
352.18,32.6,25.2,16.823999999999998,25.4,31.1,25.1,32.7,25.0
353.18,33.0,25.2,26.88,25.4,31.7,25.2,33.0,25.0
354.18,12.4,25.4,27.5208,25.6,13.3,25.3,14.4,25.1
355.18,-26.2,25.4,26.291999999999998,25.8,-22.3,25.3,-24.6,25.2
356.181,-37.3,25.2,26.7456,25.4,-35.1,25.1,-35.1,24.9
357.181,-37.3,25.1,26.3544,25.3,-35.2,25.0,-35.0,24.8
358.181,-37.5,25.0,26.747999999999998,25.2,-35.3,24.9,-35.1,24.7
359.181,-37.6,25.0,14.294400000000001,25.1,-35.3,24.8,-35.2,24.7
360.181,-37.8,25.0,-22.3632,25.1,-35.4,24.8,-35.1,24.7
361.181,-37.9,25.0,-30.336,25.1,-35.5,24.8,-35.3,24.7
362.181,-37.2,25.0,-30.2832,25.1,-35.3,24.8,-34.9,24.7
363.181,-30.4,25.0,-30.3384,25.1,-27.2,24.8,-28.4,24.7
364.181,-0.6,25.6,-30.2304,25.7,-0.9,25.3,-1.0,25.1
365.181,17.0,25.6,-30.624,25.8,14.7,25.3,15.8,25.2
366.181,30.1,25.1,-30.340799999999998,25.2,27.9,24.9,30.2,24.8
367.181,32.0,25.1,-16.0824,25.1,30.9,24.9,32.3,24.8
368.181,32.5,25.1,0.8952,25.1,31.3,24.9,32.6,24.8
369.183,32.5,25.2,27.134399999999996,25.2,31.2,24.9,32.7,24.8
370.183,32.7,25.3,27.0072,25.4,31.3,25.0,32.6,24.8
371.183,32.6,25.3,26.9304,25.4,31.3,25.1,32.7,25.0
372.183,32.8,25.3,26.52,25.5,31.6,25.2,33.0,25.0
373.183,32.1,25.4,26.5464,25.5,30.7,25.3,32.3,25.1
374.183,8.4,25.6,26.7552,25.8,7.8,25.5,9.7,25.3
375.183,-8.0,25.9,25.8888,26.2,-5.2,25.8,-8.0,25.5
376.183,-35.5,25.4,-0.0408,25.7,-32.4,25.3,-32.9,25.1
377.183,-37.4,25.2,-29.9736,25.4,-35.5,25.1,-35.3,24.9
378.183,-37.4,25.1,-30.177599999999998,25.3,-35.3,25.0,-34.9,24.8
379.183,-37.6,25.1,-30.4584,25.2,-35.4,24.9,-35.5,24.8
380.183,-37.5,25.1,-30.602399999999996,25.2,-35.3,24.9,-36.2,24.8
381.183,-38.0,25.1,-30.895199999999996,25.2,-35.6,24.9,-35.8,24.8
382.183,-37.7,25.1,-30.552,25.2,-35.5,24.9,-35.3,24.8
383.183,-35.3,25.1,-28.6848,25.2,-32.9,24.9,-33.1,24.8
384.183,-17.2,25.3,-0.0744,25.4,-16.0,25.0,-16.2,24.9
385.183,3.4,25.8,26.6328,26.0,0.5,25.6,1.0,25.4
386.183,26.4,25.4,26.987999999999996,25.6,23.4,25.2,26.4,25.1
387.183,30.8,25.2,27.5232,25.2,29.8,25.0,31.3,24.8
388.183,32.3,25.1,26.5272,25.2,31.0,24.9,32.3,24.8
389.183,32.6,25.2,26.923199999999998,25.2,31.3,24.9,32.5,24.9
390.183,32.5,25.3,26.630399999999998,25.4,31.2,25.0,35.6,24.9
391.183,32.9,25.3,26.872799999999998,25.5,31.5,25.2,32.9,25.0
392.184,32.6,25.4,-4.6296,25.5,31.2,25.2,32.6,25.0
393.184,32.9,25.4,-29.387999999999998,25.6,31.8,25.3,33.0,25.1
394.184,25.1,25.5,-30.5304,25.7,24.2,25.4,26.3,25.2
395.184,-13.4,25.7,-30.2376,26.0,-9.3,25.6,-12.3,25.4
396.184,-36.7,25.4,-30.4608,25.7,-33.8,25.3,-33.5,25.2
397.185,-37.4,25.3,-30.636,25.5,-35.4,25.1,-37.7,25.0
398.185,-37.4,25.2,-30.7272,25.3,-35.2,25.0,-35.7,24.9
399.187,-37.5,25.2,-30.5856,25.3,-35.4,25.0,-35.6,24.8
400.187,-37.7,25.2,-0.2928,25.3,-35.3,25.0,-36.4,24.8
401.187,-38.0,25.2,26.387999999999998,25.3,-35.7,25.0,-36.0,24.8
402.187,-37.7,25.2,27.148799999999998,25.2,-35.4,25.0,-35.5,24.8
403.187,-35.0,25.2,27.7848,25.3,-32.7,25.0,-32.6,24.8
404.187,-9.0,25.5,26.3952,25.6,-9.4,25.2,-10.6,25.0
405.187,2.9,26.0,26.776799999999998,26.1,0.9,25.6,1.6,25.5
406.187,27.3,25.4,26.611199999999997,25.7,24.4,25.2,26.9,25.1
407.187,31.0,25.2,27.0096,25.3,30.0,25.0,31.7,24.9
408.187,32.4,25.2,8.2512,25.3,31.1,25.0,32.3,24.9
409.187,32.7,25.3,-25.8096,25.3,31.3,25.0,32.6,24.9
410.187,32.7,25.4,-30.479999999999997,25.4,31.3,25.1,40.3,24.9
411.187,32.8,25.4,-30.336,25.6,31.3,25.2,33.1,25.0
412.187,32.7,25.5,-30.432,25.6,31.3,25.3,32.7,25.1
413.187,33.0,25.5,-30.4296,25.7,31.6,25.4,32.9,25.2
414.187,22.3,25.6,-30.487199999999998,25.8,21.7,25.5,24.0,25.3
415.187,-14.3,25.8,-30.5424,26.2,-10.2,25.7,-13.3,25.5
416.187,-36.8,25.5,-4.5144,25.8,-33.8,25.4,-33.8,25.2
417.187,-37.4,25.3,1.2696,25.5,-35.4,25.2,-35.1,25.1
418.187,-37.4,25.3,27.086399999999998,25.4,-35.3,25.1,-34.9,25.0
419.187,-37.5,25.2,26.9304,25.4,-35.3,25.1,-35.0,24.9
420.187,-37.7,25.2,26.426399999999997,25.4,-35.3,25.0,-34.9,24.9
421.187,-37.9,25.2,26.6328,25.3,-35.6,25.0,-35.2,24.9
422.187,-37.8,25.2,26.246399999999998,25.3,-35.5,25.0,-35.1,24.9
423.187,-35.1,25.2,26.652,25.3,-32.4,25.0,-32.4,24.9
424.187,-10.1,25.5,25.615199999999998,25.6,-10.5,25.2,-11.8,25.0
425.187,7.3,25.9,-2.6952,26.1,4.7,25.7,4.9,25.4
426.187,28.6,25.4,-30.153599999999997,25.5,25.8,25.2,29.2,25.0
427.187,31.1,25.3,-30.172799999999995,25.4,30.3,25.1,31.9,24.9
428.187,32.6,25.3,-30.4968,25.3,31.2,25.1,32.5,24.9
429.187,32.6,25.4,-30.5304,25.4,31.2,25.1,32.6,25.0
430.187,32.8,25.5,-30.8904,25.5,31.3,25.2,32.7,25.0
431.187,32.8,25.5,-30.465600000000002,25.7,31.3,25.3,32.7,25.1
432.187,32.8,25.5,-27.612000000000002,25.7,31.4,25.4,32.8,25.2
433.187,33.1,25.6,-0.0096,25.8,31.8,25.5,33.1,25.3
434.187,16.9,25.7,27.633599999999998,25.9,16.8,25.6,18.2,25.4
435.187,-20.9,25.8,27.0,26.2,-16.5,25.7,-19.9,25.5
436.187,-37.3,25.5,27.0912,25.8,-34.9,25.4,-34.9,25.2
437.188,-37.5,25.4,26.5296,25.6,-35.3,25.2,-34.6,25.1
438.188,-37.6,25.3,26.5752,25.5,-35.3,25.1,-35.1,25.0
439.188,-37.7,25.3,26.772,25.5,-35.4,25.1,-37.8,25.0
440.188,-37.8,25.3,26.5968,25.5,-35.4,25.1,-36.9,24.9
441.188,-38.0,25.3,-3.0096,25.4,-35.8,25.1,-35.5,24.9
442.188,-37.8,25.3,-27.6384,25.4,-35.5,25.1,-35.1,24.9
443.188,-34.1,25.3,-30.693599999999996,25.4,-30.8,25.1,-31.4,24.9
444.188,-2.7,25.7,-30.4152,25.8,-4.1,25.4,-4.2,25.2
445.188,0.4,26.2,-30.2424,26.3,0.2,25.9,0.7,25.7
446.188,23.2,25.8,-30.9696,26.0,20.9,25.5,23.7,25.3
447.188,30.6,25.4,-30.5952,25.5,29.2,25.2,31.2,25.0
448.188,32.2,25.3,-30.7968,25.4,31.0,25.1,32.4,25.0
449.188,32.7,25.4,-0.2592,25.5,31.5,25.2,35.3,25.0
450.188,32.6,25.5,27.6696,25.6,31.2,25.2,34.1,25.0
451.188,32.9,25.5,27.072,25.7,31.4,25.4,33.8,25.1
452.188,32.7,25.6,27.5304,25.8,31.3,25.5,32.7,25.2
453.188,33.0,25.6,26.616,25.9,31.8,25.5,33.1,25.3
454.188,27.9,25.7,27.0672,25.9,26.2,25.6,28.5,25.4
455.188,-5.8,26.0,26.5632,26.3,-2.6,25.9,-4.5,25.6
456.188,-34.8,25.7,26.604000000000003,26.0,-30.7,25.6,-31.1,25.4
457.188,-37.6,25.5,1.908,25.8,-35.5,25.4,-35.4,25.2
458.188,-37.5,25.4,-28.3272,25.6,-37.5,25.3,-37.7,25.1
459.188,-37.8,25.4,-30.470399999999998,25.5,-36.2,25.2,-36.1,25.0
460.188,-37.8,25.4,-30.42,25.5,-35.3,25.2,-35.1,25.0
461.188,-38.2,25.4,-30.504,25.5,-35.6,25.2,-35.2,25.0
462.188,-38.0,25.4,-30.511199999999995,25.5,-35.5,25.2,-35.4,25.0
463.188,-36.3,25.4,-30.547199999999997,25.5,-33.9,25.1,-33.8,25.0
464.188,-19.3,25.5,-30.638399999999997,25.6,-17.9,25.3,-19.1,25.1
465.188,2.7,26.1,-3.4104,26.2,1.3,25.8,1.0,25.6
466.188,26.1,25.6,7.591199999999999,26.0,22.5,25.4,25.9,25.2
467.188,30.3,25.4,27.504,25.6,28.7,25.2,31.6,25.1
468.188,32.4,25.4,27.086399999999998,25.5,31.1,25.2,32.5,25.1
469.188,32.9,25.5,26.831999999999997,25.5,33.1,25.2,32.8,25.1
470.188,32.6,25.6,26.642400000000002,25.7,32.6,25.3,32.3,25.1
471.188,33.0,25.6,26.5992,25.8,32.1,25.5,37.1,25.2
472.188,32.8,25.7,26.7384,25.9,31.3,25.6,32.7,25.3
473.188,33.0,25.7,23.1432,26.0,31.6,25.6,32.8,25.4
474.188,26.1,25.8,-15.935999999999998,26.0,25.1,25.7,26.6,25.5
475.188,-7.0,26.1,-30.465600000000002,26.4,-3.8,26.0,-6.6,25.7
476.188,-34.8,25.7,-30.4584,26.1,-30.3,25.7,-32.1,25.5
477.188,-37.6,25.6,-30.3936,25.8,-36.3,25.5,-35.2,25.3
478.188,-37.5,25.5,-30.5424,25.7,-37.9,25.3,-34.9,25.1
479.188,-37.7,25.4,-30.6744,25.6,-37.0,25.3,-35.0,25.1
480.188,-37.7,25.4,-30.4752,25.6,-35.4,25.3,-35.0,25.1
481.188,-38.2,25.4,-20.539199999999997,25.6,-35.7,25.2,-35.2,25.1
482.188,-37.9,25.4,0.6,25.6,-35.5,25.2,-35.0,25.1
483.188,-36.2,25.4,27.340799999999998,25.6,-33.7,25.2,-32.8,25.0
484.188,-18.1,25.6,27.1992,25.8,-16.4,25.3,-17.0,25.2
485.188,0.8,26.1,27.189600000000002,26.4,0.0,25.9,0.8,25.7
486.188,25.7,25.7,26.7912,26.0,21.6,25.6,25.5,25.3
487.188,30.6,25.5,26.8704,25.6,29.6,25.3,30.1,25.1
488.188,32.5,25.4,26.805600000000002,25.6,32.0,25.3,32.9,25.1
489.188,32.7,25.5,26.3784,25.6,32.4,25.3,32.5,25.1
490.188,32.7,25.7,0.0672,25.7,32.9,25.4,32.5,25.1
491.188,32.9,25.7,-29.7,25.9,31.6,25.5,32.8,25.2
492.188,32.8,25.8,-30.472799999999996,26.0,32.0,25.6,32.6,25.4
493.188,33.1,25.8,-30.441599999999998,26.0,31.8,25.7,33.0,25.5
494.188,28.0,25.8,-30.6744,26.1,26.4,25.8,28.3,25.5
495.188,-14.1,26.1,-30.96,26.4,-9.1,26.0,-12.1,25.7
496.188,-36.9,25.8,-30.463199999999997,26.1,-33.8,25.7,-33.9,25.5
497.188,-37.5,25.6,-30.062399999999997,25.9,-35.5,25.5,-35.2,25.3
498.188,-37.6,25.5,-0.084,25.7,-35.3,25.4,-35.1,25.2
499.19,-37.8,25.5,28.495199999999997,25.7,-35.5,25.3,-35.1,25.2
500.19,-37.9,25.5,27.2184,25.7,-35.4,25.3,-35.1,25.1
501.19,-38.2,25.5,27.4392,25.7,-35.7,25.3,-35.4,25.1
502.19,-37.9,25.5,26.496,25.6,-35.5,25.3,-35.7,25.1
503.19,-35.1,25.5,26.803199999999997,25.6,-32.4,25.3,-32.5,25.1
504.19,-9.9,25.8,26.5536,25.9,-10.2,25.5,-11.5,25.3
505.19,5.6,26.3,27.0384,26.5,5.6,25.9,5.1,25.7
506.19,28.4,25.7,-5.7768,25.9,24.8,25.4,29.2,25.3
507.19,31.1,25.5,-29.8128,25.7,30.3,25.3,31.9,25.2
508.192,32.7,25.5,-30.391199999999998,25.7,31.1,25.3,33.8,25.2
509.192,32.7,25.6,-30.345599999999997,25.7,31.3,25.3,32.7,25.2
510.192,32.8,25.7,-30.518399999999996,25.9,31.3,25.5,32.6,25.2
511.192,32.9,25.8,-30.6432,26.0,31.5,25.6,32.7,25.4
512.192,32.8,25.8,-30.5904,26.1,31.4,25.7,32.7,25.5
513.192,33.1,25.9,-30.4896,26.1,31.8,25.8,33.1,25.5
514.192,19.2,26.0,-0.3504,26.2,18.2,25.9,19.9,25.7
515.192,-16.3,26.2,20.3736,26.6,-12.1,26.1,-15.4,25.8
516.192,-37.0,25.8,27.134399999999996,26.2,-34.4,25.8,-34.6,25.5
517.192,-37.6,25.7,27.4512,26.0,-35.5,25.6,-35.2,25.4
518.192,-37.6,25.6,26.3448,25.8,-35.3,25.4,-35.2,25.2
519.192,-37.8,25.6,26.5632,25.8,-35.4,25.4,-35.2,25.2
520.192,-37.9,25.6,26.4456,25.8,-35.4,25.4,-35.1,25.2
521.194,-38.2,25.6,26.6352,25.7,-35.7,25.3,-35.4,25.2
522.194,-38.0,25.5,15.460799999999999,25.7,-35.5,25.3,-35.1,25.2
523.194,-35.3,25.5,-21.0984,25.7,-32.1,25.3,-32.2,25.2
524.194,-7.5,25.9,-30.432,26.0,-8.7,25.6,-10.0,25.4
525.194,1.1,26.4,-30.4896,26.6,3.4,26.1,3.6,25.8
526.194,28.0,25.8,-30.470399999999998,26.0,25.4,25.5,29.3,25.3
527.194,31.5,25.6,-30.3888,25.7,30.5,25.4,31.9,25.2
528.194,32.5,25.6,-30.6768,25.7,31.4,25.4,32.4,25.2
529.194,32.8,25.7,-30.379199999999997,25.8,31.3,25.4,32.6,25.2
530.194,32.8,25.8,-14.7216,25.9,31.4,25.5,32.7,25.3
531.194,32.9,25.9,1.9631999999999998,26.1,31.4,25.7,32.7,25.4
532.194,32.9,25.9,28.0608,26.2,31.5,25.8,32.9,25.5
533.194,33.1,25.9,27.1128,26.2,31.7,25.9,32.9,25.6
534.194,19.5,26.0,26.831999999999997,26.3,18.8,26.0,20.8,25.7
535.194,-18.4,26.2,26.793599999999998,26.6,-13.9,26.2,-17.1,25.8
536.194,-37.4,25.9,26.649599999999996,26.2,-34.6,25.8,-34.5,25.6
537.194,-37.7,25.7,26.935200000000002,26.0,-35.4,25.6,-35.2,25.4
538.194,-37.8,25.6,26.0352,25.9,-35.3,25.5,-35.1,25.3
539.194,-37.9,25.6,-0.21359999999999998,25.9,-35.4,25.5,-35.1,25.3
540.196,-38.1,25.6,-30.1512,25.8,-35.4,25.4,-35.2,25.2
541.196,-38.3,25.6,-30.273600000000002,25.8,-35.7,25.4,-35.5,25.2
542.196,-38.1,25.6,-30.3768,25.8,-35.5,25.4,-37.8,25.2
543.196,-35.0,25.6,-30.7272,25.8,-31.9,25.4,-32.9,25.2
544.196,-6.8,25.9,-30.8976,26.1,-5.6,25.7,-6.0,25.5
545.196,11.0,26.2,-30.5664,26.6,5.4,26.2,7.6,25.8
546.196,28.8,25.7,-28.603199999999998,25.9,27.5,25.6,29.5,25.4
547.196,31.8,25.7,-0.0624,25.8,30.7,25.5,32.9,25.3
548.196,32.6,25.6,27.4152,25.8,31.3,25.5,34.2,25.3
549.196,32.7,25.8,26.9928,25.9,31.3,25.5,32.6,25.3
550.196,32.9,25.9,27.424799999999998,26.0,31.5,25.6,32.9,25.4
551.196,32.9,25.9,26.4168,26.2,31.4,25.8,32.5,25.5
552.196,32.9,26.0,26.987999999999996,26.2,31.7,25.9,32.9,25.6
553.196,33.2,26.0,26.685599999999997,26.3,31.8,25.9,32.9,25.7
554.196,16.4,26.1,26.939999999999998,26.4,15.2,26.1,17.0,25.8
555.196,-5.5,26.5,-5.306399999999999,26.8,-3.4,26.4,-5.6,26.1
556.196,-34.8,26.0,-29.8008,26.4,-31.3,26.0,-32.1,25.7
557.196,-37.8,25.8,-30.455999999999996,26.2,-35.5,25.8,-35.3,25.6
558.196,-37.7,25.7,-30.3312,26.0,-35.3,25.6,-35.1,25.4
559.196,-37.9,25.7,-30.36,25.9,-35.4,25.5,-35.2,25.3
560.196,-37.9,25.7,-30.7704,25.9,-35.4,25.5,-35.1,25.3
561.196,-38.3,25.7,-30.4896,25.9,-35.6,25.5,-35.3,25.3
562.196,-38.1,25.7,-30.6768,25.9,-35.6,25.5,-35.3,25.3
563.196,-36.3,25.7,-0.5928,25.9,-33.3,25.5,-33.1,25.3
564.196,-19.5,25.8,18.503999999999998,26.0,-18.8,25.6,-20.0,25.4
565.196,4.8,26.3,26.968799999999998,26.6,3.1,26.1,4.1,25.8
566.196,28.5,25.9,27.734399999999997,26.2,25.4,25.7,28.7,25.4
567.196,31.1,25.7,26.4744,25.9,29.9,25.5,31.5,25.3
568.196,32.6,25.7,26.7072,25.9,31.2,25.5,32.5,25.3
569.196,32.8,25.8,26.5608,25.9,31.3,25.6,32.7,25.4
570.196,32.9,25.9,26.776799999999998,26.1,31.3,25.7,32.7,25.4
571.196,33.0,26.0,9.588,26.2,31.4,25.8,35.1,25.5
572.196,32.9,26.0,-24.141599999999997,26.3,31.4,25.9,32.8,25.7
573.196,33.2,26.0,-30.4824,26.4,31.8,26.0,33.0,25.7
574.196,19.1,26.2,-30.333599999999997,26.5,19.5,26.1,20.8,25.9
575.196,-20.0,26.3,-30.4896,26.8,-15.5,26.3,-18.7,26.0
576.196,-37.7,26.0,-30.4392,26.4,-34.9,26.0,-34.7,25.7
577.196,-37.7,25.9,-30.516,26.2,-35.4,25.8,-36.6,25.5
578.196,-37.8,25.8,-30.3672,26.0,-35.5,25.6,-36.2,25.4
579.196,-38.0,25.8,-8.4384,26.0,-35.4,25.6,-37.3,25.4
580.196,-38.1,25.7,3.888,26.0,-35.4,25.6,-35.2,25.4
581.196,-38.3,25.7,27.040799999999997,26.0,-35.6,25.6,-35.3,25.4
582.196,-38.0,25.7,26.6808,25.9,-35.6,25.6,-35.2,25.3
583.196,-34.6,25.7,26.366400000000002,25.9,-31.3,25.5,-31.7,25.3
584.196,-3.7,26.1,26.438399999999998,26.3,-4.8,25.9,-5.9,25.6
585.196,-0.3,26.6,26.496,26.9,-0.3,26.3,-0.3,26.0
586.196,1.8,26.9,26.6088,27.1,2.0,26.5,4.8,26.2
587.196,28.1,26.0,25.6176,26.4,25.8,25.8,27.6,25.5
588.196,31.2,25.8,-4.2816,26.0,29.8,25.6,31.7,25.4
589.196,32.7,25.7,-30.131999999999998,25.9,31.4,25.6,32.5,25.4
590.196,32.9,25.9,-30.079199999999997,26.0,31.4,25.6,32.6,25.4
591.196,32.9,26.0,-30.410399999999996,26.1,31.5,25.7,35.5,25.4
592.196,33.0,26.0,-30.556799999999996,26.3,31.3,25.9,35.8,25.6
593.196,33.0,26.1,-30.6744,26.4,31.5,26.0,32.8,25.7
594.196,33.2,26.1,-30.199199999999998,26.4,31.7,26.1,32.9,25.8
595.196,22.2,26.2,-27.3912,26.5,21.5,26.2,23.2,25.9
596.196,-12.7,26.5,0.0072,26.9,-8.9,26.4,-12.2,26.1
597.196,-37.1,26.1,27.6504,26.5,-33.5,26.1,-34.2,25.8
598.196,-37.8,25.9,27.362399999999997,26.3,-35.8,25.9,-35.1,25.6
599.196,-37.8,25.8,27.0912,26.1,-36.3,25.7,-35.0,25.5
600.196,-38.0,25.8,26.747999999999998,26.1,-35.5,25.6,-35.1,25.4
601.196,-38.0,25.8,26.7696,26.0,-35.4,25.6,-35.3,25.4
602.196,-38.4,25.8,26.8152,26.0,-35.7,25.6,-35.9,25.4
603.196,-38.1,25.8,26.5224,26.0,-35.5,25.6,-37.1,25.4
604.196,-35.0,25.8,-3.3167999999999997,26.0,-32.7,25.6,-34.4,25.4
605.196,-12.6,26.0,-29.58,26.2,-12.0,25.8,-11.5,25.6
606.196,8.7,26.4,-30.487199999999998,26.8,8.1,26.2,10.1,25.9
607.196,29.5,25.9,-30.1896,26.2,25.9,25.7,28.4,25.5
608.196,31.8,25.8,-30.4032,26.0,32.0,25.6,32.3,25.4
609.196,32.9,25.8,-30.693599999999996,26.0,31.5,25.7,34.7,25.4
610.196,32.8,26.0,-30.695999999999998,26.1,31.4,25.7,35.0,25.5
611.196,32.9,26.1,-30.552,26.3,31.4,25.8,32.8,25.5
612.196,33.1,26.1,-0.4824,26.4,31.6,26.0,32.9,25.7
613.196,32.9,26.2,23.757599999999996,26.5,31.5,26.1,33.0,25.8
614.196,33.2,26.2,27.057599999999997,26.5,31.8,26.2,33.3,25.9
615.196,13.4,26.4,27.252,26.7,14.1,26.3,15.0,26.0
616.196,-24.4,26.4,26.496,26.9,-19.8,26.4,-23.1,26.0
617.196,-37.7,26.1,26.3496,26.5,-34.9,26.1,-35.0,25.8
618.196,-37.7,25.9,26.6448,26.3,-35.2,25.9,-35.0,25.6
619.198,-37.9,25.9,27.0048,26.2,-35.5,25.8,-35.1,25.5
620.198,-38.0,25.9,5.0808,26.1,-35.6,25.7,-35.1,25.5
621.198,-38.1,25.8,-27.1992,26.1,-36.2,25.7,-35.1,25.5
622.198,-38.3,25.8,-30.7512,26.1,-35.8,25.7,-35.2,25.5
623.198,-37.7,25.8,-30.348,26.1,-35.5,25.7,-34.8,25.4
624.2,-31.8,25.8,-30.734399999999997,26.1,-29.0,25.7,-29.8,25.4
625.2,-2.6,26.2,-30.4776,26.6,-2.1,26.0,-2.1,25.8
626.2,12.5,26.5,-30.4392,26.8,11.2,26.2,13.6,25.9
627.2,30.2,25.9,-30.528,26.2,27.3,25.8,30.1,25.5
628.2,32.2,25.8,-1.2384,26.1,32.3,25.7,32.4,25.5
629.2,32.9,25.9,6.371999999999999,26.1,31.6,25.7,32.7,25.5
630.2,32.8,26.0,27.211199999999998,26.2,31.3,25.8,32.7,25.5
631.2,33.1,26.1,27.323999999999998,26.4,31.6,25.9,32.9,25.6
632.2,33.0,26.2,26.268,26.5,31.5,26.1,32.8,25.8
633.2,33.1,26.2,26.9664,26.6,31.8,26.2,33.2,25.9
634.2,33.1,26.3,26.2776,26.6,31.6,26.3,32.9,25.9
635.2,5.0,26.5,26.9256,26.9,6.8,26.5,6.5,26.1
636.2,-28.1,26.4,23.855999999999998,26.9,-23.7,26.4,-25.8,26.0
637.2,-37.7,26.2,-8.4216,26.5,-35.2,26.1,-35.3,25.8
638.2,-37.7,26.0,-30.432,26.3,-35.4,25.9,-35.2,25.7
639.2,-38.0,26.0,-30.3024,26.2,-35.4,25.8,-35.1,25.6
640.2,-38.0,25.9,-30.5736,26.2,-35.6,25.8,-35.2,25.5
641.2,-38.3,25.9,-30.532799999999998,26.2,-35.5,25.8,-35.2,25.5
642.2,-38.3,25.9,-30.9,26.1,-35.6,25.8,-35.2,25.5
643.2,-36.9,25.9,-30.333599999999997,26.1,-34.8,25.7,-34.2,25.5
644.2,-28.6,25.9,-25.2672,26.2,-25.5,25.8,-26.8,25.5
645.2,0.9,26.4,0.2976,26.7,-0.4,26.2,0.5,26.0
646.2,23.8,26.2,27.4056,26.6,19.9,26.1,22.9,25.8
647.2,30.2,25.9,27.278399999999998,26.2,29.0,25.8,30.7,25.6
648.2,32.7,25.9,27.0072,26.1,31.1,25.8,32.5,25.6
649.2,32.9,26.0,26.5896,26.2,31.5,25.8,32.8,25.6
650.2,32.9,26.2,26.601599999999998,26.3,31.4,25.9,32.8,25.6
651.2,33.1,26.2,26.7552,26.5,31.6,26.1,32.9,25.7
652.2,33.0,26.3,26.426399999999997,26.6,31.4,26.2,32.9,25.9
653.2,33.3,26.3,-1.9991999999999999,26.7,31.7,26.3,33.0,26.0
654.2,29.5,26.3,-29.157599999999995,26.7,28.0,26.4,29.9,26.1
655.2,-12.4,26.6,-30.616799999999998,27.1,-7.5,26.6,-10.2,26.2
656.2,-36.8,26.3,-30.42,26.7,-33.1,26.3,-33.5,26.0
657.2,-37.9,26.1,-30.3816,26.5,-35.5,26.1,-35.3,25.8
658.2,-37.9,26.0,-30.875999999999998,26.3,-35.3,25.9,-35.2,25.7
659.2,-38.0,26.0,-30.609599999999997,26.3,-35.5,25.9,-35.3,25.6
660.2,-38.1,26.0,-30.6888,26.3,-35.4,25.9,-35.2,25.6
661.2,-38.5,25.9,-0.28559999999999997,26.2,-35.8,25.8,-35.5,25.6
662.2,-38.2,26.0,29.208,26.2,-35.5,25.8,-35.3,25.6
663.2,-35.4,26.0,27.0504,26.2,-32.5,25.8,-32.8,25.5
664.2,-13.1,26.2,27.554399999999998,26.4,-12.4,26.0,-12.4,25.7
665.2,2.7,26.6,26.376,27.0,0.0,26.5,0.0,26.2
666.2,24.8,26.2,26.6064,26.7,20.9,26.2,23.5,25.9
667.2,30.3,26.0,26.7456,26.3,28.5,25.9,30.5,25.6
668.2,32.8,26.0,26.702399999999997,26.2,31.3,25.9,32.7,25.6
669.2,33.0,26.1,1.5504,26.2,31.5,25.9,33.0,25.6
670.2,32.9,26.2,-29.464799999999997,26.4,31.4,26.0,32.7,25.7
671.2,33.1,26.3,-30.468,26.6,31.5,26.1,32.8,25.8
672.2,33.0,26.3,-30.2976,26.7,31.4,26.2,32.8,25.9
673.2,33.3,26.4,-30.636,26.7,31.7,26.3,33.0,26.0
674.2,28.5,26.4,-30.587999999999997,26.8,27.1,26.4,29.1,26.1
675.2,-14.3,26.6,-30.407999999999998,27.1,-9.0,26.6,-12.1,26.3
676.2,-36.8,26.4,-30.587999999999997,26.8,-33.5,26.4,-33.8,26.0
677.2,-37.9,26.2,-1.2888,26.6,-35.5,26.2,-35.4,25.9
678.202,-37.9,26.1,6.311999999999999,26.4,-35.3,26.0,-35.1,25.7
679.202,-38.1,26.1,27.5592,26.3,-35.4,25.9,-35.3,25.7
680.202,-38.1,26.0,27.504,26.3,-35.4,25.9,-35.2,25.7
681.202,-38.4,26.0,26.7168,26.3,-35.7,25.9,-35.5,25.6
682.202,-38.2,26.0,26.8992,26.3,-35.5,25.9,-36.2,25.6
683.202,-35.1,26.0,26.6928,26.3,-32.1,25.9,-32.7,25.6
684.202,-12.4,26.2,26.8344,26.5,-11.5,26.1,-10.6,25.8
685.202,8.0,26.7,22.159200000000002,27.0,7.2,26.5,7.9,26.2
686.202,30.0,26.1,-11.824799999999998,26.4,26.8,26.0,29.9,25.7
687.202,32.0,26.0,-30.3024,26.3,30.7,25.9,32.2,25.7
688.202,32.7,26.0,-30.252,26.3,31.4,25.9,32.6,25.7
689.202,32.8,26.2,-30.470399999999998,26.4,31.4,26.0,34.2,25.7
690.202,33.0,26.3,-30.664799999999996,26.6,31.5,26.1,33.0,25.8
691.202,33.1,26.4,-30.940799999999996,26.7,31.5,26.3,32.8,25.9
692.202,33.0,26.4,-30.2232,26.8,31.6,26.4,33.0,26.0
693.202,33.3,26.4,-23.719199999999997,26.9,31.9,26.5,33.2,26.1
694.202,14.2,26.6,0.36479999999999996,27.0,13.9,26.6,15.5,26.3
695.202,-20.5,26.7,27.5208,27.3,-16.1,26.7,-19.8,26.3
696.202,-37.6,26.4,27.2568,26.8,-34.7,26.4,-35.1,26.1
697.202,-37.8,26.2,27.1584,26.6,-35.6,26.2,-35.3,25.9
698.202,-37.9,26.2,26.712,26.5,-36.7,26.0,-35.2,25.8
699.202,-38.0,26.1,26.7696,26.4,-35.9,26.0,-35.3,25.7
700.202,-38.1,26.1,26.7528,26.4,-35.5,26.0,-35.3,25.7
701.202,-38.3,26.1,26.3688,26.4,-35.6,26.0,-35.4,25.7
702.202,-38.0,26.1,-0.672,26.4,-35.5,25.9,-35.1,25.7
703.202,-35.0,26.1,-29.229599999999998,26.3,-31.3,25.9,-31.7,25.7
704.202,-8.5,26.3,-30.417599999999997,26.7,-6.5,26.2,-7.5,25.9
705.202,11.6,26.6,-30.4944,27.1,6.1,26.6,8.0,26.3
706.202,29.5,26.2,-30.5856,26.5,27.1,26.1,29.9,25.8
707.202,31.6,26.1,-30.8424,26.3,30.6,26.0,32.3,25.7
708.202,32.8,26.1,-30.775199999999998,26.4,31.4,26.0,32.7,25.7
709.204,32.9,26.3,-30.446399999999997,26.5,32.2,26.0,32.8,25.8
710.204,33.1,26.4,0.048,26.6,32.4,26.2,33.0,25.8
711.204,33.1,26.4,28.3848,26.8,31.7,26.3,32.8,26.0
712.204,33.1,26.5,26.784,26.9,31.7,26.5,33.0,26.1
713.204,33.4,26.5,27.5808,26.9,31.9,26.5,33.1,26.2
714.204,14.7,26.7,26.402399999999997,27.1,14.5,26.7,16.0,26.4
715.204,-19.6,26.8,26.76,27.3,-15.3,26.8,-18.6,26.4
716.204,-37.6,26.4,26.5632,26.9,-34.9,26.5,-34.6,26.1
717.204,-37.8,26.3,26.7288,26.6,-35.5,26.2,-38.3,26.0
718.204,-37.9,26.2,-2.2632,26.5,-35.5,26.1,-35.6,25.8
719.204,-38.0,26.2,-29.892,26.5,-35.4,26.1,-35.2,25.8
720.204,-38.1,26.2,-30.4032,26.5,-35.5,26.0,-35.6,25.8
721.204,-38.3,26.2,-30.407999999999998,26.5,-35.6,26.0,-35.7,25.7
722.204,-38.0,26.1,-30.626399999999997,26.4,-35.6,26.0,-35.7,25.7
723.204,-34.1,26.1,-30.664799999999996,26.4,-30.9,26.0,-31.7,25.7
724.204,-4.6,26.5,-30.444,26.8,-4.3,26.3,-3.4,26.1
725.204,8.5,26.9,-30.6216,27.3,5.3,26.7,6.7,26.4
726.206,29.1,26.2,1.1567999999999998,26.6,26.6,26.1,28.9,25.9
727.206,31.4,26.2,10.8768,26.5,30.5,26.0,31.8,25.8
728.206,33.1,26.2,27.587999999999997,26.4,31.5,26.1,34.2,25.8
729.206,33.0,26.3,27.54,26.5,31.5,26.1,32.7,25.8
730.206,33.0,26.4,26.5776,26.7,31.5,26.3,32.6,25.9
731.206,33.2,26.5,26.702399999999997,26.8,31.5,26.4,34.6,26.0
732.206,33.0,26.6,26.4432,26.9,31.5,26.5,33.1,26.2
733.206,33.4,26.6,26.6544,27.0,31.9,26.6,33.1,26.3
734.206,18.7,26.7,16.4448,27.1,17.8,26.7,20.1,26.4
735.206,-6.7,27.0,-17.0952,27.5,-4.7,27.0,-7.2,26.6
736.206,-35.4,26.6,-30.156,27.1,-32.0,26.6,-32.3,26.3
737.206,-37.9,26.4,-30.528,26.8,-35.6,26.4,-35.3,26.1
738.206,-37.8,26.3,-30.3384,26.6,-35.3,26.2,-35.0,25.9
739.206,-38.0,26.2,-30.4824,26.6,-35.4,26.1,-35.2,25.9
740.206,-38.0,26.2,-30.6888,26.5,-35.3,26.1,-35.2,25.9
741.206,-38.5,26.2,-30.436799999999998,26.5,-35.7,26.1,-35.4,25.8
742.206,-38.2,26.2,-17.22,26.5,-35.6,26.1,-35.5,25.8
743.206,-35.8,26.2,0.8664,26.5,-33.4,26.1,-32.7,25.8
744.206,-20.2,26.3,27.194399999999998,26.6,-18.0,26.2,-19.1,25.9
745.206,8.3,26.8,26.9304,27.2,5.1,26.6,6.4,26.3
746.206,28.3,26.3,26.6352,26.7,25.1,26.2,28.6,26.0
747.206,31.4,26.2,26.726399999999998,26.5,30.1,26.1,31.8,25.9
748.206,32.7,26.2,26.2392,26.5,31.3,26.1,32.6,25.9
749.206,33.0,26.4,26.7552,26.6,31.5,26.2,32.7,25.9
750.206,33.0,26.5,25.953599999999998,26.8,31.4,26.3,32.7,25.9
751.206,33.2,26.6,0.4752,26.9,31.5,26.5,32.7,26.1
752.206,33.1,26.6,-29.7456,27.0,31.7,26.6,33.0,26.2
753.206,33.3,26.7,-30.4128,27.1,31.8,26.7,33.0,26.3
754.206,19.9,26.8,-30.518399999999996,27.2,19.0,26.8,20.5,26.5
755.206,-10.1,27.1,-30.72,27.6,-6.7,27.0,-9.7,26.6
756.206,-36.7,26.6,-30.9816,27.1,-33.1,26.7,-33.9,26.3
757.206,-37.8,26.5,-30.5856,26.9,-35.9,26.4,-35.3,26.1
758.206,-37.8,26.3,-29.7816,26.7,-37.6,26.3,-35.2,26.0
759.206,-38.0,26.3,-0.1008,26.6,-35.5,26.2,-35.2,25.9
760.206,-38.1,26.3,25.752,26.6,-35.4,26.2,-35.2,25.9
761.206,-38.5,26.3,27.2304,26.6,-35.8,26.2,-35.5,25.9
762.206,-38.2,26.2,27.2544,26.6,-35.5,26.1,-35.3,25.9
763.206,-35.7,26.3,26.450400000000002,26.6,-32.6,26.1,-32.3,25.9
764.206,-14.9,26.4,26.58,26.8,-14.1,26.3,-15.5,26.0
765.206,6.8,26.9,26.5248,27.3,3.3,26.7,4.0,26.4
766.206,28.7,26.4,26.786399999999997,26.8,26.1,26.3,29.5,26.0
767.206,31.3,26.3,-5.491199999999999,26.6,30.3,26.2,31.5,25.9
768.206,32.8,26.3,-29.831999999999997,26.6,31.3,26.2,32.6,25.9
769.206,33.0,26.4,-30.4776,26.6,33.2,26.2,32.7,26.0
770.206,33.1,26.6,-30.3744,26.8,32.0,26.4,32.8,26.0
771.206,33.2,26.6,-30.619199999999996,27.0,31.5,26.5,32.8,26.2
772.206,33.2,26.7,-30.734399999999997,27.1,31.8,26.7,32.8,26.3
773.206,33.4,26.7,-30.602399999999996,27.1,31.9,26.7,33.0,26.4
774.207,20.0,26.8,-30.6216,27.3,19.0,26.9,21.0,26.5
775.207,-15.5,27.0,0.7343999999999999,27.6,-11.7,27.0,-15.0,26.6
776.207,-37.2,26.7,17.3376,27.2,-34.1,26.7,-34.3,26.4
777.207,-37.9,26.5,27.336000000000002,26.9,-35.5,26.5,-35.3,26.2
778.207,-37.9,26.4,27.3768,26.7,-35.3,26.3,-35.1,26.1
779.207,-38.2,26.3,26.642400000000002,26.7,-35.5,26.2,-35.3,26.0
780.207,-38.2,26.3,26.757599999999996,26.7,-35.5,26.2,-35.2,26.0
781.207,-38.6,26.3,26.628,26.7,-35.7,26.2,-35.4,25.9
782.207,-38.3,26.3,26.7792,26.6,-35.5,26.2,-35.2,25.9
783.207,-35.5,26.3,12.835199999999999,26.6,-32.3,26.2,-32.0,25.9
784.207,-12.0,26.6,-20.1936,26.9,-11.4,26.3,-13.0,26.1
785.207,3.1,27.1,-30.549599999999998,27.4,3.3,26.8,4.3,26.5
786.207,27.7,26.5,-30.491999999999997,26.9,24.5,26.4,27.8,26.1
787.207,31.0,26.3,-30.42,26.7,29.4,26.2,31.4,26.0
788.208,32.9,26.3,-30.4056,26.6,31.3,26.2,32.5,26.0
789.208,33.2,26.5,-30.6048,26.7,31.5,26.3,32.8,26.0
790.208,33.1,26.6,-30.5232,26.9,31.5,26.4,32.8,26.1
791.208,33.3,26.7,-15.5304,27.1,31.5,26.6,32.8,26.2
792.208,33.2,26.7,1.4376,27.1,31.6,26.7,32.9,26.3
793.208,33.4,26.8,27.06,27.2,31.7,26.8,33.0,26.4
794.208,20.4,26.9,26.7384,27.3,20.3,26.9,21.4,26.6
795.208,-22.0,26.9,26.688,27.6,-15.5,27.0,-20.0,26.6
796.208,-37.6,26.7,26.4912,27.2,-35.2,26.7,-34.9,26.4
797.208,-38.3,26.5,26.387999999999998,27.0,-38.4,26.5,-35.4,26.2
798.208,-37.8,26.4,26.503199999999996,26.8,-36.3,26.4,-35.3,26.1
799.208,-37.9,26.4,25.9008,26.8,-36.0,26.3,-35.3,26.0
800.208,-38.1,26.4,-0.8999999999999999,26.7,-35.5,26.3,-35.2,26.0
801.208,-38.2,26.4,-30.071999999999996,26.7,-35.8,26.3,-35.4,26.0
802.208,-37.9,26.4,-30.3936,26.7,-35.6,26.2,-35.2,25.9
803.21,-33.9,26.4,-30.4848,26.7,-31.3,26.2,-31.3,26.0
804.21,-3.7,26.7,-30.66,27.2,-2.5,26.6,-3.0,26.3
805.21,16.8,26.9,-30.971999999999998,27.4,14.6,26.7,16.9,26.4
806.21,30.1,26.4,-30.638399999999997,26.7,27.2,26.3,30.6,26.0
807.21,32.7,26.4,-28.6224,26.7,32.5,26.3,32.6,26.0
808.21,33.1,26.4,-0.168,26.7,31.6,26.3,32.6,26.0
809.21,33.3,26.6,26.750400000000003,26.9,35.1,26.4,32.7,26.1
810.21,33.3,26.7,26.928,27.0,32.7,26.6,32.8,26.2
811.21,33.3,26.8,27.2376,27.2,31.6,26.7,32.8,26.3
812.21,33.4,26.8,26.464799999999997,27.3,31.8,26.8,33.0,26.5
813.21,33.0,26.8,26.568,27.3,31.5,26.9,32.6,26.5
814.21,9.8,27.1,26.5512,27.6,8.7,27.1,10.7,26.7
815.21,-1.9,27.3,26.5368,27.9,-0.3,27.4,-1.8,26.9
816.21,-29.4,27.0,-5.0232,27.6,-26.5,27.0,-28.3,26.6
817.21,-37.7,26.7,-29.592,27.2,-35.3,26.7,-35.3,26.4
818.21,-38.0,26.5,-30.5448,26.9,-35.4,26.5,-35.2,26.2
819.21,-37.9,26.5,-30.3768,26.9,-35.4,26.4,-35.3,26.1
820.21,-38.0,26.4,-30.518399999999996,26.8,-35.5,26.4,-35.3,26.1
821.21,-38.2,26.4,-30.871199999999998,26.8,-35.5,26.4,-35.3,26.1
822.21,-38.2,26.4,-30.6528,26.8,-35.6,26.3,-35.4,26.0
823.21,-36.6,26.4,-30.755999999999997,26.7,-34.7,26.3,-34.2,26.0
824.21,-29.8,26.4,-1.0248,26.8,-26.5,26.3,-27.7,26.0
825.21,-1.0,26.9,24.3384,27.3,-0.8,26.8,-0.2,26.5
826.21,0.3,27.4,26.6064,27.7,0.1,27.1,0.5,26.9
827.21,23.5,26.9,27.379199999999997,27.3,21.7,26.7,25.0,26.4
828.21,30.9,26.5,26.234399999999997,26.8,29.4,26.4,30.9,26.1
829.21,32.7,26.4,26.3976,26.7,31.3,26.4,32.5,26.1
830.21,33.2,26.5,26.3064,26.8,31.8,26.4,32.8,26.1
831.21,33.1,26.7,26.7432,27.0,31.7,26.5,32.8,26.1
832.21,33.3,26.8,8.9304,27.1,31.6,26.6,32.7,26.3
833.21,33.2,26.8,-27.3144,27.3,31.6,26.8,32.7,26.4
834.21,33.4,26.9,-30.5208,27.3,31.9,26.9,33.0,26.5
835.21,27.9,26.9,-30.3768,27.4,26.4,27.0,28.7,26.6
836.21,-2.1,27.3,-30.710399999999996,27.8,0.4,27.3,-0.6,26.9
837.21,-32.0,27.0,-30.432,27.6,-28.3,27.0,-29.2,26.6
838.21,-37.8,26.7,-30.619199999999996,27.2,-35.4,26.8,-35.0,26.4
839.21,-37.8,26.6,-30.4512,27.0,-35.4,26.5,-36.1,26.2
840.21,-38.0,26.5,-8.025599999999999,26.9,-35.4,26.4,-37.6,26.1
841.21,-38.0,26.5,4.284,26.9,-35.4,26.4,-35.5,26.1
842.21,-38.4,26.5,27.0936,26.9,-35.6,26.4,-35.6,26.1
843.21,-38.2,26.5,26.949599999999997,26.8,-35.6,26.4,-35.7,26.1
844.21,-36.1,26.5,26.3784,26.8,-33.9,26.4,-33.9,26.1
845.212,-23.5,26.5,26.8008,26.9,-22.0,26.4,-22.8,26.1
846.212,5.1,27.0,26.217599999999997,27.5,4.1,26.8,4.2,26.6
847.212,27.6,26.6,27.079199999999997,27.1,24.1,26.5,27.8,26.2
848.214,31.1,26.5,25.0752,26.8,29.7,26.4,31.6,26.1
849.214,32.9,26.5,-5.3592,26.8,31.4,26.4,33.8,26.1
850.214,33.1,26.6,-30.4152,26.9,31.5,26.5,32.8,26.1
851.214,33.2,26.8,-30.168,27.1,31.6,26.6,35.2,26.2
852.214,33.3,26.9,-30.4512,27.3,31.8,26.8,32.8,26.3
853.214,33.2,26.9,-30.616799999999998,27.4,31.8,26.9,35.3,26.5
854.214,33.4,26.9,-30.804000000000002,27.4,31.9,27.0,33.1,26.6
855.214,21.8,27.0,-30.662399999999998,27.5,20.5,27.1,22.3,26.7
856.214,-18.1,27.2,-27.4992,27.8,-12.7,27.3,-16.0,26.8
857.214,-37.2,26.9,-0.0696,27.4,-34.3,27.0,-34.2,26.6
858.214,-37.8,26.7,27.278399999999998,27.2,-35.5,26.7,-38.3,26.4
859.214,-37.9,26.6,26.7456,27.0,-35.4,26.5,-36.3,26.2
860.214,-38.1,26.6,27.3,26.9,-35.8,26.5,-36.3,26.2
861.214,-38.1,26.6,26.5152,26.9,-35.5,26.5,-35.3,26.2
862.214,-38.4,26.5,26.9208,26.9,-35.9,26.5,-35.4,26.2
863.214,-38.2,26.5,26.5896,26.9,-35.6,26.4,-36.4,26.1
864.214,-35.0,26.5,26.719199999999997,26.9,-31.8,26.4,-32.2,26.1
865.214,-9.4,26.8,-3.6288,27.2,-9.2,26.6,-9.9,26.3
866.214,5.8,27.3,-29.447999999999997,27.7,7.1,27.0,10.1,26.6
867.214,30.1,26.6,-30.400799999999997,27.0,25.9,26.5,28.4,26.2
868.214,31.6,26.5,-30.407999999999998,26.9,30.6,26.5,32.0,26.2
869.214,33.1,26.5,-30.355199999999996,26.9,32.1,26.5,32.6,26.2
870.214,33.1,26.7,-30.931199999999997,27.0,31.6,26.5,32.6,26.2
871.214,33.3,26.9,-30.537599999999998,27.2,31.7,26.7,37.0,26.2
872.214,33.4,26.9,-30.801599999999997,27.3,31.7,26.8,36.0,26.4
873.214,33.3,27.0,-0.2928,27.4,31.8,27.0,33.1,26.6
874.216,33.6,27.0,26.4816,27.5,32.1,27.1,33.2,26.7
875.216,15.6,27.2,27.3888,27.7,15.0,27.2,16.2,26.8
876.217,-23.1,27.2,27.444,27.9,-17.8,27.3,-21.0,26.9
877.217,-37.6,26.9,26.647199999999998,27.5,-35.0,27.0,-35.0,26.6
878.217,-37.7,26.7,26.5296,27.2,-35.4,26.7,-35.2,26.4
879.217,-37.9,26.6,26.8248,27.0,-35.4,26.6,-35.1,26.3
880.217,-38.0,26.6,26.532,27.0,-35.4,26.6,-35.1,26.2
881.217,-38.1,26.6,3.1584,27.0,-35.5,26.6,-35.2,26.2
882.217,-38.3,26.6,-27.4464,27.0,-35.7,26.5,-35.3,26.2
883.217,-37.7,26.6,-30.4488,26.9,-35.5,26.5,-34.8,26.1
884.217,-33.9,26.6,-31.807199999999998,26.9,-29.9,26.5,-31.2,26.2
885.217,-1.5,27.0,-30.662399999999998,27.4,-3.7,26.8,-1.9,26.5
886.217,12.1,27.2,-30.4608,27.7,12.3,27.0,13.2,26.7
887.217,30.1,26.6,-30.746399999999998,27.0,27.3,26.5,30.0,26.3
888.217,32.3,26.6,-30.36,26.9,31.1,26.5,32.5,26.2
889.219,33.3,26.6,-1.32,26.9,31.6,26.5,32.7,26.2
890.219,33.0,26.8,3.8496,27.0,31.5,26.6,32.7,26.3
891.219,33.3,26.9,26.9928,27.3,31.9,26.8,32.8,26.4
892.219,33.2,27.0,27.0144,27.4,31.6,26.9,32.7,26.5
893.219,33.3,27.0,26.5056,27.5,31.9,27.1,33.0,26.6
894.219,33.2,27.1,26.5152,27.6,31.6,27.1,32.8,26.7
895.219,11.6,27.3,26.438399999999998,27.8,10.5,27.3,12.4,26.9
896.219,-7.5,27.5,26.5632,28.1,-4.9,27.6,-7.5,27.1
897.219,-35.6,27.0,23.4816,27.7,-32.2,27.1,-32.3,26.7
898.219,-37.8,26.9,-9.091199999999999,27.3,-35.6,26.9,-35.7,26.5
899.219,-37.8,26.7,-30.3888,27.1,-35.4,26.7,-38.0,26.3
900.219,-37.9,26.7,-30.2376,27.0,-35.4,26.6,-36.7,26.3
901.219,-38.0,26.7,-30.5064,27.0,-35.5,26.6,-35.4,26.3
902.219,-38.4,26.7,-30.6048,27.0,-35.7,26.6,-35.6,26.2
903.219,-38.1,26.6,-30.748799999999996,27.0,-35.6,26.5,-35.5,26.2
904.219,-35.7,26.6,-30.5208,27.0,-33.3,26.5,-32.7,26.2
905.219,-17.5,26.8,-24.3984,27.1,-17.8,26.6,-18.5,26.3
906.219,-2.0,27.2,0.12239999999999998,27.7,-0.4,27.1,-0.3,26.8
907.219,10.3,27.3,27.700799999999997,27.8,11.1,27.1,9.9,26.9
908.219,30.3,26.7,27.249599999999997,27.1,26.7,26.6,29.8,26.3
909.219,32.2,26.6,27.276,27.0,31.1,26.6,32.5,26.3
910.219,32.9,26.7,26.6256,27.0,31.7,26.6,32.8,26.3
911.219,33.1,26.9,26.8248,27.1,31.5,26.7,36.4,26.3
912.219,33.3,27.0,26.6664,27.3,31.8,26.8,33.1,26.4
913.219,33.3,27.0,26.467200000000002,27.5,31.6,27.0,32.8,26.6
914.219,33.4,27.1,-2.4192,27.6,31.9,27.1,33.0,26.7
915.219,33.6,27.1,-29.1984,27.6,31.9,27.2,33.0,26.8
916.219,9.6,27.3,-30.5616,27.9,9.9,27.4,10.7,27.0
917.219,-25.9,27.3,-30.357599999999998,28.0,-21.1,27.4,-23.2,26.9
918.219,-37.7,27.0,-30.3216,27.5,-35.3,27.1,-35.2,26.7
919.219,-37.7,26.8,-30.8352,27.3,-35.4,26.8,-36.9,26.5
920.219,-37.9,26.7,-30.6216,27.2,-35.4,26.7,-35.6,26.3
921.219,-38.0,26.7,-30.7056,27.1,-35.5,26.6,-36.0,26.3
922.219,-38.2,26.7,-0.012,27.1,-35.5,26.6,-35.4,26.3
923.219,-38.2,26.7,28.862399999999997,27.1,-35.7,26.6,-35.7,26.3
924.219,-37.2,26.7,27.424799999999998,27.0,-35.0,26.6,-34.9,26.2
925.219,-31.8,26.7,27.381600000000002,27.1,-27.7,26.6,-29.0,26.3
926.219,-0.6,27.1,26.712,27.5,-2.1,26.9,-1.6,26.6
927.219,0.5,27.6,26.4288,28.0,0.2,27.4,0.4,27.0
928.219,25.2,27.0,26.508,27.6,22.3,26.9,25.1,26.6
929.22,30.8,26.7,26.747999999999998,27.1,29.0,26.6,30.7,26.3
930.22,32.8,26.7,2.3544,27.0,31.6,26.6,32.9,26.3
931.22,33.3,26.8,-29.193599999999996,27.1,31.6,26.6,32.7,26.3
932.22,33.1,27.0,-30.395999999999997,27.3,31.5,26.8,32.8,26.4
933.22,33.4,27.1,-30.336,27.5,31.7,27.0,35.2,26.5
934.22,33.3,27.1,-30.6744,27.6,31.6,27.1,33.0,26.7
935.22,33.5,27.1,-30.5736,27.7,31.9,27.2,33.1,26.8
936.22,28.2,27.2,-30.4272,27.7,26.8,27.3,28.8,26.9
937.22,-14.9,27.4,-30.4992,28.1,-9.7,27.5,-12.5,27.0
938.22,-37.1,27.1,-0.8016,27.7,-34.1,27.2,-33.5,26.8
939.22,-37.7,26.9,5.0208,27.4,-35.6,27.0,-37.3,26.6
940.22,-37.7,26.8,27.1824,27.2,-35.4,26.8,-37.9,26.4
941.22,-37.9,26.8,27.295199999999998,27.2,-35.5,26.7,-35.9,26.4
942.22,-38.0,26.8,26.555999999999997,27.2,-35.4,26.7,-35.8,26.3
943.22,-38.3,26.7,26.628,27.1,-35.7,26.7,-35.6,26.3
944.22,-38.0,26.7,26.52,27.1,-35.5,26.7,-35.4,26.3
945.22,-34.8,26.7,26.4792,27.1,-31.9,26.6,-32.7,26.3
946.22,-11.8,26.9,20.4528,27.4,-10.8,26.8,-10.2,26.5
947.22,7.3,27.3,-10.068,27.8,8.3,27.1,6.7,26.8
948.22,30.5,26.8,-30.432,27.2,26.0,26.7,29.9,26.4
949.22,32.0,26.7,-30.287999999999997,27.1,31.1,26.7,32.4,26.4
950.22,33.0,26.8,-30.3816,27.1,31.6,26.7,32.7,26.4
951.22,33.1,27.0,-30.5448,27.2,31.6,26.7,32.7,26.4
952.22,33.3,27.1,-30.6048,27.5,31.7,26.9,37.9,26.4
953.22,33.4,27.2,-30.552,27.6,31.7,27.1,36.2,26.6
954.22,33.3,27.2,-22.303199999999997,27.7,31.8,27.2,33.1,26.8
955.22,33.6,27.2,0.43679999999999997,27.8,32.1,27.3,33.2,26.9
956.22,15.9,27.4,27.5952,28.0,14.9,27.5,16.7,27.1
957.22,-20.5,27.5,26.928,28.2,-16.1,27.6,-19.3,27.1
958.22,-37.4,27.1,27.2016,27.7,-34.8,27.2,-34.9,26.8
959.22,-37.7,27.0,26.5416,27.5,-35.5,27.0,-35.4,26.6
960.22,-37.8,26.9,26.8608,27.3,-35.5,26.8,-35.3,26.5
961.22,-38.0,26.8,26.724,27.2,-35.5,26.8,-35.3,26.4
962.22,-38.1,26.8,26.402399999999997,27.2,-35.6,26.7,-35.5,26.4
963.22,-38.2,26.8,-0.0792,27.2,-35.6,26.7,-35.5,26.4
964.22,-38.0,26.8,-29.356799999999996,27.2,-35.5,26.7,-35.3,26.3
965.22,-34.8,26.8,-30.453599999999998,27.2,-30.9,26.7,-32.1,26.3
966.22,-4.7,27.1,-30.5616,27.5,-4.9,27.0,-4.5,26.6
967.22,10.2,27.4,-30.5448,27.9,8.8,27.2,11.0,26.9
968.22,30.0,26.8,-30.8904,27.2,27.1,26.8,29.7,26.4
969.22,32.2,26.8,-30.554399999999998,27.2,30.7,26.7,32.2,26.4
970.22,33.2,26.8,-30.2208,27.2,31.8,26.8,32.9,26.4
971.22,33.1,27.0,-0.0672,27.3,31.5,26.8,32.7,26.4
972.22,33.4,27.1,29.018399999999996,27.5,32.0,27.0,33.1,26.5
973.22,33.4,27.2,27.228,27.7,31.6,27.2,32.8,26.7
974.22,33.4,27.3,27.3384,27.8,32.0,27.3,33.2,26.9
975.22,33.6,27.3,26.4816,27.9,32.0,27.4,33.1,27.0
976.22,10.6,27.5,26.5824,28.0,10.8,27.6,11.0,27.1
977.22,-25.1,27.5,26.512800000000002,28.2,-19.7,27.6,-22.9,27.1
978.22,-37.7,27.2,26.851200000000002,27.7,-34.9,27.3,-35.3,26.9
979.22,-37.8,27.0,-4.521599999999999,27.5,-35.6,27.0,-35.4,26.6
980.22,-38.0,26.9,-29.733599999999996,27.3,-35.8,26.8,-35.4,26.5
981.22,-38.0,26.9,-30.4224,27.3,-36.3,26.8,-35.3,26.4
982.22,-38.3,26.9,-30.323999999999998,27.3,-35.5,26.8,-35.4,26.4
983.22,-38.4,26.8,-30.479999999999997,27.3,-35.7,26.8,-35.5,26.4
984.22,-37.4,26.8,-30.612000000000002,27.2,-35.1,26.7,-34.5,26.4
985.22,-32.7,26.8,-30.4392,27.3,-28.7,26.8,-29.9,26.4
986.22,-0.5,27.3,-30.470399999999998,27.7,-0.3,27.2,-0.4,26.8
987.22,17.0,27.2,1.716,28.0,12.5,27.3,15.7,26.9
988.22,30.5,26.8,18.7848,27.3,27.5,26.8,29.9,26.5
989.22,32.6,26.8,27.033599999999996,27.2,32.1,26.8,32.6,26.5
990.22,33.2,26.9,27.179999999999996,27.2,31.9,26.8,32.9,26.5
991.22,33.1,27.1,26.220000000000002,27.4,31.6,26.9,32.9,26.5
992.22,33.4,27.2,26.5968,27.6,31.8,27.1,33.0,26.6
993.22,33.3,27.3,26.539199999999997,27.8,31.7,27.2,33.0,26.8
994.22,33.4,27.3,26.5896,27.9,31.9,27.4,33.1,26.9
995.22,33.2,27.4,19.0416,27.9,31.5,27.5,32.9,27.0
996.22,8.8,27.6,-15.2064,28.2,8.2,27.7,10.0,27.2
997.22,-22.5,27.6,-30.4272,28.3,-17.9,27.7,-21.1,27.2
998.22,-37.7,27.2,-30.3504,27.8,-34.8,27.4,-34.8,26.9
999.22,-37.8,27.1,-30.4584,27.6,-35.6,27.1,-35.7,26.7
1000.22,-38.0,27.0,-30.3936,27.4,-35.6,26.9,-37.5,26.6
1001.22,-38.1,26.9,-30.744,27.4,-35.5,26.9,-37.1,26.5
1002.22,-38.3,26.9,-30.417599999999997,27.4,-35.5,26.9,-35.4,26.5
1003.22,-38.4,26.9,-17.496,27.3,-35.7,26.9,-35.6,26.5
1004.22,-38.0,26.8,0.4056,27.3,-35.5,26.8,-35.4,26.5
1005.22,-34.7,26.9,27.755999999999997,27.3,-30.9,26.8,-32.0,26.5
1006.22,-4.7,27.2,27.036,27.7,-5.4,27.1,-5.0,26.7
1007.22,15.4,27.4,26.9088,27.9,13.3,27.2,14.6,26.9
1008.22,30.1,26.9,26.8632,27.4,27.7,26.9,29.9,26.5
1009.22,32.5,26.9,26.455199999999998,27.3,31.3,26.8,33.0,26.5
1010.22,33.1,26.9,27.1224,27.3,31.7,26.9,32.9,26.5
1011.22,33.1,27.2,26.0064,27.5,31.6,26.9,34.6,26.6
1012.22,33.3,27.3,0.6336,27.7,31.6,27.1,34.4,26.7
1013.22,33.3,27.3,-29.0952,27.9,31.6,27.3,32.9,26.8
1014.22,33.4,27.4,-30.187199999999997,27.9,32.5,27.5,35.6,27.0
1015.22,33.1,27.4,-30.479999999999997,28.0,31.6,27.5,33.0,27.1
1016.22,11.1,27.6,-30.441599999999998,28.2,9.4,27.7,11.3,27.3
1017.22,-6.9,27.8,-30.955199999999998,28.5,-4.1,27.9,-6.7,27.4
1018.22,-35.3,27.4,-30.4848,28.1,-30.8,27.5,-31.8,27.1
1019.221,-37.9,27.2,-27.9984,27.7,-36.0,27.2,-35.8,26.9
1020.221,-37.8,27.0,-0.0984,27.5,-39.2,27.0,-39.1,26.7
1021.221,-38.0,27.0,27.5928,27.4,-35.6,26.9,-36.2,26.6
1022.221,-38.1,27.0,26.6664,27.4,-35.7,26.9,-35.4,26.6
1023.221,-38.5,26.9,27.3,27.4,-35.7,26.9,-35.6,26.5
1024.221,-38.2,26.9,26.4816,27.4,-35.8,26.9,-35.6,26.5
1025.221,-36.1,26.9,26.46,27.4,-33.0,26.9,-33.3,26.5
1026.221,-19.9,27.0,26.371199999999998,27.5,-18.3,27.0,-18.9,26.6
1027.221,6.4,27.5,26.52,28.1,4.9,27.4,5.9,27.0
1028.221,29.2,27.0,-5.34,27.5,25.1,27.0,28.3,26.6
1029.221,31.0,26.9,-29.8176,27.4,31.9,26.9,32.0,26.6
1030.221,32.9,26.9,-30.225599999999996,27.3,31.7,26.9,32.6,26.5
1031.221,33.2,27.1,-30.141599999999997,27.4,31.6,26.9,32.7,26.6
1032.221,33.2,27.3,-30.518399999999996,27.6,33.1,27.1,36.9,26.7
1033.221,33.3,27.4,-30.683999999999997,27.8,32.2,27.3,33.0,26.8
1034.221,33.3,27.4,-30.417599999999997,28.0,32.1,27.5,32.9,27.0
1035.221,33.5,27.4,-30.7128,28.0,32.4,27.6,33.1,27.1
1036.221,20.6,27.5,0.1128,28.1,19.5,27.7,20.9,27.2
1037.221,-19.4,27.7,15.696,28.4,-14.2,27.8,-17.6,27.3
1038.221,-37.5,27.4,27.1632,28.0,-34.8,27.5,-35.0,27.0
1039.221,-37.9,27.2,27.2472,27.7,-35.5,27.2,-35.3,26.8
1040.221,-37.9,27.1,26.265600000000003,27.5,-35.5,27.1,-35.2,26.7
1041.221,-38.1,27.0,26.4696,27.5,-35.5,27.0,-35.4,26.6
1042.221,-38.2,27.0,26.5368,27.5,-35.4,27.0,-35.3,26.6
1043.221,-38.4,27.0,26.6976,27.5,-35.7,26.9,-35.4,26.6
1044.221,-38.2,27.0,15.043199999999999,27.4,-35.6,26.9,-35.2,26.6
1045.221,-35.0,27.0,-17.76,27.4,-31.2,26.9,-31.9,26.6
1046.221,-6.8,27.3,-30.204,27.8,-6.7,27.2,-6.5,26.8
1047.221,12.8,27.5,-30.3888,28.1,12.1,27.4,13.0,27.0
1048.221,30.6,27.0,-30.1848,27.5,27.0,27.0,30.2,26.6
1049.221,32.2,27.0,-30.290399999999998,27.4,31.1,26.9,32.7,26.6
1050.221,33.1,27.0,-30.5424,27.4,31.7,27.0,32.9,26.6
1051.221,33.2,27.2,-30.5736,27.5,31.7,27.1,33.0,26.6
1052.221,33.3,27.4,-16.3968,27.8,31.8,27.2,33.1,26.8
1053.221,33.4,27.4,0.948,28.0,31.7,27.4,33.0,26.9
1054.221,33.4,27.5,27.379199999999997,28.1,32.0,27.5,33.3,27.1
1055.221,33.4,27.5,27.177599999999998,28.1,31.8,27.6,33.2,27.2
1056.221,7.8,27.7,26.510399999999997,28.3,8.9,27.8,8.7,27.3
1057.221,-28.8,27.6,26.7672,28.4,-24.3,27.8,-26.1,27.3
1058.221,-38.1,27.3,26.1768,28.0,-35.2,27.5,-35.4,27.1
1059.221,-37.8,27.2,26.6208,27.7,-35.4,27.2,-36.1,26.8
1060.221,-38.0,27.1,25.862399999999997,27.6,-35.5,27.1,-38.1,26.7
1061.221,-38.1,27.0,0.34559999999999996,27.5,-36.0,27.0,-35.6,26.6
1062.221,-38.4,27.0,-30.263999999999996,27.5,-35.8,27.0,-35.5,26.6
1063.221,-38.3,27.0,-30.3384,27.5,-35.7,27.0,-35.7,26.6
1064.221,-37.0,27.0,-30.487199999999998,27.4,-34.5,27.0,-34.3,26.6
1065.221,-27.7,27.0,-30.7248,27.5,-25.2,27.0,-26.5,26.6
1066.221,0.2,27.5,-30.938399999999998,28.0,-0.8,27.4,-0.5,27.0
1067.221,19.4,27.4,-30.6072,28.1,17.0,27.3,19.6,26.9
1068.221,30.6,27.0,-27.66,27.5,28.3,27.0,30.3,26.6
1069.221,32.8,27.0,-0.0168,27.4,31.9,27.0,32.8,26.6
1070.221,33.2,27.1,26.4816,27.5,31.7,27.0,32.8,26.7
1071.221,33.2,27.3,27.1656,27.7,31.7,27.1,32.9,26.7
1072.221,33.4,27.4,27.040799999999997,27.9,31.7,27.4,36.6,26.8
1073.221,33.2,27.5,26.702399999999997,28.1,31.6,27.5,33.2,27.0
1074.221,33.5,27.5,26.76,28.1,32.0,27.6,33.1,27.2
1075.221,31.9,27.5,26.6088,28.2,30.2,27.7,31.7,27.3
1076.221,-2.3,27.8,26.7072,28.5,0.8,28.0,-0.6,27.4
1077.223,-33.6,27.6,-4.8312,28.3,-29.7,27.7,-30.6,27.2
1078.223,-38.0,27.3,-29.923199999999998,28.0,-35.5,27.4,-35.4,27.0
1079.223,-38.0,27.2,-30.4968,27.7,-35.4,27.2,-35.3,26.8
1080.223,-38.2,27.1,-30.3816,27.6,-35.4,27.2,-35.3,26.7
1081.223,-38.2,27.1,-30.4944,27.6,-35.5,27.1,-35.4,26.7
1082.223,-38.6,27.1,-30.804000000000002,27.6,-35.7,27.1,-35.5,26.7
1083.223,-38.4,27.0,-30.6504,27.6,-35.6,27.0,-35.4,26.7
1084.223,-36.2,27.0,-30.6072,27.5,-33.4,27.0,-33.2,26.6
1085.223,-23.7,27.1,-1.0008,27.6,-21.0,27.1,-22.0,26.7
1086.223,7.1,27.5,21.5592,28.2,3.6,27.5,2.5,27.2
1087.223,28.0,27.1,26.8704,27.8,25.7,27.1,29.8,26.8
1088.223,31.2,27.1,27.3432,27.5,29.8,27.0,31.3,26.7
1089.223,32.9,27.0,26.268,27.5,31.5,27.0,32.6,26.7
1090.223,33.3,27.3,26.447999999999997,27.6,31.6,27.1,32.8,26.7
1091.223,33.2,27.4,26.6352,27.8,31.7,27.3,32.8,26.8
1092.225,33.4,27.5,26.6736,28.0,31.9,27.5,32.9,27.0
1093.225,33.2,27.5,11.0808,28.1,31.7,27.6,32.9,27.1
1094.225,33.6,27.6,-25.3008,28.2,32.2,27.7,33.3,27.2
1095.225,20.0,27.7,-30.472799999999996,28.3,19.2,27.9,20.9,27.4
1096.225,-20.7,27.8,-30.410399999999996,28.6,-14.9,28.0,-18.6,27.4
1097.225,-37.7,27.5,-30.434399999999997,28.2,-34.2,27.7,-35.0,27.2
1098.225,-38.0,27.3,-30.8424,27.9,-36.4,27.4,-35.4,27.0
1099.225,-38.1,27.2,-30.626399999999997,27.7,-38.0,27.2,-35.4,26.8
1100.225,-38.2,27.1,-30.4488,27.6,-35.5,27.1,-35.4,26.8
1101.225,-38.4,27.1,-13.4376,27.6,-35.6,27.1,-35.4,26.7
1102.225,-38.5,27.1,1.7064,27.6,-35.7,27.1,-35.6,26.7
1103.225,-38.2,27.1,27.3,27.6,-35.6,27.1,-35.3,26.7
1104.225,-34.5,27.1,30.071999999999996,27.6,-31.4,27.1,-31.9,26.7
1105.225,-6.7,27.4,26.9592,28.0,-6.1,27.3,-5.3,26.9
1106.225,9.6,27.7,26.8152,28.4,10.2,27.5,9.1,27.3
1107.225,30.3,27.1,26.6376,27.7,26.4,27.1,30.1,26.8
1108.225,31.8,27.1,26.6976,27.6,30.9,27.1,32.5,26.7
1109.225,33.1,27.1,26.0376,27.6,32.5,27.1,32.9,26.7
1110.225,33.2,27.3,-3.1319999999999997,27.7,32.9,27.2,32.8,26.8
1111.225,33.3,27.5,-30.379199999999997,27.9,35.2,27.4,32.9,26.9
1112.225,33.2,27.6,-30.316799999999997,28.1,31.7,27.6,32.9,27.1
1113.225,33.3,27.6,-30.491999999999997,28.2,31.8,27.7,33.0,27.2
1114.225,33.5,27.6,-30.5904,28.3,32.2,27.8,33.3,27.3
1115.225,8.0,27.8,-31.0656,28.5,9.6,28.0,9.2,27.5
1116.225,-28.6,27.7,-30.465600000000002,28.5,-24.1,27.9,-26.3,27.4
1117.225,-37.9,27.5,-27.852,28.2,-35.4,27.6,-35.5,27.2
1118.225,-37.9,27.3,0.0648,27.9,-35.4,27.4,-35.4,26.9
1119.225,-38.1,27.2,26.544,27.7,-35.5,27.2,-35.4,26.8
1120.225,-38.2,27.2,27.168,27.7,-35.5,27.2,-35.5,26.8
1121.225,-38.5,27.2,27.103199999999998,27.7,-35.6,27.2,-35.1,26.8
1122.225,-38.4,27.1,26.6664,27.7,-35.7,27.1,-35.5,26.8
1123.225,-37.2,27.1,26.757599999999996,27.6,-34.0,27.1,-34.4,26.7
1124.225,-26.1,27.2,26.810399999999998,27.7,-24.7,27.2,-27.1,26.7
1125.225,-1.9,27.6,26.6808,28.2,-1.5,27.5,-0.7,27.2
1126.225,-0.3,28.0,-4.116,28.6,-0.3,27.8,-0.3,27.4
1127.225,12.3,27.9,-29.4144,28.6,12.4,27.7,14.7,27.4
1128.225,30.4,27.2,-30.516,27.7,26.8,27.2,31.6,26.8
1129.225,32.0,27.1,-30.273600000000002,27.6,31.2,27.1,32.6,26.8
1130.225,32.9,27.2,-30.400799999999997,27.6,31.7,27.2,32.8,26.8
1131.225,33.2,27.4,-30.734399999999997,27.8,31.6,27.2,32.8,26.8
1132.225,33.2,27.5,-30.700799999999997,28.0,31.8,27.4,33.0,26.9
1133.225,33.3,27.6,-30.4608,28.2,31.8,27.6,33.0,27.1
1134.225,33.3,27.6,-0.06,28.3,31.7,27.7,32.9,27.2
1135.225,33.6,27.7,26.4792,28.3,32.1,27.8,33.3,27.4
1136.225,9.8,27.9,26.704800000000002,28.5,10.4,28.0,10.9,27.5
1137.225,-26.8,27.8,27.508799999999997,28.6,-21.6,28.0,-24.5,27.5
1138.225,-37.9,27.5,25.932,28.2,-35.1,27.7,-35.3,27.2
1139.227,-38.0,27.3,26.4816,27.9,-35.4,27.4,-35.4,27.0
1140.227,-38.2,27.2,26.3976,27.8,-35.5,27.3,-35.4,26.9
1141.227,-38.3,27.2,26.5272,27.8,-35.5,27.3,-35.4,26.8
1142.227,-38.5,27.2,4.862399999999999,27.7,-35.5,27.2,-35.4,26.8
1143.227,-38.6,27.2,-28.8984,27.7,-35.7,27.2,-35.5,26.8
1144.227,-37.5,27.1,-30.479999999999997,27.7,-35.4,27.1,-34.8,26.8
1145.227,-33.4,27.2,-30.3312,27.7,-29.4,27.2,-30.7,26.8
1146.227,-1.2,27.6,-30.5952,28.1,-1.6,27.5,-0.5,27.1
1147.227,20.0,27.5,-30.391199999999998,28.2,16.5,27.5,18.5,27.1
1148.227,30.4,27.2,-30.528,27.7,27.9,27.2,30.9,26.8
1149.227,32.5,27.1,-30.5448,27.7,31.2,27.2,32.4,26.8
1150.227,33.2,27.2,-4.814399999999999,27.7,31.9,27.2,32.9,26.8
1151.227,34.5,27.4,3.3576,27.9,31.5,27.3,32.8,26.9
1152.227,33.7,27.6,27.252,28.1,31.8,27.5,33.0,27.0
1153.227,33.4,27.7,27.040799999999997,28.3,31.6,27.7,32.8,27.2
1154.228,33.6,27.7,26.7144,28.4,32.0,27.8,33.2,27.4
1155.228,32.5,27.7,26.7072,28.4,30.7,27.9,32.0,27.5
1156.228,-7.5,27.9,26.3808,28.7,-2.6,28.1,-5.4,27.6
1157.228,-35.5,27.7,26.7432,28.5,-31.7,27.9,-32.7,27.4
1158.228,-38.0,27.5,24.1584,28.2,-35.5,27.7,-35.5,27.2
1159.228,-38.0,27.3,-8.3664,27.9,-35.4,27.4,-35.3,27.0
1160.228,-38.2,27.3,-30.362399999999997,27.8,-35.5,27.3,-35.4,26.9
1161.228,-38.3,27.3,-30.2664,27.8,-35.5,27.3,-35.4,26.9
1162.228,-38.7,27.2,-30.472799999999996,27.8,-35.8,27.3,-35.6,26.9
1163.228,-38.4,27.2,-30.5592,27.8,-35.6,27.2,-35.5,26.8
1164.228,-35.4,27.2,-30.748799999999996,27.7,-32.4,27.2,-32.6,26.8
1165.228,-16.6,27.4,-30.4752,27.9,-15.5,27.3,-15.9,26.9
1166.228,-0.7,27.9,-25.240799999999997,28.4,-1.2,27.7,-0.3,27.4
1167.228,0.5,28.2,0.2568,28.7,1.1,27.9,0.2,27.7
1168.228,25.5,27.6,27.3024,28.1,23.4,27.4,25.5,27.2
1169.228,30.2,27.2,27.0552,27.7,28.7,27.2,30.9,26.9
1170.228,32.9,27.2,26.9544,27.7,31.8,27.2,32.7,26.8
1171.23,33.2,27.3,26.6328,27.7,31.7,27.3,32.8,26.9
1172.23,33.3,27.5,26.649599999999996,28.0,31.7,27.4,32.9,26.9
1173.23,33.5,27.6,26.5632,28.2,31.7,27.6,32.8,27.1
1174.23,33.3,27.7,26.376,28.3,31.7,27.8,32.9,27.3
1175.23,33.6,27.7,-1.4304,28.4,32.0,27.9,33.1,27.4
1176.232,25.3,27.8,-29.1744,28.5,23.9,28.0,25.7,27.5
1177.232,-18.0,28.0,-30.525599999999997,28.8,-12.4,28.2,-15.7,27.6
1178.232,-37.4,27.7,-30.371999999999996,28.4,-34.2,27.9,-34.6,27.4
1179.232,-38.0,27.5,-30.455999999999996,28.1,-35.6,27.6,-35.5,27.1
1180.232,-38.1,27.4,-30.779999999999998,27.9,-35.4,27.4,-35.4,27.0
1181.232,-38.3,27.3,-30.7776,27.8,-35.5,27.3,-35.4,26.9
1182.232,-38.4,27.3,-30.508799999999997,27.9,-35.5,27.3,-35.4,26.9
1183.232,-38.6,27.3,-0.1248,27.8,-35.8,27.3,-35.6,26.9
1184.232,-38.3,27.2,25.8696,27.8,-35.6,27.3,-35.4,26.9
1185.232,-35.1,27.2,26.7816,27.8,-31.6,27.3,-32.3,26.9
1186.232,-9.3,27.5,27.427200000000003,28.1,-9.5,27.4,-9.8,27.1
1187.232,11.3,27.8,26.126399999999997,28.4,10.5,27.7,10.2,27.4
1188.232,30.5,27.3,26.5896,27.8,27.2,27.3,30.4,26.9
1189.232,32.3,27.2,26.848799999999997,27.8,31.0,27.3,32.4,26.9
1190.232,33.1,27.3,26.9376,27.8,31.8,27.3,32.9,26.9
1191.232,33.3,27.5,1.1184,27.9,31.6,27.4,32.8,26.9
1192.232,33.4,27.6,-29.6736,28.2,31.7,27.6,32.9,27.1
1193.232,33.4,27.7,-30.4752,28.4,31.7,27.8,32.9,27.3
1194.232,33.4,27.8,-30.4296,28.5,31.7,27.9,32.9,27.4
1195.232,33.6,27.8,-30.619199999999996,28.5,32.0,28.0,33.1,27.5
1196.232,12.1,28.0,-30.5232,28.7,11.4,28.2,13.2,27.7
1197.232,-24.0,28.0,-30.470399999999998,28.8,-18.7,28.2,-21.9,27.6
1198.232,-37.8,27.7,-30.6408,28.4,-35.0,27.9,-35.2,27.4
1199.232,-37.9,27.5,-0.1512,28.2,-35.7,27.6,-35.5,27.2
1200.232,-38.1,27.4,9.1752,28.0,-35.5,27.4,-35.4,27.0
1201.232,-38.2,27.4,27.4776,27.9,-36.1,27.4,-35.4,27.0
1202.232,-38.4,27.3,27.273600000000002,27.9,-35.7,27.4,-35.4,26.9
1203.232,-38.5,27.3,26.6808,27.9,-35.7,27.3,-35.5,26.9
1204.232,-37.8,27.3,26.9088,27.8,-35.5,27.3,-35.1,26.9
1205.232,-34.5,27.3,26.764799999999997,27.8,-30.4,27.3,-31.3,26.9
1206.232,-1.6,27.7,26.630399999999998,28.2,-2.9,27.6,-4.1,27.2
1207.233,16.5,27.8,21.1368,28.4,14.9,27.7,16.4,27.3
1208.238,30.7,27.3,-13.235999999999999,27.8,28.0,27.3,30.8,26.9
1209.238,32.7,27.3,-30.4224,27.8,31.4,27.3,32.6,26.9
1210.238,33.3,27.3,-30.2832,27.8,31.7,27.3,32.8,26.9
1211.238,33.2,27.6,-30.424799999999998,28.0,31.6,27.4,32.8,27.0
1212.238,33.3,27.7,-30.424799999999998,28.2,31.6,27.7,32.8,27.1
1213.238,33.4,27.8,-30.717599999999997,28.4,31.7,27.8,32.9,27.3
1214.238,33.5,27.8,-30.218399999999995,28.5,31.9,28.0,33.1,27.5
1215.238,32.7,27.8,-23.795999999999996,28.6,30.9,28.1,32.3,27.6
1216.239,0.5,28.1,0.5136,28.9,3.0,28.3,2.0,27.8
1217.239,-30.7,27.9,26.6352,28.8,-26.8,28.2,-28.4,27.6
1218.239,-38.0,27.7,27.0984,28.4,-35.4,27.9,-35.4,27.4
1219.239,-37.9,27.5,26.904,28.1,-35.5,27.6,-35.4,27.1
1220.239,-38.2,27.4,26.704800000000002,28.0,-35.5,27.5,-35.4,27.0
1221.239,-38.1,27.4,26.4816,27.9,-35.5,27.4,-35.4,27.0
1222.239,-38.5,27.4,26.618399999999998,27.9,-35.6,27.4,-35.5,27.0
1223.239,-38.4,27.3,26.2584,27.9,-35.7,27.4,-35.6,26.9
1224.239,-36.2,27.3,-0.2976,27.9,-33.6,27.4,-33.5,26.9
1225.239,-27.2,27.4,-29.3064,27.9,-24.4,27.4,-25.3,27.0
1226.239,4.0,27.9,-30.4584,28.5,2.6,27.8,3.1,27.4
1227.239,28.1,27.4,-30.5424,28.1,25.2,27.5,28.6,27.0
1228.239,31.2,27.3,-30.763199999999998,27.8,29.7,27.4,30.9,27.0
1229.239,33.1,27.3,-30.8616,27.8,32.0,27.4,32.9,26.9
1230.239,33.2,27.5,-30.8232,27.9,31.6,27.4,32.6,27.0
1231.239,33.3,27.7,-29.7288,28.2,31.8,27.6,33.0,27.1
1232.239,33.5,27.8,-0.0048,28.4,31.7,27.8,32.7,27.3
1233.239,33.4,27.8,26.6232,28.5,31.9,28.0,33.0,27.4
1234.239,33.6,27.9,27.06,28.6,32.1,28.1,33.1,27.6
1235.239,22.9,28.0,26.9184,28.7,22.0,28.2,23.7,27.7
1236.239,-17.2,28.1,26.810399999999998,29.0,-11.8,28.4,-15.2,27.8
1237.239,-37.5,27.8,26.356799999999996,28.6,-34.4,28.0,-34.4,27.5
1238.239,-38.0,27.6,27.1008,28.3,-35.6,27.8,-35.5,27.3
1239.239,-38.0,27.5,26.455199999999998,28.1,-35.4,27.6,-35.8,27.1
1240.239,-38.2,27.4,-5.2992,28.0,-35.5,27.5,-36.3,27.0
1241.239,-38.3,27.4,-30.1392,28.0,-35.5,27.5,-35.9,27.0
1242.239,-38.5,27.4,-30.4272,28.0,-35.8,27.4,-35.6,27.0
1243.239,-38.2,27.4,-30.299999999999997,27.9,-35.6,27.4,-35.5,27.0
1244.241,-34.9,27.4,-30.571199999999997,27.9,-31.8,27.4,-32.2,27.0
1245.241,-9.2,27.6,-30.772799999999997,28.2,-8.5,27.6,-8.6,27.2
1246.241,7.0,28.0,-30.355199999999996,28.6,5.6,27.9,5.7,27.5
1247.241,30.2,27.4,-30.518399999999996,28.0,27.2,27.5,29.7,27.1
1248.241,32.0,27.4,-1.272,27.9,30.6,27.4,32.3,27.0
1249.241,33.1,27.4,13.44,27.9,31.7,27.4,33.5,27.0
1250.241,33.3,27.6,26.747999999999998,28.1,31.8,27.5,32.9,27.0
1251.241,33.3,27.8,27.340799999999998,28.3,31.7,27.7,34.8,27.1
1252.241,33.5,27.8,26.1504,28.5,31.7,27.9,32.8,27.3
1253.241,33.4,27.9,26.6064,28.6,31.9,28.0,33.1,27.5
1254.241,33.7,27.9,26.210399999999996,28.7,32.1,28.1,33.2,27.6
1255.241,12.1,28.1,26.8632,28.8,13.5,28.3,13.6,27.7
1256.241,-28.0,28.0,14.3088,28.9,-23.0,28.3,-25.4,27.7
1257.241,-38.0,27.8,-22.1064,28.6,-35.3,28.0,-35.4,27.5
1258.241,-38.0,27.6,-30.491999999999997,28.3,-35.5,27.7,-35.5,27.2
1259.241,-38.2,27.5,-30.4944,28.1,-35.4,27.5,-35.4,27.1
1260.241,-38.3,27.5,-30.36,28.1,-35.5,27.5,-35.5,27.1
1261.241,-38.5,27.4,-30.4272,28.1,-35.6,27.5,-35.5,27.0
1262.241,-38.5,27.4,-30.552,28.0,-35.7,27.5,-35.5,27.0
1263.241,-37.2,27.4,-30.5808,28.0,-34.5,27.4,-34.2,27.0
1264.241,-30.0,27.4,-16.752,28.0,-26.9,27.5,-28.1,27.0
1265.241,-0.2,27.9,1.4784,28.5,-1.0,27.8,-0.6,27.4
1266.241,18.9,27.8,27.444,28.5,16.4,27.8,20.1,27.3
1267.241,30.7,27.4,27.571199999999997,28.0,28.2,27.4,30.2,27.0
1268.241,32.6,27.4,26.82,27.9,31.4,27.4,32.7,27.0
1269.241,33.3,27.5,27.1512,28.0,31.9,27.5,33.0,27.1
1270.241,33.1,27.7,26.464799999999997,28.2,31.6,27.6,32.8,27.1
1271.241,33.5,27.8,27.0288,28.4,31.8,27.8,33.0,27.2
1272.241,33.4,27.9,25.857599999999998,28.6,31.8,28.0,32.9,27.4
1273.241,33.5,27.9,0.1104,28.7,32.0,28.1,34.1,27.6
1274.242,31.9,28.0,-30.319199999999995,28.8,30.0,28.2,31.6,27.7
1275.242,0.0,28.2,-30.2664,29.0,2.3,28.4,1.2,27.9
1276.242,-31.6,28.0,-30.501599999999996,28.9,-27.7,28.3,-29.1,27.7
1277.242,-38.0,27.8,-30.710399999999996,28.5,-35.5,28.0,-36.4,27.5
1278.242,-38.0,27.6,-30.924,28.3,-35.5,27.7,-35.5,27.2
1279.242,-38.2,27.5,-30.5856,28.2,-35.5,27.6,-35.3,27.1
1280.242,-38.3,27.5,-27.765600000000003,28.1,-35.6,27.5,-35.5,27.1
1281.242,-38.6,27.5,-0.05279999999999999,28.1,-35.6,27.5,-35.5,27.1
1282.242,-38.5,27.5,27.7752,28.0,-35.7,27.5,-35.5,27.0
1283.242,-36.4,27.4,27.0912,28.0,-33.5,27.4,-33.7,27.0
1284.242,-24.8,27.5,27.3456,28.1,-22.3,27.5,-21.9,27.1
1285.242,0.6,28.0,26.568,28.6,0.9,28.0,0.9,27.5
1286.242,26.3,27.6,26.851200000000002,28.3,23.8,27.6,26.1,27.2
1287.242,30.9,27.4,26.7984,28.0,29.0,27.5,30.9,27.1
1288.242,33.0,27.4,26.731199999999998,28.0,31.7,27.5,32.7,27.0
1289.243,33.3,27.6,-5.1264,28.1,31.8,27.5,33.1,27.1
1290.243,33.4,27.8,-29.601599999999998,28.3,31.7,27.7,32.9,27.2
1291.243,33.5,27.9,-30.3744,28.5,31.8,27.9,33.0,27.4
1292.243,33.4,27.9,-30.3504,28.7,31.7,28.1,33.0,27.5
1293.243,33.7,28.0,-30.432,28.7,32.1,28.2,33.2,27.7
1294.243,24.7,28.1,-30.6744,28.9,23.5,28.3,25.5,27.8
1295.243,-19.6,28.2,-30.472799999999996,29.1,-13.8,28.4,-17.1,27.9
1296.243,-37.6,27.9,-30.599999999999998,28.7,-34.5,28.2,-34.7,27.6
1297.243,-38.0,27.7,-0.0816,28.4,-35.6,27.9,-35.5,27.4
1298.243,-38.1,27.6,21.5952,28.2,-35.7,27.7,-35.4,27.2
1299.243,-38.3,27.5,27.295199999999998,28.2,-35.6,27.6,-35.3,27.1
1300.243,-38.4,27.5,27.5352,28.1,-35.7,27.6,-35.4,27.1
1301.243,-38.5,27.5,26.464799999999997,28.1,-35.8,27.6,-35.6,27.1
1302.243,-38.2,27.5,26.371199999999998,28.1,-35.6,27.5,-35.3,27.1
1303.243,-34.6,27.5,26.4168,28.1,-31.1,27.5,-32.0,27.1
1304.243,-7.9,27.7,26.6616,28.4,-5.8,27.8,-5.8,27.3
1305.243,8.2,28.1,11.335199999999999,28.8,6.8,28.1,7.4,27.6
1306.243,29.7,27.5,-25.295999999999996,28.2,26.4,27.6,29.7,27.1
1307.243,31.9,27.4,-30.4824,28.0,30.5,27.5,31.9,27.1
1308.243,33.2,27.5,-30.4824,28.0,32.0,27.5,33.0,27.1
1309.243,33.3,27.7,-30.518399999999996,28.2,31.6,27.6,32.8,27.2
1310.243,33.3,27.9,-30.4896,28.4,31.7,27.8,32.8,27.2
1311.243,33.5,27.9,-30.645599999999998,28.6,31.7,28.0,35.2,27.4
1312.243,33.5,28.0,-30.465600000000002,28.7,32.0,28.2,33.3,27.6
1313.243,33.7,28.0,-7.6128,28.8,32.0,28.3,33.1,27.7
1314.243,10.8,28.2,1.4424,29.0,12.1,28.4,12.0,27.9
1315.243,-27.7,28.1,27.5808,29.0,-22.8,28.4,-25.1,27.8
1316.243,-37.8,27.9,27.2472,28.7,-35.3,28.1,-35.2,27.6
1317.243,-37.8,27.7,26.939999999999998,28.4,-35.4,27.8,-35.2,27.3
1318.243,-38.1,27.6,26.702399999999997,28.2,-35.5,27.7,-35.2,27.2
1319.243,-38.1,27.6,26.8368,28.2,-35.5,27.7,-35.1,27.1
1320.243,-38.3,27.5,26.5776,28.1,-35.6,27.6,-35.3,27.1
1321.243,-38.3,27.5,25.195199999999996,28.1,-35.8,27.6,-35.4,27.1
1322.243,-37.1,27.5,-7.521599999999999,28.1,-34.2,27.5,-34.0,27.1
1323.243,-27.1,27.5,-30.465600000000002,28.1,-25.6,27.6,-27.1,27.1
1324.243,0.0,28.1,-30.2136,28.6,-0.7,28.0,-0.6,27.5
1325.243,16.9,28.0,-30.3048,28.7,16.7,27.9,18.4,27.5
1326.243,30.2,27.5,-30.6768,28.1,28.1,27.6,30.2,27.2
1327.245,32.7,27.5,-30.811199999999996,28.1,31.8,27.5,32.6,27.1
1328.245,33.4,27.6,-30.5208,28.1,31.8,27.6,32.8,27.2
1329.245,33.3,27.8,-26.1984,28.2,31.7,27.7,32.9,27.2
1330.245,33.5,27.9,0.1008,28.6,31.8,27.9,33.0,27.4
1331.245,33.5,28.0,26.892,28.7,31.7,28.1,32.9,27.5
1332.245,33.6,28.1,27.3936,28.8,32.1,28.3,33.2,27.7
1333.245,32.4,28.1,27.316799999999997,28.9,30.5,28.4,31.9,27.8
1334.247,-5.9,28.3,26.8848,29.2,-2.4,28.6,-4.4,28.0
1335.247,-35.0,28.1,26.9544,28.9,-31.5,28.3,-32.0,27.8
1336.247,-38.0,27.9,26.6928,28.6,-35.6,28.0,-35.3,27.6
1337.247,-37.9,27.7,26.6904,28.3,-35.4,27.7,-35.5,27.3
1338.247,-38.2,27.6,-2.772,28.3,-35.6,27.7,-36.1,27.3
1339.247,-38.2,27.6,-29.301599999999997,28.2,-35.5,27.7,-36.3,27.2
1340.247,-38.6,27.6,-30.504,28.2,-35.7,27.7,-35.6,27.2
1341.247,-38.3,27.6,-30.336,28.2,-35.6,27.6,-35.5,27.2
1342.247,-35.7,27.5,-30.446399999999997,28.2,-32.4,27.6,-32.8,27.1
1343.247,-18.0,27.7,-30.808799999999998,28.3,-17.4,27.7,-17.6,27.2
1344.247,1.1,28.2,-30.7656,28.8,1.2,28.2,1.0,27.7
1345.247,26.0,27.8,-30.54,28.4,24.2,27.8,26.1,27.4
1346.247,30.7,27.6,-0.1536,28.1,29.4,27.6,31.6,27.2
1347.247,33.0,27.6,26.3952,28.1,31.5,27.6,32.8,27.2
1348.247,33.3,27.7,26.939999999999998,28.2,31.8,27.7,32.9,27.2
1349.247,33.3,27.9,27.4992,28.4,31.7,27.8,34.3,27.3
1350.247,33.5,28.0,26.483999999999998,28.7,31.7,28.1,34.4,27.5
1351.247,33.4,28.1,26.676,28.8,31.8,28.2,33.2,27.7
1352.247,33.6,28.1,26.793599999999998,28.9,32.1,28.3,33.3,27.8
1353.247,23.5,28.2,26.808,29.0,23.0,28.5,25.0,27.9
1354.247,-21.0,28.3,8.8248,29.2,-15.4,28.6,-18.7,28.0
1355.247,-37.9,28.0,-27.271199999999997,28.8,-34.8,28.3,-35.0,27.7
1356.247,-38.1,27.8,-30.583199999999998,28.5,-35.5,28.0,-35.4,27.5
1357.247,-38.2,27.7,-30.624,28.4,-35.4,27.8,-35.3,27.3
1358.247,-38.3,27.7,-30.547199999999997,28.3,-35.5,27.8,-35.4,27.3
1359.248,-38.5,27.6,-30.612000000000002,28.3,-35.5,27.7,-35.3,27.2
1360.248,-38.7,27.6,-30.3984,28.2,-35.7,27.7,-35.5,27.2
1361.248,-38.0,27.6,-30.6672,28.2,-35.5,27.6,-35.1,27.2
1362.248,-35.3,27.6,-9.9744,28.2,-31.2,27.6,-31.9,27.2
1363.248,-3.3,28.0,4.692,28.6,-4.8,27.9,-5.4,27.4
1364.248,14.9,28.1,27.2136,28.8,14.3,28.0,15.1,27.6
1365.249,30.6,27.6,27.42,28.2,27.4,27.7,30.2,27.2
1366.249,32.6,27.6,27.1464,28.2,31.3,27.6,32.8,27.2
1367.249,33.3,27.6,26.952,28.2,31.8,27.7,32.9,27.2
1368.249,33.3,27.9,26.786399999999997,28.3,31.7,27.7,33.0,27.3
1369.249,33.5,28.0,26.786399999999997,28.6,31.7,28.0,33.1,27.4
1370.249,33.5,28.1,24.228,28.8,31.7,28.2,32.9,27.6
1371.249,33.5,28.1,-7.346399999999999,28.9,31.9,28.4,33.1,27.8
1372.249,33.1,28.2,-30.487199999999998,29.0,31.4,28.4,32.7,27.9
1373.249,8.1,28.4,-30.2424,29.2,7.6,28.6,8.5,28.1
1374.249,-25.7,28.3,-30.511199999999995,29.3,-20.3,28.6,-23.3,28.0
1375.249,-38.0,28.1,-30.612000000000002,28.9,-35.2,28.3,-35.1,27.7
1376.249,-38.1,27.8,-30.7776,28.6,-35.4,28.0,-35.3,27.5
1377.249,-38.2,27.7,-30.563999999999997,28.4,-35.4,27.8,-35.5,27.4
1378.249,-38.4,27.7,-24.3888,28.3,-35.5,27.7,-38.4,27.3
1379.249,-38.5,27.7,0.108,28.3,-35.5,27.8,-37.1,27.3
1380.249,-38.7,27.6,27.1656,28.3,-35.7,27.7,-35.7,27.3
1381.249,-37.6,27.6,27.064799999999998,28.3,-34.9,27.7,-34.7,27.2
1382.249,-33.3,27.6,26.976,28.3,-29.3,27.7,-30.6,27.2
1383.249,-0.4,28.1,26.5968,28.7,-2.1,28.0,-2.1,27.5
1384.249,13.2,28.2,26.52,28.9,10.0,28.3,12.9,27.7
1385.249,30.1,27.7,26.601599999999998,28.3,27.6,27.7,30.0,27.3
1386.249,32.1,27.6,26.376,28.2,30.9,27.7,32.4,27.2
1387.249,33.3,27.7,-0.564,28.2,31.9,27.7,32.9,27.3
1388.249,33.2,27.9,-29.291999999999998,28.4,31.6,27.8,36.4,27.3
1389.249,33.5,28.1,-30.345599999999997,28.7,31.9,28.0,33.3,27.5
1390.249,33.4,28.1,-30.3888,28.8,31.7,28.2,32.8,27.7
1391.249,33.6,28.2,-30.2424,29.0,32.0,28.4,33.1,27.8
1392.249,33.6,28.2,-30.9672,29.0,32.0,28.5,34.7,27.9
1393.249,5.8,28.4,-30.599999999999998,29.2,8.2,28.7,7.6,28.1
1394.249,-29.4,28.3,-30.7776,29.2,-24.7,28.6,-26.9,28.0
1395.249,-38.1,28.0,-0.1968,28.8,-35.4,28.3,-36.9,27.7
1396.249,-38.0,27.8,25.92,28.5,-35.6,28.0,-35.4,27.5
1397.249,-38.3,27.8,27.316799999999997,28.4,-35.7,27.9,-35.4,27.4
1398.249,-38.4,27.8,27.3936,28.4,-35.7,27.8,-35.5,27.3
1399.249,-38.6,27.7,26.311199999999996,28.3,-35.6,27.8,-35.4,27.3
1400.249,-38.6,27.7,26.539199999999997,28.3,-35.7,27.7,-35.5,27.3
1401.249,-36.5,27.7,26.5752,28.3,-34.3,27.7,-33.9,27.3
1402.249,-26.5,27.7,26.8896,28.4,-24.1,27.8,-25.8,27.3
1403.249,1.2,28.2,-1.3776,28.9,0.2,28.2,0.3,27.7
1404.249,24.2,27.9,-29.956799999999998,28.7,21.1,28.0,23.9,27.5
1405.249,30.8,27.7,-30.479999999999997,28.3,28.3,27.7,30.3,27.3
1406.249,32.9,27.7,-30.2352,28.3,32.0,27.8,32.6,27.3
1407.249,33.3,27.8,-30.6072,28.3,31.8,27.8,32.7,27.3
1408.249,33.3,28.0,-30.5664,28.5,31.6,27.9,33.0,27.4
1409.249,33.5,28.1,-30.501599999999996,28.8,31.8,28.2,32.9,27.5
1410.249,33.4,28.2,-30.537599999999998,28.9,31.7,28.4,35.4,27.7
1411.249,33.6,28.2,0.6264,29.0,32.1,28.5,33.3,27.9
1412.249,29.0,28.3,12.0648,29.1,27.1,28.6,28.8,28.0
1413.249,-5.6,28.6,26.88,29.4,-2.2,28.8,-4.1,28.2
1414.249,-35.3,28.2,27.134399999999996,29.1,-31.2,28.5,-31.5,28.0
1415.249,-38.2,28.1,26.2296,28.8,-35.4,28.2,-37.6,27.7
1416.249,-38.1,27.9,26.5896,28.6,-35.5,28.0,-40.7,27.5
1417.249,-38.4,27.8,26.3856,28.5,-35.9,27.9,-36.1,27.4
1418.249,-38.4,27.8,26.6832,28.4,-36.2,27.8,-35.3,27.4
1419.249,-38.8,27.8,17.1432,28.4,-35.9,27.8,-35.4,27.3
1420.249,-38.5,27.7,-14.450399999999998,28.4,-35.6,27.8,-35.3,27.3
1421.249,-35.9,27.7,-31.113599999999998,28.3,-32.7,27.8,-32.6,27.3
1422.249,-20.0,27.8,-30.645599999999998,28.5,-17.8,27.9,-18.2,27.4
1423.249,4.7,28.3,-30.5424,29.0,3.8,28.3,4.6,27.8
1424.25,29.6,27.8,-30.42,28.5,25.9,27.8,29.2,27.4
1425.25,31.4,27.7,-30.8424,28.3,31.3,27.8,31.9,27.3
1426.25,33.1,27.7,-30.576,28.3,32.5,27.8,32.9,27.3
1427.25,33.3,27.9,-18.756,28.4,31.6,27.9,32.7,27.4
1428.25,33.4,28.1,0.66,28.7,31.8,28.1,36.4,27.4
1429.25,33.4,28.2,27.938399999999998,28.9,31.6,28.3,37.3,27.6
1430.25,33.5,28.3,26.987999999999996,29.0,31.8,28.5,33.2,27.9
1431.25,33.7,28.3,27.8304,29.1,32.1,28.6,33.2,28.0
1432.25,18.1,28.4,38.16,29.2,16.6,28.7,17.8,28.1
1433.25,-20.7,28.5,27.0216,29.5,-15.5,28.8,-18.6,28.2
1434.25,-37.7,28.2,26.793599999999998,29.0,-35.0,28.5,-34.8,27.9
1435.25,-38.1,28.0,26.4072,28.7,-35.5,28.1,-37.0,27.6
1436.25,-38.3,27.9,0.0984,28.5,-35.5,28.0,-37.9,27.5
1437.25,-38.7,27.8,-29.4744,28.5,-35.4,27.9,-35.7,27.4
1438.25,-38.9,27.8,-30.4608,28.4,-35.6,27.9,-35.5,27.4
1439.25,-40.7,27.8,-30.537599999999998,28.4,-35.8,27.9,-35.6,27.3
1440.25,-38.0,27.8,-30.775199999999998,28.4,-35.4,27.8,-35.1,27.3
1441.25,-34.9,27.8,-31.2,28.4,-30.7,27.8,-31.9,27.3
1442.25,-3.9,28.1,-30.8232,28.8,-5.0,28.1,-4.8,27.6
1443.25,14.7,28.3,-29.630399999999998,29.0,13.8,28.2,16.7,27.6
1444.25,30.4,27.8,-0.08879999999999999,28.4,27.5,27.8,30.2,27.4
1445.25,34.4,27.7,25.771199999999997,28.3,31.3,27.8,32.6,27.4
1446.25,33.6,27.8,27.0216,28.4,31.8,27.9,33.0,27.4
1447.25,33.4,28.0,27.5448,28.5,31.7,28.0,32.9,27.4
1448.25,33.6,28.2,26.496,28.8,31.8,28.2,37.1,27.6
1449.25,33.6,28.3,26.740799999999997,29.0,31.8,28.4,33.1,27.7
1450.25,33.6,28.3,26.8464,29.1,31.9,28.6,33.0,27.9
1451.25,33.2,28.4,26.647199999999998,29.2,31.3,28.7,34.8,28.0
1452.25,0.5,28.6,-5.4887999999999995,29.4,4.0,28.8,2.3,28.2
1453.25,-33.7,28.4,-29.985599999999998,29.3,-29.3,28.7,-30.7,28.0
1454.25,-38.3,28.2,-30.465600000000002,29.0,-35.5,28.4,-37.5,27.8
1455.25,-38.2,28.0,-30.424799999999998,28.7,-35.5,28.1,-35.4,27.5
1456.25,-38.5,27.9,-30.4848,28.5,-35.6,28.0,-35.5,27.5
1457.25,-39.7,27.9,-30.828,28.5,-35.5,28.0,-35.4,27.4
1458.25,-38.9,27.9,-30.4896,28.5,-35.7,27.9,-35.5,27.4
1459.25,-38.7,27.8,-30.7272,28.5,-35.7,27.9,-35.5,27.4
1460.25,-36.0,27.8,-0.0192,28.4,-33.2,27.9,-33.1,27.4
1461.25,-21.5,27.9,16.6608,28.5,-20.1,27.9,-20.1,27.4
1462.25,4.1,28.4,26.9472,29.1,1.6,28.4,1.3,27.9
1463.25,27.5,27.9,27.5424,28.7,24.2,28.0,27.0,27.6
1464.25,31.0,27.8,26.008799999999997,28.4,29.1,27.9,31.3,27.4
1465.25,32.9,27.8,26.5416,28.4,31.8,27.9,32.9,27.4
1466.25,33.3,28.0,26.3232,28.5,31.9,28.0,33.0,27.4
1467.25,33.3,28.2,26.793599999999998,28.8,31.6,28.1,32.9,27.5
1468.25,33.5,28.3,14.152800000000001,29.0,31.9,28.4,35.0,27.7
1469.25,33.3,28.4,-21.9336,29.1,31.6,28.5,33.0,27.9
1470.25,33.6,28.4,-30.556799999999996,29.2,32.1,28.6,33.3,28.0
1471.25,24.1,28.5,-30.587999999999997,29.3,23.4,28.8,24.7,28.2
1472.25,-14.6,28.6,-30.537599999999998,29.6,-9.5,29.0,-12.8,28.3
1473.25,-37.4,28.3,-30.4824,29.2,-33.6,28.6,-34.1,28.0
1474.25,-38.2,28.1,-30.791999999999998,28.9,-35.6,28.3,-35.4,27.8
1475.25,-38.2,28.0,-30.587999999999997,28.7,-35.8,28.1,-35.3,27.6
1476.25,-38.4,28.0,-16.6512,28.6,-35.5,28.0,-35.3,27.5
1477.25,-38.5,27.9,1.1592,28.6,-35.5,28.0,-35.2,27.5
1478.25,-38.8,27.9,27.6216,28.5,-36.0,28.0,-35.5,27.5
1479.25,-38.5,27.8,27.0384,28.5,-35.7,27.9,-35.3,27.4
1480.25,-35.0,27.8,26.978399999999997,28.5,-32.0,27.9,-32.0,27.4
1481.25,-13.9,28.0,26.688,28.7,-12.8,28.1,-13.6,27.5
1482.25,6.3,28.5,26.5248,29.1,5.7,28.4,6.8,27.9
1483.25,29.6,27.9,26.757599999999996,28.6,26.1,28.0,29.4,27.5
1484.25,31.6,27.8,25.9224,28.4,31.1,27.9,31.9,27.5
1485.252,32.9,27.8,0.06,28.4,31.6,27.9,32.8,27.5
1486.252,35.7,28.0,-30.287999999999997,28.6,31.6,28.0,32.9,27.5
1487.252,34.4,28.3,-30.2928,28.8,31.9,28.2,33.1,27.6
1488.252,34.2,28.4,-30.5448,29.0,31.7,28.4,32.9,27.8
1489.252,34.3,28.4,-30.695999999999998,29.2,32.0,28.6,33.3,28.0
1490.252,34.4,28.5,-31.0056,29.2,32.0,28.7,33.2,28.1
1491.252,16.6,28.6,-30.619199999999996,29.4,16.0,28.9,17.4,28.2
1492.252,-22.0,28.7,-28.7448,29.6,-16.2,28.9,-19.7,28.3
1493.252,-38.0,28.4,0.012,29.2,-34.7,28.6,-35.4,28.0
1494.252,-38.2,28.1,27.7752,28.9,-35.9,28.3,-35.1,27.8
1495.252,-38.2,28.0,26.997600000000002,28.7,-35.5,28.1,-35.1,27.6
1496.252,-38.5,28.0,27.179999999999996,28.6,-35.5,28.1,-35.1,27.5
1497.252,-38.6,27.9,26.5632,28.6,-35.6,28.0,-35.1,27.5
1498.252,-38.8,27.9,27.0456,28.6,-35.8,28.0,-35.2,27.5
1499.252,-38.2,27.9,26.3688,28.5,-35.6,28.0,-34.8,27.5
1500.252,-34.9,27.9,26.772,28.5,-31.4,27.9,-31.9,27.4
1501.252,-3.7,28.2,-4.596,28.9,-3.6,28.3,-4.3,27.7
1502.252,18.2,28.2,-29.457599999999996,29.1,12.8,28.4,15.5,27.8
1503.252,30.6,27.9,-30.612000000000002,28.5,27.8,28.0,30.2,27.5
1504.252,33.0,27.9,-30.326399999999996,28.5,31.1,28.0,32.3,27.5
1505.252,34.0,28.0,-30.5976,28.5,31.8,28.0,33.0,27.5
1506.252,34.0,28.2,-30.7608,28.7,31.6,28.1,32.9,27.6
1507.252,34.2,28.3,-30.6288,28.9,31.7,28.3,33.0,27.7
1508.252,34.2,28.4,-30.8232,29.1,31.8,28.5,33.1,27.9
1509.252,34.2,28.5,0.46799999999999997,29.2,31.9,28.7,33.1,28.1
1510.252,33.9,28.5,21.8496,29.3,31.5,28.8,32.9,28.2
1511.252,-2.5,28.7,27.177599999999998,29.6,1.9,29.0,0.2,28.3
1512.252,-34.1,28.5,27.3048,29.4,-29.5,28.8,-30.5,28.2
1513.252,-38.3,28.3,26.4336,29.1,-35.5,28.5,-35.1,27.9
1514.252,-38.1,28.1,26.387999999999998,28.8,-35.3,28.2,-35.7,27.7
1515.252,-38.5,28.0,26.7456,28.7,-35.5,28.1,-35.1,27.6
1516.252,-38.4,28.0,26.532,28.7,-35.5,28.1,-35.1,27.6
1517.252,-38.8,28.0,7.967999999999999,28.7,-35.7,28.1,-35.2,27.5
1518.252,-38.6,27.9,-26.0136,28.6,-35.6,28.0,-35.2,27.5
1519.252,-35.6,27.9,-30.528,28.6,-33.0,28.0,-32.7,27.5
1520.252,-21.0,28.0,-30.501599999999996,28.7,-19.9,28.1,-19.9,27.5
1521.252,3.5,28.6,-30.5616,29.2,1.3,28.6,2.7,28.0
1522.253,28.9,28.1,-30.5304,28.8,26.3,28.1,29.3,27.6
1523.253,31.4,27.9,-30.647999999999996,28.5,29.3,28.0,30.8,27.5
1524.253,33.6,27.9,-30.5136,28.5,32.2,28.1,32.8,27.5
1525.253,33.8,28.2,-11.6568,28.6,31.8,28.1,33.0,27.6
1526.253,33.8,28.4,1.8672,28.9,31.9,28.3,33.0,27.7
1527.253,34.1,28.4,27.141599999999997,29.1,31.8,28.5,32.9,27.9
1528.253,33.9,28.5,27.1536,29.3,31.9,28.7,33.2,28.0
1529.253,34.2,28.5,26.6784,29.4,32.3,28.8,33.2,28.2
1530.253,23.6,28.6,26.8368,29.4,22.0,28.9,24.3,28.3
1531.253,-14.2,28.8,26.5656,29.7,-9.5,29.1,-12.6,28.4
1532.253,-37.7,28.5,26.841599999999996,29.3,-34.2,28.7,-33.6,28.1
1533.253,-38.3,28.2,25.74,29.0,-35.6,28.4,-35.3,27.9
1534.253,-38.4,28.1,-3.3336,28.8,-35.4,28.2,-39.1,27.7
1535.253,-38.5,28.0,-30.4152,28.7,-35.6,28.2,-35.3,27.6
1536.253,-38.6,28.0,-30.326399999999996,28.7,-35.5,28.1,-35.0,27.6
1537.253,-38.9,28.0,-30.5136,28.7,-35.8,28.1,-35.5,27.6
1538.253,-38.6,28.0,-30.775199999999998,28.6,-35.6,28.1,-35.1,27.5
1539.253,-35.4,28.0,-30.909599999999998,28.6,-31.7,28.0,-32.3,27.5
1540.253,-11.8,28.2,-30.556799999999996,28.9,-11.2,28.2,-11.1,27.7
1541.253,6.8,28.7,-25.884,29.4,6.6,28.6,8.7,28.0
1542.253,30.2,28.1,-0.0288,28.8,26.4,28.1,28.8,27.6
1543.253,32.0,28.0,26.736,28.6,30.3,28.0,32.2,27.6
1544.253,33.7,28.0,27.048,28.6,31.8,28.1,32.9,27.6
1545.253,33.9,28.2,27.3912,28.7,31.8,28.2,33.2,27.6
1546.253,33.9,28.4,26.6928,29.0,31.8,28.4,35.8,27.7
1547.255,34.1,28.5,26.9304,29.2,31.7,28.6,33.1,27.9
1548.255,33.9,28.6,26.6904,29.3,31.8,28.8,34.8,28.1
1549.255,34.3,28.6,26.649599999999996,29.4,32.1,28.8,33.3,28.2
1550.255,17.8,28.7,-2.856,29.5,16.5,29.0,18.0,28.3
1551.255,-17.6,28.9,-29.577599999999997,29.8,-12.6,29.1,-15.9,28.4
1552.255,-37.9,28.5,-30.6672,29.4,-34.2,28.8,-34.4,28.1
1553.255,-38.4,28.3,-30.2928,29.1,-35.6,28.5,-35.1,27.9
1554.255,-38.4,28.1,-30.446399999999997,28.9,-35.4,28.3,-34.9,27.7
1555.255,-38.7,28.1,-30.8808,28.8,-35.5,28.2,-35.0,27.7
1556.255,-38.8,28.1,-30.8064,28.8,-35.5,28.2,-34.4,27.6
1557.255,-39.0,28.1,-30.516,28.7,-36.2,28.2,-37.0,27.6
1558.255,-38.6,28.0,-0.216,28.7,-35.7,28.1,-37.5,27.6
1559.255,-35.7,28.0,23.3424,28.7,-32.1,28.1,-33.0,27.6
1560.255,-9.0,28.3,26.9928,29.0,-8.6,28.3,-8.7,27.8
1561.255,0.7,28.8,28.0704,29.4,-0.1,28.7,0.5,28.2
1562.255,25.4,28.3,26.4624,29.1,21.7,28.4,25.2,27.8
1563.255,30.8,28.0,26.630399999999998,28.6,28.7,28.1,31.3,27.6
1564.255,33.4,28.0,26.647199999999998,28.6,31.5,28.1,35.9,27.6
1565.255,33.9,28.2,26.7072,28.7,31.8,28.1,33.5,27.6
1566.255,34.0,28.4,4.5432,28.9,31.7,28.3,35.4,27.7
1567.255,34.2,28.5,-27.295199999999998,29.1,31.8,28.5,33.0,27.9
1568.255,34.0,28.6,-30.554399999999998,29.3,31.7,28.7,33.0,28.1
1569.255,34.2,28.6,-30.4584,29.4,32.0,28.8,33.3,28.2
1570.255,29.6,28.7,-30.647999999999996,29.5,27.2,28.9,29.0,28.3
1571.255,-13.4,28.8,-30.619199999999996,29.8,-8.3,29.1,-11.2,28.4
1572.255,-37.3,28.6,-30.54,29.4,-33.8,28.8,-33.8,28.2
1573.255,-38.2,28.4,-30.7584,29.2,-35.6,28.6,-35.1,28.0
1574.255,-38.1,28.2,-4.3392,28.9,-35.6,28.3,-34.9,27.8
1575.255,-38.4,28.1,10.4304,28.8,-35.5,28.2,-35.0,27.7
1576.255,-38.5,28.1,27.3984,28.8,-35.5,28.2,-35.0,27.7
1577.255,-38.8,28.1,27.2976,28.7,-35.8,28.2,-35.2,27.7
1578.255,-38.7,28.1,26.868,28.7,-35.7,28.1,-35.1,27.6
1579.255,-35.8,28.1,26.7984,28.7,-31.9,28.1,-32.1,27.6
1580.255,-13.4,28.2,26.795999999999996,28.9,-13.1,28.3,-13.3,27.7
1581.255,9.9,28.6,26.872799999999998,29.4,7.1,28.6,8.1,28.1
1582.255,29.7,28.1,24.0144,28.8,26.5,28.2,29.6,27.7
1583.255,32.1,28.0,-9.5064,28.7,31.2,28.1,31.8,27.6
1584.255,33.7,28.1,-30.357599999999998,28.7,31.6,28.2,32.7,27.6
1585.255,33.9,28.3,-30.287999999999997,28.8,31.7,28.2,33.0,27.7
1586.255,34.0,28.5,-30.571199999999997,29.1,31.8,28.4,33.0,27.8
1587.255,34.1,28.6,-30.7272,29.3,31.6,28.7,32.8,28.0
1588.255,34.1,28.6,-30.9336,29.4,32.1,28.8,33.4,28.2
1589.255,34.4,28.7,-30.436799999999998,29.5,32.1,28.9,33.3,28.3
1590.255,17.7,28.8,-25.1832,29.7,15.9,29.1,17.6,28.4
1591.255,-19.3,28.9,0.26639999999999997,29.9,-13.8,29.2,-17.0,28.5
1592.255,-38.0,28.6,27.633599999999998,29.5,-34.8,28.8,-34.7,28.2
1593.255,-38.2,28.3,27.0168,29.1,-35.6,28.5,-35.1,28.0
1594.255,-39.4,28.2,26.9376,28.9,-35.4,28.3,-35.1,27.8
1595.255,-38.9,28.2,26.740799999999997,28.8,-35.5,28.3,-35.7,27.7
1596.255,-39.0,28.1,26.4624,28.8,-35.5,28.3,-35.1,27.7
1597.255,-39.2,28.1,26.8176,28.8,-35.8,28.2,-35.3,27.7
1598.255,-38.7,28.1,26.450400000000002,28.8,-35.6,28.2,-34.9,27.7
1599.255,-35.6,28.1,-1.5024,28.7,-31.1,28.2,-32.0,27.6
1600.255,-6.6,28.4,-29.255999999999997,29.1,-6.4,28.4,-6.9,27.9
1601.255,0.8,28.8,-30.693599999999996,29.5,0.3,28.8,0.6,28.2
1602.255,25.2,28.4,-30.3984,29.2,21.8,28.4,25.0,27.9
1603.255,31.2,28.1,-30.5856,28.7,28.6,28.2,30.4,27.7
1604.255,33.7,28.1,-31.101599999999998,28.7,31.5,28.2,32.8,27.7
1605.255,34.2,28.2,-30.8784,28.8,31.9,28.2,33.1,27.7
1606.255,34.0,28.5,-30.645599999999998,29.0,31.6,28.4,32.8,27.8
1607.255,34.4,28.6,0.1608,29.2,32.0,28.6,33.2,28.0
1608.255,34.1,28.6,28.377599999999997,29.4,31.6,28.8,32.9,28.1
1609.255,34.5,28.7,27.0144,29.5,32.1,28.9,33.3,28.3
1610.255,28.8,28.8,27.463199999999997,29.6,26.7,29.0,28.6,28.4
1611.255,-14.4,28.9,26.52,29.9,-8.7,29.2,-11.5,28.5
1612.255,-37.4,28.7,26.8152,29.6,-33.3,28.9,-33.1,28.3
1613.255,-38.6,28.4,26.848799999999997,29.3,-35.6,28.6,-37.7,28.1
1614.255,-38.6,28.3,26.848799999999997,29.0,-35.5,28.4,-37.2,27.8
1615.255,-38.8,28.2,0.9984,28.9,-35.5,28.3,-35.4,27.8
1616.255,-38.8,28.2,-29.5704,28.9,-35.6,28.3,-35.1,27.7
1617.255,-39.2,28.2,-30.516,28.9,-35.9,28.3,-35.3,27.7
1618.255,-38.9,28.1,-30.3936,28.8,-35.6,28.2,-35.1,27.7
1619.255,-35.4,28.1,-30.7704,28.8,-31.7,28.2,-32.2,27.7
1620.255,-12.7,28.3,-30.616799999999998,29.0,-12.3,28.4,-11.3,27.9
1621.255,11.3,28.6,-30.626399999999997,29.4,9.1,28.6,10.1,28.2
1622.255,30.8,28.2,-30.6816,28.8,26.6,28.2,29.5,27.7
1623.255,32.4,28.1,0.0744,28.7,30.7,28.2,32.1,27.7
1624.255,34.2,28.2,11.997599999999998,28.8,32.0,28.2,33.2,27.7
1625.255,34.0,28.4,27.5616,28.9,31.5,28.3,33.9,27.8
1626.255,34.3,28.6,27.1632,29.2,31.9,28.6,35.4,27.8
1627.255,34.3,28.7,26.5296,29.4,31.7,28.8,35.4,28.1
1628.255,34.4,28.7,26.618399999999998,29.5,32.0,28.9,33.4,28.3
1629.255,34.5,28.8,26.5992,29.6,32.0,29.0,33.2,28.4
1630.255,13.7,29.0,26.7,29.8,12.5,29.2,13.8,28.6
1631.255,-23.1,29.0,19.694399999999998,29.9,-17.2,29.3,-20.4,28.6
1632.255,-38.3,28.6,-10.6152,29.5,-34.6,28.9,-34.8,28.3
1633.256,-38.5,28.4,-30.4776,29.2,-35.2,28.6,-35.0,28.0
1634.256,-38.6,28.3,-30.345599999999997,29.0,-35.8,28.4,-35.0,27.9
1635.256,-38.8,28.2,-30.6432,28.9,-36.8,28.4,-35.0,27.8
1636.256,-39.0,28.2,-30.5232,28.9,-35.7,28.3,-35.0,27.8
1637.256,-39.1,28.2,-30.885599999999997,28.9,-35.9,28.3,-35.2,27.8
1638.256,-38.3,28.2,-30.3936,28.8,-38.0,28.2,-34.6,27.7
1639.256,-35.2,28.2,-22.0776,28.9,-31.1,28.2,-31.6,27.7
1640.256,-5.4,28.5,0.7368,29.2,-4.9,28.5,-5.6,28.0
1641.256,14.0,28.6,27.633599999999998,29.5,9.6,28.7,10.1,28.2
1642.256,30.8,28.2,27.3984,28.9,28.3,28.3,30.5,27.8
1643.256,32.5,28.2,27.215999999999998,28.8,33.6,28.3,32.3,27.8
1644.256,34.0,28.2,26.7144,28.8,32.6,28.3,33.0,27.8
1645.256,34.0,28.5,26.786399999999997,29.0,32.7,28.4,32.9,27.8
1646.256,34.3,28.6,26.6928,29.3,31.8,28.6,33.1,27.9
1647.256,34.3,28.7,26.244,29.4,31.7,28.8,32.9,28.1
1648.256,34.2,28.8,-0.1512,29.6,32.0,29.0,33.3,28.3
1649.256,34.5,28.8,-29.2248,29.7,32.1,29.1,33.3,28.4
1650.256,12.2,29.0,-30.599999999999998,29.8,11.4,29.3,12.7,28.6
1651.256,-23.2,29.0,-30.501599999999996,30.0,-17.0,29.3,-20.0,28.6
1652.256,-38.4,28.7,-30.599999999999998,29.6,-35.0,29.0,-34.3,28.3
1653.256,-38.6,28.4,-31.0968,29.2,-35.6,28.6,-38.1,28.1
1654.256,-38.6,28.3,-30.746399999999998,29.0,-35.4,28.5,-38.4,27.8
1655.256,-38.9,28.3,-30.616799999999998,29.0,-35.6,28.4,-35.2,27.8
1656.256,-39.0,28.3,-0.28559999999999997,29.0,-35.7,28.4,-35.2,27.8
1657.256,-39.1,28.2,22.377599999999997,29.0,-35.8,28.4,-35.5,27.8
1658.256,-38.2,28.2,26.630399999999998,28.9,-35.5,28.3,-34.9,27.8
1659.257,-34.9,28.2,27.5904,28.9,-30.5,28.3,-31.4,27.8
1660.257,-2.6,28.6,26.1024,29.2,-4.1,28.6,-3.7,28.0
1661.257,18.0,28.6,26.772,29.3,16.5,28.6,19.2,28.1
1662.257,31.1,28.2,26.6544,28.9,27.9,28.3,29.9,27.8
1663.257,33.3,28.2,26.793599999999998,28.8,31.4,28.3,32.7,27.8
1664.257,34.0,28.3,-5.2344,28.9,31.8,28.3,33.3,27.8
1665.257,33.9,28.6,-29.7912,29.0,31.7,28.5,32.9,27.8
1666.257,34.2,28.7,-30.3984,29.4,31.9,28.7,36.0,27.9
1667.257,34.1,28.8,-30.336,29.6,31.7,28.9,35.3,28.2
1668.257,34.2,28.8,-30.6984,29.7,31.9,29.1,33.2,28.4
1669.257,32.1,28.9,-30.755999999999997,29.7,29.8,29.2,31.3,28.5
1670.257,0.3,29.1,-30.436799999999998,30.0,2.9,29.4,1.9,28.7
1671.257,-32.8,28.9,-30.734399999999997,29.9,-27.0,29.2,-29.1,28.5
1672.257,-38.7,28.6,2.448,29.5,-36.3,28.9,-35.0,28.3
1673.257,-38.6,28.4,12.8064,29.2,-38.6,28.6,-34.9,28.0
1674.257,-38.8,28.3,27.587999999999997,29.1,-35.8,28.5,-34.9,27.9
1675.257,-38.9,28.3,27.3096,29.0,-35.7,28.4,-35.0,27.9
1676.257,-39.2,28.3,26.4336,29.0,-35.8,28.4,-35.0,27.8
1677.257,-39.1,28.3,26.6208,29.0,-35.9,28.4,-35.2,27.8
1678.257,-36.7,28.2,26.558400000000002,28.9,-34.0,28.3,-33.3,27.7
1679.257,-27.1,28.3,26.592,29.0,-23.4,28.3,-24.1,27.8
1680.257,2.0,28.8,17.4816,29.5,1.0,28.8,1.6,28.3
1681.257,26.9,28.5,-17.500799999999998,29.2,22.9,28.5,26.5,27.9
1682.257,31.1,28.2,-30.5448,28.9,30.4,28.3,30.8,27.8
1683.257,33.8,28.2,-30.547199999999997,28.9,31.9,28.3,33.1,27.8
1684.257,34.2,28.4,-30.441599999999998,29.0,31.8,28.4,33.1,27.9
1685.257,34.1,28.6,-30.5304,29.2,33.5,28.5,33.1,27.9
1686.257,34.4,28.7,-30.7248,29.5,33.1,28.9,33.2,28.1
1687.257,34.3,28.8,-30.5208,29.6,31.7,29.0,33.1,28.3
1688.257,34.6,28.8,-21.4512,29.7,32.0,29.1,33.3,28.5
1689.257,26.4,28.9,0.7008,29.8,24.8,29.2,26.9,28.6
1690.257,-17.6,29.1,27.273600000000002,30.0,-11.9,29.4,-15.2,28.7
1691.257,-38.0,28.8,26.980800000000002,29.7,-34.1,29.1,-34.1,28.4
1692.257,-38.8,28.6,26.839199999999998,29.4,-35.7,28.8,-35.2,28.2
1693.257,-38.7,28.4,26.6544,29.1,-35.5,28.6,-34.9,28.0
1694.257,-39.0,28.3,26.558400000000002,29.1,-35.7,28.5,-35.1,27.9
1695.259,-39.0,28.3,26.831999999999997,29.0,-35.6,28.4,-35.1,27.9
1696.259,-39.2,28.3,25.963199999999997,29.0,-35.9,28.4,-35.2,27.9
1697.259,-38.8,28.3,-0.021599999999999998,29.0,-35.7,28.3,-35.0,27.8
1698.259,-35.7,28.3,-29.630399999999998,29.0,-31.6,28.3,-32.3,27.8
1699.259,-8.1,28.5,-30.552,29.2,-9.4,28.6,-9.5,28.0
1700.259,13.5,28.7,-30.436799999999998,29.6,9.5,28.8,13.0,28.2
1701.259,30.3,28.3,-30.7512,29.0,27.2,28.4,29.3,27.9
1702.259,32.4,28.3,-30.9432,28.9,30.8,28.3,32.2,27.8
1703.259,34.0,28.3,-30.772799999999997,29.0,31.8,28.4,33.0,27.9
1704.259,34.0,28.6,-28.807199999999998,29.1,31.6,28.5,32.8,27.9
1705.259,34.3,28.7,0.0312,29.4,32.2,28.7,33.2,28.0
1706.259,34.0,28.8,27.0816,29.6,31.7,29.0,34.6,28.2
1707.259,34.2,28.9,27.1296,29.7,32.0,29.1,33.4,28.4
1708.259,34.4,28.9,27.033599999999996,29.8,32.1,29.2,33.2,28.6
1709.259,9.1,29.1,26.1504,30.0,10.2,29.4,10.0,28.7
1710.259,-27.9,29.0,26.4144,30.0,-22.2,29.3,-24.7,28.6
1711.259,-38.6,28.7,26.3496,29.6,-35.4,29.0,-35.0,28.4
1712.259,-38.6,28.5,26.483999999999998,29.3,-35.6,28.7,-35.0,28.1
1713.259,-38.8,28.4,-5.712,29.1,-35.6,28.6,-35.0,28.0
1714.259,-38.9,28.4,-29.7168,29.1,-35.6,28.5,-35.1,27.9
1715.259,-39.1,28.4,-30.4296,29.1,-35.7,28.5,-35.1,27.9
1716.259,-39.2,28.3,-30.273600000000002,29.0,-35.8,28.4,-35.2,27.9
1717.259,-37.6,28.3,-30.5688,29.0,-34.4,28.4,-33.5,27.8
1718.259,-29.3,28.3,-30.8232,29.0,-26.9,28.4,-28.1,27.9
1719.259,-0.2,28.8,-30.547199999999997,29.5,-0.9,28.8,-0.6,28.2
1720.259,17.3,28.8,-30.66,29.5,15.5,28.8,18.2,28.2
1721.259,31.2,28.3,0.5592,29.0,28.2,28.4,30.2,27.9
1722.259,33.3,28.3,14.344800000000001,29.0,31.2,28.4,32.5,27.9
1723.259,34.3,28.4,27.057599999999997,29.0,32.0,28.5,33.2,27.9
1724.259,34.1,28.7,27.417599999999997,29.2,31.6,28.6,32.9,28.0
1725.259,34.4,28.8,26.208,29.5,31.9,28.8,33.2,28.1
1726.259,34.3,28.9,26.676,29.7,31.7,29.0,33.0,28.3
1727.259,34.4,28.9,26.34,29.8,32.0,29.2,33.4,28.5
1728.259,33.6,29.0,26.750400000000003,29.8,30.9,29.3,32.4,28.6
1729.259,1.7,29.2,12.384,30.1,3.6,29.5,2.6,28.8
1730.259,-31.6,29.0,-19.6464,30.0,-27.2,29.3,-28.6,28.6
1731.259,-38.2,28.8,-30.576,29.6,-35.6,29.0,-35.1,28.4
1732.259,-38.2,28.5,-30.511199999999995,29.3,-35.5,28.7,-35.0,28.1
1733.259,-38.4,28.4,-30.491999999999997,29.2,-35.5,28.6,-35.0,28.0
1734.259,-38.5,28.4,-30.5448,29.1,-35.6,28.5,-35.1,28.0
1735.259,-38.8,28.4,-30.9,29.1,-35.7,28.5,-35.1,27.9
1736.259,-38.7,28.4,-30.5352,29.1,-35.7,28.5,-35.2,27.9
1737.259,-36.9,28.3,-10.3104,29.0,-33.5,28.4,-33.0,27.9
1738.259,-26.0,28.4,1.6655999999999997,29.1,-23.6,28.5,-24.0,27.9
1739.259,2.2,28.9,27.0096,29.6,2.6,28.9,1.4,28.4
1740.259,29.2,28.5,27.0096,29.2,25.4,28.5,28.8,28.0
1741.259,31.5,28.3,27.192,29.0,29.4,28.4,30.8,27.9
1742.259,33.8,28.3,26.652,29.0,31.6,28.5,32.9,27.9
1743.259,34.1,28.6,26.8176,29.1,31.7,28.5,33.1,28.0
1744.259,34.2,28.8,26.702399999999997,29.4,31.7,28.7,33.1,28.0
1745.259,34.4,28.9,26.1048,29.6,31.9,29.0,33.2,28.2
1746.259,34.3,28.9,-0.5256,29.8,31.8,29.1,33.1,28.4
1747.259,34.5,29.0,-30.2232,29.9,32.2,29.2,33.5,28.6
1748.259,23.5,29.1,-30.391199999999998,30.0,21.6,29.4,23.9,28.7
1749.259,-17.3,29.2,-30.554399999999998,30.2,-11.7,29.5,-14.8,28.8
1750.259,-37.9,28.9,-30.768,29.8,-34.6,29.2,-33.8,28.5
1751.259,-38.3,28.7,-30.947999999999997,29.5,-35.7,28.9,-39.9,28.3
1752.259,-38.3,28.5,-30.633599999999998,29.3,-35.5,28.6,-36.9,28.1
1753.259,-38.5,28.5,-27.7608,29.2,-35.6,28.6,-35.6,28.0
1754.259,-38.5,28.4,-0.0192,29.2,-35.6,28.6,-35.1,28.0
1755.259,-38.7,28.4,26.3352,29.1,-35.9,28.5,-35.3,28.0
1756.259,-38.4,28.4,27.225599999999996,29.1,-35.7,28.5,-35.2,27.9
1757.259,-35.3,28.4,27.192,29.1,-31.5,28.5,-31.9,27.9
1758.259,-9.5,28.6,26.6664,29.4,-8.9,28.7,-9.9,28.1
1759.259,7.4,29.0,26.659200000000002,29.8,5.7,29.0,6.9,28.4
1760.259,31.1,28.4,26.995199999999997,29.2,27.0,28.5,29.8,28.0
1761.259,32.4,28.4,26.584799999999998,29.1,30.6,28.5,32.1,28.0
1762.259,34.0,28.4,-5.0952,29.0,31.8,28.5,34.0,28.0
1763.259,34.3,28.6,-29.3544,29.2,31.8,28.6,33.0,28.0
1764.259,34.3,28.8,-30.54,29.5,31.9,28.8,35.6,28.1
1765.259,34.4,28.9,-30.2664,29.7,31.8,29.0,33.1,28.3
1766.259,34.3,29.0,-30.9432,29.8,31.8,29.2,33.1,28.5
1767.259,34.7,29.0,-30.849599999999995,29.9,32.2,29.3,36.7,28.6
1768.259,15.1,29.2,-30.7608,30.0,14.9,29.5,17.1,28.8
1769.259,-24.7,29.2,-30.775199999999998,30.2,-18.8,29.5,-21.6,28.8
1770.259,-38.2,28.9,0.7008,29.8,-35.0,29.2,-39.1,28.5
1771.259,-38.2,28.7,23.6976,29.5,-35.6,28.9,-35.9,28.2
1772.259,-38.4,28.5,27.0504,29.3,-35.5,28.7,-38.6,28.1
1773.259,-38.5,28.5,27.482400000000002,29.2,-35.6,28.7,-35.2,28.0
1774.259,-38.7,28.5,26.2272,29.2,-35.6,28.6,-35.1,28.0
1775.259,-38.7,28.5,26.5968,29.2,-35.8,28.6,-35.3,28.0
1776.259,-37.6,28.4,26.2704,29.1,-35.3,28.5,-34.8,27.9
1777.259,-34.7,28.4,26.7816,29.1,-29.6,28.5,-31.2,27.9
1778.259,-2.4,28.8,7.523999999999999,29.5,-3.4,28.8,-1.8,28.3
1779.259,9.3,29.1,-24.6408,29.9,5.6,29.1,6.6,28.6
1780.259,30.8,28.5,-30.6912,29.2,27.6,28.6,30.2,28.0
1781.259,32.5,28.4,-30.511199999999995,29.1,29.9,28.5,32.2,28.0
1782.259,34.0,28.5,-30.5616,29.1,31.8,28.5,32.9,28.0
1783.259,34.2,28.7,-30.624,29.2,31.7,28.6,33.0,28.0
1784.259,34.4,28.9,-30.6744,29.5,32.0,28.9,35.3,28.1
1785.259,34.4,29.0,-30.794399999999996,29.7,31.8,29.1,34.1,28.3
1786.259,34.4,29.0,-7.152,29.9,32.0,29.2,32.2,28.6
1787.259,34.6,29.1,1.0944,29.9,32.1,29.4,32.3,28.7
1788.259,17.3,29.2,27.252,30.1,15.8,29.5,17.0,28.8
1789.259,-15.9,29.3,27.192,30.3,-10.0,29.6,-14.1,28.9
1790.259,-37.8,29.0,26.6232,29.9,-34.7,29.3,-34.3,28.6
1791.259,-38.3,28.7,26.9208,29.6,-38.1,29.0,-35.1,28.3
1792.259,-38.3,28.6,26.483999999999998,29.3,-36.6,28.7,-35.0,28.2
1793.259,-38.5,28.5,26.9016,29.3,-35.6,28.6,-35.0,28.1
1794.259,-38.6,28.5,25.0608,29.3,-35.9,28.6,-35.0,28.0
1795.259,-38.8,28.5,-6.1128,29.2,-35.9,28.6,-35.2,28.0
1796.259,-38.5,28.5,-30.4944,29.2,-35.9,28.6,-35.0,27.9
1797.259,-35.7,28.4,-30.252,29.2,-31.7,28.6,-31.9,28.0
1798.259,-10.1,28.7,-30.612000000000002,29.4,-10.2,28.7,-10.9,28.1
1799.259,8.9,29.0,-30.849599999999995,29.9,4.3,29.1,3.5,28.5
1800.259,29.5,28.5,-30.794399999999996,29.4,26.3,28.6,30.3,28.1
1801.259,32.1,28.4,-30.772799999999997,29.1,32.1,28.5,31.9,28.0
1802.259,34.0,28.5,-25.9152,29.1,31.8,28.6,33.2,28.0
1803.259,34.3,28.7,0.05279999999999999,29.2,31.7,28.6,33.3,28.1
1804.259,34.3,28.9,28.068,29.5,35.5,28.9,33.3,28.2
1805.259,34.5,29.0,26.9256,29.8,32.0,29.1,33.3,28.4
1806.259,34.4,29.0,27.2064,29.9,31.8,29.3,33.5,28.5
1807.259,34.7,29.1,26.558400000000002,30.0,32.1,29.4,33.7,28.7
1808.259,18.1,29.2,26.7168,30.1,16.4,29.6,18.1,28.8
1809.259,-22.7,29.3,26.6232,30.3,-16.9,29.6,-19.7,28.9
1810.259,-38.0,29.0,26.568,29.9,-35.1,29.3,-34.6,28.6
1811.259,-38.3,28.7,-2.4359999999999995,29.6,-35.6,28.9,-37.3,28.3
1812.259,-38.5,28.6,-29.4984,29.4,-35.6,28.7,-37.9,28.1
1813.259,-38.6,28.6,-30.609599999999997,29.3,-35.6,28.7,-36.5,28.1
1814.259,-38.7,28.6,-30.444,29.3,-35.7,28.7,-35.3,28.1
1815.261,-38.8,28.5,-30.5136,29.2,-35.9,28.7,-35.5,28.0
1816.261,-38.1,28.5,-30.9816,29.2,-35.5,28.6,-34.9,28.0
1817.261,-35.7,28.5,-30.6984,29.2,-31.2,28.6,-31.8,28.0
1818.261,-2.9,28.8,-30.839999999999996,29.6,-4.5,28.9,-5.0,28.3
1819.261,14.2,29.0,0.0336,29.8,12.8,29.0,15.1,28.4
1820.261,31.5,28.5,25.86,29.2,27.3,28.6,30.3,28.1
1821.261,33.2,28.5,27.3696,29.2,31.2,28.6,32.6,28.0
1822.261,34.1,28.5,27.5376,29.2,31.9,28.6,33.3,28.1
1823.261,34.0,28.8,26.450400000000002,29.4,31.6,28.7,33.0,28.1
1824.261,34.3,29.0,26.356799999999996,29.6,31.7,29.0,37.5,28.2
1825.261,34.4,29.0,26.594399999999997,29.9,31.8,29.2,33.5,28.5
1826.261,34.4,29.1,26.702399999999997,30.0,31.9,29.4,33.5,28.7
1827.261,34.1,29.1,2.5559999999999996,30.0,31.7,29.5,33.3,28.8
1828.261,4.9,29.3,-28.979999999999997,30.2,6.4,29.7,5.8,29.0
1829.261,-31.5,29.2,-30.602399999999996,30.2,-27.1,29.5,-28.5,28.8
1830.261,-38.2,28.9,-30.547199999999997,29.8,-35.5,29.2,-34.7,28.6
1831.261,-38.2,28.7,-30.6984,29.5,-35.5,28.9,-35.0,28.3
1832.261,-38.4,28.6,-30.619199999999996,29.3,-35.6,28.8,-35.8,28.2
1833.261,-38.5,28.6,-30.612000000000002,29.3,-35.6,28.7,-35.6,28.1
1834.261,-38.8,28.6,-30.563999999999997,29.3,-35.7,28.7,-35.8,28.1
1835.261,-38.8,28.5,-3.4368,29.3,-35.8,28.7,-35.4,28.1
1836.263,-36.0,28.5,8.0112,29.2,-33.1,28.6,-33.3,28.0
1837.263,-27.3,28.5,27.4128,29.3,-23.9,28.7,-24.3,28.0
1838.264,0.6,29.1,27.0144,29.8,0.0,29.1,1.1,28.5
1839.264,24.8,28.8,26.455199999999998,29.7,21.0,28.9,25.2,28.2
1840.264,30.9,28.5,26.6664,29.2,28.7,28.6,30.8,28.1
1841.264,33.5,28.5,26.803199999999997,29.2,31.5,28.6,32.9,28.1
1842.264,34.3,28.7,26.7216,29.3,31.9,28.7,34.5,28.1
1843.264,34.1,28.9,24.0624,29.5,31.6,28.9,33.2,28.2
1844.264,34.4,29.0,-9.1656,29.8,31.8,29.1,33.4,28.4
1845.264,34.2,29.1,-30.6216,29.9,31.7,29.3,34.8,28.6
1846.264,34.4,29.1,-30.2568,30.0,31.9,29.4,33.6,28.7
1847.264,30.2,29.2,-30.7152,30.1,27.6,29.6,29.3,28.9
1848.264,-9.1,29.4,-30.6312,30.4,-4.9,29.7,-7.9,29.0
1849.264,-36.2,29.1,-30.9528,30.1,-32.1,29.4,-32.8,28.8
1850.264,-38.5,28.9,-30.453599999999998,29.8,-35.6,29.2,-35.3,28.5
1851.264,-38.4,28.7,-24.3432,29.5,-35.6,28.9,-35.1,28.2
1852.264,-38.4,28.6,0.3096,29.4,-35.6,28.8,-35.1,28.2
1853.264,-38.5,28.6,27.684,29.3,-35.6,28.7,-35.2,28.2
1854.264,-38.9,28.6,27.1128,29.3,-36.0,28.7,-35.4,28.1
1855.264,-38.6,28.6,27.487199999999998,29.3,-35.7,28.7,-35.3,28.1
1856.264,-35.8,28.5,26.980800000000002,29.3,-32.4,28.6,-32.0,28.1
1857.264,-14.2,28.7,26.9184,29.5,-14.4,28.8,-15.4,28.2
1858.264,4.0,29.2,26.6688,30.0,3.5,29.2,6.8,28.6
1859.264,30.6,28.6,26.438399999999998,29.4,27.3,28.7,29.2,28.2
1860.264,32.1,28.5,-1.4376,29.3,30.0,28.6,31.8,28.1
1861.264,34.2,28.5,-29.2824,29.2,31.6,28.7,33.3,28.1
1862.264,34.3,28.8,-30.599999999999998,29.4,31.9,28.8,33.1,28.2
1863.264,34.5,29.0,-30.362399999999997,29.6,31.8,29.0,33.4,28.3
1864.264,34.6,29.1,-30.547199999999997,29.9,31.7,29.2,33.2,28.4
1865.264,34.5,29.1,-31.034399999999998,30.0,31.9,29.4,34.9,28.6
1866.264,34.7,29.2,-30.8232,30.1,32.0,29.5,33.6,28.8
1867.264,21.1,29.3,-30.732,30.2,17.2,29.6,18.9,29.0
1868.264,-25.8,29.4,0.24479999999999996,30.4,-16.9,29.7,-20.1,29.0
1869.264,-38.3,29.0,24.453599999999998,30.0,-35.1,29.4,-35.0,28.7
1870.264,-38.5,28.8,27.3024,29.7,-35.7,29.0,-35.3,28.4
1871.264,-38.6,28.7,27.856799999999996,29.5,-35.5,28.9,-35.1,28.3
1872.264,-38.8,28.6,26.4768,29.4,-35.6,28.8,-35.3,28.2
1873.264,-38.9,28.6,26.6208,29.4,-35.7,28.8,-35.2,28.2
1874.264,-39.1,28.6,26.630399999999998,29.4,-35.8,28.8,-35.3,28.1
1875.264,-38.2,28.6,26.7072,29.3,-35.4,28.7,-34.4,28.1
1876.264,-35.3,28.6,0.876,29.3,-30.7,28.7,-31.9,28.1
1877.264,-5.5,28.9,-29.0856,29.7,-4.4,29.0,-5.1,28.4
1878.264,4.3,29.3,-30.6216,30.1,2.3,29.4,3.5,28.7
1879.264,29.3,28.7,-30.3984,29.6,25.5,28.8,29.5,28.2
1880.264,32.0,28.6,-30.7272,29.3,29.6,28.7,31.2,28.1
1881.264,34.1,28.6,-30.7152,29.3,31.6,28.7,33.2,28.1
1882.266,34.1,28.8,-30.633599999999998,29.4,31.8,28.8,33.4,28.2
1883.266,36.6,28.9,-30.710399999999996,29.7,31.6,29.0,33.2,28.3
1884.266,34.7,29.1,1.02,29.9,31.9,29.2,33.5,28.5
1885.266,34.4,29.2,7.3992,30.0,31.7,29.4,33.4,28.7
1886.268,34.8,29.2,27.2664,30.1,32.2,29.5,33.6,28.8
1887.268,22.6,29.3,27.2592,30.3,21.1,29.6,23.3,29.0
1888.268,-17.6,29.5,26.555999999999997,30.5,-12.4,29.8,-15.7,29.0
1889.268,-38.1,29.1,28.202399999999997,30.1,-34.8,29.4,-34.7,28.8
1890.268,-38.4,28.9,26.5752,29.7,-35.7,29.1,-35.2,28.5
1891.268,-38.4,28.7,26.9184,29.5,-35.6,28.9,-35.2,28.3
1892.268,-38.7,28.7,19.6392,29.4,-35.7,28.8,-35.2,28.3
1893.268,-38.7,28.7,-14.006400000000001,29.4,-35.6,28.8,-35.2,28.2
1894.27,-39.0,28.6,-30.8232,29.4,-35.9,28.8,-35.4,28.2
1895.27,-38.5,28.6,-31.807199999999998,29.4,-35.7,28.7,-35.1,28.1
1896.27,-35.8,28.6,-32.4696,29.4,-31.5,28.7,-32.3,28.1
1897.27,-9.4,28.8,-30.679199999999998,29.6,-8.5,28.9,-9.5,28.3
1898.27,6.6,29.2,-30.739199999999997,30.1,4.5,29.3,4.3,28.7
1899.27,29.5,28.7,-30.54,29.5,25.7,28.8,30.2,28.2
1900.27,32.2,28.6,-23.376,29.3,29.8,28.7,31.3,28.2
1901.27,34.1,28.6,0.6072,29.3,31.7,28.8,33.3,28.2
1902.27,34.3,28.8,27.336000000000002,29.4,31.7,28.8,33.3,28.2
1903.27,34.5,29.0,26.942400000000003,29.7,31.8,29.0,33.5,28.3
1904.27,34.5,29.1,26.9088,29.9,31.7,29.3,33.3,28.5
1905.27,34.4,29.2,31.4424,30.1,31.7,29.4,33.4,28.7
1906.27,34.6,29.2,26.58,30.2,32.0,29.6,33.6,28.8
1907.27,20.7,29.4,26.464799999999997,30.3,19.4,29.7,21.4,29.0
1908.271,-20.2,29.4,26.116799999999998,30.5,-14.4,29.8,-17.9,29.1
1909.271,-38.1,29.1,0.2376,30.1,-35.3,29.5,-34.7,28.8
1910.271,-38.3,28.9,-29.7552,29.8,-35.9,29.2,-35.3,28.5
1911.271,-38.4,28.7,-30.3984,29.5,-35.7,28.9,-35.1,28.3
1912.271,-38.6,28.7,-30.6816,29.5,-35.6,28.9,-35.2,28.3
1913.273,-38.8,28.6,-30.717599999999997,29.5,-35.7,28.8,-35.2,28.2
1914.273,-39.0,28.6,-31.0968,29.4,-35.9,28.8,-35.4,28.2
1915.273,-38.2,28.6,-30.9336,29.4,-35.5,28.8,-34.8,28.1
1916.273,-35.7,28.6,-30.199199999999998,29.4,-31.4,28.8,-32.3,28.1
1917.273,-7.1,28.9,-0.1176,29.7,-6.4,29.0,-5.3,28.4
1918.273,10.3,29.1,28.4736,30.1,5.4,29.3,5.4,28.7
1919.273,31.3,28.6,27.4752,29.4,27.9,28.8,31.3,28.3
1920.273,32.1,28.6,27.5208,29.3,30.3,28.7,31.9,28.2
1921.273,34.1,28.6,26.916,29.3,31.7,28.8,33.1,28.2
1922.273,34.4,28.9,26.652,29.5,31.9,28.9,33.3,28.3
1923.273,34.6,29.1,27.0096,29.8,31.9,29.1,33.3,28.4
1924.273,34.7,29.2,26.7288,30.0,31.8,29.4,33.3,28.6
1925.273,34.6,29.2,-5.6136,30.1,31.9,29.5,33.5,28.8
1926.274,34.9,29.3,-29.649599999999996,30.2,32.2,29.6,33.8,28.9
1927.274,13.1,29.4,-31.039199999999997,30.4,13.1,29.8,13.9,29.1
1928.275,-26.8,29.4,-30.5664,30.5,-21.0,29.8,-23.7,29.0
1929.275,-38.4,29.1,-30.683999999999997,30.1,-35.3,29.4,-35.2,28.8
1930.275,-38.4,28.9,-30.940799999999996,29.7,-35.5,29.1,-35.2,28.5
1931.275,-38.6,28.8,-30.528,29.5,-35.5,28.9,-35.1,28.3
1932.275,-38.7,28.7,-30.8376,29.5,-35.5,28.9,-35.2,28.3
1933.275,-38.9,28.7,0.624,29.5,-35.8,28.9,-35.2,28.3
1934.275,-38.9,28.7,17.532,29.5,-35.9,28.8,-35.3,28.2
1935.275,-37.5,28.6,27.1296,29.4,-34.3,28.8,-33.9,28.2
1936.275,-33.0,28.6,27.54,29.4,-28.7,28.8,-29.3,28.2
1937.275,-2.5,29.0,26.3976,29.9,-1.4,29.1,-1.4,28.5
1938.275,15.8,29.1,26.9544,30.1,12.9,29.2,15.3,28.6
1939.275,31.7,28.6,26.328,29.4,27.6,28.8,30.5,28.2
1940.275,33.2,28.6,26.731199999999998,29.4,31.1,28.8,32.7,28.2
1941.275,34.4,28.7,15.047999999999998,29.4,31.9,28.8,33.3,28.3
1942.275,34.4,29.0,-20.808,29.6,31.9,28.9,33.3,28.3
1943.275,34.7,29.1,-30.6816,29.9,31.8,29.2,33.3,28.4
1944.275,34.7,29.2,-30.919199999999996,30.1,31.8,29.4,33.3,28.7
1945.275,34.8,29.3,-30.5424,30.2,32.1,29.6,33.6,28.8
1946.275,34.6,29.3,-30.508799999999997,30.3,31.7,29.7,33.1,29.0
1947.275,6.9,29.5,-30.940799999999996,30.5,8.1,29.9,7.6,29.1
1948.275,-30.1,29.4,-30.444,30.5,-25.2,29.7,-27.2,29.0
1949.275,-38.2,29.1,-18.1632,30.1,-35.5,29.4,-35.2,28.8
1950.275,-38.2,28.9,2.2128,29.7,-35.5,29.1,-35.2,28.5
1951.275,-38.5,28.8,28.048799999999996,29.6,-35.6,29.0,-35.2,28.4
1952.275,-38.5,28.7,27.2928,29.5,-35.6,28.9,-35.2,28.3
1953.275,-38.8,28.7,27.069599999999998,29.5,-35.7,28.9,-35.2,28.3
1954.275,-38.8,28.7,26.911199999999997,29.5,-35.8,28.8,-35.3,28.3
1955.275,-37.2,28.7,26.6904,29.5,-33.6,28.8,-33.2,28.2
1956.275,-27.4,28.7,26.9544,29.5,-25.9,28.8,-26.9,28.2
1957.275,-1.9,29.1,26.1312,30.0,-0.3,29.2,-1.5,28.6
1958.275,3.2,29.4,0.2616,30.3,1.0,29.6,1.9,28.9
1959.275,29.4,28.8,-30.525599999999997,29.7,25.3,28.9,29.1,28.4
1960.275,31.9,28.6,-30.371999999999996,29.4,29.1,28.8,31.3,28.3
1961.275,34.2,28.6,-30.5616,29.4,31.6,28.8,33.3,28.3
1962.275,34.6,28.9,-30.7776,29.5,31.9,28.9,33.3,28.3
1963.275,34.6,29.1,-31.0968,29.8,31.9,29.1,33.3,28.4
1964.275,34.8,29.2,-30.8208,30.0,31.8,29.3,33.3,28.6
1965.275,34.8,29.3,-28.656,30.2,31.9,29.5,33.4,28.8
1966.275,34.9,29.3,-0.0096,30.3,32.0,29.6,33.5,28.9
1967.275,23.3,29.4,25.5384,30.4,22.3,29.8,23.8,29.1
1968.275,-16.8,29.5,27.088800000000003,30.6,-11.2,29.9,-14.7,29.1
1969.275,-38.1,29.2,27.3696,30.2,-34.0,29.6,-34.1,28.9
1970.275,-38.3,29.0,26.6832,29.9,-35.9,29.2,-35.5,28.6
1971.275,-38.3,28.8,26.795999999999996,29.6,-36.7,29.0,-37.6,28.4
1972.275,-38.5,28.8,26.6688,29.6,-36.8,28.9,-36.2,28.4
1973.275,-38.6,28.7,26.58,29.5,-35.8,28.9,-35.3,28.3
1974.275,-38.9,28.7,-5.210399999999999,29.5,-35.9,28.9,-35.5,28.3
1975.275,-38.3,28.7,-29.6664,29.5,-35.7,28.9,-35.2,28.2
1976.275,-35.6,28.6,-30.525599999999997,29.5,-31.3,28.9,-32.0,28.2
1977.275,-9.6,28.9,-30.357599999999998,29.7,-9.4,29.0,-9.5,28.4
1978.275,12.7,29.1,-30.468,30.1,9.0,29.3,10.7,28.7
1979.275,31.4,28.7,-30.902399999999997,29.5,26.8,28.8,30.0,28.3
1980.275,33.0,28.6,-30.710399999999996,29.4,31.3,28.8,32.0,28.3
1981.275,34.5,28.7,-30.671999999999997,29.4,31.8,28.9,33.3,28.3
1982.275,34.7,29.0,-0.49199999999999994,29.6,31.7,28.9,34.9,28.3
1983.275,34.8,29.1,23.0136,29.9,33.5,29.2,34.1,28.5
1984.275,34.9,29.3,27.1536,30.1,31.8,29.4,33.4,28.7
1985.275,34.8,29.3,27.6072,30.2,31.9,29.6,34.9,28.9
1986.275,35.1,29.4,26.548799999999996,30.3,32.1,29.7,33.8,29.0
1987.275,12.5,29.5,26.419199999999996,30.5,11.1,29.9,13.0,29.2
1988.275,-25.0,29.5,26.685599999999997,30.6,-19.1,29.9,-21.9,29.1
1989.275,-38.2,29.2,26.6064,30.2,-35.1,29.6,-35.0,28.9
1990.275,-38.3,28.9,9.372,29.8,-35.6,29.2,-35.3,28.6
1991.275,-38.4,28.8,-24.4848,29.6,-35.5,29.0,-35.3,28.4
1992.275,-38.6,28.8,-30.5856,29.6,-35.7,29.0,-35.3,28.4
1993.275,-38.7,28.8,-30.501599999999996,29.6,-35.6,29.0,-35.2,28.3
1994.275,-38.8,28.7,-30.6288,29.6,-35.8,28.9,-35.3,28.3
1995.275,-37.9,28.7,-30.636,29.5,-35.2,28.9,-34.6,28.3
1996.275,-34.9,28.7,-30.7416,29.5,-30.7,28.9,-31.8,28.3
1997.275,-4.7,29.0,-30.636,29.9,-2.6,29.2,-4.2,28.5
1998.275,10.5,29.2,-6.888,30.2,6.6,29.4,9.9,28.7
1999.275,31.1,28.7,4.2816,29.6,26.6,28.9,29.8,28.3
2000.275,32.7,28.7,27.482400000000002,29.5,30.1,28.8,31.8,28.3
2001.275,34.5,28.7,27.2664,29.4,31.8,28.9,33.5,28.3
2002.275,34.7,29.0,26.688,29.6,31.7,29.0,33.4,28.4
2003.275,34.9,29.2,27.0456,29.9,31.7,29.2,33.6,28.5
2004.275,34.9,29.3,26.5296,30.1,31.8,29.4,33.5,28.7
2005.275,34.9,29.3,26.855999999999998,30.3,31.8,29.6,33.5,28.9
2006.275,35.1,29.4,25.072799999999997,30.3,32.1,29.7,33.8,29.0
2007.275,16.1,29.5,-1.4424,30.5,15.2,29.9,17.1,29.2
2008.275,-21.8,29.6,-30.42,30.7,-15.9,29.9,-19.4,29.2
2009.275,-38.2,29.2,-30.2472,30.2,-35.0,29.6,-35.7,28.9
2010.275,-38.4,29.0,-30.784799999999997,29.9,-35.6,29.3,-35.2,28.6
2011.275,-38.4,28.9,-30.8352,29.7,-35.7,29.1,-35.2,28.5
2012.275,-38.6,28.8,-31.0152,29.6,-35.6,29.0,-35.2,28.4
2013.275,-38.8,28.8,-30.4056,29.6,-35.5,29.0,-35.2,28.4
2014.275,-38.9,28.8,-27.194399999999998,29.6,-35.9,29.0,-35.4,28.4
2015.275,-38.1,28.7,0.043199999999999995,29.5,-35.9,28.9,-34.9,28.3
2016.275,-35.9,28.7,27.204,29.5,-33.2,28.9,-32.4,28.3
2017.275,-4.5,29.1,26.9088,29.9,-5.4,29.1,-5.3,28.5
2018.275,9.1,29.3,27.252,30.2,7.2,29.4,10.8,28.8
2019.275,32.1,28.7,26.764799999999997,29.6,28.6,28.9,29.6,28.4
2020.275,32.6,28.7,26.7552,29.5,32.5,28.9,31.9,28.3
2021.275,34.6,28.8,26.6928,29.5,33.3,28.9,33.4,28.3
2022.275,34.7,29.0,26.712,29.6,33.0,29.0,33.4,28.4
2023.275,34.9,29.2,-3.1607999999999996,29.9,33.6,29.3,33.6,28.5
2024.275,34.9,29.3,-29.495999999999995,30.2,31.8,29.5,33.4,28.8
2025.275,35.0,29.4,-30.5448,30.3,31.9,29.6,33.6,28.9
2026.275,35.1,29.4,-30.432,30.4,32.1,29.8,33.7,29.1
2027.275,16.1,29.6,-30.5208,30.5,15.0,29.9,16.8,29.2
2028.275,-22.7,29.6,-30.8736,30.7,-16.7,30.0,-20.0,29.2
2029.275,-38.2,29.3,-30.7872,30.3,-35.0,29.6,-34.9,29.0
2030.275,-38.4,29.0,-30.763199999999998,29.9,-35.7,29.3,-36.7,28.7
2031.275,-38.5,28.9,-0.5376,29.7,-36.0,29.1,-35.4,28.5
2032.275,-38.6,28.8,23.3736,29.6,-35.7,29.1,-35.4,28.5
2033.275,-38.8,28.8,27.5352,29.6,-35.7,29.0,-35.3,28.4
2034.275,-38.9,28.8,27.2472,29.6,-35.8,29.0,-35.4,28.4
2035.275,-37.9,28.8,26.6736,29.6,-35.5,28.9,-34.7,28.3
2036.275,-35.6,28.8,26.6064,29.6,-31.5,28.9,-32.1,28.3
2037.275,-2.9,29.1,26.844,29.9,-4.0,29.2,-4.5,28.6
2038.275,18.2,29.1,26.8008,30.1,13.7,29.3,16.1,28.7
2039.275,31.9,28.8,3.1176,29.5,28.1,28.9,30.6,28.3
2040.275,33.7,28.7,-27.3672,29.5,31.6,28.9,33.1,28.3
2041.275,34.7,28.9,-30.7416,29.5,31.9,29.0,33.4,28.4
2042.275,34.7,29.1,-30.3888,29.7,31.6,29.1,33.2,28.4
2043.275,35.0,29.3,-30.7248,30.0,31.9,29.3,37.0,28.6
2044.275,34.9,29.4,-30.487199999999998,30.2,31.7,29.5,33.6,28.8
2045.275,35.1,29.4,-30.763199999999998,30.4,32.1,29.7,33.6,29.0
2046.275,34.6,29.5,-30.549599999999998,30.4,31.6,29.8,33.1,29.1
2047.275,-3.4,29.6,-1.5408,30.7,1.0,30.0,-1.0,29.3
2048.275,-35.1,29.4,3.7392,30.5,-30.5,29.8,-30.9,29.1
2049.275,-38.4,29.2,27.2232,30.2,-35.6,29.5,-38.3,28.8
2050.275,-38.3,29.0,27.232799999999997,29.8,-35.5,29.2,-38.3,28.5
2051.275,-38.6,28.9,26.304000000000002,29.7,-35.6,29.1,-35.2,28.5
2052.275,-38.6,28.9,26.82,29.7,-35.5,29.1,-35.3,28.4
2053.275,-39.0,28.9,26.5536,29.7,-35.8,29.0,-35.5,28.4
2054.275,-38.7,28.8,26.8272,29.6,-35.7,29.0,-35.4,28.4
2055.275,-35.6,28.8,23.366400000000002,29.6,-32.5,28.9,-32.5,28.3
2056.275,-20.0,28.9,-8.654399999999999,29.7,-18.2,29.0,-19.6,28.4
2057.275,6.5,29.3,-30.619199999999996,30.2,1.8,29.5,4.4,28.8
2058.275,29.6,28.9,-30.417599999999997,29.8,25.8,29.1,28.5,28.4
2059.275,32.5,28.8,-30.516,29.6,29.9,28.9,32.0,28.4
2060.275,34.5,28.8,-30.772799999999997,29.5,31.7,29.0,33.2,28.4
2061.275,34.9,29.0,-30.825599999999998,29.7,31.7,29.0,33.2,28.4
2062.275,35.0,29.2,-30.6144,29.9,31.8,29.2,34.0,28.5
2063.275,35.1,29.4,-24.1176,30.2,31.7,29.5,37.0,28.7
2064.275,35.1,29.4,0.6072,30.3,31.9,29.7,34.7,29.0
2065.275,35.3,29.5,27.3648,30.4,32.1,29.8,33.8,29.1
2066.306,17.9,29.6,26.740799999999997,30.6,17.5,30.0,19.1,29.2
2067.306,-22.2,29.6,26.980800000000002,30.7,-16.6,30.0,-19.8,29.3
2068.306,-38.3,29.3,26.4864,30.3,-36.2,29.7,-35.1,29.0
2069.306,-38.4,29.1,26.5992,30.0,-35.7,29.4,-35.3,28.7
2070.306,-38.5,28.9,26.611199999999997,29.8,-35.6,29.2,-35.2,28.5
2071.306,-38.7,28.9,26.6448,29.7,-35.7,29.1,-35.3,28.5
2072.306,-38.8,28.9,-0.9288,29.7,-35.7,29.1,-35.3,28.4
2073.306,-38.9,28.9,-29.440799999999996,29.7,-35.9,29.0,-35.4,28.4
2074.306,-37.7,28.8,-30.4992,29.6,-35.2,29.0,-34.4,28.4
2075.306,-35.3,28.8,-30.436799999999998,29.6,-30.4,29.0,-32.2,28.4
2076.306,-3.9,29.2,-30.434399999999997,30.0,-3.7,29.3,-3.2,28.7
2077.306,18.5,29.2,-30.983999999999998,30.1,12.5,29.4,17.7,28.7
2078.306,31.9,28.8,-30.638399999999997,29.6,28.6,29.0,30.5,28.4
2079.306,33.7,28.8,-30.849599999999995,29.6,31.8,29.0,32.9,28.4
2080.306,34.9,28.9,-0.084,29.6,31.8,29.0,33.4,28.4
2081.306,34.8,29.2,25.7064,29.8,31.7,29.1,33.5,28.5
2082.306,35.1,29.3,27.2856,30.1,32.6,29.4,33.5,28.6
2083.306,35.0,29.4,27.5016,30.3,31.8,29.7,33.4,28.9
2084.306,35.2,29.5,26.4888,30.4,32.1,29.8,33.8,29.0
2085.306,34.9,29.5,26.652,30.5,31.5,29.9,33.2,29.2
2086.306,6.9,29.7,26.5536,30.7,6.8,30.1,7.4,29.4
2087.306,-27.7,29.6,26.841599999999996,30.8,-21.8,30.0,-24.4,29.2
2088.306,-38.4,29.3,0.2592,30.3,-35.2,29.7,-35.1,29.0
2089.306,-38.3,29.1,-29.244,30.0,-35.5,29.3,-34.7,28.7
2090.306,-38.5,29.0,-30.537599999999998,29.8,-35.5,29.2,-35.2,28.6
2091.306,-38.7,28.9,-30.501599999999996,29.8,-35.5,29.1,-36.7,28.5
2092.308,-38.8,28.9,-32.9184,29.7,-35.6,29.1,-38.1,28.5
2093.308,-38.9,28.9,-30.8064,29.7,-35.7,29.1,-35.3,28.4
2094.308,-37.1,28.8,-30.571199999999997,29.7,-34.3,29.0,-34.0,28.4
2095.308,-33.9,28.9,-30.732,29.7,-29.3,29.0,-30.6,28.4
2096.308,-1.2,29.2,1.5504,30.1,-1.2,29.4,-1.3,28.7
2097.308,-1.0,29.5,9.043199999999999,30.4,-0.1,29.7,-0.1,29.1
2098.308,-0.1,29.8,27.0,30.6,-0.1,29.9,0.0,29.3
2099.308,7.5,29.8,27.1512,30.7,4.0,30.0,5.4,29.3
2100.308,31.3,28.9,26.3232,29.8,27.1,29.1,30.2,28.5
2101.308,32.4,28.8,26.6688,29.6,29.5,29.0,32.0,28.4
2102.308,34.7,28.8,26.747999999999998,29.6,31.7,29.0,35.1,28.4
2103.308,34.9,29.1,26.652,29.7,31.8,29.1,34.5,28.5
2104.308,35.0,29.3,21.2544,30.0,31.8,29.3,33.4,28.6
2105.308,35.1,29.4,-12.628799999999998,30.3,31.8,29.6,33.3,28.8
2106.308,35.0,29.5,-30.5808,30.4,31.9,29.7,33.6,29.0
2107.308,35.2,29.5,-30.417599999999997,30.5,32.0,29.9,33.8,29.1
2108.308,21.1,29.6,-30.4224,30.6,19.0,30.0,20.9,29.3
2109.308,-17.6,29.7,-30.6144,30.8,-11.9,30.1,-15.1,29.3
2110.308,-38.1,29.4,-30.8352,30.4,-34.5,29.8,-34.6,29.1
2111.308,-38.4,29.1,-30.5904,30.1,-35.0,29.4,-35.3,28.8
2112.308,-38.5,29.0,-20.244,29.8,-38.1,29.2,-35.1,28.6
2113.308,-38.7,28.9,0.708,29.8,-38.0,29.1,-35.2,28.5
2114.308,-38.8,28.9,27.228,29.7,-36.2,29.1,-35.1,28.5
2115.308,-39.0,28.9,26.9904,29.7,-35.9,29.1,-35.4,28.4
2116.308,-38.4,28.8,27.0816,29.7,-35.8,29.0,-34.7,28.4
2117.308,-35.9,28.8,26.784,29.7,-31.4,29.0,-32.5,28.4
2118.308,-5.8,29.1,26.750400000000003,30.0,-7.7,29.2,-7.3,28.6
2119.308,11.0,29.4,26.8224,30.3,10.5,29.4,12.5,28.8
2120.308,32.2,28.8,26.1576,29.7,27.2,29.0,30.2,28.4
2121.308,32.8,28.8,-0.2592,29.6,31.8,29.0,32.5,28.4
2122.308,34.8,28.9,-29.4072,29.6,31.6,29.0,33.6,28.4
2123.308,34.8,29.1,-30.465600000000002,29.8,33.4,29.1,33.4,28.5
2124.308,35.1,29.3,-30.4992,30.1,34.9,29.4,33.6,28.7
2125.308,35.0,29.4,-30.700799999999997,30.3,31.8,29.7,33.4,28.9
2126.308,35.2,29.5,-31.0632,30.5,32.0,29.8,33.8,29.1
2127.308,35.3,29.5,-30.710399999999996,30.6,32.0,29.9,33.7,29.2
2128.308,12.3,29.7,-29.8896,30.7,11.0,30.1,12.4,29.4
2129.308,-24.6,29.7,-0.0552,30.9,-18.7,30.1,-21.8,29.3
2130.308,-38.3,29.4,24.371999999999996,30.4,-35.2,29.8,-35.2,29.0
2131.308,-38.4,29.2,27.3672,30.1,-35.6,29.4,-35.3,28.8
2132.308,-38.5,29.0,27.4992,29.9,-35.5,29.2,-35.2,28.6
2133.308,-38.7,29.0,26.7792,29.8,-35.6,29.2,-35.3,28.5
2134.308,-38.8,28.9,26.848799999999997,29.8,-35.6,29.1,-35.2,28.5
2135.308,-38.9,28.9,26.9184,29.8,-35.8,29.1,-35.4,28.5
2136.308,-37.8,28.9,26.8848,29.7,-34.7,29.1,-34.0,28.4
2137.308,-35.3,28.9,-5.450399999999999,29.7,-30.8,29.1,-31.8,28.4
2138.308,-0.8,29.3,-30.0768,30.1,-2.3,29.4,-2.6,28.7
2139.308,14.0,29.4,-30.602399999999996,30.3,11.7,29.5,13.8,28.9
2140.308,32.2,28.9,-30.348,29.7,27.9,29.1,30.4,28.5
2141.308,33.6,28.8,-30.7272,29.6,30.6,29.0,32.8,28.5
2142.308,34.8,28.9,-30.7968,29.7,31.9,29.1,33.4,28.5
2143.308,34.9,29.2,-30.616799999999998,29.9,31.7,29.2,33.6,28.5
2144.308,35.1,29.4,-30.638399999999997,30.2,31.8,29.5,33.4,28.7
2145.308,35.1,29.5,-0.2928,30.4,31.8,29.7,33.5,28.9
2146.308,35.1,29.5,17.628,30.5,31.8,29.8,33.5,29.1
2147.308,35.1,29.6,27.3312,30.6,32.0,30.0,33.7,29.2
2148.308,8.4,29.8,27.573600000000003,30.8,8.4,30.2,9.8,29.4
2149.308,-26.3,29.7,26.568,30.9,-20.5,30.1,-23.2,29.3
2150.308,-38.4,29.4,26.935200000000002,30.4,-35.2,29.8,-34.5,29.1
2151.308,-38.4,29.1,26.5512,30.1,-35.6,29.4,-35.6,28.8
2152.308,-38.5,29.0,26.8224,29.9,-35.6,29.2,-37.7,28.6
2153.308,-38.6,29.0,12.8064,29.8,-35.6,29.2,-35.7,28.5
2154.308,-38.8,29.0,-18.650399999999998,29.8,-35.7,29.2,-35.1,28.5
2155.308,-38.9,28.9,-30.633599999999998,29.8,-35.8,29.1,-35.2,28.5
2156.308,-37.6,28.9,-30.5904,29.8,-34.8,29.1,-34.2,28.5
2157.308,-34.8,28.9,-30.4752,29.7,-30.3,29.1,-31.1,28.5
2158.308,-0.2,29.3,-30.5736,30.2,-2.0,29.4,-3.1,28.7
2159.308,16.6,29.3,-30.6216,30.4,12.2,29.5,15.6,28.8
2160.308,32.1,28.9,-30.602399999999996,29.7,28.2,29.1,30.2,28.5
2161.308,33.2,28.9,-14.6808,29.7,31.1,29.1,32.8,28.5
2162.308,34.8,29.0,0.5808,29.7,31.7,29.1,33.4,28.5
2163.308,34.8,29.3,27.124799999999997,29.9,31.7,29.2,36.8,28.6
2164.308,35.0,29.4,27.624,30.2,31.9,29.5,34.7,28.7
2165.308,35.0,29.5,26.572799999999997,30.4,31.8,29.7,33.5,29.0
2166.308,35.2,29.6,26.9256,30.5,32.0,29.9,33.7,29.1
2167.308,35.0,29.6,26.265600000000003,30.6,31.7,30.0,34.7,29.3
2168.308,11.0,29.8,26.8248,30.8,9.4,30.2,11.7,29.5
2169.308,-11.3,29.9,25.972799999999996,31.1,-7.1,30.3,-9.9,29.5
2170.308,-37.5,29.5,0.2904,30.6,-33.4,29.9,-33.2,29.2
2171.308,-38.5,29.3,-30.276,30.2,-35.7,29.6,-38.5,28.9
2172.308,-38.5,29.1,-30.172799999999995,30.0,-35.5,29.3,-37.1,28.7
2173.309,-38.7,29.0,-30.444,29.9,-35.6,29.3,-35.5,28.6
2174.309,-38.7,29.0,-30.8376,29.9,-35.6,29.2,-35.5,28.6
2175.309,-39.1,29.0,-30.8808,29.8,-35.9,29.2,-35.5,28.5
2176.309,-38.8,28.9,-30.7968,29.8,-35.7,29.2,-36.6,28.5
2177.31,-35.8,28.9,-28.1448,29.8,-32.0,29.1,-35.3,28.5
2178.31,-16.3,29.1,-0.12,29.9,-15.4,29.2,-15.5,28.6
2179.31,4.7,29.5,28.8024,30.4,2.5,29.7,4.1,29.0
2180.31,30.1,29.0,27.2568,29.9,26.1,29.2,28.6,28.6
2181.31,32.2,28.9,27.278399999999998,29.7,29.0,29.1,32.6,28.5
2182.31,34.6,28.9,26.788800000000002,29.7,31.6,29.1,35.6,28.5
2183.31,35.0,29.2,26.776799999999998,29.8,31.8,29.2,35.2,28.6
2184.31,35.0,29.4,26.6784,30.1,31.7,29.4,33.3,28.6
2185.31,35.2,29.5,26.630399999999998,30.4,31.8,29.7,41.8,28.8
2186.31,35.1,29.6,-4.0584,30.5,31.8,29.9,33.8,29.2
2187.31,35.3,29.6,-29.7744,30.6,32.0,30.0,33.6,29.3
2188.31,23.2,29.7,-30.6672,30.7,21.3,30.1,23.1,29.4
2189.31,-16.9,29.9,-30.3816,31.0,-11.5,30.3,-14.9,29.5
2190.31,-38.2,29.5,-30.6888,30.6,-34.4,29.9,-34.7,29.2
2191.31,-38.5,29.3,-30.902399999999997,30.3,-35.7,29.6,-35.4,28.9
2192.31,-38.4,29.1,-30.8376,30.0,-35.5,29.4,-35.3,28.7
2193.31,-38.7,29.0,-30.592799999999997,29.9,-35.6,29.3,-35.3,28.6
2194.31,-38.7,29.0,0.5592,29.9,-35.6,29.2,-35.3,28.6
2195.31,-39.0,29.0,23.4,29.8,-35.9,29.2,-35.5,28.6
2196.31,-38.5,29.0,27.323999999999998,29.8,-35.6,29.2,-35.1,28.5
2197.31,-35.8,29.0,27.2856,29.8,-31.8,29.2,-32.1,28.5
2198.31,-9.4,29.2,26.6904,30.0,-9.9,29.3,-10.9,28.7
2199.31,-1.8,29.6,26.5872,30.5,-0.2,29.8,-0.4,29.1
2200.31,-0.6,29.8,26.659200000000002,30.7,0.0,30.0,-0.1,29.3
2201.31,-0.2,30.0,26.6544,30.9,0.0,30.1,0.0,29.4
2202.31,7.7,29.9,11.304,30.9,3.9,30.1,5.6,29.4
2203.31,31.4,29.0,-23.6136,29.9,27.5,29.2,30.4,28.6
2204.31,32.1,28.9,-30.717599999999997,29.7,30.1,29.1,31.4,28.5
2205.31,34.7,28.9,-30.576,29.7,31.6,29.2,33.2,28.6
2206.31,34.9,29.2,-30.537599999999998,29.8,31.7,29.2,33.4,28.6
2207.31,35.1,29.4,-30.664799999999996,30.1,31.8,29.4,33.7,28.7
2208.31,35.2,29.5,-30.6888,30.4,31.8,29.7,33.4,28.9
2209.31,35.1,29.6,-30.6864,30.5,31.8,29.9,33.5,29.1
2210.31,35.3,29.6,-7.4664,30.6,32.0,30.0,33.6,29.2
2211.31,17.5,29.8,1.0704,30.7,16.5,30.2,18.3,29.4
2212.31,-22.5,29.8,27.084,30.9,-16.7,30.2,-19.8,29.4
2213.31,-38.2,29.5,26.9376,30.5,-35.1,29.9,-34.8,29.2
2214.31,-38.3,29.2,26.676,30.2,-35.7,29.5,-36.6,28.9
2215.31,-38.5,29.1,26.5608,30.0,-35.5,29.3,-39.7,28.7
2216.31,-38.6,29.1,26.328,29.9,-35.6,29.3,-35.4,28.6
2217.31,-38.7,29.0,26.4984,29.9,-35.6,29.2,-35.3,28.6
2218.31,-38.9,29.0,25.4064,29.8,-35.8,29.2,-35.4,28.6
2219.31,-37.9,28.9,-3.1031999999999997,29.8,-35.1,29.2,-34.7,28.5
2220.31,-35.0,28.9,-30.424799999999998,29.8,-31.0,29.2,-32.1,28.5
2221.31,-1.9,29.3,-30.249599999999997,30.1,-2.9,29.5,-2.7,28.8
2222.31,14.6,29.5,-30.5952,30.4,13.9,29.5,17.4,28.9
2223.31,32.4,28.9,-30.7536,29.8,27.5,29.1,30.2,28.6
2224.31,33.6,28.9,-31.0368,29.7,30.9,29.1,32.7,28.5
2225.31,34.9,29.0,-30.7368,29.8,31.8,29.2,33.2,28.6
2226.31,34.9,29.3,-26.9712,30.0,31.7,29.3,32.9,28.6
2227.31,35.1,29.5,-0.1128,30.3,31.8,29.6,37.6,28.7
2228.31,35.1,29.6,26.109599999999997,30.5,31.7,29.8,33.5,29.0
2229.31,35.2,29.6,26.795999999999996,30.6,32.0,30.0,35.3,29.2
2230.31,35.1,29.7,27.228,30.7,32.0,30.1,33.6,29.4
2231.31,12.1,29.9,26.2512,30.9,10.6,30.3,12.1,29.5
2232.31,-11.5,30.0,26.7672,31.1,-7.5,30.4,-10.5,29.6
2233.31,-37.5,29.6,26.426399999999997,30.6,-33.5,30.0,-34.1,29.3
2234.31,-38.4,29.3,26.4696,30.3,-35.7,29.7,-35.5,29.0
2235.31,-38.4,29.1,-3.6311999999999998,30.0,-35.5,29.4,-35.3,28.7
2236.31,-38.6,29.1,-29.6448,30.0,-35.6,29.3,-35.4,28.7
2237.31,-38.7,29.1,-30.708,29.9,-35.5,29.3,-35.3,28.7
2238.31,-39.0,29.0,-30.4584,29.9,-35.9,29.3,-35.6,28.6
2239.31,-38.7,29.0,-30.554399999999998,29.9,-35.5,29.2,-35.4,28.6
2240.31,-36.0,29.0,-31.003199999999996,29.8,-32.3,29.2,-32.1,28.5
2241.31,-14.3,29.2,-30.734399999999997,30.0,-14.4,29.3,-14.9,28.7
2242.31,7.7,29.6,-30.8376,30.5,5.7,29.6,7.4,29.0
2243.31,31.3,29.0,-0.6312,29.9,26.7,29.2,30.1,28.6
2244.31,32.5,29.0,27.0048,29.8,29.8,29.2,31.8,28.6
2245.31,34.6,29.0,26.952,29.8,31.7,29.2,33.3,28.6
2246.31,34.9,29.3,27.179999999999996,29.9,31.7,29.3,33.2,28.6
2247.31,35.1,29.5,26.246399999999998,30.2,32.0,29.5,33.7,28.8
2248.31,35.1,29.6,26.304000000000002,30.5,31.7,29.8,33.3,29.0
2249.31,35.1,29.7,26.376,30.6,32.0,30.0,33.6,29.2
2250.31,35.2,29.7,26.5152,30.7,32.0,30.1,33.6,29.3
2251.31,20.0,29.8,3.1896,30.8,17.7,30.2,19.7,29.5
2252.31,-8.0,30.0,-28.5384,31.2,-4.5,30.4,-7.0,29.6
2253.31,-36.3,29.6,-30.6744,30.8,-32.1,30.1,-32.1,29.3
2254.31,-38.4,29.4,-30.532799999999998,30.4,-35.8,29.7,-35.5,29.0
2255.31,-38.4,29.2,-30.66,30.1,-35.5,29.5,-36.8,28.8
2256.31,-38.5,29.1,-30.647999999999996,30.0,-35.6,29.4,-36.9,28.7
2257.31,-38.6,29.1,-30.6984,30.0,-35.6,29.3,-36.2,28.6
2258.31,-39.1,29.1,-30.647999999999996,29.9,-35.9,29.3,-35.6,28.6
2259.31,-38.8,29.1,-1.4544,29.9,-35.8,29.3,-35.6,28.6
2260.31,-35.8,29.0,6.515999999999999,29.9,-32.1,29.2,-32.6,28.6
2261.31,-17.6,29.1,27.0312,30.0,-17.4,29.3,-18.5,28.7
2262.31,6.2,29.6,26.841599999999996,30.5,5.0,29.7,7.1,29.0
2263.31,30.3,29.1,26.4144,30.0,25.4,29.3,29.0,28.7
2264.31,32.4,29.0,26.316,29.8,29.6,29.2,31.5,28.6
2265.31,34.8,29.0,26.493599999999997,29.8,31.5,29.2,34.2,28.6
2266.31,35.1,29.3,26.363999999999997,29.9,31.9,29.3,35.3,28.7
2267.31,35.0,29.5,23.0832,30.3,31.8,29.5,33.5,28.8
2268.31,35.2,29.6,-9.2928,30.5,31.9,29.8,33.5,29.0
2269.31,35.1,29.7,-30.576,30.7,31.7,30.0,33.4,29.2
2270.31,35.4,29.7,-30.273600000000002,30.7,32.1,30.1,33.9,29.4
2271.31,17.1,29.9,-30.5976,30.9,16.9,30.3,18.0,29.5
2272.31,-24.4,29.9,-30.645599999999998,31.0,-18.4,30.3,-21.3,29.5
2273.31,-38.4,29.6,-30.9168,30.6,-35.2,30.0,-35.1,29.2
2274.31,-38.4,29.3,-30.3936,30.3,-35.6,29.6,-35.4,29.0
2275.31,-38.6,29.2,-24.069599999999998,30.0,-35.5,29.4,-35.4,28.8
2276.31,-38.8,29.1,0.2424,30.0,-35.6,29.4,-35.6,28.7
2277.31,-38.9,29.1,26.848799999999997,30.0,-35.8,29.4,-35.4,28.7
2278.31,-39.0,29.1,27.088800000000003,30.0,-36.0,29.3,-35.5,28.6
2279.31,-37.0,29.1,27.002399999999998,29.9,-34.3,29.3,-34.1,28.6
2280.31,-34.6,29.1,26.4072,29.9,-29.8,29.3,-31.3,28.6
2281.31,0.0,29.5,26.611199999999997,30.4,-2.2,29.6,-1.3,29.0
2282.31,15.4,29.6,26.5632,30.5,11.3,29.7,14.6,29.0
2283.31,31.7,29.1,26.517599999999998,29.9,27.8,29.3,30.1,28.7
2284.31,33.8,29.0,-1.0968,29.8,31.3,29.2,32.4,28.6
2285.31,35.0,29.2,-29.2272,29.9,31.9,29.3,33.4,28.7
2286.31,35.0,29.4,-30.636,30.1,31.7,29.4,33.3,28.7
2287.31,35.1,29.6,-30.3288,30.4,31.8,29.6,35.3,28.8
2288.31,35.2,29.7,-31.000799999999998,30.6,31.8,29.9,33.5,29.1
2289.31,35.3,29.7,-32.4936,30.7,32.0,30.1,33.7,29.3
2290.31,35.1,29.8,-30.9624,30.8,31.7,30.2,33.4,29.4
2291.31,9.6,30.0,-30.732,31.0,8.8,30.4,9.8,29.6
2292.31,-27.2,29.9,0.14159999999999998,31.0,-21.5,30.3,-24.0,29.5
2293.31,-38.2,29.6,24.395999999999997,30.6,-35.5,30.0,-35.3,29.2
2294.31,-38.3,29.3,26.517599999999998,30.3,-35.6,29.6,-35.4,28.9
2295.31,-38.5,29.2,27.2904,30.1,-35.6,29.5,-35.3,28.8
2296.31,-38.6,29.2,26.232,30.1,-35.6,29.4,-35.4,28.7
2297.33,-38.8,29.1,26.786399999999997,30.0,-35.7,29.4,-35.4,28.7
2298.33,-38.7,29.1,26.2536,30.0,-35.7,29.4,-35.4,28.7
2299.33,-37.5,29.1,26.685599999999997,29.9,-34.0,29.3,-33.9,28.6
2300.33,-30.9,29.1,0.8664,29.9,-28.8,29.3,-30.3,28.6
2301.33,-1.5,29.6,-29.203199999999995,30.4,-1.4,29.6,-0.5,29.0
2302.33,-1.1,29.7,-30.6744,30.8,-0.2,30.0,-0.1,29.3
2303.33,-0.5,30.0,-30.6864,31.0,0.0,30.2,0.0,29.5
2304.33,-0.2,30.1,-30.717599999999997,31.1,0.0,30.3,0.0,29.6
2305.33,0.1,30.2,-30.995999999999995,31.2,0.1,30.4,0.1,29.7
2306.33,19.3,29.7,-30.671999999999997,30.7,17.2,29.8,20.1,29.2
2307.33,32.1,29.0,-30.729599999999998,29.9,28.4,29.2,30.2,28.7
2308.33,34.2,29.0,1.9248,29.8,31.4,29.3,33.0,28.6
2309.33,35.0,29.2,8.7648,29.9,32.0,29.3,33.4,28.7
2310.33,34.8,29.4,27.0384,30.1,31.6,29.5,33.2,28.8
2311.33,35.1,29.6,27.323999999999998,30.4,31.8,29.7,33.3,28.9
2312.33,35.2,29.7,26.3064,30.6,31.7,29.9,33.3,29.1
2313.33,35.3,29.7,26.9064,30.7,32.0,30.1,33.7,29.3
2314.33,32.6,29.8,26.3544,30.8,29.3,30.2,31.4,29.4
2315.33,-6.8,30.0,26.8176,31.1,-2.4,30.4,-4.1,29.6
2316.33,-36.6,29.7,19.231199999999998,30.8,-32.0,30.1,-32.3,29.3
2317.33,-38.8,29.4,-11.997599999999998,30.5,-35.7,29.8,-35.4,29.1
2318.33,-38.7,29.2,-30.6816,30.1,-35.7,29.5,-35.2,28.8
2319.33,-39.0,29.2,-30.5904,30.0,-35.7,29.4,-35.4,28.7
2320.33,-39.0,29.1,-30.5688,30.0,-35.8,29.4,-35.3,28.7
2321.33,-39.4,29.1,-30.729599999999998,29.9,-35.9,29.3,-35.5,28.7
2322.33,-39.1,29.1,-30.950400000000002,29.9,-35.8,29.3,-35.4,28.6
2323.33,-35.8,29.0,-30.5424,29.9,-32.3,29.3,-32.8,28.6
2324.33,-17.8,29.2,-22.497600000000002,30.1,-16.6,29.4,-16.5,28.7
2325.33,0.2,29.7,0.576,30.6,0.4,29.8,0.3,29.2
2326.33,27.3,29.3,27.24,30.4,22.9,29.4,25.7,28.9
2327.33,31.8,29.0,26.7456,29.9,28.8,29.2,30.2,28.7
2328.33,34.7,29.0,26.985599999999998,29.9,32.1,29.3,33.1,28.7
2329.33,35.0,29.3,26.3376,29.9,32.0,29.4,33.4,28.7
2330.33,35.0,29.5,26.534399999999998,30.2,31.9,29.5,33.3,28.8
2331.33,35.3,29.7,26.3328,30.5,32.1,29.8,33.5,29.0
2332.33,35.2,29.7,26.2824,30.7,32.0,30.0,33.3,29.2
2333.33,35.3,29.8,0.372,30.8,32.2,30.2,33.6,29.4
2334.33,29.5,29.9,-29.6064,30.9,26.5,30.3,28.8,29.5
2335.33,-15.4,30.0,-30.609599999999997,31.1,-9.5,30.5,-12.2,29.6
2336.33,-37.9,29.7,-30.602399999999996,30.8,-33.8,30.2,-33.8,29.4
2337.33,-38.8,29.4,-30.7152,30.5,-35.7,29.8,-35.5,29.1
2338.33,-38.8,29.3,-31.185599999999997,30.2,-35.4,29.5,-35.3,28.8
2339.33,-39.0,29.2,-30.926399999999997,30.1,-35.6,29.5,-35.3,28.8
2340.33,-39.1,29.2,-30.432,30.1,-35.6,29.4,-35.4,28.7
2341.33,-39.4,29.1,0.2352,30.0,-35.8,29.4,-35.7,28.7
2342.33,-38.8,29.1,26.304000000000002,30.0,-35.7,29.3,-35.3,28.7
2343.33,-35.9,29.1,26.952,29.9,-31.7,29.3,-32.6,28.7
2344.33,-9.9,29.3,27.2664,30.2,-9.6,29.5,-9.6,28.8
2345.33,-0.2,29.8,26.3616,30.7,-0.4,29.9,-0.1,29.3
2346.33,4.3,30.0,26.534399999999998,30.9,5.0,30.0,3.3,29.5
2347.33,31.5,29.2,26.3544,30.1,26.1,29.3,30.6,28.8
2348.33,32.3,29.1,26.496,29.9,29.3,29.3,32.1,28.7
2349.33,34.9,29.1,-5.22,29.9,31.9,29.3,33.4,28.7
2350.33,35.1,29.4,-29.330399999999997,30.0,31.9,29.4,33.2,28.8
2351.33,35.2,29.6,-30.6048,30.4,32.0,29.6,33.4,28.9
2352.33,35.3,29.7,-30.455999999999996,30.6,32.0,29.9,33.3,29.1
2353.33,35.3,29.8,-30.912,30.7,32.0,30.1,33.4,29.3
2354.33,35.5,29.8,-30.830399999999997,30.8,32.2,30.2,33.6,29.4
2355.33,20.6,30.0,-30.636,31.0,19.0,30.4,20.6,29.6
2356.33,-17.9,30.0,-30.7776,31.2,-12.4,30.5,-15.6,29.6
2357.33,-38.5,29.7,2.3184,30.8,-34.7,30.1,-34.7,29.4
2358.33,-38.8,29.5,18.9,30.4,-35.7,29.8,-35.3,29.1
2359.33,-38.8,29.3,26.9904,30.2,-35.5,29.5,-35.8,28.9
2360.33,-39.0,29.2,27.8352,30.1,-35.6,29.4,-37.1,28.8
2361.33,-39.1,29.2,26.136,30.1,-35.6,29.4,-36.0,28.7
2362.33,-39.3,29.2,27.103199999999998,30.0,-35.9,29.4,-35.7,28.7
2363.33,-38.7,29.1,26.2248,30.0,-35.6,29.3,-35.2,28.7
2364.33,-36.1,29.1,26.877599999999997,30.0,-31.6,29.3,-32.2,28.7
2365.33,-6.6,29.4,16.197599999999998,30.3,-7.9,29.6,-8.6,28.9
2366.33,12.7,29.7,-14.04,30.5,10.5,29.7,13.3,29.1
2367.33,31.8,29.1,-30.6816,30.0,27.6,29.4,30.0,28.7
2368.33,33.8,29.1,-30.5208,29.9,31.4,29.3,32.5,28.7
2369.33,34.9,29.2,-30.602399999999996,30.0,31.9,29.4,34.4,28.7
2370.33,35.0,29.5,-30.636,30.1,31.9,29.5,37.0,28.8
2371.33,35.2,29.7,-30.902399999999997,30.5,31.9,29.8,34.9,28.9
2372.33,35.2,29.8,-30.66,30.7,31.8,30.0,33.4,29.2
2373.33,35.4,29.8,-18.96,30.8,32.1,30.2,33.8,29.4
2374.33,35.4,29.9,0.4032,30.9,32.0,30.3,33.6,29.5
2375.33,7.2,30.1,27.232799999999997,31.1,8.7,30.5,8.6,29.7
2376.33,-30.4,29.9,26.9592,31.1,-25.1,30.4,-27.0,29.6
2377.33,-38.8,29.6,26.7672,30.7,-35.4,30.1,-35.4,29.3
2378.33,-38.7,29.4,26.3808,30.3,-35.5,29.7,-35.3,29.0
2379.33,-39.0,29.3,26.2272,30.2,-35.5,29.6,-35.4,28.9
2380.33,-39.1,29.2,26.508,30.1,-35.6,29.5,-35.4,28.8
2381.33,-39.4,29.2,26.076,30.1,-35.7,29.5,-35.4,28.8
2382.33,-39.3,29.2,1.272,30.1,-35.8,29.4,-35.5,28.7
2383.33,-36.7,29.2,-30.336,30.0,-33.4,29.4,-33.4,28.7
2384.33,-30.2,29.2,-30.479999999999997,30.1,-26.5,29.4,-27.3,28.7
2385.33,4.1,29.6,-30.5952,30.5,0.4,29.8,1.8,29.1
2386.33,28.2,29.3,-30.895199999999996,30.2,24.7,29.5,27.4,28.8
2387.33,32.2,29.1,-31.092,30.0,28.8,29.4,31.1,28.7
2388.33,34.9,29.2,-30.8592,30.0,31.7,29.4,33.3,28.8
2389.33,35.1,29.4,-29.0448,30.1,32.1,29.5,33.4,28.8
2390.33,35.1,29.6,-0.24,30.4,32.0,29.7,33.3,28.9
2391.33,35.4,29.8,25.970399999999998,30.7,32.0,30.0,33.3,29.1
2392.33,35.1,29.8,26.939999999999998,30.8,31.8,30.2,33.3,29.3
2393.33,35.7,29.9,27.2376,30.9,32.2,30.3,33.6,29.5
2394.33,25.6,30.0,26.4888,31.0,24.0,30.4,25.8,29.6
2395.33,-19.8,30.1,26.5704,31.2,-13.8,30.5,-17.3,29.7
2396.33,-38.6,29.8,26.872799999999998,30.9,-34.6,30.2,-35.0,29.4
2397.33,-38.8,29.5,26.534399999999998,30.5,-35.7,29.8,-35.7,29.1
2398.33,-38.9,29.3,-5.0304,30.3,-35.5,29.6,-35.5,28.9
2399.33,-39.1,29.3,-29.5632,30.2,-35.6,29.5,-35.6,28.9
2400.33,-39.2,29.3,-30.6288,30.2,-35.6,29.5,-35.6,28.8
2401.33,-39.4,29.2,-30.355199999999996,30.2,-35.8,29.5,-35.8,28.8
2402.33,-38.5,29.2,-30.5856,30.1,-35.5,29.5,-35.0,28.8
2403.33,-36.0,29.2,-30.96,30.1,-31.6,29.4,-32.5,28.8
2404.33,-7.3,29.5,-30.7824,30.4,-5.7,29.7,-7.9,29.0
2405.33,14.5,29.7,-30.7056,30.6,9.8,29.9,13.4,29.1
2406.33,32.2,29.2,-1.1208,30.1,28.0,29.4,30.6,28.8
2407.33,33.7,29.2,21.36,30.0,30.8,29.4,32.3,28.8
2408.33,35.1,29.3,27.3528,30.1,32.0,29.5,33.2,28.8
2409.33,35.0,29.6,27.4392,30.2,31.8,29.6,33.2,28.9
2410.33,35.4,29.7,26.6808,30.6,32.0,29.8,33.2,29.0
2411.33,35.3,29.8,26.719199999999997,30.8,32.0,30.1,33.3,29.3
2412.33,35.3,29.9,26.5992,30.9,32.1,30.3,33.5,29.5
2413.33,35.4,29.9,26.702399999999997,31.0,32.1,30.3,33.4,29.6
2414.33,7.4,30.1,11.352,31.2,8.8,30.5,8.9,29.7
2415.33,-29.5,30.0,-23.719199999999997,31.2,-23.7,30.5,-25.9,29.6
2416.33,-38.8,29.7,-30.5976,30.8,-35.4,30.1,-35.6,29.4
2417.332,-38.7,29.4,-30.830399999999997,30.4,-35.9,29.8,-35.6,29.1
2418.332,-39.0,29.4,-36.012,30.3,-35.8,29.6,-35.7,28.9
2419.332,-39.1,29.3,-30.5976,30.2,-35.6,29.6,-35.7,28.9
2420.332,-39.3,29.3,-30.919199999999996,30.2,-35.7,29.6,-35.7,28.9
2421.332,-39.3,29.3,-30.700799999999997,30.2,-35.8,29.5,-35.8,28.8
2422.332,-36.4,29.2,-13.8792,30.2,-33.8,29.5,-33.9,28.8
2423.332,-30.1,29.3,4.032,30.2,-26.4,29.5,-27.8,28.8
2424.334,2.3,29.7,26.976,30.6,-0.1,29.9,0.5,29.2
2425.334,24.8,29.4,27.1176,30.5,20.0,29.7,23.5,29.0
2426.334,32.2,29.2,26.6328,30.1,29.0,29.5,30.2,28.8
2427.334,34.6,29.2,26.6976,30.1,31.5,29.5,32.9,28.8
2428.334,35.2,29.4,26.3688,30.1,32.2,29.5,33.7,28.9
2429.334,35.0,29.7,26.8248,30.4,31.7,29.7,33.1,28.9
2430.334,35.4,29.8,25.3608,30.7,32.0,30.0,33.3,29.1
2431.334,35.2,29.9,-4.0056,30.9,32.0,30.2,33.3,29.4
2432.334,35.5,29.9,-30.708,31.0,32.2,30.3,33.4,29.5
2433.334,31.1,30.0,-30.364799999999995,31.1,28.3,30.4,30.2,29.6
2434.334,-13.0,30.2,-30.612000000000002,31.3,-7.2,30.6,-9.9,29.8
2435.334,-38.0,29.9,-30.938399999999998,31.0,-33.5,30.3,-34.0,29.6
2436.334,-38.8,29.6,-30.995999999999995,30.7,-35.7,30.0,-35.7,29.3
2437.334,-38.9,29.4,-30.708,30.4,-35.5,29.7,-35.5,29.0
2438.334,-39.1,29.4,-25.2456,30.3,-35.6,29.6,-35.6,28.9
2439.334,-39.2,29.4,0.0816,30.3,-35.5,29.6,-35.5,28.9
2440.334,-39.5,29.3,26.148,30.3,-35.8,29.6,-35.8,28.9
2441.334,-39.1,29.3,26.7816,30.2,-35.6,29.5,-35.6,28.8
2442.334,-35.9,29.3,26.978399999999997,30.1,-32.4,29.5,-32.3,28.8
2443.334,-13.1,29.4,26.3856,30.4,-12.2,29.7,-12.8,29.0
2444.334,3.5,29.9,26.52,30.8,2.7,30.0,1.4,29.4
2445.334,29.3,29.4,26.647199999999998,30.4,24.3,29.6,27.0,29.0
2446.334,31.8,29.2,26.496,30.1,28.6,29.5,30.9,28.8
2447.334,34.6,29.2,-2.5223999999999998,30.1,31.7,29.5,33.0,28.9
2448.334,34.9,29.5,-29.5128,30.2,31.9,29.6,33.2,28.9
2449.334,35.0,29.7,-30.6072,30.5,32.0,29.8,33.4,29.0
2450.334,35.2,29.8,-30.552,30.8,32.0,30.0,33.3,29.2
2451.334,35.1,29.9,-30.5688,30.9,31.9,30.2,33.4,29.4
2452.334,35.3,30.0,-31.0128,31.0,32.1,30.4,33.5,29.6
2453.334,22.8,30.1,-30.986399999999996,31.1,22.2,30.5,24.4,29.7
2454.334,-21.0,30.1,-30.7872,31.3,-14.8,30.6,-18.1,29.7
2455.334,-38.8,29.9,0.12719999999999998,31.0,-34.7,30.3,-35.0,29.5
2456.336,-38.8,29.6,24.3888,30.6,-35.7,29.9,-35.6,29.2
2457.336,-39.0,29.4,27.407999999999998,30.4,-35.7,29.7,-35.6,29.0
2458.336,-39.2,29.4,27.5232,30.3,-35.6,29.7,-35.7,28.9
2459.336,-39.3,29.4,26.5248,30.3,-35.6,29.6,-35.7,28.9
2460.336,-39.4,29.3,26.6136,30.2,-35.9,29.6,-35.8,28.9
2461.336,-38.1,29.3,26.5968,30.2,-35.3,29.5,-35.1,28.8
2462.336,-36.4,29.3,26.8176,30.2,-31.4,29.5,-32.5,28.8
2463.336,-6.0,29.6,4.1856,30.5,-5.8,29.7,-6.6,29.1
2464.336,15.4,29.7,-28.247999999999998,30.7,12.2,29.9,14.1,29.2
2465.336,32.3,29.3,-30.732,30.2,27.6,29.5,30.5,28.9
2466.336,33.6,29.3,-30.556799999999996,30.1,30.8,29.5,32.5,28.9
2467.336,35.0,29.4,-30.791999999999998,30.1,32.1,29.5,33.3,28.9
2468.336,35.0,29.6,-30.703199999999995,30.3,31.9,29.7,33.3,29.0
2469.336,35.2,29.8,-30.801599999999997,30.6,31.9,29.9,33.3,29.1
2470.336,35.2,29.9,-30.7368,30.9,31.9,30.1,33.3,29.3
2471.336,35.2,30.0,-1.7999999999999998,31.0,32.0,30.3,33.5,29.5
2472.336,35.2,30.0,8.169599999999999,31.1,32.0,30.4,33.3,29.7
2473.336,11.1,30.2,27.4992,31.3,10.4,30.6,12.0,29.8
2474.336,-22.8,30.2,27.211199999999998,31.4,-16.2,30.6,-19.6,29.8
2475.336,-38.4,29.9,26.5752,30.9,-34.8,30.3,-35.4,29.5
2476.336,-38.4,29.6,26.8704,30.6,-35.9,29.9,-35.7,29.2
2477.336,-38.6,29.5,26.601599999999998,30.4,-36.2,29.7,-36.3,29.0
2478.336,-38.8,29.4,26.872799999999998,30.4,-36.1,29.7,-35.6,29.0
2479.336,-38.8,29.4,23.810399999999998,30.3,-35.6,29.6,-35.4,28.9
2480.336,-38.9,29.4,-8.7408,30.3,-35.9,29.6,-35.6,28.9
2481.336,-38.0,29.3,-30.609599999999997,30.2,-35.5,29.6,-34.8,28.9
2482.336,-35.8,29.3,-30.424799999999998,30.2,-31.6,29.6,-32.3,28.9
2483.336,-4.7,29.6,-30.679199999999998,30.6,-4.2,29.8,-5.2,29.1
2484.336,15.8,29.7,-30.768,30.7,11.8,29.9,13.6,29.3
2485.336,32.1,29.3,-31.000799999999998,30.2,27.5,29.5,30.6,28.9
2486.336,33.7,29.3,-30.657599999999995,30.1,32.0,29.5,32.6,28.9
2487.336,35.1,29.4,-24.1512,30.2,32.2,29.6,33.2,28.9
2488.336,35.1,29.7,0.5184,30.4,31.8,29.7,33.6,29.0
2489.336,35.4,29.9,26.402399999999997,30.7,32.0,29.9,33.4,29.1
2490.336,35.3,29.9,27.273600000000002,30.9,31.8,30.2,33.3,29.4
2491.336,35.5,30.0,27.141599999999997,31.0,32.2,30.3,33.7,29.5
2492.336,35.2,30.0,26.52,31.1,31.9,30.5,33.3,29.7
2493.336,5.3,30.2,26.6136,31.3,7.5,30.7,6.8,29.8
2494.336,-31.0,30.1,26.8656,31.3,-25.7,30.5,-27.7,29.7
2495.336,-38.8,29.8,26.308799999999998,30.9,-35.5,30.2,-35.6,29.5
2496.336,-38.8,29.5,-1.392,30.5,-35.5,29.9,-35.4,29.1
2497.336,-39.0,29.4,-29.5248,30.4,-35.8,29.7,-35.5,29.0
2498.336,-39.2,29.4,-30.6288,30.3,-35.7,29.7,-35.5,29.0
2499.336,-39.4,29.4,-30.4944,30.3,-35.8,29.6,-35.5,29.0
2500.336,-39.4,29.4,-30.645599999999998,30.3,-36.0,29.6,-35.6,28.9
2501.336,-37.1,29.3,-31.0128,30.2,-33.8,29.6,-33.6,28.9
2502.336,-28.6,29.4,-30.947999999999997,30.3,-24.9,29.6,-26.1,28.9
2503.336,0.3,29.8,-30.7248,30.8,-0.6,30.0,-0.5,29.3
2504.336,24.4,29.6,0.312,30.7,19.5,29.8,22.2,29.2
2505.336,32.0,29.3,21.3744,30.2,27.8,29.5,30.5,29.0
2506.336,34.2,29.3,27.088800000000003,30.2,31.6,29.6,33.2,28.9
2507.336,35.1,29.5,27.5688,30.2,31.9,29.6,33.4,29.0
2508.336,35.0,29.7,26.747999999999998,30.5,32.4,29.8,33.5,29.0
2509.336,35.3,29.9,26.8656,30.8,32.1,30.0,33.5,29.2
2510.336,35.2,30.0,26.2488,31.0,31.8,30.2,33.3,29.4
2511.336,35.4,30.1,26.7168,31.1,32.3,30.4,33.7,29.6
2512.336,33.0,30.1,0.5112,31.2,29.8,30.5,31.6,29.7
2513.336,6.5,30.3,-29.457599999999996,31.4,4.9,30.7,6.5,29.9
2514.336,-11.3,30.4,-30.739199999999997,31.6,-7.4,30.8,-10.3,29.9
2515.336,-37.9,29.9,-30.5448,31.1,-33.6,30.4,-34.1,29.6
2516.336,-38.9,29.7,-30.755999999999997,30.7,-35.8,30.0,-35.6,29.3
2517.336,-38.9,29.5,-30.926399999999997,30.5,-35.5,29.8,-35.3,29.1
2518.336,-39.1,29.5,-30.6864,30.4,-35.6,29.7,-35.5,29.0
2519.336,-38.8,29.4,-30.808799999999998,30.4,-35.6,29.7,-35.4,29.0
2520.336,-39.5,29.4,-3.8256,30.3,-35.9,29.7,-35.6,29.0
2521.336,-39.2,29.4,16.1184,30.3,-35.7,29.6,-35.4,28.9
2522.336,-35.7,29.4,27.3192,30.3,-32.0,29.6,-32.4,28.9
2523.336,-15.9,29.5,27.0504,30.4,-14.3,29.7,-15.3,29.1
2524.336,8.3,29.9,26.659200000000002,30.9,6.3,30.0,9.0,29.3
2525.336,32.3,29.4,26.688,30.3,27.8,29.6,30.4,29.0
2526.336,32.7,29.3,26.6088,30.2,30.0,29.6,31.9,28.9
2527.336,34.9,29.4,26.8632,30.2,32.0,29.6,33.4,29.0
2528.336,35.0,29.7,20.695199999999996,30.4,31.8,29.7,33.3,29.0
2529.336,35.3,29.9,-13.639199999999999,30.7,32.1,29.9,33.5,29.1
2530.336,35.2,30.0,-30.6504,30.9,31.9,30.2,33.4,29.4
2531.336,35.2,30.0,-30.472799999999996,31.1,31.9,30.4,33.4,29.6
2532.336,35.5,30.1,-30.7224,31.2,32.3,30.5,33.6,29.7
2533.336,17.6,30.2,-30.6912,31.3,15.6,30.7,18.0,29.8
2534.336,-2.7,30.5,-30.957599999999996,31.6,-0.6,30.9,-2.3,30.0
2535.336,-31.8,30.1,-30.511199999999995,31.3,-27.7,30.5,-29.2,29.7
2536.336,-38.5,29.8,-21.2856,30.9,-35.5,30.2,-35.5,29.5
2537.336,-38.4,29.6,0.6911999999999999,30.6,-35.7,29.9,-35.5,29.2
2538.336,-38.6,29.5,26.8272,30.5,-35.8,29.8,-35.4,29.1
2539.336,-38.7,29.5,26.9832,30.4,-35.6,29.7,-36.8,29.0
2540.336,-39.0,29.4,27.084,30.4,-35.7,29.7,-35.5,29.0
2541.336,-38.9,29.4,26.663999999999998,30.3,-35.8,29.6,-35.7,29.0
2542.336,-36.3,29.4,26.7168,30.3,-33.1,29.6,-33.3,29.0
2543.336,-28.3,29.4,26.7216,30.3,-24.9,29.6,-26.1,29.0
2544.336,0.2,29.9,26.500799999999998,30.8,-1.2,30.0,-0.5,29.3
2545.336,-0.1,30.3,-0.348,31.1,-0.1,30.3,-0.1,29.7
2546.336,-0.1,30.5,-30.124799999999997,31.3,0.0,30.5,-0.1,29.8
2547.336,1.1,30.6,-30.554399999999998,31.4,1.1,30.6,2.1,29.9
2548.336,28.3,29.7,-30.655199999999997,30.6,24.8,29.8,27.4,29.2
2549.336,31.8,29.3,-30.909599999999998,30.2,28.7,29.6,31.0,29.0
2550.336,34.7,29.3,-31.152,30.2,31.8,29.6,33.5,29.0
2551.336,35.2,29.6,-30.9816,30.3,32.1,29.7,33.6,29.0
2552.336,35.0,29.8,-29.6088,30.6,31.7,29.9,33.3,29.1
2553.336,35.3,29.9,-0.0048,30.8,32.0,30.1,33.5,29.3
2554.336,35.2,30.0,24.8976,31.0,31.9,30.3,33.4,29.5
2555.336,35.3,30.1,26.9832,31.1,32.2,30.5,33.6,29.6
2556.336,27.7,30.1,27.4464,31.2,25.0,30.6,27.3,29.8
2557.336,-6.6,30.4,26.6616,31.5,-3.3,30.8,-5.5,29.9
2558.336,-36.1,30.0,26.6088,31.2,-31.9,30.5,-32.5,29.6
2559.336,-38.4,29.8,26.6832,30.8,-35.7,30.1,-37.0,29.4
2560.336,-38.3,29.6,26.5368,30.5,-35.6,29.9,-35.5,29.1
2561.336,-38.6,29.5,-5.676,30.4,-35.6,29.7,-35.6,29.1
2562.336,-38.6,29.4,-29.592,30.3,-35.5,29.7,-35.5,29.0
2563.336,-39.0,29.4,-30.5448,30.3,-35.8,29.7,-35.7,29.0
2564.336,-38.7,29.4,-30.4992,30.3,-35.8,29.6,-35.7,28.9
2565.336,-35.6,29.4,-30.856799999999996,30.3,-32.2,29.6,-32.6,28.9
2566.336,-18.3,29.5,-30.7704,30.4,-17.2,29.7,-17.3,29.0
2567.336,9.2,29.8,-30.825599999999998,30.9,6.8,30.0,7.0,29.4
2568.336,30.7,29.4,-30.7824,30.3,26.3,29.6,29.7,29.0
2569.336,32.9,29.3,1.6944,30.2,29.2,29.5,31.3,29.0
2570.336,34.9,29.4,20.4696,30.2,32.0,29.6,33.5,29.0
2571.336,34.9,29.7,27.710399999999996,30.3,31.8,29.7,33.4,29.0
2572.338,35.2,29.9,27.3864,30.7,32.1,29.9,34.7,29.1
2573.338,35.1,30.0,26.639999999999997,31.0,31.9,30.2,33.5,29.4
2574.338,35.1,30.1,26.4768,31.1,32.0,30.4,33.7,29.6
2575.338,35.3,30.1,26.3832,31.2,32.2,30.5,33.7,29.7
2576.338,18.7,30.3,26.6448,31.3,17.2,30.7,19.3,29.9
2577.338,-14.1,30.4,14.5848,31.6,-9.3,30.8,-12.5,30.0
2578.338,-37.8,30.0,-19.569599999999998,31.1,-34.0,30.4,-34.5,29.6
2579.338,-39.3,29.8,-30.7536,30.8,-35.7,30.1,-35.7,29.4
2580.338,-42.1,29.6,-30.662399999999998,30.5,-35.4,29.8,-35.4,29.2
2581.338,-39.3,29.5,-30.7272,30.4,-35.7,29.8,-35.7,29.1
2582.338,-39.3,29.5,-30.563999999999997,30.4,-35.9,29.7,-35.5,29.1
2583.338,-39.6,29.5,-30.9528,30.4,-35.9,29.7,-35.8,29.0
2584.338,-39.3,29.4,-30.638399999999997,30.3,-35.7,29.7,-35.6,29.0
2585.338,-36.5,29.4,-15.8568,30.3,-31.9,29.6,-32.6,28.9
2586.338,-13.2,29.6,3.1752,30.5,-13.1,29.7,-12.9,29.1
2587.338,6.0,30.0,27.2856,31.0,4.0,30.1,4.2,29.5
2588.338,31.0,29.4,26.923199999999998,30.4,27.1,29.7,30.7,29.0
2589.338,32.7,29.3,26.795999999999996,30.2,30.0,29.6,31.7,29.0
2590.338,34.8,29.4,26.630399999999998,30.2,31.8,29.6,34.3,29.0
2591.338,35.1,29.6,26.412000000000003,30.4,31.9,29.7,33.6,29.1
2592.338,35.2,29.9,26.5896,30.7,31.8,30.0,33.4,29.2
2593.338,35.3,30.0,26.0472,31.0,31.8,30.2,36.1,29.4
2594.338,35.2,30.1,0.2016,31.1,32.0,30.4,33.7,29.6
2595.338,35.5,30.1,-30.424799999999998,31.2,32.1,30.5,33.7,29.7
2596.34,21.2,30.2,-30.4392,31.3,18.6,30.7,20.7,29.9
2597.34,-7.1,30.4,-30.657599999999995,31.6,-3.9,30.9,-6.2,30.0
2598.34,-36.7,30.1,-30.909599999999998,31.2,-31.9,30.5,-32.8,29.7
2599.34,-39.2,29.8,-31.156799999999997,30.9,-35.7,30.2,-35.7,29.4
2600.34,-39.1,29.6,-30.8544,30.6,-35.5,29.9,-35.5,29.2
2601.34,-39.2,29.5,-28.3584,30.5,-35.7,29.8,-35.6,29.1
2602.34,-39.2,29.5,-0.1128,30.5,-35.6,29.8,-35.5,29.1
2603.34,-39.5,29.5,25.2816,30.4,-35.8,29.8,-35.6,29.0
2604.34,-39.3,29.4,26.877599999999997,30.4,-35.8,29.7,-35.6,29.0
2605.34,-36.4,29.4,27.417599999999997,30.3,-32.4,29.6,-32.7,29.0
2606.34,-18.8,29.5,26.5752,30.5,-17.1,29.8,-18.3,29.1
2607.34,-0.8,30.0,26.695199999999996,30.9,-0.7,30.2,-0.8,29.4
2608.34,3.1,30.3,26.764799999999997,31.2,3.3,30.4,3.2,29.7
2609.34,30.8,29.5,26.558400000000002,30.5,26.1,29.7,30.1,29.1
2610.342,32.2,29.4,-4.596,30.3,29.0,29.6,31.2,29.0
2611.342,34.7,29.4,-29.8128,30.3,31.8,29.7,33.2,29.0
2612.343,35.2,29.7,-30.7704,30.4,32.0,29.7,33.5,29.1
2613.343,35.1,29.9,-30.4056,30.7,31.9,30.0,33.4,29.2
2614.343,35.3,30.0,-30.7056,31.0,31.9,30.2,33.4,29.4
2615.343,35.2,30.1,-31.0512,31.1,31.9,30.4,33.5,29.6
2616.343,35.5,30.1,-30.9456,31.2,32.6,30.6,33.7,29.7
2617.343,21.8,30.2,-30.816,31.3,20.2,30.7,22.4,29.9
2618.343,-18.1,30.4,-0.1488,31.6,-12.2,30.8,-14.9,29.9
2619.343,-38.9,30.0,22.603199999999998,31.2,-34.5,30.5,-34.7,29.7
2620.343,-39.1,29.8,26.8344,30.8,-35.8,30.1,-39.0,29.4
2621.343,-39.1,29.6,27.278399999999998,30.6,-35.8,29.9,-36.9,29.2
2622.343,-39.3,29.5,26.119199999999996,30.5,-35.7,29.8,-35.5,29.1
2623.343,-39.4,29.5,26.438399999999998,30.5,-35.9,29.7,-35.5,29.1
2624.343,-39.6,29.5,26.366400000000002,30.4,-35.9,29.7,-35.6,29.0
2625.343,-39.1,29.5,26.5056,30.4,-35.6,29.7,-35.2,29.0
2626.343,-36.1,29.5,9.1488,30.4,-31.6,29.7,-32.6,29.0
2627.343,-11.2,29.7,-25.0872,30.6,-10.3,29.8,-9.8,29.2
2628.343,2.4,30.2,-30.700799999999997,31.0,1.5,30.2,0.7,29.5
2629.343,28.7,29.6,-30.5664,30.5,24.9,29.8,27.2,29.2
2630.343,32.1,29.4,-30.671999999999997,30.3,28.6,29.7,31.0,29.0
2631.343,34.7,29.4,-30.6528,30.3,32.0,29.7,33.3,29.0
2632.343,35.0,29.6,-30.717599999999997,30.4,31.9,29.8,33.2,29.1
2633.343,35.1,29.9,-30.6816,30.7,32.0,30.0,33.4,29.1
2634.343,35.3,30.0,-10.716,31.0,31.9,30.2,37.3,29.3
2635.343,35.0,30.1,3.6239999999999997,31.1,31.8,30.5,33.5,29.6
2636.343,35.4,30.2,27.424799999999998,31.2,32.1,30.6,33.5,29.8
2637.343,23.3,30.3,27.177599999999998,31.3,22.0,30.7,23.7,29.9
2638.344,-21.3,30.3,26.76,31.5,-15.4,30.8,-18.9,30.0
2639.344,-38.9,30.1,26.7216,31.2,-35.0,30.5,-35.2,29.7
2640.344,-39.0,29.8,26.568,30.8,-35.6,30.1,-35.0,29.4
2641.344,-39.2,29.7,26.7744,30.6,-35.6,29.9,-36.1,29.2
2642.344,-39.3,29.6,24.892799999999998,30.5,-35.6,29.8,-37.1,29.1
2643.344,-39.5,29.6,-3.42,30.5,-35.6,29.8,-35.7,29.1
2644.344,-39.6,29.5,-30.66,30.5,-35.8,29.8,-35.6,29.1
2645.344,-38.7,29.5,-30.309599999999996,30.4,-35.2,29.7,-35.1,29.0
2646.344,-36.3,29.5,-30.729599999999998,30.4,-31.4,29.7,-31.9,29.0
2647.344,-5.8,29.8,-30.7368,30.8,-5.5,30.0,-5.8,29.3
2648.344,13.9,30.0,-31.123199999999997,31.0,11.3,30.1,14.7,29.4
2649.344,32.0,29.5,-30.576,30.4,28.0,29.7,30.0,29.1
2650.345,33.8,29.4,-24.3312,30.3,31.0,29.7,32.7,29.0
2651.345,35.0,29.5,0.12,30.4,32.0,29.7,34.1,29.1
2652.345,35.0,29.8,26.4864,30.6,31.7,29.8,33.3,29.1
2653.345,35.3,30.0,26.868,30.9,32.0,30.1,35.8,29.3
2654.345,35.2,30.1,27.24,31.1,31.8,30.4,34.7,29.5
2655.345,35.4,30.2,26.5536,31.2,32.1,30.5,33.7,29.7
2656.345,35.4,30.2,26.5416,31.3,32.1,30.7,33.5,29.9
2657.345,5.4,30.4,26.544,31.5,6.7,30.9,6.2,30.0
2658.345,-30.2,30.3,26.496,31.5,-24.9,30.7,-26.9,29.9
2659.345,-39.0,30.0,-3.096,31.1,-35.4,30.4,-35.4,29.7
2660.345,-39.0,29.8,-29.4288,30.7,-35.5,30.0,-35.4,29.3
2661.345,-39.2,29.6,-30.6744,30.6,-35.6,29.9,-35.4,29.2
2662.345,-39.3,29.6,-30.463199999999997,30.5,-35.6,29.8,-35.5,29.2
2663.345,-39.6,29.6,-30.518399999999996,30.5,-35.7,29.8,-35.5,29.1
2664.345,-39.6,29.5,-30.9912,30.5,-35.7,29.8,-35.6,29.1
2665.345,-36.8,29.5,-30.9528,30.4,-33.0,29.8,-33.2,29.0
2666.345,-30.0,29.5,-30.7248,30.5,-25.7,29.8,-26.6,29.0
2667.345,0.0,30.0,0.0048,31.0,0.5,30.2,0.6,29.5
2668.345,23.4,29.8,25.452,30.7,22.0,29.9,24.5,29.3
2669.345,31.9,29.5,26.8272,30.4,28.2,29.7,30.2,29.1
2670.345,34.5,29.5,27.6048,30.3,32.2,29.7,33.1,29.1
2671.345,35.1,29.7,26.3376,30.4,31.8,29.8,33.4,29.1
2672.345,35.2,29.9,26.750400000000003,30.7,31.8,30.0,33.3,29.2
2673.345,35.4,30.1,26.584799999999998,31.0,32.1,30.3,33.5,29.4
2674.345,35.4,30.2,26.7216,31.2,31.8,30.5,33.2,29.7
2675.345,35.6,30.2,0.78,31.3,32.2,30.6,33.7,29.8
2676.345,29.1,30.3,-28.4016,31.4,25.9,30.8,28.3,29.9
2677.345,-14.2,30.4,-30.710399999999996,31.6,-8.5,30.9,-11.3,30.0
2678.345,-38.1,30.2,-30.5136,31.3,-33.4,30.6,-33.2,29.8
2679.345,-39.1,29.9,-30.7536,31.0,-35.5,30.3,-40.2,29.5
2680.345,-39.1,29.7,-30.710399999999996,30.7,-35.4,30.0,-36.6,29.3
2681.345,-39.4,29.6,-30.6696,30.6,-35.6,29.9,-36.1,29.2
2682.345,-39.4,29.6,-30.7584,30.6,-35.5,29.8,-35.4,29.2
2683.345,-39.6,29.6,-1.2696,30.5,-35.7,29.8,-35.6,29.1
2684.345,-39.3,29.5,8.1552,30.5,-35.6,29.8,-35.5,29.1
2685.345,-36.6,29.5,27.0552,30.4,-31.5,29.8,-32.9,29.1
2686.345,-10.6,29.8,27.24,30.7,-12.2,29.9,-11.6,29.2
2687.345,2.9,30.2,26.4048,31.1,2.6,30.3,2.3,29.6
2688.345,30.1,29.6,26.764799999999997,30.6,26.6,29.8,29.0,29.2
2689.345,32.4,29.5,26.2368,30.4,29.2,29.7,31.1,29.1
2690.345,34.8,29.5,26.8368,30.4,31.8,29.8,33.7,29.1
2691.345,35.0,29.8,21.5232,30.5,31.8,29.9,33.1,29.1
2692.345,35.3,30.0,-9.4872,30.8,32.0,30.1,37.0,29.2
2693.345,35.5,30.1,-30.619199999999996,31.1,31.8,30.3,34.0,29.4
2694.345,35.3,30.2,-30.4056,31.2,32.1,30.6,33.5,29.7
2695.345,35.5,30.2,-30.54,31.3,32.0,30.7,33.5,29.9
2696.345,20.9,30.4,-30.7872,31.5,19.6,30.8,21.3,30.0
2697.345,-20.2,30.4,-30.9912,31.6,-14.0,30.9,-17.5,30.0
2698.345,-39.0,30.1,-30.7872,31.3,-34.3,30.6,-35.1,29.8
2699.345,-38.9,29.9,-23.997600000000002,30.9,-35.7,30.2,-35.4,29.4
2700.345,-39.1,29.7,0.28559999999999997,30.7,-36.6,30.0,-35.5,29.2
2701.345,-39.3,29.7,25.771199999999997,30.6,-36.5,29.9,-35.4,29.2
2702.345,-39.4,29.6,27.043200000000002,30.6,-35.6,29.9,-35.5,29.1
2703.345,-39.5,29.6,27.156,30.6,-35.8,29.9,-35.6,29.1
2704.345,-38.6,29.6,26.6232,30.5,-35.3,29.8,-34.7,29.1
2705.345,-36.7,29.5,26.702399999999997,30.5,-31.5,29.8,-32.4,29.1
2706.345,-4.0,29.8,26.642400000000002,30.8,-4.9,30.1,-5.6,29.3
2707.345,17.4,29.9,26.688,31.0,11.2,30.2,15.4,29.4
2708.345,32.0,29.5,-0.756,30.5,27.9,29.8,30.3,29.1
2709.345,33.8,29.5,-29.4816,30.4,32.2,29.8,32.8,29.1
2710.347,35.0,29.6,-30.679199999999998,30.4,32.0,29.8,33.4,29.1
2711.347,35.0,29.9,-30.537599999999998,30.7,32.6,29.9,33.5,29.2
2712.347,35.4,30.1,-30.647999999999996,31.0,32.2,30.2,33.6,29.4
2713.347,35.3,30.2,-31.1256,31.2,31.8,30.5,33.4,29.6
2714.347,35.4,30.2,-30.902399999999997,31.3,32.2,30.6,33.8,29.8
2715.347,35.4,30.3,-30.6408,31.4,32.0,30.7,33.6,29.9
2716.347,5.5,30.5,-0.1344,31.6,7.6,30.9,6.8,30.1
2717.347,-30.7,30.3,26.1048,31.5,-24.7,30.8,-26.9,29.9
2718.347,-39.1,30.1,26.9592,31.2,-35.2,30.5,-35.5,29.7
2719.347,-39.0,29.8,27.3768,30.9,-35.4,30.1,-35.4,29.4
2720.347,-39.3,29.7,26.366400000000002,30.7,-35.4,30.0,-35.5,29.3
2721.347,-39.4,29.7,26.419199999999996,30.6,-35.5,29.9,-35.6,29.2
2722.347,-39.6,29.7,26.534399999999998,30.6,-35.8,29.9,-35.4,29.2
2723.347,-39.6,29.6,26.548799999999996,30.5,-36.9,29.8,-35.7,29.1
2724.347,-37.5,29.6,-1.6056000000000001,30.5,-33.4,29.8,-33.7,29.1
2725.347,-26.6,29.6,-29.363999999999997,30.5,-25.7,29.8,-26.2,29.1
2726.347,0.0,30.1,-30.6504,31.0,-0.1,30.2,0.2,29.5
2727.347,23.0,29.9,-30.508799999999997,30.9,18.3,30.1,22.1,29.4
2728.347,31.9,29.6,-30.755999999999997,30.5,28.0,29.8,31.1,29.1
2729.347,34.3,29.5,-30.537599999999998,30.4,32.5,29.8,33.2,29.1
2730.347,35.1,29.7,-30.671999999999997,30.5,32.0,29.9,33.4,29.2
2731.347,35.0,30.0,-30.6504,30.7,31.8,30.0,33.4,29.3
2732.347,35.4,30.1,2.3735999999999997,31.0,32.2,30.3,33.6,29.4
2733.347,35.3,30.2,10.8336,31.2,32.1,30.6,33.5,29.7
2734.347,35.5,30.3,27.4608,31.4,32.2,30.7,33.8,29.8
2735.347,33.0,30.3,27.3096,31.4,29.7,30.8,31.6,30.0
2736.347,-9.1,30.5,26.3832,31.7,-4.3,31.0,-7.1,30.1
2737.347,-37.2,30.2,26.5968,31.4,-31.9,30.7,-33.1,29.9
2738.349,-39.1,30.0,26.532,31.1,-35.8,30.4,-35.7,29.6
2739.349,-39.0,29.8,26.649599999999996,30.8,-36.1,30.1,-35.4,29.3
2740.349,-39.3,29.7,20.018399999999996,30.7,-36.0,30.0,-35.6,29.3
2741.349,-39.3,29.7,-12.4608,30.6,-35.6,29.9,-35.6,29.2
2742.349,-39.7,29.6,-30.7128,30.6,-35.9,29.9,-35.7,29.2
2743.349,-39.4,29.6,-30.4152,30.5,-35.7,29.9,-35.6,29.1
2744.349,-36.6,29.6,-30.6072,30.5,-32.5,29.9,-32.2,29.1
2745.349,-16.6,29.8,-30.671999999999997,30.7,-15.8,29.9,-17.3,29.2
2746.349,5.1,30.2,-30.912,31.2,4.5,30.3,6.1,29.5
2747.349,30.7,29.6,-30.6432,30.6,26.6,29.9,29.7,29.2
2748.349,32.4,29.6,-23.795999999999996,30.4,29.8,29.8,31.3,29.1
2749.349,34.8,29.6,1.788,30.4,31.8,29.8,33.3,29.2
2750.349,35.2,29.9,27.1512,30.6,32.0,29.9,33.6,29.2
2751.349,35.1,30.1,26.8584,30.9,31.7,30.1,33.4,29.3
2752.349,35.5,30.2,26.88,31.2,31.9,30.4,33.5,29.5
2753.349,35.3,30.3,26.4432,31.3,31.9,30.6,33.6,29.8
2754.349,35.5,30.3,26.5464,31.4,32.1,30.8,33.7,29.9
2755.349,19.8,30.4,26.656799999999997,31.6,18.9,30.9,21.2,30.1
2756.349,-21.7,30.5,26.3688,31.7,-15.5,31.0,-18.7,30.1
2757.349,-39.1,30.2,0.144,31.3,-35.0,30.6,-35.2,29.8
2758.349,-39.1,29.9,-29.8272,31.0,-35.6,30.3,-35.6,29.5
2759.349,-39.2,29.8,-30.5904,30.8,-35.6,30.1,-35.7,29.3
2760.349,-39.4,29.7,-30.4944,30.7,-35.7,30.0,-35.7,29.2
2761.349,-39.5,29.7,-30.7248,30.6,-36.1,30.0,-35.6,29.2
2762.349,-39.6,29.7,-31.163999999999998,30.6,-35.9,29.9,-35.9,29.2
2763.349,-38.6,29.6,-30.7248,30.6,-35.0,29.9,-34.9,29.1
2764.349,-36.6,29.6,-29.447999999999997,30.6,-31.3,29.9,-32.0,29.1
2765.349,-3.4,30.0,-0.0816,30.9,-5.6,30.1,-6.7,29.4
2766.349,9.7,30.2,27.131999999999998,31.2,8.2,30.3,11.1,29.6
2767.349,31.9,29.6,26.695199999999996,30.5,28.1,29.8,30.6,29.2
2768.349,33.7,29.6,27.453599999999998,30.5,31.1,29.8,32.1,29.2
2769.349,35.0,29.6,26.3904,30.5,31.9,29.9,33.6,29.2
2770.349,35.1,29.9,26.493599999999997,30.7,31.8,30.0,33.5,29.2
2771.349,35.3,30.1,26.3424,31.0,31.9,30.3,33.5,29.4
2772.349,35.3,30.2,26.3856,31.2,32.0,30.5,33.6,29.6
2773.349,35.3,30.3,-5.844,31.4,32.0,30.7,33.6,29.8
2774.349,35.6,30.4,-29.831999999999997,31.5,32.3,30.8,33.8,30.0
2775.349,14.3,30.5,-30.5424,31.6,12.0,31.0,14.2,30.1
2776.349,-16.9,30.6,-30.3864,31.8,-11.3,31.0,-14.5,30.2
2777.349,-39.0,30.2,-30.695999999999998,31.3,-34.3,30.7,-35.1,29.8
2778.349,-39.1,30.0,-30.902399999999997,31.0,-35.6,30.3,-35.7,29.5
2779.349,-39.2,29.8,-30.708,30.8,-36.2,30.0,-35.5,29.3
2780.349,-39.5,29.8,-30.571199999999997,30.7,-37.4,30.0,-35.6,29.3
2781.349,-39.5,29.7,-0.708,30.7,-35.7,30.0,-35.5,29.2
2782.349,-39.7,29.7,20.0448,30.7,-35.9,29.9,-35.7,29.2
2783.349,-39.2,29.7,27.1104,30.6,-35.6,29.9,-35.2,29.2
2784.349,-36.0,29.6,27.3936,30.6,-31.7,29.9,-32.5,29.2
2785.349,-8.6,29.9,26.2128,30.8,-8.0,30.1,-9.1,29.3
2786.349,4.8,30.3,26.659200000000002,31.3,2.8,30.4,5.6,29.6
2787.349,29.9,29.7,26.3328,30.7,26.4,29.9,29.2,29.2
2788.349,32.2,29.6,26.688,30.5,29.3,29.8,31.5,29.2
2789.349,35.0,29.6,15.304799999999998,30.5,31.8,29.9,33.2,29.2
2790.349,35.2,29.9,-19.428,30.6,33.2,30.0,33.6,29.3
2791.349,35.4,30.1,-30.6072,30.9,31.9,30.2,33.5,29.4
2792.349,35.6,30.2,-30.5232,31.2,32.0,30.4,33.6,29.6
2793.349,35.3,30.3,-30.552,31.3,31.8,30.7,33.5,29.8
2794.349,35.6,30.4,-30.619199999999996,31.5,32.2,30.8,33.8,30.0
2795.349,23.5,30.5,-30.839999999999996,31.6,21.0,30.9,22.9,30.1
2796.349,-11.6,30.6,-30.592799999999997,31.8,-6.9,31.1,-9.8,30.2
2797.349,-38.3,30.3,-18.374399999999998,31.4,-33.5,30.7,-34.0,29.9
2798.351,-39.2,30.0,0.516,31.1,-35.8,30.4,-35.5,29.6
2799.351,-39.2,29.8,27.2688,30.8,-36.3,30.1,-35.5,29.4
2800.351,-39.4,29.8,27.0672,30.7,-35.7,30.0,-35.7,29.3
2801.351,-39.4,29.7,26.788800000000002,30.6,-35.6,30.0,-35.7,29.3
2802.351,-39.8,29.7,26.6232,30.6,-35.9,30.0,-35.8,29.3
2803.351,-39.5,29.7,26.4624,30.6,-35.7,29.9,-35.6,29.2
2804.351,-36.4,29.7,26.872799999999998,30.6,-32.2,29.9,-32.2,29.2
2805.351,-15.4,29.8,25.9224,30.8,-13.2,30.1,-14.6,29.3
2806.351,10.5,30.1,0.24479999999999996,31.1,8.2,30.3,10.6,29.6
2807.351,31.9,29.6,-30.549599999999998,30.6,27.6,29.9,29.9,29.2
2808.351,33.3,29.6,-30.254399999999997,30.5,30.1,29.9,32.3,29.2
2809.351,35.0,29.7,-30.626399999999997,30.5,31.9,29.9,33.5,29.2
2810.351,35.2,30.0,-30.717599999999997,30.7,32.4,30.0,33.4,29.3
2811.351,35.4,30.2,-31.1064,31.0,32.0,30.3,33.6,29.4
2812.351,35.4,30.3,-30.746399999999998,31.3,32.1,30.5,33.5,29.7
2813.353,35.3,30.3,-28.387199999999996,31.4,32.0,30.7,33.6,29.9
2814.353,35.5,30.4,-0.0192,31.5,32.2,30.8,33.8,30.0
2815.353,16.0,30.6,26.7912,31.7,13.9,31.0,16.0,30.2
2816.353,-21.7,30.6,26.8752,31.8,-15.5,31.1,-18.7,30.1
2817.353,-39.0,30.3,27.1104,31.4,-35.0,30.7,-35.1,29.9
2818.353,-39.2,30.0,26.347199999999997,31.0,-35.6,30.3,-35.5,29.6
2819.353,-39.2,29.8,26.639999999999997,30.8,-35.5,30.1,-35.4,29.4
2820.353,-39.4,29.8,26.366400000000002,30.7,-35.6,30.0,-35.6,29.3
2821.353,-39.6,29.8,26.4432,30.7,-35.7,30.0,-36.5,29.3
2822.353,-39.7,29.7,-5.2848,30.7,-35.9,30.0,-35.7,29.3
2823.353,-39.0,29.7,-29.6832,30.6,-35.1,29.9,-34.7,29.2
2824.353,-36.5,29.7,-30.599999999999998,30.6,-31.4,29.9,-32.6,29.2
2825.353,-5.4,30.0,-30.3984,31.0,-4.9,30.2,-5.2,29.5
2826.353,19.1,30.0,-30.554399999999998,31.1,15.9,30.2,18.6,29.5
2827.353,32.1,29.6,-30.887999999999998,30.6,28.1,29.9,30.9,29.2
2828.354,34.7,29.7,-30.818399999999997,30.6,31.4,29.9,33.1,29.2
2829.354,35.3,29.8,-30.7416,30.6,32.0,29.9,33.5,29.3
2830.354,35.2,30.1,-0.5232,30.8,31.8,30.1,33.4,29.3
2831.354,35.4,30.2,23.4168,31.1,31.9,30.4,33.5,29.5
2832.354,35.4,30.3,26.956799999999998,31.3,31.9,30.6,34.9,29.8
2833.354,35.4,30.4,27.5376,31.5,32.1,30.8,33.7,29.9
2834.354,34.2,30.4,26.2584,31.5,30.7,30.9,32.6,30.1
2835.354,-0.3,30.6,26.5272,31.8,2.7,31.1,1.3,30.2
2836.354,-34.4,30.4,26.4144,31.6,-29.2,30.9,-30.3,30.0
2837.354,-39.2,30.2,26.347199999999997,31.3,-35.6,30.6,-35.6,29.7
2838.354,-39.1,30.0,10.116,31.0,-35.6,30.2,-35.4,29.5
2839.354,-39.4,29.8,-21.828,30.8,-35.8,30.1,-35.5,29.3
2840.354,-39.5,29.8,-30.683999999999997,30.8,-35.7,30.0,-35.5,29.3
2841.354,-39.8,29.8,-30.830399999999997,30.7,-35.8,30.0,-35.5,29.3
2842.354,-39.6,29.7,-30.703199999999995,30.7,-35.8,30.0,-35.6,29.3
2843.354,-36.7,29.7,-30.6672,30.6,-32.5,29.9,-32.7,29.2
2844.354,-23.1,29.8,-30.926399999999997,30.7,-21.9,30.0,-22.7,29.3
2845.354,-0.4,30.2,-30.5064,31.2,-0.6,30.4,-0.4,29.7
2846.354,-0.1,30.6,-8.915999999999999,31.5,-0.1,30.7,-0.1,30.0
2847.354,1.8,30.8,1.9464000000000001,31.7,0.9,30.8,1.6,30.1
2848.354,28.9,29.9,27.4464,30.9,24.4,30.1,27.9,29.4
2849.354,32.0,29.6,27.2592,30.5,28.6,29.9,31.0,29.3
2850.354,35.1,29.7,26.772,30.5,31.7,29.9,33.5,29.2
2851.354,35.3,29.9,26.5704,30.7,31.8,30.0,33.4,29.3
2852.354,35.4,30.1,26.4864,31.0,31.9,30.2,33.6,29.4
2853.354,35.6,30.3,26.496,31.2,32.0,30.5,33.4,29.6
2854.354,35.6,30.3,25.476,31.4,31.9,30.6,33.6,29.8
2855.354,35.6,30.4,-3.7968,31.5,32.0,30.8,33.6,30.0
2856.354,26.5,30.5,-30.470399999999998,31.6,24.2,30.9,26.1,30.1
2857.354,-18.0,30.6,-30.3384,31.8,-11.6,31.1,-15.1,30.2
2858.354,-38.9,30.3,-30.479999999999997,31.5,-34.5,30.7,-34.9,29.9
2859.354,-39.1,30.0,-30.8136,31.1,-35.6,30.4,-35.1,29.6
2860.354,-39.2,29.9,-30.926399999999997,30.8,-35.5,30.1,-38.2,29.4
2861.354,-39.5,29.8,-30.804000000000002,30.8,-35.6,30.1,-39.1,29.4
2862.354,-39.5,29.8,-26.1144,30.7,-35.6,30.0,-35.5,29.3
2863.354,-39.7,29.8,-0.0312,30.7,-35.8,30.0,-35.6,29.3
2864.354,-39.0,29.7,25.387199999999996,30.7,-35.4,29.9,-35.1,29.2
2865.354,-36.7,29.7,27.1104,30.7,-31.9,29.9,-32.4,29.2
2866.354,-6.3,30.0,27.2016,30.9,-4.9,30.2,-6.2,29.4
2867.354,11.2,30.2,26.611199999999997,31.2,7.7,30.4,10.3,29.7
2868.354,32.9,29.7,26.8584,30.6,28.2,29.9,30.7,29.2
2869.354,33.5,29.7,26.6616,30.6,30.6,29.9,32.6,29.2
2870.354,35.3,29.7,26.649599999999996,30.6,32.1,29.9,35.1,29.3
2871.354,35.3,30.0,-3.0192,30.7,31.8,30.1,35.6,29.3
2872.354,35.6,30.2,-29.402399999999997,31.1,32.0,30.3,33.8,29.5
2873.354,35.4,30.3,-30.599999999999998,31.3,31.7,30.6,33.3,29.7
2874.354,35.6,30.4,-30.729599999999998,31.5,32.0,30.8,36.9,29.8
2875.354,35.9,30.5,-30.936,31.6,32.3,30.9,34.1,30.1
2876.354,11.6,30.6,-30.9456,31.8,10.2,31.1,11.5,30.3
2877.354,-24.5,30.6,-31.0368,31.8,-18.1,31.1,-20.4,30.2
2878.354,-39.0,30.3,-30.784799999999997,31.4,-35.2,30.7,-35.6,29.9
2879.354,-39.1,30.0,0.3168,31.0,-35.5,30.3,-35.6,29.5
2880.354,-39.2,29.9,24.1968,30.9,-35.4,30.1,-35.4,29.4
2881.354,-39.4,29.8,27.1584,30.8,-35.6,30.1,-35.5,29.3
2882.354,-39.6,29.8,27.6216,30.7,-35.6,30.0,-35.6,29.3
2883.354,-39.7,29.8,26.544,30.7,-35.8,30.0,-35.6,29.2
2884.354,-38.3,29.7,26.6832,30.7,-34.3,30.0,-34.2,29.2
2885.354,-34.7,29.7,26.447999999999997,30.7,-29.9,29.9,-31.4,29.2
2886.354,-1.1,30.1,26.630399999999998,31.0,-2.7,30.2,-2.6,29.5
2887.354,13.9,30.3,4.2863999999999995,31.2,11.8,30.3,15.7,29.6
2888.354,32.6,29.7,-27.8136,30.6,27.9,29.9,30.6,29.2
2889.354,34.0,29.7,-30.808799999999998,30.6,30.7,29.9,32.6,29.2
2890.354,35.3,29.8,-30.547199999999997,30.6,32.2,30.0,33.7,29.3
2891.354,35.3,30.1,-30.779999999999998,30.8,31.8,30.1,33.5,29.3
2892.354,35.6,30.3,-30.830399999999997,31.1,32.0,30.4,33.6,29.5
2893.354,35.5,30.4,-30.7128,31.4,31.9,30.6,33.5,29.8
2894.354,35.6,30.4,-30.8784,31.5,32.0,30.8,33.7,30.0
2895.354,35.6,30.5,-3.9192,31.6,31.9,30.9,33.5,30.1
2896.354,6.4,30.7,12.463199999999999,31.8,7.7,31.1,7.3,30.2
2897.354,-29.8,30.5,27.1848,31.7,-24.3,31.0,-26.6,30.1
2898.354,-39.5,30.3,27.2208,31.4,-35.2,30.7,-35.4,29.9
2899.354,-42.7,30.0,26.7696,31.0,-35.4,30.3,-35.4,29.5
2900.354,-39.8,29.9,26.76,30.9,-35.5,30.2,-35.4,29.4
2901.354,-40.2,29.8,26.630399999999998,30.8,-35.5,30.1,-35.4,29.4
2902.354,-40.1,29.8,26.6352,30.8,-35.6,30.1,-35.6,29.3
2903.354,-40.1,29.8,23.471999999999998,30.8,-35.7,30.0,-35.6,29.3
2904.354,-37.6,29.8,-9.2808,30.7,-33.4,30.0,-33.2,29.3
2905.354,-31.6,29.8,-31.113599999999998,30.7,-27.3,30.0,-28.3,29.3
2906.354,0.6,30.3,-30.4824,31.2,-0.2,30.4,-0.4,29.6
2907.355,24.1,30.0,-30.8448,31.1,21.0,30.2,25.1,29.4
2908.355,32.2,29.7,-30.6696,30.6,28.5,30.0,30.4,29.3
2909.355,35.0,29.7,-30.983999999999998,30.6,31.5,30.0,33.4,29.3
2910.355,35.6,29.8,-30.902399999999997,30.7,32.1,30.0,33.7,29.3
2911.355,35.9,30.2,-24.7872,31.0,31.6,30.2,33.4,29.4
2912.355,36.0,30.3,0.24,31.3,32.1,30.5,33.7,29.6
2913.355,35.6,30.4,27.1368,31.5,31.7,30.7,33.4,29.9
2914.355,38.1,30.4,27.0264,31.6,32.1,30.9,33.8,30.0
2915.355,31.8,30.6,26.88,31.7,28.0,31.0,30.1,30.1
2916.355,-3.3,30.8,26.652,31.9,-0.2,31.2,-0.8,30.3
2917.355,-35.1,30.5,26.2224,31.7,-29.9,30.9,-30.4,30.1
2918.355,-39.4,30.2,26.987999999999996,31.3,-35.5,30.6,-36.7,29.8
2919.355,-39.4,30.0,26.347199999999997,31.0,-35.4,30.3,-35.6,29.5
2920.355,-39.7,29.9,-1.188,30.9,-35.5,30.2,-35.5,29.4
2921.355,-39.7,29.9,-29.402399999999997,30.8,-35.5,30.1,-35.6,29.4
2922.355,-40.1,29.8,-30.852,30.8,-35.7,30.1,-35.7,29.4
2923.355,-39.9,29.8,-30.6216,30.8,-35.7,30.0,-35.7,29.3
2924.355,-37.1,29.8,-30.7704,30.7,-32.5,30.0,-32.7,29.3
2925.355,-22.8,29.8,-31.08,30.8,-20.4,30.1,-21.5,29.3
2926.355,-0.6,30.3,-31.0464,31.3,-0.3,30.5,-0.4,29.7
2927.355,22.4,30.1,-30.8592,31.2,17.8,30.3,21.4,29.5
2928.355,32.4,29.7,-0.0408,30.7,28.2,30.0,30.7,29.3
2929.355,35.1,29.7,24.892799999999998,30.6,31.2,30.0,32.9,29.3
2930.355,35.9,29.9,26.8272,30.7,32.1,30.0,34.6,29.3
2931.355,35.7,30.2,27.5016,31.0,31.6,30.2,33.6,29.4
2932.355,36.4,30.3,26.2512,31.3,32.1,30.5,33.6,29.6
2933.355,35.9,30.4,26.894399999999997,31.5,31.8,30.7,33.5,29.9
2934.355,36.1,30.5,26.1024,31.6,32.1,30.9,33.7,30.0
2935.355,33.6,30.5,26.757599999999996,31.7,29.6,31.0,31.6,30.2
2936.355,6.8,30.8,-0.9767999999999999,31.9,5.4,31.2,6.7,30.3
2937.355,-8.7,30.9,-29.246399999999998,32.1,-4.6,31.3,-7.4,30.4
2938.355,-37.2,30.4,-30.957599999999996,31.6,-32.0,30.9,-32.6,30.0
2939.355,-39.5,30.2,-30.583199999999998,31.3,-35.6,30.6,-35.3,29.8
2940.355,-39.5,30.0,-30.791999999999998,31.0,-35.4,30.3,-35.2,29.5
2941.355,-39.7,29.9,-30.955199999999998,30.9,-35.6,30.2,-35.3,29.4
2942.355,-39.7,29.9,-30.818399999999997,30.9,-35.5,30.2,-35.3,29.4
2943.357,-40.1,29.9,-30.8064,30.8,-35.8,30.1,-35.4,29.4
2944.357,-39.9,29.8,-0.5711999999999999,30.8,-35.7,30.0,-35.4,29.3
2945.357,-36.7,29.8,11.616,30.8,-31.9,30.0,-32.0,29.3
2946.357,-19.9,29.9,26.7792,30.8,-18.4,30.1,-18.6,29.4
2947.357,2.9,30.4,26.7744,31.3,2.5,30.5,3.1,29.8
2948.357,31.2,29.9,26.063999999999997,30.8,26.8,30.1,30.0,29.4
2949.357,33.1,29.7,26.1984,30.7,28.9,30.0,31.5,29.3
2950.357,35.6,29.8,26.301599999999997,30.6,31.8,30.0,33.3,29.3
2951.357,35.8,30.0,26.3304,30.8,32.0,30.1,33.6,29.4
2952.357,35.7,30.3,21.504,31.1,31.8,30.3,33.6,29.5
2953.357,36.1,30.4,-10.286399999999999,31.4,32.0,30.6,33.6,29.7
2954.357,35.8,30.5,-30.8736,31.5,31.8,30.8,33.5,30.0
2955.357,36.1,30.5,-30.571199999999997,31.6,32.2,30.9,33.8,30.1
2956.357,23.6,30.6,-30.695999999999998,31.7,21.1,31.1,23.2,30.2
2957.357,-12.0,30.8,-30.791999999999998,32.0,-7.3,31.2,-10.2,30.3
2958.357,-38.8,30.4,-31.0656,31.6,-33.6,30.9,-34.2,30.1
2959.357,-39.5,30.2,-30.729599999999998,31.3,-35.5,30.6,-35.6,29.8
2960.357,-39.6,30.0,-22.6176,31.0,-35.6,30.3,-35.4,29.5
2961.357,-39.8,29.9,0.7512,30.9,-35.6,30.2,-35.5,29.4
2962.357,-39.8,29.9,27.3648,30.9,-36.0,30.2,-35.4,29.4
2963.357,-40.2,29.9,26.8272,30.9,-36.1,30.1,-35.7,29.4
2964.357,-39.9,29.8,26.776799999999998,30.8,-35.8,30.1,-35.5,29.3
2965.357,-36.7,29.8,26.584799999999998,30.8,-31.8,30.1,-32.2,29.3
2966.357,-13.8,30.0,26.409599999999998,31.0,-13.4,30.2,-14.2,29.5
2967.357,9.5,30.4,26.7288,31.3,8.2,30.5,10.7,29.7
2968.357,32.4,29.8,26.1576,30.8,27.3,30.0,30.4,29.4
2969.357,33.7,29.8,0.0768,30.7,30.3,30.0,32.1,29.4
2970.357,35.4,29.8,-29.5896,30.7,31.8,30.1,33.6,29.4
2971.357,35.6,30.1,-30.4824,30.9,31.8,30.2,33.5,29.4
2972.357,35.9,30.3,-30.825599999999998,31.2,32.0,30.4,33.7,29.6
2973.357,35.9,30.4,-30.875999999999998,31.4,31.9,30.7,33.5,29.8
2974.357,35.8,30.5,-31.223999999999997,31.6,32.0,30.9,33.7,30.0
2975.357,36.2,30.5,-31.084799999999998,31.7,32.3,31.0,33.9,30.1
2976.357,13.1,30.7,-30.4296,31.8,12.1,31.2,13.5,30.3
2977.357,-26.5,30.7,-0.1104,31.9,-20.2,31.1,-22.7,30.2
2978.357,-39.4,30.4,26.995199999999997,31.5,-35.3,30.8,-35.3,30.0
2979.357,-39.5,30.2,26.9712,31.2,-35.6,30.4,-35.4,29.7
2980.357,-39.6,30.0,27.2856,31.0,-35.5,30.3,-35.4,29.5
2981.357,-39.9,29.9,26.1408,30.9,-35.7,30.2,-35.4,29.5
2982.357,-39.9,29.9,26.455199999999998,30.9,-35.7,30.2,-35.5,29.4
2983.357,-40.0,29.9,26.4288,30.9,-35.8,30.1,-35.6,29.4
2984.357,-38.6,29.8,26.4456,30.8,-34.1,30.1,-34.0,29.4
2985.357,-35.8,29.8,-5.4936,30.8,-30.7,30.1,-31.6,29.4
2986.357,0.7,30.2,-30.086399999999998,31.2,-1.2,30.4,-1.0,29.7
2987.357,21.0,30.2,-30.700799999999997,31.2,17.0,30.3,19.1,29.7
2988.357,32.5,29.8,-30.54,30.7,28.3,30.1,30.6,29.4
2989.357,34.8,29.8,-30.7248,30.7,31.9,30.1,33.2,29.4
2990.357,35.8,29.9,-31.0056,30.8,32.0,30.1,33.4,29.4
2991.357,35.7,30.2,-30.775199999999998,31.0,31.9,30.3,34.0,29.5
2992.357,35.9,30.4,-30.791999999999998,31.3,31.8,30.6,33.5,29.7
2993.357,35.9,30.5,0.8423999999999999,31.5,31.8,30.8,33.5,29.9
2994.357,36.0,30.5,17.7192,31.7,32.1,31.0,33.8,30.1
2995.357,34.7,30.6,26.736,31.7,30.7,31.1,32.6,30.2
2996.357,-7.8,30.8,27.395999999999997,31.9,-3.0,31.2,-5.2,30.3
2997.357,-37.2,30.5,25.9296,31.7,-31.9,31.0,-32.0,30.1
2998.357,-39.5,30.3,26.517599999999998,31.4,-35.6,30.7,-34.9,29.9
2999.357,-39.5,30.1,26.195999999999998,31.1,-35.5,30.3,-36.1,29.6
3000.357,-39.7,30.0,26.702399999999997,31.0,-35.6,30.2,-35.1,29.5
3001.357,-39.8,29.9,13.670399999999999,30.9,-35.5,30.2,-36.1,29.5
3002.357,-40.1,29.9,-15.6048,30.9,-35.8,30.2,-35.4,29.4
3003.357,-39.8,29.9,-30.986399999999996,30.9,-35.7,30.2,-35.1,29.4
3004.357,-36.7,29.9,-30.7704,30.8,-32.2,30.1,-32.5,29.4
3005.357,-16.6,30.0,-30.4968,31.0,-15.1,30.2,-15.6,29.5
3006.357,7.1,30.4,-30.72,31.4,6.7,30.6,9.1,29.8
3007.357,32.4,29.9,-30.9072,30.8,27.4,30.1,29.9,29.4
3008.357,33.5,29.8,-30.5856,30.8,29.4,30.1,32.0,29.4
3009.357,35.5,29.9,-15.3456,30.8,31.8,30.1,33.4,29.4
3010.357,35.7,30.2,1.1447999999999998,30.9,31.8,30.2,33.5,29.5
3011.357,35.9,30.4,27.0144,31.2,32.0,30.5,34.6,29.6
3012.357,36.0,30.5,26.6544,31.5,31.9,30.7,33.5,29.8
3013.357,36.0,30.5,26.851200000000002,31.7,32.1,30.9,35.1,30.0
3014.357,36.3,30.6,26.500799999999998,31.7,32.3,31.1,34.0,30.2
3015.357,15.0,30.8,26.2776,31.9,13.5,31.2,15.1,30.3
3016.357,-24.3,30.7,26.438399999999998,32.0,-17.3,31.2,-20.4,30.3
3017.357,-39.4,30.4,25.9056,31.6,-35.2,30.9,-34.8,30.1
3018.357,-39.4,30.2,0.7415999999999999,31.2,-35.5,30.5,-34.9,29.7
3019.357,-39.7,30.0,-30.6144,31.0,-35.6,30.3,-35.0,29.6
3020.358,-39.9,30.0,-30.554399999999998,31.0,-35.6,30.3,-35.0,29.5
3021.358,-40.0,30.0,-30.811199999999996,30.9,-35.9,30.2,-35.0,29.5
3022.358,-40.1,29.9,-30.9144,30.9,-35.8,30.2,-35.1,29.5
3023.358,-38.9,29.9,-31.212,30.9,-34.3,30.2,-33.7,29.4
3024.358,-35.1,29.9,-30.892799999999998,30.9,-30.8,30.1,-31.5,29.4
3025.358,-0.9,30.3,-27.9984,31.3,-2.1,30.4,-2.5,29.7
3026.359,13.7,30.4,-0.0936,31.4,12.4,30.5,15.0,29.8
3027.359,33.2,29.9,25.2816,30.9,27.9,30.1,30.5,29.4
3028.359,34.4,29.9,26.4144,30.8,30.6,30.1,32.7,29.4
3029.359,35.7,29.9,27.0936,30.8,31.9,30.1,33.6,29.4
3030.359,35.7,30.2,26.4048,31.0,31.7,30.3,33.4,29.5
3031.359,36.0,30.4,26.387999999999998,31.3,32.0,30.6,33.7,29.6
3032.359,35.9,30.5,26.402399999999997,31.6,31.9,30.8,33.7,29.9
3033.359,36.0,30.6,26.3688,31.7,32.0,31.0,33.9,30.1
3034.359,36.0,30.6,-5.2704,31.8,32.0,31.1,33.7,30.2
3035.359,8.3,30.8,-29.894399999999997,31.9,8.0,31.3,9.5,30.4
3036.359,-26.9,30.7,-30.729599999999998,32.0,-20.3,31.2,-23.1,30.3
3037.359,-39.4,30.4,-30.4584,31.6,-35.2,30.9,-36.1,30.0
3038.359,-39.5,30.2,-30.7656,31.2,-35.6,30.5,-35.1,29.7
3039.359,-39.6,30.1,-30.9144,31.0,-35.7,30.3,-35.0,29.6
3040.359,-39.8,30.0,-30.8328,31.0,-35.7,30.3,-35.1,29.5
3041.359,-39.9,30.0,-30.8376,31.0,-35.9,30.2,-35.1,29.5
3042.359,-40.1,29.9,0.0312,30.9,-35.8,30.2,-35.2,29.4
3043.359,-38.6,29.9,21.825599999999998,30.9,-33.7,30.2,-33.6,29.4
3044.359,-34.9,29.9,26.555999999999997,30.9,-29.4,30.2,-30.8,29.4
3045.359,-1.1,30.3,27.0624,31.3,-1.9,30.5,-1.4,29.7
3046.359,-0.3,30.7,26.2704,31.6,-0.5,30.7,-0.1,30.1
3047.359,8.3,30.7,26.52,31.7,5.5,30.8,6.4,30.2
3048.359,32.5,29.9,26.244,30.9,27.7,30.1,30.8,29.5
3049.359,33.4,29.8,26.594399999999997,30.8,30.2,30.1,32.1,29.4
3050.359,35.5,29.9,8.2584,30.8,32.2,30.1,33.5,29.4
3051.359,35.8,30.1,-21.8904,30.9,31.9,30.2,33.7,29.5
3052.359,35.8,30.4,-30.8904,31.3,31.8,30.5,33.6,29.6
3053.359,35.9,30.5,-30.662399999999998,31.5,31.9,30.7,33.7,29.8
3054.359,36.0,30.5,-30.791999999999998,31.6,32.0,30.9,33.7,30.0
3055.359,36.2,30.6,-30.828,31.7,32.2,31.0,36.0,30.2
3056.359,18.5,30.7,-31.0152,31.9,16.6,31.2,18.8,30.4
3057.359,-20.0,30.8,-30.5424,32.0,-13.8,31.3,-17.1,30.4
3058.359,-39.4,30.5,-10.154399999999999,31.6,-34.7,30.9,-36.5,30.1
3059.359,-39.5,30.2,2.5463999999999998,31.3,-35.7,30.6,-35.2,29.8
3060.359,-39.6,30.1,27.4008,31.1,-35.9,30.3,-35.0,29.5
3061.359,-39.8,30.0,26.949599999999997,31.0,-35.7,30.3,-35.1,29.5
3062.359,-39.9,30.0,26.7528,30.9,-35.9,30.2,-35.1,29.5
3063.359,-40.1,29.9,26.500799999999998,30.9,-35.9,30.2,-35.4,29.4
3064.359,-39.3,29.9,26.371199999999998,30.9,-35.2,30.2,-37.9,29.4
3065.359,-36.8,29.9,26.376,30.9,-31.7,30.1,-31.9,29.4
3066.359,-4.4,30.2,25.344,31.2,-4.9,30.4,-7.2,29.6
3067.359,14.6,30.3,-0.3048,31.4,11.4,30.5,12.2,29.8
3068.359,33.0,29.8,-30.6864,30.8,28.2,30.1,31.8,29.4
3069.359,34.3,29.8,-30.3888,30.8,30.5,30.1,36.0,29.4
3070.359,35.6,29.9,-30.671999999999997,30.8,31.8,30.2,34.5,29.5
3071.359,35.7,30.2,-30.902399999999997,31.0,31.8,30.3,34.5,29.5
3072.359,36.0,30.4,-31.008,31.3,31.9,30.5,35.7,29.6
3073.359,35.9,30.5,-30.8448,31.6,31.7,30.8,37.6,29.8
3074.359,36.1,30.6,-26.424,31.7,32.1,31.0,35.0,30.1
3075.359,36.2,30.7,-0.12719999999999998,31.8,32.0,31.1,34.6,30.3
3076.359,13.8,30.8,25.932,32.0,11.3,31.3,13.8,30.4
3077.359,-12.0,30.9,27.095999999999997,32.2,-7.2,31.4,-9.8,30.5
3078.359,-38.3,30.5,27.1728,31.7,-32.8,31.0,-32.4,30.2
3079.359,-39.6,30.3,26.5536,31.4,-35.7,30.7,-37.6,29.9
3080.359,-39.6,30.1,26.5296,31.1,-35.8,30.4,-39.7,29.6
3081.359,-39.8,30.0,26.649599999999996,31.0,-35.8,30.3,-35.2,29.5
3082.359,-39.9,30.0,26.4624,31.0,-35.6,30.3,-35.2,29.5
3083.359,-40.2,30.0,-2.9712,31.0,-36.0,30.2,-35.3,29.5
3084.359,-40.0,29.9,-29.894399999999997,30.9,-35.7,30.2,-35.2,29.4
3085.359,-36.9,29.9,-30.7272,30.9,-31.7,30.2,-32.3,29.4
3086.359,-14.9,30.1,-30.4992,31.1,-14.2,30.3,-14.2,29.5
3087.359,4.8,30.5,-30.66,31.6,3.5,30.6,4.3,29.9
3088.359,31.3,30.0,-31.1736,31.0,26.7,30.2,30.3,29.5
3089.359,33.6,29.8,-31.008,30.8,29.6,30.1,32.3,29.4
3090.359,35.4,29.9,-30.9456,30.8,31.7,30.2,34.3,29.4
3091.359,35.7,30.2,-0.0696,30.9,31.7,30.3,35.5,29.5
3092.359,36.0,30.4,27.295199999999998,31.3,32.0,30.4,36.9,29.6
3093.359,36.0,30.5,27.395999999999997,31.5,31.9,30.8,37.1,29.8
3094.359,36.0,30.6,27.395999999999997,31.7,32.5,31.0,34.7,30.1
3095.361,36.3,30.7,26.328,31.8,32.2,31.1,34.8,30.3
3096.361,19.0,30.8,26.4888,31.9,17.8,31.3,20.7,30.4
3097.361,-21.8,30.8,26.409599999999998,32.1,-15.2,31.3,-18.5,30.4
3098.361,-39.5,30.5,26.555999999999997,31.7,-34.9,31.0,-34.6,30.1
3099.361,-39.5,30.2,4.0776,31.3,-35.5,30.6,-35.0,29.8
3100.361,-39.6,30.1,-27.508799999999997,31.1,-35.4,30.4,-35.0,29.6
3101.361,-39.9,30.1,-30.887999999999998,31.1,-35.5,30.3,-35.0,29.5
3102.361,-40.0,30.0,-30.7584,31.0,-35.6,30.3,-35.1,29.5
3103.361,-40.1,30.0,-30.8136,31.0,-35.8,30.2,-35.2,29.4
3104.361,-38.9,29.9,-30.801599999999997,30.9,-34.7,30.2,-34.4,29.4
3105.361,-36.7,29.9,-30.887999999999998,30.9,-31.1,30.2,-32.0,29.4
3106.361,-1.6,30.2,-30.926399999999997,31.3,-3.1,30.4,-3.4,29.7
3107.361,14.1,30.3,-5.376,31.5,8.5,30.6,11.3,29.9
3108.361,32.1,29.9,12.792,30.9,28.3,30.2,31.4,29.5
3109.361,33.8,29.9,27.3096,30.8,30.0,30.2,32.9,29.4
3110.361,35.6,30.0,27.0384,30.9,31.7,30.2,34.4,29.5
3111.361,35.7,30.3,26.5968,31.1,31.8,30.3,34.6,29.5
3112.361,35.9,30.5,28.9752,31.4,31.8,30.6,34.6,29.7
3113.362,36.0,30.6,26.5272,31.6,31.8,30.8,34.6,29.9
3114.362,36.1,30.6,26.601599999999998,31.7,32.0,31.0,34.8,30.2
3115.362,36.2,30.7,23.4144,31.8,32.1,31.1,34.8,30.3
3116.362,8.2,30.8,-6.311999999999999,32.0,9.3,31.3,9.3,30.5
3117.362,-30.1,30.7,-30.729599999999998,32.0,-23.9,31.2,-25.9,30.3
3118.362,-39.5,30.5,-30.2808,31.6,-35.3,30.9,-34.5,30.1
3119.394,-39.4,30.2,-30.892799999999998,31.2,-35.4,30.5,-35.3,29.7
3120.394,-40.0,30.1,-30.6408,31.1,-35.5,30.4,-37.9,29.6
3121.394,-40.0,30.0,-31.233599999999996,31.0,-35.6,30.3,-35.2,29.5
3122.395,-40.2,30.0,-30.619199999999996,31.0,-35.7,30.3,-35.2,29.5
3123.395,-40.1,30.0,-24.2136,31.0,-35.7,30.2,-35.3,29.5
3124.395,-37.4,30.0,0.1392,31.0,-32.9,30.2,-33.2,29.4
3125.396,-27.7,30.0,26.584799999999998,31.0,-24.5,30.2,-25.0,29.5
3126.397,2.5,30.5,26.848799999999997,31.5,0.2,30.7,2.7,29.9
3127.397,27.9,30.1,26.7624,31.2,23.0,30.3,26.7,29.6
3128.397,32.5,29.9,26.611199999999997,30.9,28.2,30.2,31.3,29.5
3129.397,35.4,29.9,26.3616,30.9,31.6,30.2,34.0,29.5
3130.397,35.8,30.1,26.3808,30.9,31.9,30.3,35.9,29.5
3131.397,35.7,30.4,26.3904,31.3,31.8,30.4,34.4,29.6
3132.397,36.0,30.5,-1.704,31.6,31.9,30.8,36.6,29.8
3133.397,38.0,30.6,-29.4912,31.7,31.9,31.0,34.7,30.1
3134.397,36.1,30.7,-30.863999999999997,31.8,32.0,31.1,34.5,30.3
3135.397,29.3,30.7,-30.5592,31.9,25.9,31.2,29.1,30.4
3136.397,-6.7,31.0,-30.828,32.2,-3.1,31.4,-5.2,30.5
3137.397,-37.5,30.7,-31.168799999999997,31.9,-30.7,31.1,-30.3,30.3
3138.428,-39.6,30.4,-31.0464,31.5,-35.5,30.8,-36.7,30.0
3139.428,-39.6,30.2,-31.2816,31.2,-35.4,30.5,-36.8,29.7
3140.428,-39.9,30.1,-0.21359999999999998,31.1,-35.6,30.4,-37.7,29.6
3141.428,-39.8,30.1,25.972799999999996,31.1,-35.5,30.3,-35.3,29.5
3142.432,-40.3,30.0,27.0216,31.1,-35.8,30.3,-35.4,29.5
3143.434,-40.0,30.0,27.1992,31.0,-35.6,30.3,-35.5,29.5
3144.434,-36.6,30.0,26.592,31.0,-31.9,30.2,-32.5,29.5
3145.434,-19.4,30.1,26.5224,31.1,-18.0,30.3,-18.3,29.6
3146.434,3.8,30.5,26.4408,31.6,0.9,30.7,1.5,30.0
3147.434,29.7,30.0,26.5632,31.1,25.4,30.3,28.2,29.6
3148.434,32.5,29.9,0.8064,30.9,28.5,30.2,31.9,29.5
3149.434,35.3,29.9,-28.272,30.9,31.8,30.2,34.0,29.5
3150.434,35.6,30.2,-31.08,31.0,31.7,30.3,33.9,29.5
3151.434,35.8,30.4,-30.633599999999998,31.3,32.0,30.5,35.3,29.6
3152.434,36.0,30.6,-30.9984,31.6,31.8,30.8,37.2,29.8
3153.434,35.8,30.6,-30.983999999999998,31.7,32.0,31.0,35.7,30.1
3154.434,36.0,30.7,-30.856799999999996,31.8,32.0,31.1,34.5,30.3
3155.434,23.7,30.8,-30.9288,32.0,22.0,31.3,24.2,30.4
3156.434,-21.4,30.9,-0.3888,32.1,-14.2,31.4,-18.0,30.4
3157.434,-39.3,30.6,8.9064,31.8,-34.5,31.0,-34.7,30.2
3158.434,-39.5,30.3,27.612000000000002,31.4,-35.7,30.7,-35.1,29.9
3159.434,-39.6,30.2,27.228,31.2,-36.3,30.4,-35.1,29.7
3160.436,-40.4,30.1,26.877599999999997,31.1,-36.2,30.4,-35.1,29.6
3161.468,-40.6,30.1,26.3064,31.1,-35.7,30.3,-35.2,29.6
3162.468,-40.4,30.0,26.8248,31.0,-35.8,30.3,-35.3,29.5
3163.468,-39.0,30.0,26.244,31.0,-34.6,30.2,-34.2,29.5
3164.468,-36.7,30.0,21.6072,31.0,-31.3,30.2,-32.2,29.4
3165.468,-3.0,30.3,-11.6352,31.3,-4.0,30.5,-3.8,29.7
3166.468,18.4,30.3,-30.8904,31.4,15.2,30.5,18.6,29.8
3167.468,32.7,29.9,-30.655199999999997,30.9,28.2,30.2,30.6,29.5
3168.468,34.8,29.9,-30.8616,30.9,32.4,30.2,33.6,29.5
3169.468,37.0,30.1,-30.8208,31.0,32.0,30.3,34.1,29.5
3170.468,35.9,30.4,-31.084799999999998,31.2,31.8,30.4,34.1,29.6
3171.468,36.2,30.5,-30.7896,31.5,31.9,30.7,34.2,29.8
3172.468,36.1,30.6,-23.5776,31.7,31.8,31.0,34.2,30.0
3173.468,36.2,30.7,0.7872,31.8,32.1,31.1,34.4,30.2
3174.468,34.9,30.8,27.3432,31.9,30.8,31.2,33.4,30.3
3175.468,1.6,31.0,26.9664,32.1,3.5,31.4,3.1,30.5
3176.468,-31.0,30.8,26.987999999999996,32.1,-25.0,31.3,-26.8,30.4
3177.468,-39.5,30.5,26.483999999999998,31.7,-35.3,31.0,-35.1,30.1
3178.468,-39.5,30.3,26.508,31.3,-35.4,30.6,-35.1,29.8
3179.468,-39.7,30.1,26.4792,31.2,-35.4,30.4,-35.2,29.7
3180.468,-39.8,30.1,26.601599999999998,31.1,-35.5,30.4,-35.3,29.6
3181.468,-40.1,30.1,-0.42479999999999996,31.1,-35.6,30.4,-35.3,29.6
3182.468,-40.1,30.1,-29.726399999999998,31.1,-35.7,30.3,-35.3,29.5
3183.468,-37.4,30.0,-30.7896,31.0,-33.1,30.3,-33.4,29.5
3184.468,-29.2,30.0,-30.710399999999996,31.1,-25.5,30.3,-26.7,29.5
3185.468,2.9,30.5,-30.8664,31.5,1.5,30.7,3.8,29.9
3186.468,29.8,30.1,-31.1664,31.1,25.3,30.3,28.1,29.6
3187.468,32.6,30.0,-31.044,30.9,28.6,30.2,31.3,29.5
3188.468,35.4,30.0,-30.7416,30.9,31.5,30.2,33.7,29.5
3189.468,36.0,30.2,-0.6456000000000001,31.0,31.9,30.3,34.1,29.6
3190.468,35.8,30.5,24.5136,31.4,31.8,30.6,33.9,29.7
3191.468,36.2,30.6,27.108,31.6,31.9,30.8,36.3,29.8
3192.468,35.9,30.7,27.1608,31.8,31.9,31.1,34.4,30.1
3193.468,36.2,30.8,26.4984,31.9,32.1,31.2,34.3,30.3
3194.468,26.4,30.8,26.025599999999997,32.0,23.1,31.3,26.2,30.4
3195.468,-9.5,31.0,26.04,32.2,-5.3,31.5,-7.9,30.6
3196.468,-39.4,30.7,26.128800000000002,31.9,-32.8,31.2,-33.2,30.3
3197.468,-39.7,30.5,-5.006399999999999,31.6,-35.5,30.8,-35.2,30.0
3198.468,-39.7,30.2,-29.471999999999998,31.3,-35.4,30.5,-35.2,29.7
3199.468,-39.9,30.2,-30.811199999999996,31.2,-35.5,30.4,-35.2,29.6
3200.468,-39.9,30.1,-30.708,31.1,-35.5,30.4,-35.3,29.6
3201.468,-40.3,30.1,-30.8688,31.1,-35.7,30.4,-35.3,29.6
3202.468,-40.0,30.0,-31.0368,31.1,-35.6,30.3,-35.2,29.5
3203.468,-37.1,30.0,-30.779999999999998,31.0,-31.6,30.3,-32.2,29.5
3204.468,-15.9,30.2,-30.957599999999996,31.2,-15.5,30.4,-16.8,29.6
3205.468,9.3,30.5,2.4599999999999995,31.6,7.9,30.7,9.3,29.9
3206.468,32.0,30.0,21.002399999999998,31.0,26.8,30.3,30.8,29.6
3207.468,33.9,30.0,27.2088,31.0,29.8,30.3,32.2,29.5
3208.468,35.5,30.1,27.179999999999996,31.0,32.0,30.3,33.9,29.6
3209.468,35.7,30.4,26.244,31.1,31.8,30.4,33.9,29.6
3210.468,35.9,30.5,26.4816,31.5,31.9,30.7,34.1,29.7
3211.468,36.0,30.7,26.6328,31.7,31.9,30.9,34.0,30.0
3212.468,35.8,30.7,26.7984,31.9,31.8,31.1,34.1,30.2
3213.468,36.2,30.8,17.839199999999998,31.9,32.2,31.2,34.4,30.3
3214.468,14.4,30.9,-15.107999999999999,32.1,13.5,31.4,14.9,30.5
3215.468,-25.1,30.9,-30.895199999999996,32.2,-18.6,31.4,-22.0,30.5
3216.468,-39.4,30.6,-30.746399999999998,31.8,-35.1,31.1,-35.1,30.2
3217.468,-39.5,30.4,-30.912,31.5,-35.5,30.7,-35.2,29.9
3218.468,-39.8,30.2,-30.732,31.2,-35.5,30.5,-35.2,29.7
3219.468,-41.5,30.2,-31.2216,31.1,-35.5,30.4,-35.2,29.7
3220.468,-40.1,30.1,-30.7152,31.1,-35.6,30.4,-35.3,29.6
3221.468,-40.1,30.1,-21.856799999999996,31.1,-35.7,30.4,-35.3,29.6
3222.468,-38.8,30.0,0.8184,31.1,-34.0,30.3,-33.7,29.6
3223.468,-34.7,30.0,27.4968,31.1,-30.1,30.3,-31.4,29.5
3224.468,-0.6,30.4,27.069599999999998,31.5,-2.1,30.6,-2.3,29.9
3225.468,20.6,30.4,26.892,31.5,17.1,30.5,20.2,29.8
3226.468,32.3,30.0,26.508,31.0,27.9,30.3,30.3,29.6
3227.468,34.7,30.0,26.5632,31.0,31.1,30.3,33.4,29.6
3228.468,35.6,30.2,26.5416,31.0,32.0,30.3,34.0,29.6
3229.468,35.6,30.5,26.184,31.3,31.8,30.5,34.0,29.7
3230.468,36.0,30.6,0.4704,31.6,31.9,30.8,34.0,29.8
3231.468,35.8,30.7,-30.4992,31.8,31.9,31.0,34.0,30.1
3232.468,36.0,30.8,-30.703199999999995,31.9,32.0,31.2,34.1,30.2
3233.468,34.4,30.8,-30.7224,32.0,30.4,31.3,32.9,30.4
3234.468,1.1,31.0,-31.1448,32.2,3.1,31.5,2.5,30.6
3235.468,-31.6,30.8,-31.236,32.1,-25.5,31.3,-26.9,30.4
3236.468,-39.5,30.6,-31.1904,31.7,-35.4,31.0,-35.1,30.2
3237.468,-39.5,30.3,-29.032799999999998,31.4,-35.7,30.7,-36.8,29.8
3238.469,-39.7,30.2,0.0768,31.2,-35.7,30.5,-37.6,29.7
3239.469,-39.9,30.2,25.8696,31.2,-35.6,30.4,-35.3,29.7
3240.469,-40.1,30.1,27.0768,31.2,-35.8,30.4,-35.3,29.6
3241.469,-40.1,30.1,26.594399999999997,31.1,-35.8,30.4,-35.3,29.6
3242.469,-37.3,30.1,26.6712,31.1,-33.0,30.3,-33.2,29.6
3243.469,-28.1,30.1,26.0568,31.1,-25.3,30.3,-26.1,29.6
3244.469,0.2,30.6,26.6208,31.6,-0.5,30.7,-0.2,30.0
3245.469,22.0,30.4,26.2944,31.5,18.0,30.6,20.6,29.8
3246.469,32.4,30.0,-5.6903999999999995,31.0,27.9,30.3,31.2,29.6
3247.469,35.0,30.0,-29.887199999999996,31.0,32.4,30.3,33.7,29.6
3248.469,35.6,30.2,-30.7704,31.1,31.9,30.4,33.9,29.6
3249.469,35.5,30.5,-30.7584,31.3,31.9,30.5,36.3,29.7
3250.471,35.8,30.6,-30.818399999999997,31.6,31.9,30.8,36.6,29.9
3251.471,35.7,30.7,-31.116,31.8,31.8,31.0,35.3,30.1
3252.471,35.9,30.8,-31.0152,31.9,32.1,31.2,34.2,30.3
3253.471,33.5,30.8,-30.936,32.0,29.6,31.3,31.9,30.4
3254.471,1.3,31.1,0.3072,32.2,3.4,31.5,2.5,30.6
3255.471,-31.7,30.8,20.032799999999998,32.1,-25.7,31.3,-27.6,30.4
3256.471,-39.7,30.6,27.24,31.7,-35.3,31.0,-35.1,30.2
3257.471,-39.6,30.3,27.336000000000002,31.4,-35.4,30.7,-35.1,29.9
3258.471,-39.9,30.2,26.5056,31.3,-35.5,30.5,-35.2,29.7
3259.471,-39.9,30.2,26.483999999999998,31.2,-35.5,30.5,-35.2,29.7
3260.471,-40.2,30.2,26.4,31.2,-35.7,30.4,-35.3,29.7
3261.471,-40.1,30.1,26.618399999999998,31.1,-35.6,30.4,-35.2,29.6
3262.471,-37.7,30.1,11.4432,31.1,-33.1,30.4,-32.9,29.6
3263.471,-26.4,30.1,-18.348,31.2,-24.1,30.4,-25.3,29.6
3264.471,2.1,30.5,-31.048799999999996,31.6,0.0,30.8,-0.4,30.0
3265.471,25.0,30.3,-30.791999999999998,31.4,20.7,30.5,23.7,29.8
3266.471,31.9,30.0,-30.8592,31.0,27.9,30.3,30.8,29.6
3267.471,34.9,30.0,-30.779999999999998,31.0,31.4,30.3,33.4,29.6
3268.471,35.5,30.2,-31.0536,31.1,31.9,30.4,33.8,29.6
3269.471,35.5,30.5,-30.7896,31.4,31.8,30.6,33.9,29.7
3270.471,35.8,30.7,-17.9184,31.7,31.9,30.8,34.0,29.9
3271.471,35.6,30.8,5.7143999999999995,31.8,31.8,31.1,33.9,30.1
3272.471,36.0,30.8,27.4488,31.9,32.0,31.2,34.1,30.3
3273.471,32.4,30.9,27.0144,32.0,28.5,31.4,31.1,30.4
3274.471,-10.6,31.0,26.7672,32.3,-5.8,31.5,-8.6,30.6
3275.471,-37.9,30.8,26.685599999999997,32.0,-32.5,31.2,-32.9,30.4
3276.471,-39.6,30.5,26.5224,31.7,-35.8,30.9,-35.3,30.1
3277.471,-39.7,30.3,26.656799999999997,31.4,-35.7,30.6,-35.1,29.8
3278.471,-39.8,30.2,25.840799999999998,31.3,-35.6,30.5,-35.2,29.8
3279.471,-39.9,30.2,-0.1512,31.2,-35.6,30.5,-35.2,29.7
3280.471,-40.2,30.2,-30.7656,31.2,-35.9,30.4,-35.4,29.7
3281.471,-40.0,30.2,-30.556799999999996,31.1,-35.7,30.4,-35.2,29.6
3282.471,-37.2,30.1,-30.8592,31.1,-31.6,30.4,-32.1,29.6
3283.471,-14.5,30.3,-30.9336,31.3,-14.8,30.5,-15.2,29.7
3284.471,13.9,30.5,-31.3272,31.7,10.0,30.8,12.2,30.0
3285.471,32.2,30.1,-30.8208,31.1,27.2,30.4,30.5,29.6
3286.471,33.9,30.1,-27.964799999999997,31.0,30.2,30.4,32.3,29.6
3287.471,35.5,30.1,0.192,31.1,31.9,30.4,33.9,29.6
3288.471,35.5,30.5,25.648799999999998,31.3,31.7,30.5,33.7,29.7
3289.471,35.8,30.7,26.844,31.6,32.0,30.8,33.9,29.9
3290.471,35.7,30.8,26.872799999999998,31.8,31.7,31.0,33.8,30.1
3291.471,35.9,30.8,26.3424,31.9,32.2,31.2,34.1,30.3
3292.471,36.0,30.9,26.2224,32.0,32.1,31.3,34.0,30.4
3293.471,9.0,31.0,26.436,32.2,9.9,31.5,10.8,30.6
3294.471,-28.4,30.9,26.0976,32.2,-21.9,31.5,-24.5,30.5
3295.471,-39.4,30.7,-3.7536,31.9,-35.3,31.1,-35.1,30.3
3296.471,-39.4,30.4,-30.232799999999997,31.5,-35.5,30.8,-35.3,30.0
3297.471,-39.7,30.3,-30.828,31.3,-35.5,30.6,-35.2,29.8
3298.471,-39.8,30.3,-30.6768,31.2,-35.6,30.5,-35.2,29.8
3299.471,-40.0,30.2,-30.8376,31.2,-35.6,30.5,-35.4,29.7
3300.471,-40.1,30.2,-31.308,31.2,-35.7,30.4,-35.5,29.7
3301.471,-37.8,30.1,-31.0296,31.2,-33.4,30.4,-33.4,29.6
3302.477,-32.0,30.2,-31.044,31.2,-28.0,30.4,-29.3,29.6
3303.477,0.1,30.6,-0.8615999999999999,31.6,-1.0,30.7,-0.8,30.0
3304.477,16.8,30.6,25.348799999999997,31.6,14.3,30.7,16.1,30.0
3305.477,32.9,30.1,27.0048,31.1,28.1,30.4,31.7,29.6
3306.477,34.5,30.1,27.2568,31.0,31.1,30.4,32.9,29.6
3307.477,35.6,30.2,26.3832,31.1,31.9,30.4,33.8,29.7
3308.477,35.6,30.5,26.426399999999997,31.3,31.8,30.6,33.8,29.7
3309.477,36.0,30.7,26.0928,31.6,31.9,30.8,33.8,29.9
3310.477,35.7,30.8,26.5656,31.9,31.8,31.1,33.7,30.2
3311.477,36.0,30.8,8.0136,32.0,32.1,31.2,34.0,30.3
3312.477,35.2,30.9,-26.2704,32.1,31.3,31.4,33.4,30.5
3313.477,5.6,31.1,-30.887999999999998,32.3,6.3,31.6,7.0,30.7
3314.477,-30.0,30.9,-30.6912,32.2,-23.7,31.4,-25.9,30.5
3315.477,-39.5,30.7,-30.7824,31.8,-35.4,31.1,-35.3,30.2
3316.477,-39.5,30.4,-30.808799999999998,31.5,-35.6,30.8,-35.4,30.0
3317.477,-39.7,30.3,-30.8328,31.3,-35.5,30.6,-35.4,29.8
3318.477,-39.9,30.3,-30.885599999999997,31.3,-35.7,30.5,-35.5,29.7
3319.477,-40.0,30.2,-8.992799999999999,31.2,-35.6,30.5,-35.4,29.7
3320.477,-40.1,30.2,7.0584,31.2,-35.7,30.5,-35.4,29.7
3321.477,-37.8,30.2,27.340799999999998,31.2,-33.7,30.4,-33.6,29.6
3322.477,-33.5,30.2,27.1008,31.2,-28.3,30.4,-29.9,29.6
3323.477,0.7,30.6,26.656799999999997,31.6,-1.4,30.7,-0.8,30.0
3324.479,-0.1,31.0,26.594399999999997,32.0,-0.1,31.0,-0.1,30.3
3325.479,0.0,31.2,26.5536,32.2,0.0,31.3,-0.1,30.5
3326.479,12.2,31.0,26.363999999999997,32.1,8.8,31.1,12.8,30.3
3327.479,32.9,30.1,24.8328,31.1,29.0,30.4,30.9,29.7
3328.48,33.9,30.1,-6.223199999999999,31.1,30.4,30.4,32.6,29.6
3329.48,35.6,30.2,-31.08,31.1,31.9,30.4,33.6,29.7
3330.482,35.9,30.5,-30.54,31.3,31.9,30.6,33.8,29.7
3331.482,35.9,30.7,-30.8616,31.6,31.9,30.8,33.7,29.9
3332.482,35.9,30.7,-30.592799999999997,31.8,31.7,31.0,33.5,30.1
3333.482,36.0,30.8,-31.187999999999995,31.9,32.2,31.2,34.1,30.3
3334.482,36.1,30.9,-30.6744,32.1,32.1,31.3,33.9,30.4
3335.482,6.0,31.0,-26.9376,32.2,7.6,31.5,7.0,30.6
3336.482,-30.5,30.9,0.1464,32.2,-24.6,31.4,-26.6,30.5
3337.482,-39.5,30.6,25.992,31.8,-35.5,31.1,-35.2,30.2
3338.482,-39.5,30.4,26.9472,31.4,-35.5,30.7,-35.1,29.9
3339.482,-39.7,30.3,27.064799999999998,31.3,-35.6,30.6,-35.2,29.7
3340.482,-39.9,30.2,26.5752,31.3,-35.6,30.5,-35.3,29.7
3341.483,-40.1,30.2,26.618399999999998,31.2,-35.7,30.5,-35.3,29.7
3342.483,-40.0,30.2,26.7072,31.2,-35.7,30.4,-35.3,29.7
3343.483,-37.8,30.1,26.5992,31.1,-33.2,30.4,-32.7,29.6
3344.483,-26.8,30.2,-2.8344,31.2,-23.7,30.4,-25.1,29.7
3345.496,3.6,30.6,-29.2248,31.7,1.5,30.8,1.3,30.0
3346.496,29.1,30.2,-30.8904,31.3,24.9,30.5,28.4,29.8
3347.496,32.8,30.1,-30.8376,31.1,28.0,30.3,31.1,29.6
3348.496,35.4,30.1,-30.887999999999998,31.1,31.5,30.4,33.4,29.6
3349.496,36.0,30.4,-31.039199999999997,31.2,32.1,30.5,34.0,29.7
3350.496,35.9,30.6,-31.087199999999996,31.5,31.8,30.7,33.8,29.8
3351.496,36.1,30.8,-31.0512,31.7,31.9,30.9,33.8,30.0
3352.496,36.0,30.8,-0.05279999999999999,31.9,31.8,31.2,33.8,30.3
3353.496,36.3,30.9,26.3784,32.0,32.2,31.3,34.0,30.4
3354.496,26.6,31.0,27.1008,32.1,23.9,31.5,26.2,30.6
3355.496,-19.1,31.1,27.4488,32.3,-12.4,31.6,-16.0,30.6
3356.496,-40.3,30.8,26.5632,32.0,-34.4,31.3,-34.6,30.4
3357.496,-39.5,30.5,26.649599999999996,31.6,-35.6,30.9,-35.2,30.1
3358.496,-39.6,30.3,26.6256,31.3,-35.5,30.6,-35.3,29.9
3359.496,-39.8,30.3,26.76,31.3,-35.6,30.5,-35.3,29.8
3360.496,-40.0,30.2,0.5976,31.3,-35.6,30.5,-35.3,29.7
3361.501,-40.1,30.2,-27.9456,31.2,-35.8,30.5,-35.4,29.7
3362.501,-39.4,30.2,-30.938399999999998,31.2,-35.2,30.4,-34.6,29.6
3363.501,-36.7,30.2,-30.619199999999996,31.2,-31.5,30.4,-32.7,29.6
3364.527,-6.5,30.5,-30.9144,31.5,-7.3,30.6,-7.3,29.9
3365.527,10.7,30.7,-31.031999999999996,31.8,8.9,30.8,11.6,30.1
3366.527,32.7,30.1,-31.017599999999998,31.1,27.4,30.4,30.3,29.7
3367.527,33.5,30.1,-30.9288,31.1,30.0,30.4,31.9,29.7
3368.527,35.6,30.2,-1.3751999999999998,31.1,31.9,30.4,33.8,29.7
3369.527,35.8,30.5,6.263999999999999,31.3,31.7,30.6,33.7,29.7
3370.527,36.1,30.7,27.124799999999997,31.6,31.9,30.8,33.8,29.9
3371.527,35.9,30.8,27.141599999999997,31.8,31.8,31.1,33.8,30.1
3372.527,36.0,30.9,26.4624,32.0,32.0,31.3,34.0,30.3
3373.529,36.2,30.9,26.604000000000003,32.1,32.1,31.4,34.0,30.5
3374.529,6.0,31.1,26.5512,32.3,8.4,31.6,8.4,30.6
3375.529,-31.5,30.9,26.6352,32.2,-25.5,31.4,-26.2,30.5
3376.531,-39.5,30.7,21.261599999999998,31.9,-35.3,31.1,-36.6,30.3
3377.531,-39.4,30.4,-8.6688,31.5,-35.4,30.8,-39.5,30.0
3378.531,-39.7,30.3,-30.947999999999997,31.3,-35.5,30.6,-35.4,29.8
3379.531,-39.8,30.3,-30.755999999999997,31.3,-35.5,30.6,-35.1,29.8
3380.531,-40.2,30.2,-30.849599999999995,31.3,-35.7,30.5,-35.1,29.7
3381.531,-40.0,30.2,-30.9816,31.2,-35.7,30.5,-35.1,29.7
3382.531,-37.0,30.2,-31.041599999999995,31.2,-32.6,30.4,-32.7,29.7
3383.531,-24.7,30.2,-30.8376,31.3,-22.6,30.5,-23.3,29.7
3384.537,7.9,30.6,-21.955199999999998,31.7,4.6,30.8,5.8,30.1
3385.537,30.6,30.2,0.6648000000000001,31.3,25.8,30.4,29.3,29.7
3386.537,33.4,30.1,27.1512,31.1,29.2,30.4,31.8,29.7
3387.537,35.7,30.2,26.784,31.1,31.7,30.4,33.3,29.7
3388.541,35.8,30.5,26.8296,31.3,31.8,30.5,34.3,29.7
3389.541,35.9,30.7,26.5224,31.6,31.7,30.8,37.4,29.8
3390.541,36.1,30.8,26.255999999999997,31.8,31.9,31.0,34.0,30.1
3391.568,35.9,30.9,26.659200000000002,32.0,31.8,31.3,33.6,30.4
3392.568,36.2,30.9,26.2488,32.1,32.1,31.4,33.9,30.5
3393.568,17.1,31.1,-0.1752,32.2,16.3,31.5,17.3,30.6
3394.568,-25.2,31.1,-29.647199999999998,32.4,-18.6,31.6,-22.0,30.6
3395.568,-39.4,30.8,-30.8352,32.0,-35.1,31.3,-35.0,30.4
3396.568,-39.4,30.5,-30.887999999999998,31.6,-35.5,30.9,-35.1,30.0
3397.568,-39.6,30.4,-31.0056,31.4,-35.5,30.7,-35.1,29.9
3398.568,-39.8,30.3,-31.387199999999996,31.3,-35.6,30.6,-35.2,29.8
3399.568,-40.0,30.3,-31.2072,31.3,-35.6,30.6,-35.2,29.8
3400.568,-40.0,30.3,-30.532799999999998,31.3,-35.8,30.5,-35.2,29.7
3401.568,-38.4,30.2,-0.08639999999999999,31.3,-34.0,30.5,-33.7,29.7
3402.568,-35.4,30.2,23.220000000000002,31.3,-30.3,30.5,-30.9,29.7
3403.568,-1.7,30.6,27.064799999999998,31.6,-2.0,30.8,-3.5,30.0
3404.568,21.1,30.6,27.6144,31.7,17.6,30.7,20.8,29.9
3405.568,32.0,30.2,26.788800000000002,31.2,27.7,30.4,30.9,29.7
3406.568,35.2,30.2,26.8752,31.1,31.2,30.4,33.3,29.7
3407.568,35.9,30.3,26.795999999999996,31.2,32.0,30.5,33.9,29.7
3408.568,35.7,30.6,26.8896,31.4,31.8,30.7,33.7,29.8
3409.568,36.1,30.8,-5.6592,31.7,31.9,30.9,33.7,30.0
3410.568,35.9,30.9,-29.8056,32.0,31.7,31.2,33.7,30.3
3411.568,36.1,30.9,-30.887999999999998,32.1,32.1,31.3,34.0,30.4
3412.568,34.2,31.0,-30.768,32.2,30.1,31.5,32.2,30.6
3413.568,-3.0,31.2,-31.0536,32.4,0.6,31.7,-1.4,30.7
3414.568,-34.8,30.9,-31.1808,32.2,-29.1,31.4,-30.6,30.5
3415.568,-40.2,30.7,-31.0128,31.9,-35.5,31.1,-35.2,30.3
3416.568,-39.5,30.5,-30.9336,31.5,-36.2,30.8,-35.1,29.9
3417.568,-39.8,30.4,0.732,31.4,-35.8,30.6,-35.2,29.9
3418.594,-39.9,30.3,18.7248,31.3,-35.9,30.6,-35.2,29.8
3419.594,-40.2,30.3,27.2592,31.3,-35.8,30.6,-35.3,29.8
3420.594,-40.0,30.2,27.232799999999997,31.3,-35.8,30.5,-35.3,29.7
3421.594,-36.9,30.2,26.4888,31.3,-32.4,30.5,-32.5,29.7
3422.607,-20.7,30.3,26.255999999999997,31.4,-18.9,30.6,-19.6,29.8
3423.607,0.2,30.8,26.424,31.8,0.0,31.0,0.0,30.2
3424.607,27.7,30.4,26.464799999999997,31.5,23.2,30.7,26.2,29.9
3425.607,32.4,30.2,15.086399999999998,31.2,29.9,30.5,30.7,29.7
3426.607,35.6,30.2,-13.2912,31.2,31.8,30.5,33.7,29.7
3427.607,35.9,30.4,-31.0464,31.2,31.9,30.5,33.8,29.8
3428.607,35.8,30.7,-30.8208,31.5,31.7,30.7,33.7,29.9
3429.607,36.1,30.8,-30.8784,31.9,31.9,31.0,33.7,30.1
3430.607,36.0,30.9,-30.825599999999998,32.0,31.9,31.3,33.8,30.3
3431.607,36.2,30.9,-31.077599999999997,32.2,32.0,31.4,33.9,30.5
3432.607,29.9,31.0,-30.863999999999997,32.2,26.0,31.5,28.7,30.6
3433.607,-6.3,31.2,-19.303199999999997,32.5,-2.6,31.7,-4.9,30.8
3434.61,-37.7,30.9,0.8016,32.2,-31.8,31.4,-32.3,30.5
3435.61,-39.9,30.7,27.633599999999998,31.8,-35.7,31.1,-35.4,30.2
3436.61,-39.6,30.4,26.8608,31.5,-35.4,30.7,-35.2,30.0
3437.641,-39.9,30.4,26.997600000000002,31.4,-35.6,30.6,-35.1,29.8
3438.641,-39.9,30.3,26.6088,31.3,-35.5,30.6,-35.1,29.8
3439.641,-40.3,30.3,26.5752,31.3,-35.8,30.6,-38.2,29.8
3440.641,-40.1,30.3,26.508,31.3,-35.7,30.6,-36.4,29.8
3441.641,-36.9,30.2,26.028000000000002,31.3,-31.6,30.5,-33.9,29.7
3442.641,-17.8,30.3,-2.0951999999999997,31.4,-17.3,30.6,-17.1,29.8
3443.641,0.1,30.9,-30.768,31.8,-0.3,31.0,-0.3,30.2
3444.641,18.8,30.7,-30.525599999999997,31.7,16.0,30.8,18.4,30.1
3445.641,32.6,30.2,-30.7824,31.2,27.7,30.5,32.2,29.7
3446.641,35.2,30.2,-31.0608,31.2,31.5,30.5,33.5,29.7
3447.641,35.8,30.3,-31.223999999999997,31.2,31.9,30.5,35.3,29.8
3448.642,35.9,30.6,-31.0296,31.5,31.8,30.7,36.3,29.8
3449.642,36.2,30.8,-28.5936,31.8,31.9,31.0,33.8,30.0
3450.642,36.1,30.9,-0.0048,32.0,31.8,31.2,33.8,30.3
3451.642,36.2,30.9,27.0744,32.1,32.1,31.4,34.1,30.5
3452.642,34.7,31.0,27.048,32.2,30.3,31.5,32.5,30.6
3453.642,2.0,31.2,27.2184,32.4,3.7,31.7,3.4,30.8
3454.642,-32.7,31.0,26.639999999999997,32.3,-27.0,31.5,-28.3,30.5
3455.642,-41.2,30.7,26.980800000000002,31.9,-35.5,31.2,-35.1,30.3
3456.642,-39.6,30.5,26.7744,31.6,-35.5,30.8,-35.1,30.0
3457.642,-39.8,30.4,26.8224,31.4,-35.5,30.7,-35.1,29.9
3458.642,-40.0,30.4,-2.9496,31.4,-35.6,30.6,-35.3,29.8
3459.642,-40.2,30.3,-29.7912,31.3,-35.7,30.6,-35.3,29.8
3460.642,-40.2,30.3,-30.9432,31.3,-35.8,30.6,-35.5,29.8
3461.642,-37.3,30.2,-30.5856,31.3,-32.7,30.5,-33.1,29.7
3462.644,-28.0,30.2,-30.7992,31.3,-24.6,30.5,-24.2,29.7
3463.644,-0.4,30.7,-31.331999999999997,31.8,0.8,30.9,-0.5,30.2
3464.672,27.2,30.4,-31.104,31.5,23.2,30.6,26.4,29.9
3465.672,32.3,30.2,-30.957599999999996,31.2,28.1,30.5,30.4,29.7
3466.672,35.4,30.2,-0.8375999999999999,31.2,31.6,30.5,33.6,29.7
3467.674,35.8,30.4,19.0776,31.3,31.9,30.6,33.8,29.8
3468.674,35.8,30.7,27.340799999999998,31.6,31.8,30.8,33.8,29.9
3469.674,36.1,30.8,27.3912,31.8,31.9,31.0,33.8,30.1
3470.674,35.8,30.9,26.363999999999997,32.1,31.7,31.3,33.7,30.3
3471.674,36.2,30.9,26.6928,32.2,32.2,31.4,34.0,30.5
3472.674,31.2,31.1,26.6976,32.2,25.6,31.6,28.5,30.6
3473.675,-13.3,31.2,26.844,32.5,-7.9,31.7,-10.1,30.7
3474.675,-41.8,30.9,5.4744,32.1,-33.5,31.4,-33.6,30.5
3475.675,-39.7,30.6,-24.2976,31.8,-35.7,31.0,-40.4,30.2
3476.675,-39.7,30.4,-30.96,31.5,-35.4,30.8,-37.2,29.9
3477.675,-39.9,30.3,-30.768,31.4,-35.6,30.7,-35.3,29.9
3478.675,-40.0,30.3,-30.8136,31.3,-35.6,30.6,-35.5,29.8
3479.675,-40.3,30.3,-30.8352,31.3,-35.8,30.6,-35.4,29.8
3480.675,-40.0,30.2,-30.955199999999998,31.3,-35.6,30.5,-35.3,29.7
3481.675,-37.0,30.2,-31.02,31.3,-31.8,30.5,-32.6,29.7
3482.675,-12.6,30.4,-7.862399999999999,31.4,-12.5,30.6,-12.1,29.9
3483.675,13.8,30.6,3.7439999999999998,31.8,11.6,30.9,11.8,30.1
3484.675,33.3,30.2,27.417599999999997,31.2,27.3,30.5,30.6,29.7
3485.675,34.4,30.2,26.8992,31.2,30.5,30.5,33.0,29.7
3486.675,35.8,30.3,26.868,31.2,31.7,30.5,33.7,29.8
3487.675,35.9,30.6,26.6928,31.4,32.1,30.7,33.8,29.8
3488.675,36.0,30.8,26.611199999999997,31.8,31.8,30.9,36.9,29.9
3489.675,36.1,30.9,26.5776,32.0,31.8,31.2,37.8,30.2
3490.675,36.2,31.0,25.058400000000002,32.1,32.0,31.4,34.1,30.5
3491.675,36.1,31.0,-5.5896,32.2,31.8,31.5,33.9,30.6
3492.675,5.4,31.2,-30.909599999999998,32.4,7.3,31.7,7.0,30.8
3493.675,-31.9,31.0,-30.7656,32.3,-25.8,31.5,-27.6,30.6
3494.675,-39.6,30.8,-30.9432,31.9,-35.4,31.2,-35.2,30.3
3495.675,-39.5,30.5,-31.2672,31.6,-35.5,30.9,-35.2,30.0
3496.675,-39.8,30.4,-31.3008,31.4,-35.5,30.7,-35.4,29.9
3497.675,-39.9,30.4,-30.924,31.4,-35.6,30.6,-35.3,29.8
3498.675,-40.2,30.3,-26.099999999999998,31.4,-35.6,30.6,-35.5,29.8
3499.675,-40.1,30.3,0.05279999999999999,31.3,-35.8,30.6,-35.4,29.8
3500.675,-37.6,30.3,26.8848,31.3,-32.6,30.6,-33.1,29.7
3501.675,-28.9,30.3,27.0144,31.3,-25.2,30.6,-24.8,29.7
3502.675,0.5,30.8,27.2664,31.8,-0.1,31.0,-0.5,30.2
3503.675,22.2,30.5,26.5248,31.6,17.2,30.8,18.5,30.1
3504.675,32.2,30.2,26.2824,31.2,28.1,30.5,31.4,29.7
3505.676,35.1,30.2,26.6904,31.2,31.3,30.5,33.6,29.7
3506.676,36.0,30.4,26.483999999999998,31.2,32.1,30.6,33.9,29.8
3507.676,35.7,30.7,-2.3064,31.5,31.5,30.7,33.6,29.9
3508.676,36.2,30.8,-29.7384,31.8,32.0,31.0,33.9,30.1
3509.676,35.9,30.9,-30.986399999999996,32.1,31.6,31.3,33.7,30.3
3510.676,36.2,31.0,-30.571199999999997,32.2,32.1,31.4,34.0,30.5
3511.676,33.9,31.0,-30.8976,32.3,29.6,31.6,31.9,30.6
3512.676,-0.1,31.3,-31.1256,32.5,2.4,31.8,1.3,30.8
3513.676,-33.2,31.0,-31.236,32.3,-27.8,31.5,-29.2,30.6
3514.676,-39.4,30.8,-30.947999999999997,32.0,-35.4,31.2,-35.3,30.3
3515.676,-39.4,30.5,-0.34079999999999994,31.6,-35.4,30.8,-35.2,30.0
3516.676,-39.7,30.4,26.3688,31.5,-35.5,30.7,-35.3,29.9
3517.676,-39.7,30.4,26.7696,31.4,-35.5,30.7,-35.3,29.8
3518.676,-40.1,30.3,27.4488,31.4,-35.6,30.6,-35.3,29.8
3519.676,-40.0,30.3,26.195999999999998,31.4,-35.6,30.6,-35.3,29.8
3520.676,-37.1,30.3,26.649599999999996,31.3,-32.8,30.5,-33.0,29.8
3521.676,-26.8,30.3,26.4528,31.4,-23.5,30.6,-24.2,29.8
3522.676,0.8,30.9,26.8344,31.8,1.3,31.0,2.2,30.2
3523.676,27.5,30.5,4.3296,31.4,24.2,30.6,27.9,29.9
3524.676,33.5,30.2,-27.6432,31.2,28.1,30.5,31.0,29.8
3525.676,35.7,30.2,-30.887999999999998,31.2,31.4,30.5,33.4,29.8
3526.676,35.7,30.4,-30.8136,31.3,31.9,30.6,33.7,29.8
3527.676,39.6,30.7,-30.940799999999996,31.7,31.8,30.8,33.9,29.9
3528.676,36.3,30.9,-30.732,31.9,31.8,31.1,33.8,30.2
3529.676,36.1,31.0,-30.9792,32.1,31.9,31.3,33.9,30.4
3530.676,36.3,31.0,-30.955199999999998,32.2,32.0,31.5,33.9,30.6
3531.676,28.6,31.1,-5.8584,32.3,25.0,31.6,27.6,30.7
3532.676,-18.0,31.2,6.4152,32.5,-11.4,31.7,-14.7,30.8
3533.676,-39.2,30.9,27.1368,32.2,-34.2,31.4,-34.4,30.5
3534.676,-39.5,30.7,27.323999999999998,31.8,-35.6,31.1,-35.3,30.2
3535.676,-39.6,30.5,26.5152,31.5,-35.7,30.8,-35.1,29.9
3536.676,-39.8,30.4,26.740799999999997,31.5,-35.7,30.7,-35.2,29.9
3537.676,-40.0,30.4,26.438399999999998,31.4,-35.8,30.7,-35.2,29.9
3538.676,-40.1,30.3,26.810399999999998,31.4,-35.8,30.7,-35.4,29.8
3539.676,-39.7,30.3,24.0912,31.3,-35.5,30.6,-35.1,29.8
3540.676,-36.8,30.3,-7.5072,31.3,-31.6,30.6,-32.4,29.8
3541.676,-9.6,30.5,-30.7536,31.6,-9.0,30.7,-9.1,30.0
3542.676,13.2,30.7,-30.592799999999997,31.8,10.4,30.9,12.5,30.2
3543.676,32.7,30.2,-30.9528,31.3,27.5,30.5,30.5,29.8
3544.676,34.2,30.2,-30.9528,31.2,30.4,30.5,32.6,29.8
3545.676,36.0,30.3,-31.139999999999997,31.3,32.0,30.6,34.1,29.8
3546.676,35.8,30.6,-30.957599999999996,31.5,31.5,30.7,33.6,29.9
3547.676,36.2,30.8,-25.2744,31.8,32.0,31.0,34.0,30.1
3548.676,36.0,30.9,0.026399999999999996,32.0,31.6,31.2,33.6,30.3
3549.676,36.3,31.0,26.133599999999998,32.2,32.0,31.4,34.0,30.5
3550.676,36.1,31.1,27.3768,32.3,31.7,31.6,33.8,30.6
3551.676,13.4,31.2,27.204,32.4,10.9,31.7,12.8,30.8
3552.676,-22.9,31.2,26.8464,32.5,-16.1,31.7,-19.5,30.8
3553.676,-39.5,30.9,26.877599999999997,32.1,-35.1,31.4,-35.0,30.4
3554.678,-39.5,30.6,26.616,31.8,-35.5,31.0,-34.8,30.1
3555.678,-39.8,30.4,26.6928,31.5,-35.5,30.8,-35.4,30.0
3556.678,-39.9,30.4,-3.2376,31.5,-35.6,30.7,-37.8,29.9
3557.678,-40.1,30.4,-29.647199999999998,31.4,-35.6,30.7,-35.5,29.9
3558.678,-40.1,30.4,-30.847199999999997,31.4,-35.8,30.7,-35.4,29.8
3559.678,-39.1,30.3,-30.7536,31.3,-34.5,30.6,-34.6,29.8
3560.678,-36.7,30.3,-30.7896,31.3,-31.5,30.6,-32.2,29.8
3561.678,-4.1,30.6,-31.259999999999998,31.6,-4.5,30.8,-4.5,30.0
3562.678,16.9,30.7,-31.031999999999996,31.8,14.1,30.9,17.3,30.1
3563.678,33.0,30.2,-31.055999999999997,31.3,28.0,30.5,30.1,29.8
3564.678,34.6,30.2,-0.10319999999999999,31.2,30.5,30.5,33.0,29.8
3565.678,35.9,30.4,25.250400000000003,31.3,31.9,30.6,33.7,29.8
3566.678,35.8,30.7,27.3744,31.5,31.7,30.7,37.9,29.9
3567.678,36.2,30.8,27.453599999999998,31.8,31.9,31.0,34.0,30.1
3568.678,36.1,31.0,26.4744,32.1,32.0,31.3,33.8,30.3
3569.678,36.1,31.0,26.6976,32.2,31.9,31.5,33.9,30.5
3570.678,35.9,31.1,26.7696,32.3,31.7,31.6,33.8,30.7
3571.678,2.0,31.2,26.704800000000002,32.5,4.6,31.7,3.9,30.8
3572.678,-33.4,31.1,0.8327999999999999,32.4,-27.6,31.6,-28.3,30.6
3573.678,-39.6,30.8,-29.2704,32.0,-35.5,31.3,-37.1,30.4
3574.678,-39.5,30.5,-30.818399999999997,31.7,-35.7,30.9,-41.3,30.1
3575.678,-39.8,30.4,-30.72,31.5,-35.6,30.7,-36.2,30.0
3576.678,-39.9,30.4,-31.000799999999998,31.4,-35.7,30.7,-35.7,29.9
3577.679,-40.3,30.4,-30.9672,31.4,-35.8,30.7,-35.7,29.9
3578.679,-40.1,30.3,-31.0368,31.4,-36.0,30.7,-35.8,29.8
3579.679,-37.5,30.3,-30.7656,31.4,-32.9,30.6,-33.8,29.8
3580.679,-25.3,30.4,2.34,31.4,-21.8,30.7,-22.8,29.8
3581.679,8.0,30.7,13.0968,31.8,3.2,31.0,3.3,30.3
3582.679,31.2,30.3,27.280800000000003,31.4,27.2,30.6,30.1,29.9
3583.679,33.2,30.3,27.482400000000002,31.3,29.1,30.6,32.3,29.8
3584.68,35.7,30.3,26.402399999999997,31.3,31.8,30.6,33.5,29.8
3585.68,35.8,30.6,26.8896,31.4,31.8,30.7,33.8,29.9
3586.68,36.0,30.8,26.4744,31.7,31.8,30.9,37.7,29.9
3587.68,36.1,31.0,26.8848,32.1,31.9,31.2,34.7,30.2
3588.68,36.0,31.0,20.6664,32.2,31.8,31.4,32.9,30.5
3589.68,36.4,31.1,-11.0688,32.3,32.2,31.5,33.3,30.6
3590.68,19.2,31.2,-30.856799999999996,32.4,17.6,31.7,19.1,30.8
3591.68,-22.9,31.2,-30.683999999999997,32.5,-15.3,31.7,-19.4,30.8
3592.68,-39.5,30.9,-30.863999999999997,32.2,-34.8,31.4,-34.8,30.5
3593.68,-39.6,30.6,-30.863999999999997,31.8,-38.6,31.0,-35.9,30.2
3594.68,-39.8,30.5,-31.077599999999997,31.6,-37.1,30.8,-38.9,30.0
3595.68,-40.0,30.4,-30.9288,31.5,-35.6,30.8,-36.1,29.9
3596.68,-40.1,30.4,-23.179199999999998,31.5,-35.8,30.7,-36.0,29.9
3597.68,-40.2,30.4,0.7896,31.4,-35.8,30.7,-36.0,29.9
3598.68,-39.0,30.3,27.235200000000003,31.4,-35.0,30.6,-35.1,29.8
3599.68,-36.8,30.3,26.786399999999997,31.4,-31.0,30.6,-32.5,29.8
3600.68,-2.7,30.7,27.023999999999997,31.7,-3.8,30.9,-3.1,30.1
3601.68,12.8,30.8,26.6544,31.9,10.1,31.0,11.7,30.2
3602.68,32.5,30.3,26.656799999999997,31.3,27.4,30.6,30.5,29.9
3603.68,34.1,30.3,26.568,31.3,30.9,30.6,32.5,29.8
3604.68,35.8,30.4,26.508,31.3,31.7,30.6,33.7,29.9
3605.68,35.8,30.7,-0.0552,31.5,32.7,30.7,33.8,29.9
3606.68,36.1,30.9,-29.548799999999996,31.9,35.5,31.0,36.6,30.0
3607.68,36.1,31.0,-30.7968,32.1,31.7,31.3,34.1,30.3
3608.68,36.2,31.1,-30.791999999999998,32.2,31.9,31.5,34.0,30.5
3609.68,36.2,31.1,-30.8616,32.3,31.9,31.6,33.9,30.7
3610.68,14.7,31.2,-31.3536,32.5,12.1,31.8,14.6,30.8
3611.68,-19.6,31.3,-30.931199999999997,32.6,-13.2,31.8,-16.4,30.8
3612.68,-39.5,30.9,-31.003199999999996,32.2,-34.7,31.4,-35.1,30.5
3613.68,-39.6,30.7,-0.2808,31.8,-35.6,31.1,-35.8,30.2
3614.68,-39.7,30.5,25.341599999999996,31.6,-35.5,30.8,-35.7,30.0
3615.68,-39.9,30.5,27.573600000000003,31.5,-35.6,30.8,-35.8,29.9
3616.68,-40.0,30.4,27.3912,31.5,-35.6,30.7,-35.7,29.9
3617.68,-40.1,30.4,26.750400000000003,31.4,-35.8,30.7,-36.0,29.9
3618.681,-39.2,30.3,26.831999999999997,31.4,-34.9,30.6,-35.3,29.8
3619.681,-37.1,30.3,26.8536,31.4,-31.6,30.6,-32.7,29.8
3620.683,-4.7,30.7,26.894399999999997,31.7,-6.0,30.8,-5.9,30.1
3621.683,18.2,30.7,-4.2192,31.8,14.3,30.9,16.5,30.2
3622.684,33.1,30.3,-29.831999999999997,31.3,28.2,30.6,31.1,29.9
3623.684,34.8,30.3,-30.816,31.3,30.6,30.6,33.1,29.8
3624.685,36.0,30.4,-30.6504,31.3,32.0,30.7,33.8,29.9
3625.685,35.9,30.8,-30.9672,31.6,31.6,30.8,33.7,30.0
3626.685,36.4,30.9,-31.0248,31.9,31.8,31.1,33.8,30.1
3627.685,36.2,31.0,-30.885599999999997,32.1,31.7,31.3,33.8,30.4
3628.685,36.3,31.1,-30.8064,32.3,31.8,31.5,33.9,30.6
3629.686,35.4,31.1,0.8735999999999999,32.3,30.9,31.6,33.1,30.7
3630.686,-4.2,31.3,13.4328,32.6,0.8,31.8,-1.5,30.8
3631.686,-36.1,31.1,27.0072,32.3,-29.9,31.6,-31.4,30.6
3632.686,-39.6,30.8,27.4032,32.0,-35.6,31.3,-35.8,30.3
3633.688,-39.6,30.6,26.387999999999998,31.7,-36.2,30.9,-35.7,30.1
3634.688,-39.8,30.5,26.8176,31.5,-35.7,30.8,-35.8,30.0
3635.688,-39.8,30.5,26.539199999999997,31.5,-35.5,30.8,-35.7,29.9
3636.688,-40.3,30.4,26.935200000000002,31.5,-35.9,30.7,-35.9,29.9
3637.688,-40.0,30.4,18.655199999999997,31.4,-35.8,30.7,-35.9,29.9
3638.688,-36.8,30.3,-13.02,31.4,-32.4,30.7,-32.9,29.9
3639.688,-19.8,30.4,-30.856799999999996,31.5,-17.3,30.7,-17.7,29.9
3640.688,5.1,30.9,-30.6528,32.0,3.1,31.1,4.9,30.3
3641.688,30.9,30.4,-30.8448,31.5,26.6,30.7,30.0,29.9
3642.688,33.3,30.3,-30.7872,31.3,28.5,30.6,31.3,29.9
3643.688,35.7,30.3,-31.1592,31.3,31.5,30.6,33.6,29.9
3644.688,36.0,30.6,-30.734399999999997,31.5,31.6,30.7,33.8,29.9
3645.688,36.1,30.9,-22.941599999999998,31.8,31.7,31.0,33.9,30.0
3646.688,36.3,31.0,0.7055999999999999,32.1,32.4,31.3,33.9,30.3
3647.688,36.2,31.1,27.5448,32.2,31.7,31.5,33.9,30.5
3648.689,36.5,31.1,27.235200000000003,32.3,31.9,31.6,34.0,30.6
3649.689,23.8,31.2,27.3,32.4,20.4,31.7,23.0,30.8
3650.689,-9.4,31.4,26.8224,32.7,-5.4,31.9,-8.2,30.9
3651.689,-37.1,31.1,26.9256,32.3,-32.0,31.5,-32.8,30.6
3652.693,-39.6,30.8,26.978399999999997,32.0,-35.7,31.2,-35.9,30.3
3653.693,-39.5,30.6,26.5152,31.7,-35.4,30.9,-35.6,30.1
3654.693,-39.8,30.5,-0.06,31.6,-35.6,30.8,-35.8,30.0
3655.693,-39.9,30.5,-29.8368,31.5,-35.6,30.8,-35.8,29.9
3656.73,-40.3,30.4,-30.739199999999997,31.5,-35.8,30.8,-35.9,29.9
3657.737,-39.9,30.4,-30.6432,31.5,-35.6,30.7,-35.8,29.9
3658.737,-36.8,30.4,-30.9456,31.4,-31.7,30.7,-32.4,29.9
3659.737,-15.2,30.5,-31.2216,31.6,-14.4,30.8,-15.8,30.0
3660.737,7.3,30.8,-31.1208,32.0,2.8,31.2,3.2,30.3
3661.74,30.2,30.4,-29.9016,31.5,25.9,30.7,29.2,30.0
3662.74,32.9,30.3,-0.1344,31.3,28.3,30.6,31.3,29.9
3663.74,35.7,30.4,24.5064,31.3,31.4,30.7,33.5,29.9
3664.76,36.2,30.6,27.333599999999997,31.5,31.7,30.7,33.7,29.9
3665.76,36.2,30.9,27.645599999999998,31.8,31.6,31.0,33.9,30.1
3666.761,36.4,31.0,26.7168,32.1,31.7,31.3,33.9,30.3
3667.789,36.3,31.1,27.0168,32.2,31.7,31.5,33.9,30.5
3668.789,36.5,31.1,26.949599999999997,32.3,31.8,31.6,33.9,30.7
3669.789,23.6,31.2,26.872799999999998,32.4,20.6,31.7,23.3,30.8
3670.814,-13.2,31.4,-4.5935999999999995,32.7,-8.3,31.9,-11.5,30.9
3671.814,-38.8,31.0,-29.687999999999995,32.3,-33.6,31.5,-34.2,30.6
3672.814,-41.5,30.8,-30.7704,32.0,-35.7,31.2,-35.9,30.3
3673.814,-39.8,30.6,-30.5952,31.7,-35.4,30.9,-35.6,30.1
3674.82,-40.0,30.5,-30.919199999999996,31.6,-35.6,30.8,-36.0,30.0
3675.82,-40.1,30.5,-30.995999999999995,31.5,-35.5,30.8,-35.7,30.0
3676.82,-40.4,30.4,-30.8328,31.5,-35.8,30.8,-36.2,29.9
3677.82,-40.0,30.4,-30.947999999999997,31.4,-35.5,30.7,-35.8,29.9
3678.836,-37.0,30.4,-0.9624,31.4,-31.4,30.7,-32.8,29.9
3679.836,-11.9,30.6,8.7432,31.6,-11.8,30.8,-12.1,30.0
3680.842,10.1,30.9,27.36,32.0,6.4,31.1,8.3,30.3
3681.86,31.5,30.4,27.744,31.4,27.0,30.7,29.6,29.9
3682.86,33.6,30.4,26.6232,31.3,28.8,30.7,31.9,29.9
3683.861,36.0,30.4,26.952,31.4,31.7,30.7,33.6,29.9
3684.861,35.9,30.7,26.685599999999997,31.5,31.5,30.8,34.0,30.0
3685.863,36.3,30.9,27.0048,31.9,31.8,31.0,34.0,30.1
3686.863,36.2,31.0,16.4712,32.1,31.5,31.3,33.7,30.3
3687.863,36.2,31.1,-17.0808,32.3,31.7,31.5,33.9,30.5
3688.863,36.5,31.1,-30.8592,32.4,31.9,31.6,34.0,30.7
3689.865,17.0,31.3,-30.66,32.5,15.6,31.8,18.3,30.8
3690.865,-22.0,31.3,-30.744,32.6,-15.2,31.8,-18.6,30.8
3691.865,-39.6,31.0,-30.72,32.2,-34.7,31.5,-35.2,30.6
3692.865,-39.7,30.7,-30.976799999999997,31.9,-35.6,31.1,-35.8,30.3
3693.883,-39.8,30.6,-30.8664,31.7,-35.6,30.9,-35.7,30.1
3694.883,-40.0,30.5,-20.9832,31.6,-36.3,30.8,-35.8,30.0
3695.883,-40.1,30.5,3.864,31.6,-36.0,30.8,-35.8,30.0
3696.883,-40.2,30.5,27.4608,31.5,-35.8,30.8,-35.9,29.9
3697.888,-39.1,30.4,27.0672,31.5,-34.8,30.7,-35.3,29.9
3698.888,-36.9,30.4,26.76,31.4,-31.6,30.7,-32.8,29.9
3699.888,-3.2,30.7,26.7456,31.7,-3.7,31.0,-4.6,30.1
3700.917,20.9,30.7,26.5224,31.8,16.6,30.9,18.8,30.2
3701.917,33.2,30.3,26.6064,31.4,27.8,30.7,31.6,29.9
3702.917,35.0,30.4,26.136,31.3,30.9,30.7,33.3,29.9
3703.917,35.9,30.5,0.5592,31.4,31.9,30.7,34.0,29.9
3704.946,40.2,30.8,-30.5208,31.7,32.5,30.9,33.9,30.0
3705.946,36.4,31.0,-30.537599999999998,32.0,31.7,31.2,33.8,30.2
3706.946,36.2,31.1,-30.828,32.2,31.6,31.4,33.9,30.4
3707.946,36.5,31.2,-30.818399999999997,32.3,31.8,31.6,34.0,30.6
3708.952,35.1,31.2,-31.339199999999998,32.4,30.5,31.7,33.0,30.8
3709.952,0.2,31.4,-30.7872,32.6,2.7,31.9,2.1,30.9
3710.952,-32.3,31.2,-29.668799999999997,32.5,-25.3,31.7,-28.1,30.7
3711.952,-39.9,30.9,-0.0024,32.1,-37.5,31.4,-35.8,30.5
3712.952,-39.7,30.7,25.6224,31.7,-39.0,31.0,-35.8,30.1
3713.952,-40.0,30.6,26.793599999999998,31.6,-35.7,30.9,-36.9,30.0
3714.952,-40.1,30.5,27.5376,31.5,-35.6,30.8,-35.8,30.0
3715.972,-40.5,30.5,26.8464,31.5,-35.8,30.8,-35.9,30.0
3716.972,-40.2,30.4,26.9136,31.5,-35.8,30.8,-35.9,29.9
3717.972,-37.4,30.4,27.033599999999996,31.5,-33.4,30.7,-33.5,29.9
3718.972,-26.8,30.4,26.8224,31.5,-23.3,30.7,-25.1,29.9
3719.972,3.6,30.9,-5.692799999999999,32.0,2.2,31.2,1.6,30.3
3720.972,29.9,30.5,-29.6592,31.6,24.7,30.8,28.2,30.0
3721.972,32.8,30.4,-30.816,31.4,28.5,30.7,31.4,29.9
3722.972,35.9,30.4,-30.6672,31.4,31.5,30.7,33.8,29.9
3723.974,36.2,30.6,-30.784799999999997,31.5,31.8,30.8,33.9,30.0
3724.974,36.1,30.9,-31.087199999999996,31.8,33.9,30.9,33.7,30.1
3725.974,36.3,31.0,-31.128,32.1,35.1,31.3,34.6,30.3
3726.974,36.3,31.1,-30.950400000000002,32.3,31.7,31.5,34.0,30.5
3727.974,36.5,31.2,0.12239999999999998,32.4,31.8,31.7,34.0,30.7
3728.974,26.9,31.2,24.3504,32.5,23.3,31.8,26.7,30.8
3729.974,-14.8,31.4,27.215999999999998,32.7,-9.2,31.9,-12.2,30.9
3730.974,-38.9,31.1,27.866400000000002,32.3,-34.2,31.6,-34.5,30.6
3731.974,-39.5,30.8,26.724,32.0,-35.7,31.2,-35.8,30.3
3732.974,-39.6,30.6,27.3456,31.7,-35.5,31.0,-35.7,30.1
3733.974,-39.7,30.5,26.747999999999998,31.6,-35.7,30.9,-35.8,30.0
3734.974,-39.8,30.5,26.747999999999998,31.6,-35.6,30.8,-35.8,30.0
3735.976,-40.1,30.5,3.2039999999999997,31.5,-35.9,30.8,-35.9,30.0
3736.976,-39.6,30.4,-25.595999999999997,31.5,-35.5,30.7,-35.7,29.9
3737.976,-36.7,30.4,-30.912,31.5,-31.6,30.7,-33.0,29.9
3739.004,-9.9,30.6,-30.66,31.7,-8.5,30.9,-9.5,30.1
3740.004,13.9,30.8,-30.957599999999996,32.0,9.0,31.1,12.3,30.3
3741.004,32.9,30.4,-30.875999999999998,31.4,28.2,30.7,30.5,29.9
3742.004,34.5,30.4,-30.9792,31.4,29.6,30.7,32.9,29.9
3743.004,36.0,30.5,-30.909599999999998,31.4,31.7,30.7,33.9,30.0
3744.004,35.9,30.8,-2.5704,31.6,31.5,30.8,33.8,30.0
3745.004,36.3,31.0,2.4215999999999998,31.9,31.6,31.1,33.8,30.2
3746.004,36.4,31.1,27.6504,32.2,31.7,31.4,33.9,30.4
3747.004,36.3,31.1,27.5472,32.3,31.7,31.6,33.9,30.6
3748.004,36.4,31.2,26.9256,32.4,31.9,31.7,34.1,30.8
3749.004,4.8,31.4,26.942400000000003,32.6,7.1,31.9,7.0,30.9
3750.004,-32.6,31.2,26.7528,32.5,-26.2,31.7,-28.2,30.7
3751.004,-39.4,30.9,26.9928,32.2,-35.5,31.4,-35.8,30.5
3752.004,-39.4,30.7,24.1296,31.8,-35.7,31.0,-35.7,30.2
3753.004,-39.6,30.6,-7.5527999999999995,31.6,-35.7,30.9,-35.8,30.1
3754.004,-39.7,30.5,-30.7248,31.6,-36.1,30.8,-35.8,30.0
3755.004,-40.0,30.5,-30.552,31.6,-35.7,30.8,-35.8,30.0
3756.004,-39.9,30.5,-30.875999999999998,31.5,-35.7,30.8,-35.9,29.9
3757.004,-36.9,30.4,-30.895199999999996,31.5,-33.0,30.7,-33.4,29.9
3758.004,-27.8,30.5,-31.2168,31.5,-24.2,30.8,-25.6,29.9
3759.004,2.9,31.0,-30.791999999999998,32.0,1.6,31.2,1.6,30.4
3760.004,29.7,30.5,-24.4464,31.6,24.2,30.8,26.6,30.1
3761.004,32.8,30.4,0.5616,31.4,27.9,30.7,32.3,29.9
3762.004,35.7,30.4,26.2872,31.4,31.9,30.7,33.5,29.9
3763.004,36.1,30.6,27.3384,31.5,31.7,30.8,33.9,30.0
3764.006,36.0,30.9,27.5616,31.8,31.5,31.0,33.8,30.1
3765.006,36.4,31.0,26.642400000000002,32.1,31.8,31.3,34.0,30.3
3766.006,36.1,31.1,27.1008,32.3,31.6,31.5,33.9,30.5
3767.006,36.5,31.2,26.803199999999997,32.4,31.9,31.6,34.2,30.7
3768.006,26.8,31.3,27.0936,32.5,23.4,31.8,26.1,30.8
3769.008,-6.1,31.5,-1.3679999999999999,32.7,-2.7,32.0,-5.0,31.0
3770.008,-36.4,31.1,-29.493599999999997,32.4,-30.9,31.6,-32.1,30.7
3771.008,-39.4,30.9,-30.804000000000002,32.1,-35.4,31.4,-36.0,30.4
3772.008,-39.3,30.7,-30.624,31.8,-35.3,31.0,-35.7,30.1
3773.008,-39.6,30.6,-30.964799999999997,31.6,-35.4,30.9,-35.9,30.0
3774.008,-39.6,30.6,-31.2432,31.6,-35.4,30.9,-35.9,30.0
3775.008,-40.0,30.5,-31.1256,31.6,-35.6,30.8,-36.0,30.0
3776.008,-39.8,30.5,-31.341599999999996,31.5,-35.5,30.8,-36.0,30.0
3777.008,-36.7,30.5,-0.0984,31.5,-32.0,30.8,-33.2,29.9
3778.008,-21.4,30.5,27.1536,31.6,-19.3,30.8,-19.9,30.0
3779.008,2.5,31.0,27.0168,32.1,3.1,31.2,3.0,30.4
3780.008,30.2,30.6,27.6072,31.7,24.2,30.8,28.3,30.1
3781.008,33.1,30.4,26.532,31.4,28.2,30.7,31.4,29.9
3782.021,35.7,30.4,26.7552,31.4,31.5,30.7,33.8,30.0
3783.021,36.0,30.7,26.772,31.5,31.6,30.8,33.9,30.0
3784.021,36.1,30.9,26.6664,31.8,31.5,31.0,33.9,30.1
3785.021,36.3,31.1,-1.2288,32.1,31.7,31.3,33.9,30.3
3786.026,36.2,31.1,-29.611199999999997,32.3,31.6,31.6,34.0,30.6
3787.026,36.5,31.2,-30.8664,32.4,31.8,31.7,34.1,30.7
3788.026,24.7,31.3,-30.624,32.5,21.7,31.8,24.1,30.9
3789.026,-19.1,31.4,-30.8784,32.7,-12.6,31.9,-16.2,30.9
3790.026,-39.3,31.1,-30.986399999999996,32.3,-34.6,31.6,-35.2,30.6
3791.026,-39.4,30.8,-30.924,32.0,-35.4,31.3,-35.6,30.4
3792.026,-39.5,30.6,-30.919199999999996,31.7,-35.3,31.0,-36.7,30.1
3793.026,-39.7,30.6,1.7087999999999999,31.6,-35.4,30.9,-38.1,30.1
3794.026,-39.9,30.5,4.848,31.6,-35.4,30.9,-36.1,30.0
3795.026,-40.0,30.5,27.4152,31.6,-35.7,30.8,-36.1,30.0
3796.026,-39.2,30.5,27.2568,31.5,-34.9,30.8,-35.5,29.9
3797.026,-36.9,30.5,27.002399999999998,31.5,-31.4,30.8,-32.7,29.9
3798.038,-6.7,30.7,26.7792,31.8,-7.0,31.0,-7.9,30.1
3799.038,-0.3,31.2,26.740799999999997,32.2,-0.3,31.3,-0.3,30.5
3800.038,0.0,31.4,26.8536,32.4,-0.1,31.5,0.0,30.7
3801.038,12.8,31.2,23.839199999999998,32.4,10.3,31.3,14.5,30.4
3802.038,33.0,30.4,-10.420799999999998,31.4,28.1,30.7,30.5,30.0
3803.038,34.4,30.4,-31.533599999999996,31.4,30.3,30.7,32.9,29.9
3804.038,36.0,30.5,-30.717599999999997,31.4,31.8,30.8,33.9,30.0
3805.057,35.8,30.8,-31.010399999999997,31.7,31.3,30.9,37.7,30.0
3806.057,36.1,31.0,-30.9624,32.0,31.7,31.2,36.8,30.1
3807.057,36.1,31.1,-31.149599999999996,32.2,31.5,31.4,33.9,30.4
3808.057,36.3,31.1,-30.863999999999997,32.3,31.8,31.6,34.1,30.6
3809.057,36.1,31.2,-22.1712,32.4,31.6,31.7,33.9,30.8
3810.057,12.1,31.4,1.1352,32.6,9.8,31.9,11.9,30.9
3811.057,2.0,31.6,28.5816,32.8,1.1,32.1,1.7,31.1
3812.059,-6.9,31.6,27.048,32.9,-3.4,32.1,-6.0,31.1
3813.059,-34.9,31.1,27.326399999999996,32.4,-29.7,31.5,-31.3,30.6
3814.059,-39.5,30.8,24.42,32.0,-35.5,31.3,-35.9,30.4
3815.059,-39.5,30.6,26.9592,31.7,-35.3,31.0,-35.7,30.1
3816.059,-39.7,30.5,26.7912,31.6,-35.5,30.9,-35.8,30.1
3817.059,-39.7,30.5,26.510399999999997,31.6,-35.5,30.8,-35.8,30.0
3818.059,-40.1,30.5,-0.5616,31.6,-35.6,30.8,-35.9,30.0
3819.059,-39.9,30.4,-29.7216,31.5,-35.6,30.8,-35.9,29.9
3820.059,-37.0,30.4,-30.919199999999996,31.5,-32.1,30.7,-32.8,29.9
3821.059,-23.5,30.5,-30.7824,31.6,-20.6,30.8,-21.7,29.9
3822.059,4.3,30.9,-30.8832,32.0,2.7,31.2,3.6,30.3
3823.059,31.2,30.5,-31.310399999999998,31.6,26.3,30.7,30.0,30.0
3824.059,32.9,30.3,-31.152,31.4,28.7,30.7,31.4,29.9
3825.059,35.7,30.4,-30.4992,31.4,31.4,30.7,33.5,29.9
3826.059,35.9,30.7,0.1248,31.5,31.7,30.8,33.8,30.0
3827.059,36.1,30.9,23.6544,31.8,31.6,31.0,33.8,30.1
3828.059,36.2,31.0,27.0264,32.2,31.6,31.3,33.8,30.3
3829.059,36.1,31.1,27.5016,32.3,31.7,31.5,33.9,30.6
3830.059,36.4,31.2,26.572799999999997,32.4,31.8,31.7,34.0,30.7
3831.059,22.9,31.3,26.688,32.5,20.4,31.8,23.1,30.9
3832.059,-19.5,31.4,26.6712,32.7,-13.2,31.9,-16.6,30.9
3833.059,-39.4,31.0,26.695199999999996,32.3,-34.8,31.6,-35.2,30.6
3834.059,-39.5,30.8,-1.7855999999999999,32.0,-35.6,31.2,-35.8,30.3
3835.059,-39.6,30.6,-29.7816,31.7,-35.5,31.0,-35.7,30.1
3836.071,-39.7,30.5,-30.8376,31.6,-35.5,30.9,-35.8,30.1
3837.071,-39.9,30.5,-30.7416,31.6,-35.6,30.8,-35.9,30.0
3838.071,-40.0,30.5,-30.895199999999996,31.6,-35.8,30.8,-36.0,30.0
3839.071,-39.1,30.4,-31.176,31.5,-34.9,30.8,-35.3,29.9
3840.071,-37.0,30.4,-30.7824,31.5,-31.6,30.8,-33.0,29.9
3841.071,-6.8,30.7,-31.034399999999998,31.8,-7.1,31.0,-7.3,30.1
3842.072,16.0,30.8,1.9368,32.0,12.0,31.1,12.9,30.3
3843.072,33.2,30.4,9.304799999999998,31.4,27.9,30.7,31.2,29.9
3844.072,34.4,30.4,27.194399999999998,31.4,30.6,30.7,32.8,29.9
3845.072,35.8,30.5,27.2304,31.5,31.7,30.8,33.8,30.0
3846.072,35.9,30.8,26.6328,31.7,31.6,30.9,33.8,30.0
3847.072,36.4,31.0,26.584799999999998,32.0,31.6,31.2,33.8,30.2
3848.072,36.3,31.1,26.618399999999998,32.3,31.6,31.4,33.7,30.4
3849.072,36.2,31.1,26.558400000000002,32.4,31.8,31.6,34.0,30.6
3850.072,36.1,31.2,21.432,32.5,31.6,31.7,33.8,30.8
3851.072,8.8,31.4,-10.516799999999998,32.6,7.7,31.9,9.3,31.0
3852.072,-24.3,31.4,-30.895199999999996,32.7,-17.5,31.9,-20.6,30.9
3853.072,-39.7,31.0,-30.54,32.3,-35.2,31.5,-35.6,30.6
3854.072,-39.7,30.8,-30.8904,31.9,-35.6,31.1,-35.8,30.3
3855.072,-39.9,30.6,-30.7896,31.7,-35.5,30.9,-35.8,30.1
3856.072,-40.1,30.6,-31.2168,31.6,-35.6,30.9,-35.9,30.1
3857.072,-40.3,30.5,-30.8592,31.6,-35.6,30.8,-35.9,30.0
3858.072,-40.4,30.5,-21.7392,31.6,-35.7,30.8,-36.0,30.0
3859.072,-38.6,30.5,1.1543999999999999,31.5,-33.8,30.8,-34.4,29.9
3860.075,-36.3,30.5,27.6312,31.5,-31.3,30.8,-32.5,29.9
3861.075,-2.6,30.8,27.0552,31.9,-2.0,31.1,-2.5,30.2
3862.075,16.8,30.9,27.079199999999997,32.0,15.7,31.0,18.1,30.2
3863.075,32.8,30.4,26.7456,31.5,27.7,30.7,30.9,29.9
3864.075,35.3,30.4,26.6928,31.4,30.9,30.7,33.3,29.9
3865.075,36.1,30.5,26.8896,31.5,31.8,30.8,33.7,30.0
3866.075,36.0,30.9,26.4624,31.8,31.5,30.9,33.8,30.1
3867.075,36.3,31.0,-0.0336,32.1,31.6,31.2,33.8,30.2
3868.075,36.2,31.1,-29.788800000000002,32.3,31.5,31.5,33.6,30.5
3869.075,36.4,31.2,-30.746399999999998,32.4,31.9,31.7,34.1,30.7
3870.075,35.2,31.2,-30.8352,32.5,30.4,31.8,32.8,30.8
3871.075,-3.4,31.4,-30.9528,32.7,0.3,32.0,-1.1,30.9
3872.075,-35.7,31.2,-31.3128,32.5,-30.3,31.7,-31.3,30.7
3873.075,-39.5,30.9,-31.0992,32.2,-35.6,31.4,-35.9,30.5
3874.075,-39.5,30.7,-30.657599999999995,31.8,-35.5,31.0,-35.7,30.2
3875.075,-39.7,30.6,0.043199999999999995,31.7,-35.6,30.9,-35.9,30.1
3876.075,-39.8,30.6,25.4136,31.6,-35.5,30.9,-35.9,30.0
3877.075,-40.3,30.5,27.5448,31.6,-35.8,30.9,-36.0,30.0
3878.075,-40.2,30.5,27.554399999999998,31.6,-35.7,30.8,-35.9,30.0
3879.075,-36.9,30.5,26.5704,31.6,-31.7,30.8,-32.7,29.9
3880.075,-21.2,30.5,26.6352,31.7,-18.8,30.8,-19.2,30.0
3881.075,-1.1,31.0,26.949599999999997,32.1,-0.8,31.2,-0.8,30.4
3882.075,-0.2,31.3,26.6136,32.3,-0.1,31.5,-0.2,30.6
3883.075,-0.1,31.5,-4.7928,32.5,0.0,31.6,-0.2,30.7
3884.075,11.0,31.3,-29.668799999999997,32.5,8.9,31.4,10.5,30.6
3885.075,32.8,30.4,-30.8448,31.5,27.6,30.7,30.6,30.0
3886.075,34.2,30.4,-30.602399999999996,31.4,29.6,30.7,32.7,29.9
3887.075,36.0,30.5,-30.9456,31.5,31.7,30.8,33.8,30.0
3888.075,35.9,30.8,-30.921599999999998,31.7,31.6,30.9,33.9,30.0
3889.075,36.2,31.0,-30.9432,32.0,31.6,31.1,33.8,30.2
3890.075,36.3,31.1,-30.919199999999996,32.2,31.7,31.4,33.9,30.4
3891.075,36.2,31.1,2.3568,32.4,31.7,31.6,33.8,30.6
3892.075,36.5,31.2,19.0176,32.5,31.9,31.7,34.1,30.8
3893.075,11.2,31.4,27.417599999999997,32.6,11.1,31.9,12.2,30.9
3894.075,-25.4,31.3,27.468,32.7,-18.5,31.9,-21.9,30.9
3895.076,-39.5,31.0,26.7288,32.3,-35.1,31.5,-35.5,30.6
3896.076,-39.6,30.8,26.810399999999998,31.9,-35.6,31.1,-35.8,30.3
3897.076,-39.9,30.6,26.772,31.7,-35.6,30.9,-35.7,30.1
3898.076,-40.2,30.5,26.855999999999998,31.6,-35.6,30.9,-35.8,30.0
3899.076,-40.3,30.5,19.4088,31.6,-35.7,30.8,-35.8,30.0
3900.076,-40.3,30.5,-13.1448,31.6,-36.4,30.8,-35.9,30.0
3901.076,-38.2,30.4,-30.875999999999998,31.5,-34.1,30.8,-34.2,29.9
3902.076,-35.0,30.4,-30.683999999999997,31.5,-30.0,30.8,-31.1,29.9
3903.076,-0.4,30.8,-30.847199999999997,31.9,-1.7,31.1,-1.6,30.2
3904.076,22.6,30.7,-30.8208,31.9,17.6,31.0,21.5,30.2
3905.076,32.6,30.4,-31.0128,31.4,27.6,30.7,30.9,29.9
3906.076,35.3,30.4,-30.9048,31.4,32.8,30.7,33.4,29.9
3907.076,36.1,30.5,-22.185599999999997,31.5,31.9,30.8,33.9,30.0
3908.076,36.0,30.9,0.5831999999999999,31.8,31.5,31.0,33.8,30.1
3909.076,36.3,31.1,27.043200000000002,32.1,31.6,31.3,33.8,30.3
3910.076,36.2,31.2,27.215999999999998,32.3,31.6,31.5,33.9,30.5
3911.076,36.4,31.2,27.252,32.5,31.7,31.7,33.9,30.7
3912.076,34.1,31.3,26.5512,32.5,29.6,31.8,32.1,30.8
3913.076,2.7,31.5,26.7672,32.8,3.9,32.0,3.8,31.0
3914.076,-30.9,31.3,26.5776,32.6,-24.9,31.8,-27.8,30.8
3915.076,-39.5,31.0,26.6928,32.3,-35.4,31.5,-35.7,30.6
3916.076,-39.5,30.7,-0.0168,31.9,-35.6,31.1,-35.8,30.2
3917.076,-39.7,30.6,-29.9448,31.7,-35.9,30.9,-35.8,30.1
3918.076,-39.8,30.6,-30.919199999999996,31.7,-35.8,30.9,-35.8,30.1
3919.076,-40.0,30.5,-30.921599999999998,31.6,-35.7,30.9,-35.8,30.0
3920.076,-40.0,30.5,-30.9168,31.6,-35.8,30.9,-35.9,30.0
3921.076,-37.3,30.5,-31.247999999999998,31.6,-32.9,30.8,-33.6,29.9
3922.076,-30.0,30.5,-31.0608,31.6,-26.4,30.8,-27.3,30.0
3923.076,1.5,31.0,-29.987999999999996,32.0,1.1,31.2,1.1,30.4
3924.076,27.5,30.6,-0.05279999999999999,31.8,22.4,30.9,25.7,30.2
3925.076,32.0,30.4,25.6392,31.5,28.6,30.7,31.2,30.0
3926.076,35.6,30.4,27.086399999999998,31.5,31.5,30.8,33.5,30.0
3927.076,36.1,30.7,27.5136,31.6,31.7,30.8,33.8,30.0
3928.076,36.0,30.9,26.6616,31.9,31.5,31.0,33.9,30.1
3929.076,36.3,31.1,26.592,32.2,31.7,31.3,33.8,30.4
3930.076,36.3,31.2,26.904,32.4,31.6,31.6,33.8,30.6
3931.112,36.3,31.2,26.639999999999997,32.5,31.8,31.7,33.9,30.8
3932.112,27.6,31.3,-6.9456,32.6,24.5,31.9,27.0,30.9
3933.112,-17.6,31.4,-30.079199999999997,32.8,-11.0,32.0,-14.5,31.0
3934.112,-39.1,31.1,-30.7272,32.5,-34.0,31.7,-34.7,30.7
3935.112,-39.4,30.9,-30.657599999999995,32.1,-35.5,31.3,-35.8,30.4
3936.112,-39.5,30.7,-30.8232,31.8,-35.4,31.0,-35.7,30.2
3937.112,-39.7,30.6,-31.1904,31.7,-35.6,30.9,-35.8,30.1
3938.112,-39.8,30.6,-31.0368,31.7,-35.5,30.9,-35.8,30.1
3939.112,-40.0,30.6,-31.0824,31.6,-36.0,30.9,-36.0,30.1
3940.112,-39.3,30.5,0.6768,31.6,-35.1,30.9,-35.4,30.0
3941.112,-37.0,30.5,16.247999999999998,31.6,-31.7,30.8,-32.6,30.0
3942.112,-9.2,30.7,27.1656,31.8,-8.2,31.0,-8.1,30.2
3943.112,14.4,30.9,27.612000000000002,32.1,11.0,31.2,11.9,30.4
3944.112,33.1,30.5,26.234399999999997,31.5,28.1,30.8,31.1,30.0
3945.112,34.2,30.4,26.6904,31.5,29.8,30.8,32.6,30.0
3946.112,36.0,30.5,26.5224,31.5,31.6,30.8,33.6,30.0
3947.112,35.9,30.9,26.736,31.8,31.5,31.0,34.1,30.1
3948.112,36.3,31.1,8.090399999999999,32.1,31.7,31.2,33.8,30.3
3949.112,36.2,31.2,-21.4752,32.3,31.5,31.5,33.7,30.5
3950.112,36.5,31.2,-30.887999999999998,32.4,31.9,31.7,34.0,30.7
3951.113,36.3,31.3,-30.8136,32.5,31.7,31.8,33.8,30.8
3952.113,5.6,31.5,-30.847199999999997,32.7,7.6,32.0,6.9,31.0
3953.113,-31.4,31.3,-30.8136,32.7,-25.1,31.8,-27.4,30.9
3954.113,-39.7,31.0,-31.0512,32.3,-35.1,31.6,-35.7,30.6
3955.113,-39.7,30.8,-30.8064,32.0,-36.5,31.2,-35.7,30.2
3956.113,-39.9,30.7,-10.9152,31.8,-35.5,31.0,-35.7,30.1
3957.113,-40.0,30.6,1.7015999999999998,31.7,-35.7,31.0,-35.8,30.1
3958.113,-40.3,30.6,27.5016,31.7,-35.8,31.0,-35.8,30.1
3959.113,-40.2,30.6,27.0528,31.7,-35.8,30.9,-35.9,30.0
3960.113,-37.7,30.5,26.848799999999997,31.6,-32.8,30.8,-33.1,30.0
3961.113,-27.2,30.6,26.7384,31.7,-25.1,30.8,-26.3,30.0
3962.113,3.7,31.0,26.510399999999997,32.1,2.3,31.2,1.4,30.4
3963.113,30.8,30.6,26.630399999999998,31.7,25.6,30.9,30.1,30.1
3964.113,33.1,30.5,25.6104,31.5,28.9,30.8,31.1,30.0
3965.113,35.7,30.5,0.2424,31.6,31.5,30.8,33.5,30.1
3966.113,36.1,30.8,-30.801599999999997,31.7,31.6,30.9,33.8,30.1
3967.113,36.2,31.0,-30.5424,32.0,31.6,31.1,33.8,30.2
3968.113,36.4,31.2,-30.936,32.3,31.8,31.4,33.8,30.4
3969.113,36.2,31.2,-30.986399999999996,32.4,31.6,31.6,33.9,30.7
3970.113,36.5,31.3,-31.439999999999998,32.5,31.8,31.8,34.0,30.8
3971.113,26.5,31.4,-30.804000000000002,32.7,22.9,31.9,25.6,30.9
3972.113,-5.4,31.6,-27.4464,32.9,-2.1,32.1,-4.3,31.1
3973.113,-35.3,31.3,-0.0792,32.6,-29.8,31.8,-31.2,30.8
3974.113,-39.8,31.0,25.624799999999997,32.2,-35.5,31.5,-35.8,30.6
3975.113,-41.7,30.7,26.8176,31.9,-35.8,31.1,-35.4,30.3
3976.113,-40.1,30.6,27.3648,31.8,-36.0,31.0,-35.8,30.2
3977.113,-40.1,30.6,26.8296,31.7,-36.5,31.0,-38.5,30.1
3978.113,-40.5,30.6,26.6352,31.7,-35.8,31.0,-37.1,30.1
3979.113,-40.2,30.6,26.3136,31.7,-35.8,30.9,-35.9,30.1
3980.113,-37.3,30.6,26.5824,31.7,-32.3,30.9,-33.3,30.0
3981.113,-21.0,30.6,-4.216799999999999,31.7,-19.6,30.9,-19.8,30.1
3982.113,5.8,31.1,-29.980800000000002,32.2,3.7,31.3,4.4,30.5
3983.113,31.1,30.6,-30.828,31.7,25.9,30.9,29.3,30.1
3984.113,33.1,30.5,-30.5664,31.5,29.5,30.8,31.3,30.0
3985.113,35.8,30.5,-30.66,31.6,31.7,30.8,33.6,30.0
3986.113,35.8,30.7,-31.1664,31.7,31.4,30.9,36.6,30.1
3987.113,39.2,31.0,-30.964799999999997,32.0,31.9,31.1,35.9,30.2
3988.113,36.2,31.2,-31.0296,32.3,31.6,31.5,34.6,30.5
3989.114,36.2,31.3,0.08879999999999999,32.5,31.8,31.7,34.0,30.7
3990.114,36.4,31.3,20.9736,32.6,31.8,31.8,34.0,30.8
3991.114,23.6,31.4,27.086399999999998,32.7,20.8,31.9,23.9,31.0
3992.114,-11.6,31.6,27.6048,32.9,-7.0,32.1,-9.8,31.1
3993.114,-38.8,31.2,26.3808,32.5,-33.5,31.7,-33.4,30.8
3994.114,-39.6,31.0,26.5896,32.2,-35.7,31.4,-39.5,30.5
3995.114,-39.6,30.7,26.464799999999997,31.9,-35.5,31.1,-36.3,30.2
3996.114,-39.8,30.7,26.5992,31.8,-35.6,31.0,-36.8,30.2
3997.114,-39.9,30.6,8.6568,31.7,-35.6,31.0,-35.8,30.1
3998.114,-40.1,30.6,-20.7528,31.7,-35.9,31.0,-35.9,30.1
3999.114,-39.7,30.6,-30.8592,31.7,-35.6,30.9,-35.7,30.1
4000.114,-36.7,30.6,-30.6408,31.7,-31.4,30.9,-33.1,30.0
4001.114,-13.5,30.7,-30.816,31.8,-13.0,31.0,-12.3,30.2
4002.114,14.7,31.0,-30.839999999999996,32.2,11.4,31.2,14.2,30.3
4003.114,32.7,30.5,-31.094399999999997,31.6,27.7,30.8,30.5,30.1
4004.114,34.5,30.5,-30.8424,31.6,30.4,30.8,33.1,30.0
4005.114,36.1,30.6,-9.144,31.6,31.7,30.9,34.7,30.1
4006.114,35.9,30.9,2.0423999999999998,31.8,31.6,31.0,33.9,30.1
4007.114,36.3,31.1,27.312,32.1,31.6,31.3,33.6,30.2
4008.114,36.2,31.2,27.2232,32.4,31.6,31.6,34.1,30.4
4009.114,36.2,31.3,26.916,32.5,31.7,31.7,32.1,30.8
4010.114,36.3,31.3,26.7672,32.6,31.8,31.8,32.3,30.9
4011.114,7.1,31.5,26.6928,32.8,7.9,32.0,8.1,31.1
4012.114,-29.9,31.4,26.6832,32.7,-23.6,31.9,-25.9,30.9
4013.114,-39.5,31.1,25.533599999999996,32.4,-35.3,31.6,-35.5,30.7
4014.114,-39.5,30.8,-0.0696,32.0,-35.5,31.2,-35.5,30.3
4015.114,-39.8,30.7,-30.6432,31.8,-35.5,31.1,-35.5,30.2
4016.114,-39.9,30.7,-30.54,31.8,-35.6,31.0,-35.4,30.1
4017.114,-40.1,30.7,-30.964799999999997,31.7,-35.7,31.0,-35.6,30.1
4018.114,-40.1,30.6,-30.9048,31.7,-35.8,30.9,-35.5,30.1
4019.114,-37.2,30.6,-31.404,31.7,-33.0,30.9,-33.3,30.0
4020.114,-31.2,30.6,-30.9288,31.7,-27.3,30.9,-28.2,30.0
4021.114,2.1,31.0,-26.76,32.1,0.3,31.2,1.9,30.4
4022.114,29.8,30.7,-0.34079999999999994,31.9,24.8,30.9,28.2,30.1
4023.114,32.7,30.5,25.478399999999997,31.6,27.7,30.8,31.1,30.0
4024.114,35.7,30.5,26.8296,31.6,31.5,30.9,34.0,30.0
4025.114,36.3,30.8,27.4152,31.7,31.7,30.9,33.9,30.1
4026.114,36.0,31.0,26.5512,32.0,31.5,31.2,33.8,30.2
4027.114,36.4,31.2,26.7984,32.3,31.7,31.5,34.0,30.4
4028.114,36.1,31.3,26.5656,32.5,31.5,31.7,33.9,30.7
4029.114,36.4,31.3,26.8008,32.6,31.9,31.8,34.1,30.8
4030.114,26.8,31.4,-4.596,32.7,23.6,32.0,26.2,31.0
4031.114,-7.2,31.6,-29.788800000000002,32.9,-3.5,32.1,-6.0,31.1
4032.114,-36.1,31.3,-30.926399999999997,32.6,-30.1,31.8,-31.4,30.8
4033.114,-39.6,31.1,-30.7248,32.3,-35.6,31.5,-35.5,30.6
4034.114,-39.5,30.8,-30.775199999999998,31.9,-35.8,31.1,-35.5,30.3
4035.114,-39.8,30.7,-31.3272,31.8,-37.5,31.0,-35.6,30.1
4036.114,-39.8,30.7,-30.976799999999997,31.8,-35.5,31.0,-35.4,30.1
4037.114,-40.2,30.6,-31.163999999999998,31.8,-35.9,31.0,-35.6,30.1
4038.114,-39.9,30.6,0.28319999999999995,31.7,-35.8,31.0,-35.6,30.1
4039.114,-36.9,30.6,20.008799999999997,31.7,-32.6,30.9,-32.8,30.1
4040.114,-22.8,30.7,26.8248,31.8,-19.6,31.0,-20.2,30.1
4041.114,4.6,31.1,27.4152,32.3,3.7,31.3,4.8,30.5
4042.114,31.5,30.6,26.268,31.7,26.3,30.9,29.6,30.1
4043.114,33.3,30.5,26.592,31.6,29.4,30.9,31.8,30.1
4044.114,36.0,30.5,26.4528,31.6,31.9,30.9,33.5,30.1
4045.114,36.1,30.9,26.6664,31.7,31.6,31.0,33.8,30.1
4046.114,36.2,31.1,4.0056,32.1,31.6,31.2,33.9,30.3
4047.114,36.4,31.2,-25.749599999999997,32.3,32.1,31.5,33.9,30.5
4048.114,36.2,31.3,-30.8664,32.5,32.0,31.8,33.9,30.7
4049.114,36.5,31.3,-30.818399999999997,32.6,31.9,31.8,34.2,30.9
4050.114,21.6,31.4,-30.9528,32.7,19.4,32.0,22.5,31.0
4051.114,-20.4,31.5,-30.8736,32.9,-14.2,32.1,-17.5,31.0
4052.114,-39.4,31.2,-31.008,32.5,-34.9,31.7,-34.9,30.8
4053.114,-41.7,30.9,-30.955199999999998,32.1,-35.6,31.4,-35.7,30.5
4054.114,-44.5,30.7,-4.4712,31.9,-35.5,31.1,-35.6,30.2
4055.114,-40.4,30.7,9.935999999999998,31.8,-35.6,31.1,-35.6,30.2
4056.114,-40.5,30.6,27.42,31.8,-35.7,31.0,-35.6,30.1
4057.114,-40.6,30.6,27.468,31.8,-35.9,31.0,-35.8,30.1
4058.114,-39.8,30.6,26.808,31.7,-34.8,31.0,-35.0,30.1
4059.114,-37.4,30.6,26.9088,31.7,-31.7,30.9,-32.6,30.0
4060.114,-6.7,30.9,26.695199999999996,31.9,-6.9,31.1,-7.5,30.2
4061.114,14.3,31.1,26.8752,32.2,10.2,31.3,12.1,30.4
4062.114,33.4,30.6,22.8984,31.6,27.8,30.9,31.2,30.1
4063.114,35.6,30.5,-6.2856000000000005,31.6,29.9,30.9,33.1,30.0
4064.114,37.1,30.6,-30.729599999999998,31.6,31.7,30.9,33.9,30.1
4065.114,37.0,30.9,-30.710399999999996,31.8,31.5,31.0,33.8,30.2
4066.114,37.3,31.1,-30.794399999999996,32.2,31.7,31.3,34.0,30.3
4067.114,37.2,31.2,-30.8616,32.4,31.5,31.6,34.8,30.6
4068.114,37.4,31.3,-31.2528,32.5,31.8,31.8,34.1,30.8
4069.114,37.4,31.3,-30.683999999999997,32.6,31.7,31.9,34.1,30.9
4070.114,4.5,31.5,-24.664799999999996,32.8,6.5,32.1,5.4,31.1
4071.114,-31.5,31.4,0.192,32.7,-25.4,31.9,-27.4,30.9
4072.114,-40.5,31.1,26.1672,32.4,-35.5,31.6,-35.5,30.6
4073.114,-46.8,30.8,27.487199999999998,32.0,-35.9,31.3,-35.4,30.3
4074.114,-41.3,30.7,26.985599999999998,31.8,-35.8,31.1,-35.5,30.2
4075.114,-41.4,30.7,27.0048,31.8,-35.8,31.0,-35.5,30.2
4076.114,-41.8,30.6,26.9448,31.8,-35.9,31.0,-35.5,30.2
4077.114,-41.7,30.6,27.1584,31.7,-35.7,31.0,-35.6,30.1
4078.114,-38.7,30.6,26.6736,31.7,-32.6,30.9,-32.9,30.1
4079.114,-27.7,30.6,-2.2967999999999997,31.8,-24.9,31.0,-25.2,30.1
4080.114,3.2,31.1,-29.7168,32.2,3.1,31.3,3.1,30.5
4081.114,30.6,30.7,-30.892799999999998,31.9,24.9,30.9,29.0,30.1
4082.114,34.6,30.5,-30.6048,31.6,28.2,30.9,30.9,30.1
4083.114,37.2,30.5,-30.710399999999996,31.6,31.4,30.9,33.7,30.1
4084.114,37.5,30.8,-31.236,31.7,31.6,31.0,33.9,30.1
4085.114,37.6,31.1,-31.1208,32.1,31.6,31.2,34.0,30.2
4086.114,37.8,31.2,-30.936,32.3,31.6,31.5,33.9,30.5
4087.114,37.6,31.3,-0.44639999999999996,32.5,31.6,31.7,33.9,30.7
4088.114,37.8,31.3,23.0928,32.6,31.9,31.9,34.1,30.8
4089.114,24.1,31.4,27.2688,32.7,21.1,32.0,24.0,31.0
4090.114,-18.8,31.5,27.616799999999998,32.9,-11.7,32.1,-15.1,31.1
4091.114,-40.9,31.2,26.8608,32.6,-34.4,31.8,-34.7,30.8
4092.114,-41.0,30.9,26.8368,32.2,-35.8,31.4,-36.8,30.5
4093.114,-41.2,30.7,26.601599999999998,31.9,-36.1,31.1,-35.5,30.3
4094.114,-41.4,30.7,26.923199999999998,31.8,-35.6,31.0,-35.5,30.2
4095.114,-41.5,30.7,1.5696,31.8,-36.2,31.0,-35.5,30.1
4096.114,-41.7,30.7,-28.5144,31.8,-35.9,31.0,-35.7,30.1
4097.114,-41.2,30.6,-30.9288,31.7,-35.0,31.0,-35.0,30.1
4098.114,-38.1,30.6,-30.700799999999997,31.7,-31.8,31.0,-32.6,30.1
4099.114,-7.0,30.9,-30.921599999999998,32.0,-7.0,31.2,-7.2,30.3
4100.114,10.5,31.1,-30.909599999999998,32.4,6.6,31.4,6.4,30.6
4101.114,32.9,30.6,-30.7656,31.7,27.4,30.9,30.5,30.1
4102.114,35.6,30.5,-30.9144,31.6,29.3,30.9,32.0,30.1
4103.114,37.5,30.6,-5.1216,31.6,31.5,30.9,33.7,30.1
4104.114,37.4,30.9,13.4736,31.8,31.4,31.0,33.7,30.1
4105.114,37.8,31.1,27.4848,32.1,33.1,31.3,34.0,30.3
4106.114,37.8,31.2,27.4464,32.4,31.6,31.6,33.8,30.5
4107.114,37.7,31.3,26.7912,32.5,31.6,31.8,33.9,30.7
4108.114,37.9,31.4,26.976,32.7,31.9,31.9,34.1,30.9
4109.114,17.8,31.5,26.7144,32.8,15.1,32.1,18.6,31.0
4110.114,-21.8,31.5,26.831999999999997,32.9,-15.1,32.1,-17.5,31.1
4111.114,-40.7,31.2,22.972799999999996,32.5,-34.9,31.8,-34.4,30.8
4112.114,-41.0,30.9,-8.6856,32.2,-35.6,31.4,-38.0,30.5
4113.114,-41.2,30.8,-30.6072,31.9,-35.5,31.1,-36.1,30.3
4114.114,-41.4,30.7,-30.7416,31.8,-35.6,31.1,-35.5,30.2
4115.114,-41.5,30.7,-30.871199999999998,31.8,-35.6,31.1,-35.5,30.2
4116.114,-41.7,30.7,-31.084799999999998,31.8,-35.8,31.0,-35.6,30.1
4117.114,-41.0,30.6,-31.526399999999995,31.7,-34.4,31.0,-36.0,30.1
4118.114,-37.8,30.6,-30.9528,31.7,-31.7,30.9,-32.9,30.1
4119.114,-6.0,30.9,-24.4224,32.0,-5.0,31.2,-5.9,30.3
4120.114,15.0,31.0,0.6744,32.2,10.5,31.3,13.1,30.5
4121.114,33.7,30.6,27.4464,31.6,27.6,30.9,30.3,30.1
4122.114,36.1,30.6,26.9832,31.6,29.9,30.9,32.9,30.1
4123.114,37.5,30.6,26.7696,31.6,31.6,30.9,33.8,30.1
4124.114,37.6,31.0,26.8152,31.8,31.5,31.1,33.9,30.2
4125.114,37.8,31.2,26.555999999999997,32.2,31.5,31.3,36.1,30.3
4126.114,37.9,31.3,26.935200000000002,32.5,31.5,31.6,37.4,30.5
4127.114,37.7,31.3,26.548799999999996,32.6,31.7,31.8,34.2,30.8
4128.114,37.9,31.4,-1.0872,32.7,31.7,31.9,33.9,31.0
4129.114,10.1,31.6,-29.6664,32.9,9.3,32.1,10.0,31.1
4130.114,-26.3,31.5,-30.9456,32.9,-18.2,32.1,-21.5,31.1
4131.114,-41.0,31.2,-30.683999999999997,32.5,-35.0,31.7,-35.3,30.8
4132.116,-41.0,30.9,-30.734399999999997,32.1,-35.6,31.3,-35.5,30.4
4133.116,-41.2,30.8,-31.231199999999998,31.9,-35.5,31.1,-35.4,30.3
4134.116,-41.4,30.7,-31.152,31.8,-35.6,31.0,-35.5,30.2
4135.116,-41.6,30.7,-30.964799999999997,31.8,-35.6,31.0,-35.5,30.2
4136.118,-41.7,30.7,-0.4296,31.8,-35.8,31.0,-35.6,30.1
4137.118,-40.5,30.6,22.7976,31.7,-33.9,31.0,-34.1,30.1
4138.118,-36.5,30.6,27.2136,31.7,-30.8,31.0,-31.9,30.1
4139.118,0.6,30.9,27.4608,32.1,-2.1,31.2,-1.2,30.4
4140.118,24.9,30.8,26.747999999999998,32.1,19.5,31.1,22.8,30.3
4141.118,34.1,30.6,26.592,31.6,27.3,30.9,31.1,30.1
4142.118,37.0,30.6,26.810399999999998,31.6,31.4,30.9,33.5,30.1
4143.118,37.7,30.8,26.731199999999998,31.7,31.8,31.0,33.9,30.2
4144.118,37.4,31.1,-1.2936,32.0,31.4,31.2,33.8,30.2
4145.118,37.9,31.2,-28.08,32.3,31.8,31.5,34.0,30.4
4146.118,37.7,31.3,-30.924,32.5,31.4,31.7,33.7,30.7
4147.118,37.8,31.4,-30.902399999999997,32.6,31.8,31.9,34.1,30.8
4148.118,34.1,31.4,-32.592,32.7,28.7,32.0,31.3,31.0
4149.118,-6.8,31.6,-31.000799999999998,32.9,-2.3,32.2,-4.6,31.1
4150.118,-38.7,31.3,-31.067999999999998,32.7,-31.4,31.9,-32.2,30.9
4151.118,-41.9,31.1,-30.986399999999996,32.4,-35.5,31.6,-35.6,30.7
4152.118,-41.2,30.9,-0.0288,32.0,-35.4,31.3,-35.4,30.4
4153.118,-41.5,30.8,12.5136,31.9,-35.6,31.1,-35.7,30.3
4154.118,-41.4,30.7,27.0168,31.8,-35.5,31.1,-35.5,30.2
4155.118,-41.9,30.7,36.285599999999995,31.8,-35.7,31.1,-35.6,30.2
4156.118,-41.6,30.7,26.352,31.8,-35.7,31.0,-35.6,30.1
4157.118,-38.1,30.6,26.7792,31.8,-31.8,31.0,-32.4,30.1
4158.118,-19.3,30.7,26.2392,31.9,-17.5,31.0,-18.8,30.2
4159.118,4.4,31.2,26.810399999999998,32.3,1.8,31.4,4.3,30.5
4160.118,32.1,30.7,20.7744,31.9,27.1,31.0,30.1,30.2
4161.118,34.9,30.6,-7.531199999999999,31.7,27.8,30.9,31.0,30.1
4162.118,37.3,30.6,-30.8736,31.7,31.6,30.9,34.0,30.1
4163.118,37.5,30.9,-30.6744,31.8,31.5,31.0,33.7,30.2
4164.118,37.7,31.1,-30.971999999999998,32.1,31.8,31.3,34.1,30.3
4165.118,37.8,31.3,-30.763199999999998,32.4,31.5,31.5,33.6,30.5
4166.118,37.7,31.4,-31.344,32.6,31.7,31.8,34.0,30.8
4167.118,37.8,31.4,-30.7512,32.7,31.8,31.9,34.0,30.9
4168.118,25.9,31.5,-22.9152,32.8,22.1,32.0,24.3,31.1
4169.118,-14.2,31.6,0.504,33.0,-8.2,32.2,-11.5,31.1
4170.118,-40.6,31.3,26.3616,32.6,-33.5,31.8,-34.4,30.8
4171.118,-41.1,31.0,27.3696,32.3,-35.7,31.5,-35.8,30.6
4172.118,-41.2,30.8,26.9928,32.0,-36.1,31.2,-35.4,30.3
4173.118,-41.5,30.8,26.9928,31.9,-37.3,31.1,-35.6,30.3
4174.118,-41.5,30.7,26.7072,31.9,-35.7,31.1,-35.6,30.2
4175.118,-41.8,30.7,26.8464,31.8,-35.9,31.1,-35.7,30.2
4176.118,-41.5,30.7,26.8272,31.8,-35.6,31.0,-35.4,30.1
4177.118,-38.2,30.7,-0.8832,31.8,-31.9,31.0,-32.2,30.1
4178.118,-12.2,30.8,-29.6448,31.9,-11.7,31.1,-12.3,30.3
4179.118,12.4,31.1,-30.794399999999996,32.3,8.8,31.4,9.8,30.6
4180.118,33.9,30.6,-30.7056,31.7,27.3,31.0,31.0,30.2
4181.118,35.6,30.6,-30.863999999999997,31.7,30.1,30.9,32.2,30.1
4182.118,37.6,30.7,-31.2672,31.7,31.6,31.0,33.9,30.2
4183.118,37.7,31.0,-31.084799999999998,31.9,31.6,31.1,33.9,30.2
4184.118,38.1,31.2,-30.739199999999997,32.2,31.6,31.3,33.8,30.4
4185.118,38.0,31.3,-0.2976,32.5,31.6,31.6,33.9,30.6
4186.118,37.9,31.4,25.548,32.6,32.0,31.9,33.9,30.8
4187.118,38.2,31.4,27.2856,32.7,32.0,32.0,34.2,31.0
4188.118,9.1,31.6,27.6024,32.9,10.2,32.1,10.0,31.1
4189.118,-31.8,31.5,26.6352,32.9,-24.5,32.0,-26.6,31.0
4190.118,-41.1,31.2,26.997600000000002,32.5,-35.0,31.7,-35.5,30.7
4191.118,-41.2,30.9,26.5248,32.1,-35.4,31.3,-36.8,30.4
4192.12,-41.3,30.8,26.9736,32.0,-35.2,31.1,-35.4,30.3
4193.12,-41.4,30.8,-5.5728,31.9,-35.2,31.1,-35.5,30.2
4194.12,-41.8,30.7,-29.4,31.8,-35.3,31.1,-35.5,30.2
4195.12,-41.6,30.7,-30.748799999999996,31.8,-36.6,31.0,-35.5,30.2
4196.12,-39.1,30.7,-30.8064,31.8,-33.1,31.0,-33.2,30.1
4197.12,-30.5,30.7,-31.370399999999997,31.8,-25.8,31.0,-25.9,30.1
4198.12,0.2,31.2,-31.1928,32.3,-0.4,31.4,-0.8,30.5
4199.12,26.4,30.9,-30.909599999999998,32.0,21.0,31.1,22.4,30.4
4200.12,34.1,30.6,-31.0248,31.7,27.6,30.9,31.6,30.1
4201.12,37.5,30.6,1.7424,31.7,32.1,31.0,33.4,30.1
4202.12,37.8,30.9,16.5096,31.8,32.1,31.0,33.9,30.2
4203.12,37.6,31.1,27.3552,32.1,31.5,31.2,33.7,30.3
4204.12,38.2,31.3,27.333599999999997,32.4,31.8,31.5,33.9,30.5
4205.12,37.7,31.4,26.776799999999998,32.5,31.5,31.7,33.8,30.7
4206.12,38.1,31.4,26.6832,32.7,32.0,31.9,34.2,30.9
4207.12,32.9,31.5,26.851200000000002,32.8,27.6,32.0,30.4,31.0
4208.12,-7.9,31.7,26.8632,33.0,-3.1,32.2,-5.1,31.2
4209.12,-39.1,31.4,17.831999999999997,32.7,-31.3,31.9,-32.2,30.9
4210.12,-41.3,31.1,-11.467199999999998,32.4,-35.9,31.6,-35.5,30.6
4211.12,-41.3,30.9,-30.909599999999998,32.0,-36.8,31.3,-35.3,30.4
4212.12,-41.5,30.8,-30.847199999999997,31.9,-36.1,31.1,-35.4,30.3
4213.12,-41.5,30.8,-31.1664,31.9,-35.5,31.1,-35.4,30.3
4214.12,-42.0,30.7,-30.902399999999997,31.8,-35.7,31.1,-35.5,30.2
4215.12,-41.7,30.7,-31.315199999999997,31.8,-35.7,31.0,-35.5,30.1
4216.12,-38.3,30.7,-30.729599999999998,31.8,-31.7,31.0,-33.0,30.1
4217.12,-18.3,30.8,-21.225599999999996,31.9,-16.6,31.1,-16.5,30.2
4218.12,-0.5,31.3,0.6552,32.4,-0.1,31.5,0.1,30.7
4219.12,24.3,31.0,27.276,32.2,18.5,31.3,22.0,30.4
4220.12,34.2,30.6,27.3912,31.7,28.1,30.9,30.7,30.1
4221.12,37.1,30.6,26.9592,31.7,31.8,31.0,33.5,30.2
4222.12,37.8,30.8,26.628,31.8,31.8,31.0,34.0,30.2
4223.12,37.5,31.1,26.532,32.0,32.0,31.2,33.7,30.3
4224.12,38.1,31.3,27.002399999999998,32.4,32.0,31.5,34.0,30.5
4225.12,37.7,31.4,26.3496,32.6,31.5,31.8,33.7,30.7
4226.12,38.0,31.4,-0.0984,32.7,31.8,31.9,34.1,30.9
4227.12,35.4,31.5,-30.355199999999996,32.8,29.5,32.0,34.7,31.0
4228.12,-8.4,31.6,-30.6672,33.0,-2.9,32.2,-4.7,31.2
4229.12,-38.9,31.4,-30.6984,32.7,-31.7,31.9,-35.8,30.9
4230.12,-41.2,31.1,-31.034399999999998,32.4,-35.6,31.6,-35.5,30.6
4231.12,-41.1,30.9,-31.3632,32.0,-35.4,31.3,-35.3,30.4
4232.12,-41.4,30.8,-31.1088,31.9,-35.5,31.2,-35.4,30.3
4233.12,-41.5,30.8,-29.8224,31.9,-35.6,31.1,-35.4,30.2
4234.12,-41.9,30.8,0.10319999999999999,31.9,-35.8,31.1,-35.6,30.2
4235.12,-41.6,30.7,24.504,31.8,-35.8,31.0,-35.5,30.1
4236.12,-38.5,30.7,27.417599999999997,31.8,-31.4,31.0,-32.1,30.1
4237.12,-16.6,30.8,27.7488,31.9,-15.1,31.1,-15.6,30.2
4238.12,7.9,31.2,26.896800000000002,32.4,6.1,31.4,6.9,30.6
4239.12,33.4,30.7,26.5968,31.8,27.1,31.0,30.5,30.2
4240.12,35.9,30.6,27.131999999999998,31.7,28.4,30.9,31.2,30.1
4241.121,37.6,30.7,26.592,31.7,31.6,31.0,33.6,30.2
4242.121,37.8,31.0,-5.5584,31.9,31.6,31.1,33.9,30.2
4243.121,38.0,31.2,-29.860799999999998,32.2,31.6,31.4,33.9,30.4
4244.121,38.0,31.3,-30.8688,32.5,31.7,31.7,34.1,30.6
4245.121,37.9,31.4,-30.5616,32.6,31.6,31.9,33.9,30.8
4246.121,38.2,31.5,-30.995999999999995,32.7,32.0,32.0,34.2,31.0
4247.121,17.5,31.6,-31.067999999999998,32.9,15.6,32.2,18.6,31.1
4248.121,-22.1,31.6,-31.0272,33.0,-14.7,32.2,-17.8,31.1
4249.121,-41.1,31.3,-30.871199999999998,32.6,-34.7,31.9,-36.5,30.9
4250.121,-41.1,31.0,2.7912,32.2,-35.7,31.5,-35.5,30.6
4251.121,-41.2,30.9,17.9256,32.0,-35.5,31.2,-35.6,30.4
4252.121,-41.4,30.8,27.340799999999998,31.9,-36.0,31.1,-35.5,30.3
4253.121,-41.6,30.8,27.609599999999997,31.9,-36.0,31.1,-35.6,30.3
4254.121,-41.7,30.8,26.776799999999998,31.9,-35.8,31.1,-35.7,30.2
4255.121,-40.8,30.7,26.4864,31.8,-34.7,31.0,-34.8,30.1
4256.121,-37.7,30.7,26.8848,31.8,-32.0,31.0,-32.4,30.1
4257.121,-2.3,31.0,26.8152,32.1,-4.0,31.3,-4.8,30.4
4258.121,20.9,31.0,15.8064,32.2,15.9,31.3,16.0,30.5
4259.121,34.3,30.6,-13.027199999999999,31.7,27.9,31.0,31.6,30.2
4260.121,36.9,30.6,-30.9336,31.7,31.0,31.0,33.0,30.2
4261.121,37.9,30.8,-30.7272,31.8,31.7,31.1,35.1,30.2
4262.121,37.9,31.1,-30.856799999999996,32.0,31.5,31.2,33.9,30.3
4263.121,38.2,31.3,-30.8688,32.3,31.6,31.5,33.8,30.4
4264.121,38.1,31.4,-31.055999999999997,32.6,32.0,31.7,35.6,30.7
4265.121,38.1,31.4,-30.921599999999998,32.7,32.4,32.0,34.1,30.9
4266.121,36.8,31.5,-20.659200000000002,32.8,30.7,32.1,33.2,31.0
4267.121,6.1,31.7,0.8447999999999999,33.0,6.2,32.3,7.2,31.2
4268.121,-29.2,31.6,27.115199999999998,32.9,-21.8,32.1,-23.5,31.1
4269.121,-41.2,31.3,26.7096,32.6,-35.1,31.8,-35.6,30.8
4270.121,-41.2,31.0,27.12,32.2,-35.4,31.4,-39.1,30.5
4271.123,-41.4,30.9,26.584799999999998,32.0,-35.4,31.2,-35.8,30.3
4272.123,-41.7,30.8,26.8224,31.9,-35.5,31.2,-35.5,30.2
4273.123,-41.8,30.8,26.757599999999996,31.9,-35.5,31.1,-35.5,30.2
4274.123,-42.6,30.8,26.5632,31.9,-35.6,31.1,-35.6,30.2
4275.123,-39.5,30.7,0.0072,31.8,-33.1,31.0,-34.1,30.1
4276.123,-34.0,30.7,-29.663999999999998,31.9,-29.6,31.0,-30.3,30.1
4277.123,1.0,31.2,-30.552,32.3,-0.2,31.4,1.9,30.5
4278.123,27.4,30.9,-30.8832,32.1,21.9,31.2,24.0,30.3
4279.123,34.1,30.6,-31.0128,31.7,27.2,31.0,31.4,30.2
4280.123,38.4,30.6,-31.187999999999995,31.7,31.5,31.0,34.9,30.2
4281.123,38.0,30.9,-30.993599999999997,31.8,31.6,31.1,33.6,30.2
4282.123,38.0,31.1,-30.064799999999998,32.1,31.6,31.3,33.8,30.3
4283.123,38.3,31.3,-0.0144,32.4,31.6,31.6,38.2,30.5
4284.123,38.2,31.4,25.497600000000002,32.6,31.6,31.8,34.0,30.8
4285.123,38.3,31.5,27.1128,32.7,31.8,32.0,33.9,30.9
4286.123,31.0,31.5,27.424799999999998,32.8,26.1,32.1,28.8,31.1
4287.123,-9.3,31.7,31.6368,33.1,-4.3,32.3,-6.7,31.2
4288.123,-39.7,31.4,26.868,32.8,-32.3,32.0,-33.1,30.9
4289.123,-41.2,31.2,26.604000000000003,32.4,-35.9,31.6,-35.3,30.7
4290.123,-41.3,30.9,26.704800000000002,32.0,-36.4,31.3,-35.4,30.4
4291.123,-41.5,30.8,-6.7032,32.0,-36.0,31.1,-35.3,30.3
4292.123,-41.5,30.8,-29.8464,31.9,-35.6,31.1,-35.2,30.2
4293.123,-42.0,30.8,-30.909599999999998,31.9,-36.0,31.1,-35.4,30.2
4294.123,-41.6,30.7,-30.5424,31.9,-35.7,31.1,-35.3,30.2
4295.123,-38.0,30.7,-30.772799999999997,31.8,-32.0,31.1,-32.0,30.2
4296.123,-18.7,30.9,-31.132799999999996,31.9,-16.0,31.2,-17.1,30.2
4297.123,0.8,31.3,-31.022399999999998,32.4,0.4,31.5,1.2,30.7
4298.123,29.2,30.9,-31.116,32.1,23.6,31.1,26.9,30.3
4299.123,34.6,30.7,2.5944,31.8,27.9,31.0,30.8,30.2
4300.123,37.8,30.7,18.4752,31.7,31.6,31.0,33.8,30.2
4301.123,38.1,30.9,26.8752,31.9,31.7,31.1,34.2,30.2
4302.123,37.9,31.2,27.6576,32.2,31.4,31.3,33.7,30.3
4303.123,38.3,31.3,26.3352,32.5,31.7,31.6,34.0,30.5
4304.123,38.0,31.4,26.726399999999998,32.6,31.5,31.8,33.9,30.8
4305.123,38.5,31.5,26.5152,32.8,31.7,32.0,34.2,30.9
4306.123,31.3,31.6,26.659200000000002,32.9,26.0,32.1,29.0,31.1
4307.123,-12.2,31.7,8.9784,33.1,-6.7,32.3,-9.9,31.2
4308.123,-40.3,31.4,-19.523999999999997,32.8,-33.3,32.0,-33.8,30.9
4309.123,-41.5,31.1,-30.9912,32.4,-35.7,31.6,-35.5,30.7
4310.123,-41.5,30.9,-30.871199999999998,32.1,-35.5,31.3,-35.3,30.4
4311.123,-41.7,30.9,-30.828,32.0,-35.6,31.2,-35.4,30.3
4312.123,-41.8,30.8,-30.7584,32.0,-35.6,31.2,-35.3,30.3
4313.123,-42.1,30.8,-31.022399999999998,31.9,-35.9,31.2,-35.5,30.2
4314.123,-41.9,30.8,-30.7968,31.9,-35.3,31.1,-35.3,30.2
4315.123,-38.7,30.7,-13.089599999999999,31.9,-31.7,31.1,-31.9,30.2
4316.123,-16.3,30.9,0.9672000000000001,32.0,-15.1,31.2,-15.3,30.3
4317.123,10.7,31.2,27.278399999999998,32.4,6.1,31.5,8.4,30.6
4318.123,33.0,30.7,26.9256,31.8,27.5,31.0,30.1,30.2
4319.123,35.9,30.7,26.851200000000002,31.8,29.4,31.0,32.8,30.2
4320.123,37.9,30.7,26.544,31.8,31.5,31.0,34.1,30.2
4321.123,38.0,31.1,26.676,31.9,31.4,31.2,34.1,30.3
4322.123,38.2,31.3,26.467200000000002,32.3,31.6,31.4,34.3,30.4
4323.123,38.5,31.4,26.1024,32.5,31.6,31.7,34.2,30.7
4324.123,38.1,31.5,-0.5015999999999999,32.7,31.5,31.9,34.2,30.9
4325.123,38.4,31.5,-30.7368,32.8,31.8,32.0,34.4,31.0
4326.123,16.3,31.7,-30.3864,33.0,14.4,32.2,16.7,31.2
4327.123,-25.2,31.7,-30.8592,33.0,-17.9,32.2,-21.0,31.1
4328.123,-41.3,31.3,-30.887999999999998,32.7,-35.3,31.9,-35.1,30.9
4329.123,-41.3,31.1,-31.264799999999997,32.3,-35.6,31.5,-35.4,30.5
4330.123,-41.5,30.9,-30.921599999999998,32.0,-35.5,31.3,-35.3,30.4
4331.123,-41.7,30.9,-24.228,32.0,-35.6,31.2,-35.3,30.3
4332.123,-41.8,30.8,0.12239999999999998,31.9,-35.7,31.2,-35.4,30.2
4333.123,-41.9,30.8,26.2488,31.9,-35.8,31.1,-35.4,30.2
4334.123,-40.7,30.7,27.333599999999997,31.9,-33.6,31.1,-34.0,30.2
4335.123,-36.4,30.7,27.326399999999996,31.9,-30.3,31.1,-31.6,30.2
4336.123,-0.7,31.1,26.894399999999997,32.2,-2.8,31.4,-1.8,30.4
4337.123,27.4,30.9,27.0072,32.1,22.4,31.2,25.2,30.4
4338.123,34.4,30.7,26.8704,31.8,27.5,31.0,31.1,30.2
4339.123,37.7,30.7,26.9832,31.8,31.1,31.0,33.8,30.2
4340.123,38.3,31.0,-3.2327999999999997,31.9,31.7,31.1,34.3,30.3
4341.123,38.0,31.3,-29.6712,32.2,31.4,31.3,34.0,30.3
4342.123,38.4,31.4,-30.7968,32.5,31.7,31.6,34.3,30.6
4343.123,38.1,31.5,-30.5136,32.7,31.4,31.9,34.1,30.8
4344.123,38.4,31.5,-30.7656,32.8,31.8,32.0,34.4,31.0
4345.123,31.4,31.6,-31.0896,32.9,26.3,32.1,29.4,31.1
4346.123,-10.6,31.8,-31.139999999999997,33.1,-4.8,32.3,-7.3,31.2
4347.123,-40.1,31.5,-30.940799999999996,32.8,-32.8,32.0,-32.8,30.9
4348.123,-41.4,31.2,0.5544,32.4,-35.6,31.7,-38.0,30.7
4349.123,-41.3,31.0,19.8144,32.2,-35.4,31.3,-36.7,30.4
4350.123,-41.7,30.9,27.1512,32.1,-35.9,31.2,-36.2,30.3
4351.123,-41.7,30.9,27.3936,32.0,-36.6,31.2,-35.3,30.3
4352.123,-42.0,30.9,26.392799999999998,31.9,-35.9,31.2,-35.4,30.2
4353.123,-41.8,30.8,26.5296,31.9,-35.7,31.1,-35.3,30.2
4354.123,-38.6,30.8,26.4984,31.9,-32.0,31.1,-32.1,30.2
4355.123,-15.1,30.9,26.544,32.1,-13.8,31.3,-14.4,30.3
4356.123,8.4,31.3,5.1696,32.5,6.5,31.5,7.7,30.6
4357.123,33.3,30.8,-26.7456,31.9,27.0,31.1,29.4,30.2
4358.123,36.0,30.7,-30.9792,31.8,29.6,31.0,32.2,30.2
4359.123,38.0,30.8,-30.7512,31.8,31.7,31.1,33.7,30.2
4360.123,37.9,31.1,-30.938399999999998,31.9,31.4,31.2,33.6,30.3
4361.123,38.2,31.3,-30.7992,32.2,31.6,31.4,36.6,30.4
4362.123,38.3,31.5,-31.0152,32.6,32.4,31.7,34.1,30.7
4363.125,38.2,31.5,-30.7704,32.7,31.7,31.9,36.1,30.8
4364.125,38.4,31.6,-8.4048,32.8,31.7,32.0,37.7,31.0
4365.125,20.5,31.7,3.9503999999999997,33.0,17.3,32.2,20.3,31.2
4366.125,-18.4,31.8,27.2184,33.2,-11.4,32.3,-14.6,31.2
4367.125,-41.1,31.4,27.278399999999998,32.8,-34.1,31.9,-36.3,31.0
4368.125,-41.3,31.1,26.3424,32.4,-35.8,31.6,-35.4,30.6
4369.125,-41.3,31.0,26.952,32.1,-35.9,31.3,-35.2,30.3
4370.125,-41.6,30.9,26.4744,32.0,-36.2,31.2,-35.3,30.3
4371.125,-41.8,30.9,26.942400000000003,32.0,-35.6,31.2,-35.2,30.2
4372.125,-41.9,30.9,25.456799999999998,32.0,-35.8,31.2,-35.3,30.2
4373.125,-42.6,30.8,-1.884,31.9,-35.1,31.2,-35.0,30.2
4374.125,-38.2,30.8,-30.746399999999998,31.9,-31.9,31.1,-32.2,30.1
4375.125,-7.9,31.0,-30.4944,32.1,-7.7,31.3,-6.9,30.4
4376.125,9.9,31.3,-30.7968,32.4,7.6,31.6,7.5,30.7
4377.125,34.2,30.8,-30.957599999999996,31.9,27.7,31.1,30.5,30.2
4378.126,37.6,30.7,-31.2072,31.8,29.2,31.1,32.6,30.2
4379.126,38.0,30.8,-30.816,31.8,31.4,31.1,34.0,30.2
4380.126,38.0,31.1,-26.659200000000002,32.0,31.4,31.2,34.0,30.3
4381.126,38.3,31.4,0.026399999999999996,32.3,32.2,31.5,34.0,30.4
4382.126,38.3,31.5,25.5144,32.6,31.7,31.8,34.1,30.7
4383.126,38.2,31.5,26.9904,32.8,31.5,31.9,34.1,30.9
4384.126,38.5,31.6,27.2664,32.9,31.9,32.1,34.4,31.1
4385.126,18.9,31.7,26.471999999999998,33.0,16.0,32.2,18.9,31.2
4386.126,-9.5,31.8,27.0096,33.3,-5.3,32.4,-8.0,31.3
4387.126,-39.1,31.5,26.6976,32.9,-31.9,32.0,-32.4,31.0
4388.126,-41.3,31.2,26.6256,32.5,-35.7,31.7,-35.4,30.7
4389.126,-41.3,31.0,-3.0359999999999996,32.2,-35.6,31.4,-35.3,30.4
4390.126,-41.5,30.9,-29.5992,32.0,-35.6,31.3,-35.4,30.3
4391.126,-41.6,30.9,-30.7776,32.0,-35.6,31.3,-35.3,30.3
4392.126,-41.9,30.9,-30.554399999999998,32.0,-35.9,31.2,-35.5,30.2
4393.126,-41.7,30.8,-30.8808,31.9,-35.7,31.2,-35.4,30.2
4394.126,-38.4,30.8,-31.08,31.9,-31.9,31.1,-32.6,30.2
4395.126,-17.6,30.9,-31.1544,32.0,-16.7,31.2,-17.5,30.3
4396.126,7.3,31.4,-30.784799999999997,32.4,7.3,31.5,7.4,30.6
4397.126,34.6,30.8,-0.08879999999999999,31.9,27.6,31.1,30.9,30.2
4398.126,35.8,30.8,23.6064,31.8,29.3,31.1,32.5,30.2
4399.126,37.8,30.8,27.108,31.8,31.4,31.1,34.0,30.2
4400.126,37.9,31.2,27.576,32.0,31.5,31.2,34.0,30.3
4401.126,38.2,31.4,26.347199999999997,32.4,31.7,31.5,34.2,30.5
4402.126,38.2,31.5,26.795999999999996,32.6,31.5,31.8,33.9,30.7
4403.126,38.3,31.5,26.568,32.8,31.7,32.0,34.4,31.0
4404.126,38.5,31.6,26.8128,32.9,31.7,32.1,34.2,31.1
4405.126,13.9,31.7,-2.6424,33.0,12.6,32.3,14.6,31.2
4406.126,-27.1,31.7,-29.4984,33.1,-19.1,32.2,-22.0,31.1
4407.126,-41.3,31.4,-30.791999999999998,32.7,-35.2,31.9,-35.0,30.9
4408.126,-41.2,31.1,-30.563999999999997,32.3,-35.6,31.5,-35.2,30.6
4409.126,-41.4,31.0,-30.8352,32.1,-35.5,31.3,-35.2,30.4
4410.126,-41.6,30.9,-31.0272,32.0,-35.6,31.3,-35.2,30.3
4411.126,-41.7,30.9,-30.748799999999996,32.0,-35.7,31.2,-35.3,30.3
4412.126,-41.8,30.9,-30.9624,32.0,-35.7,31.2,-35.3,30.2
4413.126,-39.9,30.8,0.5232,32.0,-33.2,31.2,-33.7,30.2
4414.126,-35.6,30.8,14.4576,31.9,-29.8,31.2,-30.3,30.2
4415.126,4.0,31.1,27.1584,32.3,-0.8,31.5,0.3,30.5
4416.126,29.3,30.9,27.4296,32.2,23.4,31.2,26.6,30.3
4417.126,34.7,30.8,26.7816,31.8,27.8,31.1,31.1,30.2
4418.126,37.6,30.8,26.776799999999998,31.8,31.4,31.1,33.8,30.2
4419.126,38.2,31.1,26.688,31.9,31.8,31.2,34.1,30.3
4420.126,37.9,31.3,26.786399999999997,32.3,31.4,31.4,34.0,30.4
4421.126,38.3,31.5,18.019199999999998,32.5,31.7,31.7,34.2,30.6
4422.126,38.0,31.5,-14.301599999999999,32.7,31.4,31.9,34.0,30.9
4423.127,38.3,31.6,-30.794399999999996,32.8,31.8,32.1,34.6,31.0
4424.127,30.0,31.7,-30.612000000000002,32.9,25.2,32.2,28.3,31.2
4425.127,-12.9,31.8,-30.8352,33.2,-7.1,32.3,-10.2,31.3
4426.127,-40.4,31.5,-30.6504,32.8,-33.5,32.0,-33.9,31.0
4427.127,-41.3,31.2,-31.152,32.5,-35.6,31.7,-35.4,30.7
4428.127,-41.3,31.0,-30.7128,32.2,-35.4,31.4,-35.2,30.4
4429.127,-41.5,30.9,-21.5208,32.1,-35.6,31.3,-35.4,30.3
4430.127,-41.6,30.9,1.7231999999999998,32.0,-35.6,31.3,-35.3,30.3
4431.127,-41.9,30.9,27.6408,32.0,-35.8,31.2,-35.5,30.2
4432.127,-41.6,30.8,27.0624,31.9,-35.3,31.2,-35.2,30.2
4433.127,-38.4,30.8,27.0072,31.9,-31.5,31.2,-31.9,30.2
4434.127,-12.2,31.0,26.685599999999997,32.1,-11.8,31.3,-11.9,30.3
4435.127,11.2,31.3,26.8296,32.4,8.3,31.5,9.7,30.6
4436.127,34.2,30.8,26.8656,31.9,27.8,31.1,30.5,30.2
4437.127,36.6,30.7,26.512800000000002,31.8,29.3,31.1,32.3,30.2
4438.127,37.9,30.8,0.3264,31.9,31.6,31.1,34.5,30.2
4439.127,37.9,31.2,-30.064799999999998,32.0,31.2,31.2,33.9,30.3
4440.127,38.3,31.4,-30.779999999999998,32.4,31.6,31.5,34.3,30.5
4441.127,38.1,31.5,-30.6528,32.7,31.3,31.8,34.1,30.7
4442.127,38.5,31.6,-30.936,32.8,31.7,32.0,34.4,31.0
4443.127,38.4,31.6,-31.156799999999997,32.9,31.7,32.1,34.3,31.1
4444.127,13.9,31.8,-31.048799999999996,33.0,12.0,32.3,14.4,31.2
4445.127,-19.5,31.8,-30.052799999999998,33.2,-12.7,32.3,-16.1,31.2
4446.127,-41.4,31.4,-0.1008,32.7,-35.0,32.0,-34.8,30.9
4447.127,-41.3,31.2,26.116799999999998,32.4,-35.8,31.6,-35.4,30.6
4448.127,-41.4,31.0,27.103199999999998,32.2,-35.4,31.4,-35.1,30.4
4449.127,-41.7,30.9,27.3672,32.1,-35.6,31.3,-35.3,30.3
4450.127,-41.8,30.9,26.4144,32.0,-35.7,31.3,-35.3,30.3
4451.127,-41.9,30.9,26.4312,32.0,-35.8,31.2,-35.4,30.2
4452.127,-41.0,30.8,26.6064,31.9,-34.5,31.2,-34.8,30.2
4453.127,-38.5,30.8,26.5536,31.9,-31.8,31.2,-32.5,30.2
4454.127,-5.6,31.1,-5.402399999999999,32.2,-6.4,31.4,-5.4,30.4
4455.127,11.9,31.3,-30.0144,32.4,10.8,31.5,11.8,30.6
4456.127,35.2,30.8,-30.8064,31.9,28.0,31.1,31.2,30.2
4457.127,37.2,30.8,-30.508799999999997,31.9,30.3,31.1,33.3,30.2
4458.127,38.0,30.9,-30.8904,31.9,31.8,31.2,34.1,30.2
4459.127,37.9,31.2,-30.863999999999997,32.1,31.3,31.3,34.0,30.3
4460.127,38.3,31.4,-30.940799999999996,32.4,31.7,31.6,34.3,30.5
4461.127,38.2,31.5,-30.748799999999996,32.7,31.4,31.8,34.0,30.8
4462.127,38.4,31.6,2.5632,32.8,31.7,32.0,34.4,31.0
4463.127,38.1,31.6,10.9656,32.9,31.4,32.1,34.1,31.1
4464.127,8.3,31.8,27.7512,33.1,7.6,32.3,9.1,31.3
4465.127,-28.3,31.7,27.1848,33.1,-19.9,32.3,-22.7,31.1
4466.127,-41.8,31.4,26.2032,32.7,-35.3,31.9,-35.2,30.9
4467.127,-41.7,31.1,26.5656,32.4,-35.5,31.5,-35.3,30.6
4468.127,-42.0,31.0,26.246399999999998,32.1,-35.5,31.3,-35.2,30.4
4469.127,-42.2,30.9,26.6064,32.0,-35.6,31.3,-35.5,30.3
4470.127,-42.3,30.9,16.670399999999997,32.0,-35.7,31.3,-35.3,30.3
4471.127,-42.4,30.9,-15.299999999999999,32.0,-35.8,31.2,-35.4,30.3
4472.127,-40.6,30.8,-30.9744,32.0,-33.5,31.2,-34.0,30.2
4473.127,-36.3,30.8,-30.710399999999996,32.0,-30.0,31.2,-30.5,30.2
4474.127,2.8,31.2,-30.7416,32.3,-1.0,31.5,-0.1,30.5
4475.127,28.2,31.0,-30.6432,32.1,22.9,31.3,26.4,30.3
4476.127,34.6,30.8,-30.8808,31.9,27.5,31.1,31.0,30.2
4477.127,37.4,30.8,-30.7896,31.9,31.3,31.1,33.8,30.2
4478.127,37.9,31.0,-13.9344,32.0,31.6,31.2,34.1,30.3
4479.127,37.9,31.3,1.14,32.2,31.6,31.4,34.2,30.4
4480.127,38.1,31.4,27.4368,32.6,31.5,31.7,34.0,30.6
4481.127,38.1,31.5,26.892,32.8,31.7,31.9,34.3,30.9
4482.127,38.2,31.6,26.9088,32.9,31.6,32.1,34.2,31.0
4483.127,31.9,31.7,26.555999999999997,33.0,26.5,32.2,29.5,31.2
4484.127,-14.6,31.8,26.8176,33.1,-7.9,32.3,-11.1,31.3
4485.127,-40.8,31.5,26.7912,32.9,-33.1,32.1,-33.7,31.0
4486.127,-41.8,31.2,25.917599999999997,32.5,-35.7,31.7,-35.3,30.7
4487.127,-41.7,31.0,0.0048,32.2,-35.5,31.4,-35.2,30.4
4488.127,-42.1,31.0,-30.7776,32.1,-36.4,31.3,-35.2,30.3
4489.127,-42.2,30.9,-30.42,32.1,-35.6,31.3,-35.3,30.3
4490.127,-42.5,30.9,-30.7584,32.0,-35.9,31.3,-35.4,30.3
4491.127,-42.2,30.8,-30.804000000000002,32.0,-35.8,31.2,-35.0,30.2
4492.127,-38.8,30.8,-31.247999999999998,31.9,-31.5,31.2,-32.5,30.2
4493.127,-10.0,31.0,-30.7776,32.1,-10.4,31.3,-10.7,30.4
4494.127,7.1,31.4,-25.432799999999997,32.5,6.3,31.6,6.4,30.7
4495.127,34.3,30.8,0.036,31.9,27.3,31.1,30.4,30.3
4496.127,35.6,30.7,25.6176,31.8,30.0,31.1,32.6,30.2
4497.127,38.1,30.8,27.1008,31.9,31.8,31.1,34.2,30.2
4498.127,37.9,31.2,27.0552,32.0,31.5,31.3,34.1,30.3
4499.127,38.2,31.4,26.5224,32.4,31.6,31.5,34.3,30.5
4500.127,38.3,31.5,26.4624,32.6,31.6,31.8,34.1,30.7
4501.127,38.0,31.6,26.510399999999997,32.8,31.5,32.0,34.1,30.9
4502.127,38.5,31.6,26.356799999999996,32.9,31.8,32.1,34.4,31.1
4503.128,13.3,31.7,-3.2448,33.1,12.6,32.3,14.1,31.2
4504.129,-28.2,31.7,-29.649599999999996,33.1,-20.2,32.3,-23.1,31.1
4505.129,-41.7,31.4,-30.72,32.8,-35.1,32.0,-35.0,30.9
4506.129,-41.7,31.1,-30.549599999999998,32.4,-35.6,31.5,-35.2,30.6
4507.129,-41.9,31.0,-30.7704,32.2,-35.5,31.3,-35.1,30.4
4508.129,-42.1,30.9,-31.185599999999997,32.1,-35.6,31.3,-35.2,30.3
4509.129,-42.3,30.9,-31.0512,32.1,-35.6,31.2,-35.2,30.3
4510.129,-42.4,30.9,-31.031999999999996,32.0,-35.6,31.2,-35.2,30.3
4511.129,-40.3,30.8,0.0816,31.9,-33.3,31.2,-33.7,30.2
4512.129,-35.6,30.8,26.5968,32.0,-29.9,31.2,-30.3,30.2
4513.129,-0.2,31.2,26.956799999999998,32.3,-1.3,31.5,-1.4,30.5
4514.129,21.4,31.1,27.36,32.3,16.6,31.4,19.3,30.5
4515.129,34.7,30.7,26.200799999999997,31.9,28.0,31.1,31.0,30.2
4516.129,37.4,30.8,26.4528,31.9,30.8,31.1,33.8,30.2
4517.129,37.9,30.9,26.4792,31.9,31.5,31.2,34.0,30.3
4518.129,37.9,31.2,26.5272,32.2,31.7,31.3,34.1,30.3
4519.129,38.2,31.4,-3.1008,32.5,31.5,31.6,34.1,30.6
4520.129,38.2,31.5,-29.572799999999997,32.7,31.6,31.9,34.2,30.8
4521.129,38.1,31.6,-30.748799999999996,32.9,31.6,32.0,34.3,31.0
4522.129,36.3,31.6,-30.511199999999995,33.0,30.0,32.2,32.9,31.1
4523.129,1.5,31.8,-30.892799999999998,33.2,3.3,32.4,3.0,31.3
4524.129,-31.5,31.6,-31.0272,33.1,-23.5,32.2,-25.4,31.1
4525.129,-41.8,31.3,-30.849599999999995,32.7,-35.3,31.9,-35.2,30.8
4526.129,-41.7,31.1,-30.746399999999998,32.3,-35.5,31.5,-35.3,30.6
4527.129,-42.0,31.0,-0.1296,32.1,-35.4,31.4,-35.2,30.4
4528.129,-42.1,30.9,7.0176,32.1,-35.5,31.3,-35.2,30.3
4529.129,-42.4,30.9,27.194399999999998,32.1,-35.6,31.2,-35.2,30.3
4530.129,-42.3,30.9,27.379199999999997,32.0,-35.7,31.2,-35.3,30.2
4531.129,-39.7,30.8,26.2032,31.9,-33.0,31.2,-33.5,30.2
4532.129,-32.2,30.8,26.8584,32.0,-27.8,31.2,-28.2,30.2
4533.129,2.9,31.3,26.320800000000002,32.4,0.3,31.5,0.6,30.6
4534.129,29.2,30.9,26.642400000000002,32.1,23.7,31.2,27.0,30.4
4535.129,34.8,30.8,14.735999999999999,31.9,27.9,31.1,31.3,30.2
4536.129,37.6,30.8,-12.7536,31.9,31.3,31.1,33.9,30.2
4537.129,37.9,31.1,-30.8784,31.9,31.6,31.2,34.2,30.3
4538.129,37.9,31.3,-30.532799999999998,32.2,31.4,31.4,34.0,30.4
4539.129,38.2,31.5,-30.7128,32.6,31.6,31.7,34.1,30.7
4540.129,38.0,31.5,-30.5904,32.8,31.6,32.0,34.2,30.9
4541.129,38.1,31.6,-31.104,32.9,31.7,32.1,34.2,31.1
4542.129,29.5,31.7,-30.7584,33.0,24.7,32.2,27.8,31.2
4543.129,-15.6,31.8,-20.6712,33.2,-8.8,32.4,-12.0,31.3
4544.129,-41.4,31.5,1.8648,32.9,-33.6,32.0,-33.5,31.0
4545.129,-41.9,31.2,27.444,32.5,-35.2,31.8,-36.6,30.7
4546.129,-41.8,31.0,27.0096,32.2,-35.1,31.4,-39.0,30.4
4547.129,-42.1,30.9,26.9184,32.1,-36.1,31.3,-37.2,30.3
4548.129,-42.2,30.9,26.483999999999998,32.1,-36.4,31.3,-35.3,30.3
4549.13,-42.5,30.9,26.558400000000002,32.0,-36.1,31.3,-35.5,30.3
4550.13,-42.1,30.8,26.5536,32.0,-35.3,31.2,-35.2,30.2
4551.13,-38.7,30.8,26.328,32.0,-31.1,31.2,-31.8,30.2
4552.13,-10.6,31.0,0.576,32.1,-11.0,31.3,-10.5,30.4
4553.13,10.3,31.3,-29.9136,32.5,6.3,31.6,5.9,30.7
4554.13,33.5,30.8,-30.592799999999997,32.0,27.6,31.1,31.1,30.3
4555.13,36.2,30.8,-30.636,31.9,30.1,31.1,33.0,30.2
4556.13,37.8,30.9,-30.926399999999997,31.9,31.6,31.2,33.9,30.3
4557.13,37.8,31.2,-31.259999999999998,32.1,31.9,31.3,34.0,30.3
4558.13,38.1,31.4,-30.950400000000002,32.4,31.8,31.5,41.0,30.4
4559.13,38.1,31.5,-30.0144,32.7,31.6,31.9,34.4,30.8
4560.13,38.1,31.6,0.0288,32.9,31.7,32.0,35.2,31.0
4561.13,38.3,31.6,28.8936,33.0,31.8,32.2,34.5,31.1
4562.132,15.6,31.8,27.4032,33.1,13.6,32.3,15.9,31.3
4563.132,-21.1,31.8,27.4056,33.2,-14.1,32.3,-17.4,31.2
4564.132,-41.9,31.5,26.6544,32.8,-34.7,32.0,-34.6,31.0
4565.132,-41.9,31.2,26.4792,32.5,-36.0,31.6,-38.5,30.7
4566.132,-42.0,31.0,26.7816,32.2,-36.7,31.4,-37.8,30.4
4567.132,-42.2,31.0,26.4336,32.1,-35.6,31.3,-35.3,30.4
4568.132,-42.4,31.0,-6.707999999999999,32.1,-36.0,31.3,-35.3,30.3
4569.132,-42.4,30.9,-29.839199999999998,32.0,-35.7,31.3,-35.4,30.3
4570.132,-41.9,30.9,-30.679199999999998,32.0,-34.8,31.2,-35.1,30.2
4571.132,-38.6,30.8,-30.4824,32.0,-31.6,31.2,-32.4,30.2
4572.132,-6.9,31.1,-30.732,32.3,-6.4,31.4,-5.9,30.4
4573.132,10.8,31.4,-30.986399999999996,32.5,7.3,31.7,10.3,30.6
4574.134,34.8,30.8,-30.926399999999997,31.9,28.3,31.2,30.8,30.2
4575.134,36.2,30.8,-30.825599999999998,31.9,29.6,31.2,32.7,30.2
4576.134,37.7,30.9,0.045599999999999995,31.9,31.6,31.2,34.2,30.3
4577.134,37.8,31.2,16.528799999999997,32.1,31.7,31.3,34.1,30.3
4578.134,38.1,31.4,27.2376,32.5,32.6,31.6,34.0,30.4
4579.134,38.0,31.5,27.525599999999997,32.7,31.6,31.9,40.0,30.6
4580.134,38.0,31.6,26.2248,32.9,32.0,32.1,33.5,31.0
4581.134,38.2,31.6,26.6208,33.0,31.8,32.2,33.6,31.2
4582.134,11.8,31.8,26.702399999999997,33.1,11.4,32.4,12.1,31.3
4583.134,-28.1,31.7,26.788800000000002,33.2,-19.6,32.3,-22.7,31.2
4584.134,-41.8,31.4,12.9984,32.8,-35.2,32.0,-35.0,30.9
4585.135,-41.7,31.1,-17.724,32.4,-35.6,31.6,-35.2,30.6
4586.135,-41.9,31.0,-30.8136,32.2,-35.7,31.4,-35.1,30.4
4587.135,-42.2,30.9,-30.609599999999997,32.1,-35.6,31.3,-35.2,30.3
4588.135,-42.4,30.9,-30.7656,32.1,-35.7,31.3,-35.3,30.3
4589.135,-42.5,30.9,-30.6912,32.1,-35.7,31.3,-35.2,30.3
4590.135,-40.4,30.9,-30.976799999999997,32.0,-33.4,31.2,-33.8,30.2
4591.135,-34.2,30.9,-30.7704,32.0,-28.7,31.2,-28.9,30.2
4592.135,0.8,31.3,-13.3992,32.4,-1.0,31.5,-2.3,30.5
4593.135,17.3,31.3,1.3248,32.5,13.1,31.5,17.4,30.5
4594.135,34.5,30.8,27.3672,31.9,27.9,31.1,30.9,30.2
4595.135,36.9,30.8,26.647199999999998,31.9,30.6,31.1,33.7,30.2
4596.135,37.8,30.9,26.786399999999997,32.0,31.6,31.2,34.3,30.3
4597.135,38.0,31.3,26.4312,32.2,31.4,31.4,34.3,30.4
4598.135,38.1,31.5,26.3736,32.6,31.5,31.7,34.3,30.6
4599.135,38.0,31.5,26.5416,32.8,31.5,31.9,34.3,30.8
4600.135,38.2,31.6,25.8192,32.9,31.6,32.1,34.4,31.0
4601.135,37.7,31.6,1.1832,33.0,31.2,32.2,34.2,31.2
4602.135,2.8,31.9,-30.4272,33.2,5.2,32.4,4.3,31.3
4603.135,-33.4,31.7,-30.407999999999998,33.1,-25.0,32.2,-27.2,31.1
4604.135,-42.0,31.4,-30.695999999999998,32.7,-35.4,31.9,-35.2,30.9
4605.135,-41.8,31.1,-30.9528,32.3,-35.7,31.5,-35.2,30.5
4606.135,-42.1,31.0,-31.2624,32.2,-36.7,31.4,-35.2,30.4
4607.135,-42.3,31.0,-30.924,32.1,-35.5,31.3,-35.2,30.4
4608.135,-42.6,30.9,-28.968,32.1,-35.7,31.3,-35.2,30.3
4609.135,-42.4,30.9,0.096,32.1,-35.7,31.3,-35.3,30.3
4610.135,-39.5,30.9,24.902399999999997,32.0,-32.8,31.2,-33.0,30.2
4611.137,-27.7,30.9,27.0624,32.1,-23.9,31.3,-24.4,30.3
4612.137,0.1,31.4,27.1512,32.5,-0.6,31.6,-1.5,30.6
4613.137,18.2,31.3,26.4816,32.5,13.2,31.5,17.5,30.5
4614.137,34.3,30.8,26.5512,31.9,28.3,31.1,31.3,30.3
4615.137,37.0,30.8,26.841599999999996,31.9,31.3,31.2,33.6,30.3
4616.137,37.9,31.0,26.544,32.0,31.8,31.2,34.4,30.3
4617.137,37.7,31.3,-5.4072000000000005,32.2,31.4,31.4,34.2,30.4
4618.137,38.1,31.5,-29.52,32.6,31.7,31.7,34.4,30.6
4619.137,38.0,31.6,-30.636,32.8,31.5,32.0,34.4,30.9
4620.137,38.1,31.6,-30.5736,32.9,31.6,32.1,34.4,31.0
4621.138,36.7,31.7,-30.5736,33.0,30.5,32.2,33.5,31.2
4622.138,-2.2,31.8,-31.0464,33.2,1.6,32.4,0.0,31.3
4623.138,-36.1,31.6,-30.8664,33.1,-28.4,32.2,-29.5,31.1
4624.138,-42.0,31.3,-30.8808,32.7,-35.5,31.9,-35.2,30.8
4625.138,-41.8,31.1,0.3816,32.3,-35.3,31.5,-35.0,30.5
4626.138,-42.1,31.0,25.725599999999996,32.2,-35.5,31.4,-35.4,30.4
4627.138,-42.2,31.0,27.1752,32.1,-35.4,31.4,-35.1,30.3
4628.138,-42.6,31.0,27.5472,32.1,-35.7,31.3,-35.2,30.3
4629.138,-42.3,30.9,26.5776,32.1,-35.6,31.3,-35.3,30.3
4630.138,-38.7,30.9,26.628,32.0,-31.7,31.2,-32.1,30.2
4631.138,-22.2,31.0,26.5512,32.1,-19.4,31.3,-19.0,30.3
4632.138,9.8,31.3,26.6352,32.5,6.5,31.6,8.2,30.6
4633.138,34.2,30.9,2.7359999999999998,32.0,27.7,31.2,31.0,30.3
4634.138,35.5,30.8,-23.5152,31.9,29.1,31.2,32.3,30.2
4635.138,37.6,30.9,-30.7896,32.0,31.4,31.2,34.1,30.3
4636.138,37.9,31.2,-30.6528,32.1,31.4,31.3,34.2,30.4
4637.138,38.1,31.4,-30.7272,32.5,31.6,31.6,34.4,30.5
4638.138,38.0,31.6,-30.748799999999996,32.8,31.6,31.8,34.2,30.8
4639.138,38.1,31.6,-30.7416,32.9,31.8,32.1,34.6,31.0
4640.138,38.3,31.7,-30.8808,33.0,31.7,32.2,34.4,31.2
4641.138,17.9,31.8,-6.513599999999999,33.2,15.1,32.4,18.1,31.3
4642.138,-18.3,31.9,1.2864,33.3,-10.8,32.4,-14.8,31.3
4643.138,-41.6,31.5,27.674400000000002,32.9,-34.6,32.1,-34.2,31.0
4644.138,-41.8,31.3,27.7776,32.5,-37.1,31.7,-35.6,30.7
4645.138,-42.0,31.1,26.6208,32.3,-35.9,31.5,-35.3,30.5
4646.138,-42.2,31.0,26.810399999999998,32.2,-35.6,31.4,-35.3,30.4
4647.138,-42.3,31.0,26.412000000000003,32.1,-35.7,31.3,-35.1,30.3
4648.138,-42.4,31.0,26.896800000000002,32.1,-35.8,31.3,-35.2,30.3
4649.138,-41.9,30.9,24.3384,32.1,-35.0,31.3,-34.7,30.3
4650.138,-38.8,30.9,-2.0928,32.0,-31.8,31.2,-32.1,30.3
4651.138,-7.6,31.1,-30.763199999999998,32.3,-7.2,31.5,-7.0,30.5
4652.138,12.7,31.3,-30.362399999999997,32.5,8.3,31.6,10.0,30.7
4653.138,34.2,30.8,-30.624,32.0,28.7,31.2,31.0,30.3
4654.138,36.1,30.8,-30.919199999999996,31.9,29.5,31.2,32.9,30.2
4655.138,37.7,30.9,-31.0152,32.0,31.5,31.2,34.2,30.3
4656.138,37.7,31.3,-30.9144,32.2,31.6,31.3,34.3,30.4
4657.138,38.0,31.5,-25.286399999999997,32.6,34.4,31.6,34.4,30.6
4658.141,38.0,31.6,-0.084,32.8,31.7,32.0,34.2,30.8
4659.141,38.1,31.6,27.5424,33.0,31.7,32.1,34.6,31.0
4660.141,38.1,31.7,27.228,33.0,31.6,32.3,34.4,31.2
4661.141,4.0,31.8,27.312,33.2,6.3,32.4,6.0,31.3
4662.141,-34.8,31.7,26.793599999999998,33.1,-27.4,32.3,-28.4,31.1
4663.141,-41.7,31.4,26.7384,32.7,-35.4,32.0,-35.3,30.9
4664.142,-42.7,31.1,26.7792,32.4,-35.4,31.6,-35.2,30.5
4665.142,-42.0,31.0,27.002399999999998,32.2,-35.5,31.5,-35.3,30.4
4666.142,-42.1,31.0,-3.3336,32.2,-35.6,31.4,-35.3,30.4
4667.142,-42.6,31.0,-29.663999999999998,32.1,-35.7,31.3,-35.4,30.4
4668.142,-42.1,30.9,-30.6288,32.1,-35.7,31.3,-35.4,30.3
4669.142,-38.9,30.9,-30.3768,32.1,-32.3,31.2,-33.3,30.2
4670.142,-24.0,31.0,-30.616799999999998,32.1,-20.9,31.3,-21.3,30.3
4671.142,1.9,31.4,-30.9528,32.5,0.0,31.7,0.6,30.7
4672.142,28.7,31.0,-30.8376,32.2,22.0,31.4,25.8,30.4
4673.142,34.4,30.8,-30.8736,32.0,27.9,31.2,31.4,30.2
4674.142,37.6,30.8,-0.336,31.9,31.2,31.2,34.0,30.3
4675.142,37.9,31.0,21.0048,32.0,31.7,31.3,34.5,30.3
4676.142,41.8,31.3,27.127200000000002,32.4,31.4,31.5,34.2,30.5
4677.142,38.3,31.6,27.9072,32.7,31.6,31.8,34.3,30.7
4678.142,38.0,31.6,26.052,32.9,31.5,32.0,34.5,30.9
4679.142,38.2,31.7,26.9592,33.0,31.7,32.2,34.5,31.1
4680.142,28.8,31.7,26.2224,33.1,23.9,32.3,27.2,31.2
4681.142,-17.7,31.9,26.892,33.3,-10.8,32.4,-14.0,31.3
4682.142,-40.9,31.6,5.3999999999999995,33.0,-34.1,32.2,-34.3,31.0
4683.142,-41.4,31.3,-23.572799999999997,32.6,-35.6,31.8,-35.3,30.7
4684.142,-41.5,31.1,-30.8064,32.3,-35.5,31.5,-35.2,30.5
4685.142,-41.7,31.0,-30.4968,32.2,-35.5,31.4,-35.2,30.4
4686.142,-41.9,31.0,-30.7224,32.1,-35.6,31.4,-35.2,30.3
4687.142,-42.1,31.0,-30.717599999999997,32.1,-35.8,31.3,-35.4,30.3
4688.144,-41.5,30.9,-30.7272,32.1,-34.7,31.3,-34.8,30.3
4689.144,-38.7,30.9,-30.717599999999997,32.0,-31.8,31.3,-32.4,30.3
4690.149,-6.5,31.2,-8.3664,32.3,-7.5,31.5,-7.9,30.5
4691.149,12.2,31.4,4.692,32.5,9.7,31.6,13.1,30.6
4692.149,34.5,30.9,27.518399999999996,32.0,28.1,31.2,30.6,30.3
4693.149,36.3,30.8,27.456,31.9,29.5,31.2,32.8,30.3
4694.149,37.9,30.9,26.8152,32.0,31.7,31.2,34.3,30.3
4695.149,37.8,31.3,26.9016,32.2,31.3,31.4,34.0,30.4
4696.149,38.4,31.5,26.601599999999998,32.6,31.7,31.7,34.4,30.6
4697.149,38.1,31.6,26.695199999999996,32.8,31.4,31.9,34.2,30.8
4698.149,38.2,31.7,24.955199999999998,33.0,31.7,32.1,34.5,31.0
4699.149,38.1,31.7,-0.7103999999999999,33.0,31.5,32.2,34.4,31.1
4700.149,1.8,31.9,-30.4848,33.2,5.5,32.4,4.5,31.2
4701.149,-36.6,31.7,-30.0912,33.1,-28.9,32.3,-30.1,31.0
4702.149,-41.5,31.4,-30.902399999999997,32.7,-35.4,32.0,-35.3,30.8
4703.149,-41.5,31.2,-30.926399999999997,32.4,-37.3,31.6,-35.2,30.5
4704.149,-41.7,31.1,-31.152,32.2,-35.7,31.4,-35.4,30.4
4705.149,-41.8,31.0,-30.912,32.2,-35.9,31.4,-35.4,30.4
4706.149,-42.2,31.0,-27.312,32.1,-35.8,31.4,-35.4,30.3
4707.149,-41.9,30.9,0.08639999999999999,32.1,-35.7,31.3,-35.4,30.3
4708.149,-38.6,30.9,26.808,32.0,-32.6,31.3,-32.6,30.3
4709.149,-22.4,31.0,27.5208,32.1,-19.9,31.3,-20.4,30.3
4710.149,3.5,31.4,27.336000000000002,32.6,1.5,31.7,2.1,30.7
4711.149,31.2,31.0,26.793599999999998,32.1,25.5,31.3,28.8,30.4
4712.149,35.1,30.8,29.8512,31.9,29.4,31.2,31.9,30.3
4713.149,37.8,30.9,26.8896,32.0,31.5,31.2,34.0,30.3
4714.15,37.8,31.2,26.916,32.1,31.5,31.3,34.3,30.3
4715.15,37.9,31.4,-1.8408,32.4,31.5,31.6,34.4,30.5
4716.153,38.2,31.6,-29.3688,32.7,31.7,31.9,34.3,30.8
4717.153,37.9,31.6,-30.6768,32.9,31.7,32.1,34.5,31.0
4718.153,38.2,31.7,-30.5424,33.0,31.7,32.2,34.4,31.2
4719.153,24.1,31.8,-30.717599999999997,33.1,20.8,32.4,23.9,31.3
4720.153,-20.1,31.8,-31.092,33.3,-13.1,32.5,-16.7,31.3
4721.153,-41.3,31.6,-30.9456,32.9,-34.6,32.2,-34.6,31.0
4722.153,-41.4,31.3,-30.8448,32.5,-35.6,31.8,-35.4,30.7
4723.153,-41.5,31.1,-0.0672,32.3,-35.4,31.5,-35.2,30.5
4724.189,-41.7,31.0,28.519199999999998,32.2,-35.5,31.4,-35.3,30.4
4725.189,-41.9,31.0,27.2568,32.2,-35.6,31.4,-35.3,30.4
4726.189,-42.0,31.0,27.5208,32.1,-35.7,31.3,-35.4,30.4
4727.189,-41.2,30.9,26.436,32.0,-34.5,31.3,-34.8,30.3
4728.189,-38.3,30.9,26.848799999999997,32.0,-31.7,31.3,-32.4,30.3
4729.189,-3.2,31.2,26.5752,32.3,-5.4,31.5,-3.6,30.5
4730.189,20.8,31.1,26.8464,32.4,17.5,31.5,20.1,30.4
4731.189,34.4,30.8,-0.5327999999999999,32.0,27.6,31.2,31.4,30.3
4732.189,37.3,30.8,-28.1448,32.0,31.1,31.2,33.6,30.3
4733.189,37.9,31.0,-30.7368,32.0,31.6,31.3,34.2,30.3
4734.189,37.8,31.4,-30.4512,32.3,31.5,31.5,34.4,30.4
4735.189,38.1,31.5,-30.8544,32.7,31.5,31.8,34.2,30.7
4736.189,38.0,31.6,-30.7416,32.9,31.5,32.0,34.2,30.9
4737.189,38.1,31.7,-30.7536,33.0,31.7,32.2,34.5,31.1
4738.189,35.7,31.7,-30.6432,33.1,29.5,32.3,32.5,31.2
4739.189,-5.4,31.9,-0.6504,33.3,-1.3,32.5,-3.6,31.3
4740.189,-36.6,31.7,13.692,33.1,-29.7,32.3,-30.7,31.1
4741.189,-41.4,31.4,27.4368,32.7,-35.6,31.9,-35.4,30.8
4742.189,-41.4,31.1,27.655199999999997,32.4,-35.4,31.6,-35.2,30.5
4743.189,-41.7,31.0,26.7792,32.2,-35.5,31.5,-35.3,30.4
4744.189,-41.7,31.0,26.76,32.2,-35.5,31.5,-35.2,30.4
4745.189,-42.2,31.0,26.9592,32.1,-35.8,31.4,-35.4,30.4
4746.189,-41.8,31.0,26.9064,32.1,-35.7,31.3,-35.4,30.3
4747.189,-38.6,30.9,22.2144,32.1,-31.4,31.3,-32.1,30.3
4748.189,-23.5,31.0,-8.5416,32.2,-20.2,31.4,-20.6,30.4
4749.189,5.0,31.5,-30.8064,32.6,3.7,31.7,4.5,30.7
4750.189,32.8,30.9,-30.468,32.1,26.4,31.3,30.0,30.3
4751.189,35.0,30.9,-30.710399999999996,32.0,27.9,31.2,31.6,30.3
4752.189,37.7,30.9,-30.7704,32.0,31.3,31.3,34.1,30.3
4753.189,37.8,31.2,-30.9288,32.1,31.4,31.4,34.2,30.4
4754.189,38.0,31.5,-30.739199999999997,32.5,31.6,31.6,34.4,30.5
4755.189,38.1,31.6,-23.4744,32.8,31.5,31.9,34.2,30.8
4756.189,38.0,31.7,0.3888,32.9,31.5,32.1,34.3,31.0
4757.189,38.1,31.7,28.0968,33.1,31.7,32.3,34.6,31.2
4758.189,25.2,31.8,27.211199999999998,33.2,20.5,32.4,23.5,31.3
4759.189,-14.9,31.9,27.2136,33.4,-8.9,32.5,-12.1,31.4
4760.189,-42.5,31.6,26.9472,33.0,-33.6,32.2,-34.4,31.0
4761.189,-41.5,31.3,26.894399999999997,32.6,-35.9,31.9,-35.4,30.8
4762.189,-41.5,31.1,26.956799999999998,32.3,-36.7,31.5,-35.3,30.5
4763.189,-41.7,31.1,26.7552,32.2,-35.9,31.5,-35.3,30.4
4764.189,-41.9,31.0,-0.2208,32.2,-35.6,31.4,-35.3,30.4
4765.189,-42.1,31.0,-29.4432,32.2,-35.8,31.4,-35.5,30.4
4766.189,-41.8,31.0,-30.571199999999997,32.1,-35.4,31.3,-35.2,30.3
4767.189,-38.5,30.9,-30.587999999999997,32.1,-31.6,31.3,-32.1,30.3
4768.189,-11.9,31.1,-30.4968,32.3,-10.6,31.5,-11.2,30.4
4769.191,15.5,31.3,-31.128,32.5,12.7,31.6,14.9,30.6
4770.191,34.4,30.9,-30.8448,32.0,27.4,31.2,30.8,30.3
4771.191,36.7,30.9,-30.940799999999996,32.0,30.9,31.2,33.3,30.3
4772.191,37.9,31.0,-0.804,32.0,31.7,31.3,34.2,30.4
4773.191,37.8,31.3,27.108,32.3,31.3,31.4,34.1,30.4
4774.191,38.1,31.5,27.5064,32.6,32.3,31.7,34.6,30.6
4775.191,38.1,31.6,28.101599999999998,32.9,31.4,32.0,34.1,30.9
4776.191,38.1,31.7,26.6976,33.0,32.0,32.2,34.6,31.0
4777.191,37.9,31.8,27.0096,33.1,31.1,32.4,35.6,31.2
4778.191,1.2,31.9,26.6904,33.3,4.4,32.5,3.9,31.4
4779.191,-35.9,31.7,26.8632,33.1,-28.8,32.3,-31.1,31.2
4780.191,-41.3,31.5,-6.4944,32.8,-35.2,32.0,-35.4,30.9
4781.191,-41.2,31.2,-29.4336,32.4,-35.2,31.6,-35.3,30.6
4782.193,-41.5,31.1,-30.657599999999995,32.3,-35.3,31.5,-35.3,30.5
4783.193,-41.6,31.1,-30.357599999999998,32.2,-35.4,31.4,-35.5,30.4
4784.193,-42.0,31.0,-30.6528,32.2,-36.3,31.4,-35.4,30.4
4785.193,-41.7,31.0,-30.7872,32.1,-35.7,31.4,-35.4,30.4
4786.193,-39.0,31.0,-30.791999999999998,32.1,-31.7,31.3,-32.9,30.3
4787.193,-19.9,31.0,-30.683999999999997,32.2,-18.7,31.4,-18.8,30.4
4788.193,1.9,31.5,-0.0024,32.7,0.3,31.8,0.7,30.8
4789.193,28.2,31.1,17.296799999999998,32.3,22.7,31.4,26.7,30.5
4790.193,35.2,30.9,27.4992,32.0,28.1,31.2,31.4,30.3
4791.193,37.9,30.9,27.6216,32.0,31.0,31.3,34.0,30.3
4792.193,38.0,31.2,26.52,32.1,31.5,31.3,34.4,30.4
4793.193,37.9,31.5,26.726399999999998,32.5,31.3,31.6,34.3,30.5
4794.193,38.2,31.6,26.7552,32.8,31.4,31.9,34.3,30.8
4795.193,38.0,31.7,26.7432,32.9,31.4,32.1,34.4,31.0
4796.193,38.2,31.7,13.427999999999999,33.1,31.6,32.3,34.6,31.2
4797.193,29.2,31.8,-19.3296,33.2,25.2,32.4,28.3,31.2
4798.218,-20.0,31.9,-30.7608,33.3,-12.4,32.5,-16.3,31.3
4799.218,-41.2,31.6,-30.5208,33.0,-34.1,32.2,-35.3,31.0
4800.218,-41.4,31.3,-30.6504,32.6,-35.9,31.8,-35.8,30.7
4801.218,-41.4,31.2,-31.034399999999998,32.4,-36.9,31.5,-35.7,30.5
4802.218,-41.6,31.1,-30.8808,32.3,-35.5,31.5,-35.6,30.4
4803.218,-41.8,31.0,-30.8352,32.2,-35.6,31.4,-35.6,30.4
4804.218,-42.0,31.0,-14.2992,32.2,-35.8,31.4,-35.7,30.4
4805.218,-41.3,31.0,1.32,32.1,-35.0,31.3,-35.2,30.3
4806.218,-38.3,31.0,27.5688,32.1,-31.7,31.3,-32.2,30.3
4807.218,-7.2,31.2,27.4008,32.3,-8.2,31.5,-8.6,30.5
4808.218,14.4,31.4,26.911199999999997,32.6,11.7,31.6,13.3,30.7
4809.218,34.2,30.9,26.9472,32.0,27.7,31.3,31.4,30.3
4810.218,36.9,30.9,26.594399999999997,32.0,30.6,31.2,33.3,30.3
4811.218,37.9,31.0,26.7816,32.0,31.5,31.3,34.2,30.4
4812.218,37.9,31.4,25.924799999999998,32.3,31.3,31.4,34.3,30.4
4813.218,38.2,31.6,-0.7728,32.6,31.4,31.7,34.3,30.6
4814.218,38.1,31.7,-30.66,32.9,32.0,32.0,37.0,30.9
4815.218,38.1,31.7,-30.775199999999998,33.0,31.4,32.3,34.5,31.1
4816.218,38.1,31.8,-30.852,33.1,31.4,32.4,34.5,31.2
4817.218,5.8,31.9,-31.0152,33.3,7.0,32.5,7.1,31.4
4818.218,-30.4,31.8,-31.226399999999998,33.2,-21.7,32.4,-25.3,31.3
4819.218,-41.4,31.5,-30.938399999999998,32.9,-35.7,32.1,-35.5,31.0
4820.218,-41.5,31.3,-28.392,32.4,-37.7,31.7,-35.5,30.6
4821.218,-41.6,31.1,0.036,32.3,-36.3,31.5,-35.5,30.5
4822.218,-41.7,31.1,27.9624,32.2,-35.5,31.5,-35.6,30.4
4823.218,-42.0,31.1,27.456,32.2,-35.6,31.4,-35.5,30.4
4824.218,-42.0,31.0,27.5952,32.2,-35.7,31.4,-35.3,30.4
4825.218,-39.4,31.0,27.079199999999997,32.1,-33.1,31.4,-34.2,30.3
4826.218,-31.6,31.0,31.679999999999996,32.2,-27.5,31.3,-30.7,30.3
4827.218,5.8,31.3,26.932799999999997,32.6,0.8,31.7,2.4,30.7
4828.218,30.6,31.0,26.747999999999998,32.2,25.1,31.4,29.1,30.4
4829.218,34.2,30.9,-3.0647999999999995,32.0,29.0,31.3,33.1,30.3
4830.218,37.6,31.0,-29.7096,32.0,31.3,31.3,34.8,30.3
4831.218,38.0,31.2,-30.7656,32.1,31.2,31.4,34.5,30.4
4832.218,38.0,31.5,-30.4896,32.5,34.7,31.6,34.4,30.5
4833.218,38.3,31.6,-30.602399999999996,32.8,31.6,32.0,34.4,30.8
4834.218,38.0,31.7,-31.187999999999995,33.0,31.3,32.2,34.4,31.1
4835.218,38.2,31.8,-30.96,33.1,31.5,32.3,34.6,31.2
4836.218,27.1,31.9,-31.123199999999997,33.2,22.3,32.5,25.9,31.3
4837.218,-18.0,31.9,0.528,33.4,-11.2,32.6,-14.0,31.4
4838.218,-40.7,31.7,22.884,33.0,-34.6,32.2,-34.0,31.1
4839.218,-43.7,31.4,27.563999999999997,32.7,-35.6,31.9,-38.0,30.8
4840.218,-45.3,31.2,27.828,32.4,-35.5,31.6,-36.1,30.5
4841.218,-42.0,31.1,26.7984,32.3,-35.6,31.5,-36.2,30.5
4842.218,-42.1,31.1,27.023999999999997,32.3,-35.6,31.5,-35.7,30.4
4843.218,-42.2,31.1,27.0456,32.3,-35.8,31.4,-37.4,30.4
4844.218,-41.9,31.0,26.916,32.2,-34.7,31.4,-36.1,30.3
4845.218,-38.2,31.0,-1.0464,32.1,-31.8,31.4,-33.7,30.3
4846.218,-8.7,31.3,-27.470399999999998,32.4,-8.3,31.5,-8.4,30.5
4847.218,13.0,31.5,-30.818399999999997,32.7,11.0,31.7,13.5,30.7
4848.218,35.1,31.0,-30.4896,32.1,28.0,31.3,30.8,30.4
4849.218,36.7,30.9,-30.847199999999997,32.1,29.6,31.3,33.4,30.3
4850.218,37.6,31.0,-30.816,32.1,31.4,31.3,38.3,30.4
4851.218,38.9,31.3,-30.875999999999998,32.3,31.3,31.5,34.5,30.5
4852.218,40.5,31.6,-30.7368,32.7,31.4,31.8,36.6,30.6
4853.218,38.6,31.7,1.6056000000000001,32.9,31.3,32.1,33.9,30.9
4854.218,38.7,31.8,17.054399999999998,33.1,31.5,32.3,34.0,31.1
4855.218,38.5,31.8,27.4776,33.1,31.3,32.4,34.1,31.3
4856.218,7.7,32.0,27.9696,33.3,8.2,32.6,8.5,31.4
4857.218,-31.6,31.8,26.548799999999996,33.3,-22.4,32.5,-25.3,31.3
4858.219,-42.8,31.5,27.3096,32.9,-35.7,32.1,-35.3,31.0
4859.219,-42.7,31.2,26.7384,32.5,-37.6,31.7,-35.3,30.7
4860.219,-42.9,31.1,27.148799999999998,32.3,-35.7,31.5,-35.4,30.5
4861.219,-43.0,31.1,21.1104,32.3,-35.9,31.5,-35.5,30.5
4862.219,-43.2,31.1,-10.082399999999998,32.3,-36.2,31.4,-35.5,30.4
4863.219,-43.2,31.0,-30.7584,32.2,-35.8,31.4,-35.5,30.4
4864.219,-41.0,31.0,-30.549599999999998,32.2,-32.9,31.4,-33.5,30.3
4865.219,-33.4,31.0,-30.599999999999998,32.2,-27.2,31.4,-28.0,30.3
4866.219,5.1,31.4,-30.856799999999996,32.6,1.4,31.7,5.6,30.7
4867.219,30.2,31.1,-30.964799999999997,32.3,24.5,31.4,27.8,30.4
4868.219,35.0,30.9,-30.847199999999997,32.1,28.6,31.3,31.3,30.3
4869.219,38.0,31.0,-22.7424,32.1,31.3,31.3,34.4,30.4
4870.219,38.3,31.3,0.5376,32.2,31.1,31.4,34.0,30.4
4871.219,38.5,31.5,28.08,32.5,34.1,31.6,34.3,30.5
4872.219,38.6,31.6,27.273600000000002,32.8,31.4,32.0,34.1,30.8
4873.219,38.6,31.7,27.12,33.0,31.4,32.2,34.4,31.0
4874.219,38.6,31.8,26.939999999999998,33.1,31.4,32.3,34.3,31.2
4875.219,27.9,31.9,26.8608,33.2,22.5,32.5,25.5,31.3
4876.219,-18.6,31.9,26.911199999999997,33.4,-11.3,32.6,-14.8,31.4
4877.219,-42.4,31.6,26.128800000000002,33.0,-34.2,32.3,-34.6,31.1
4878.219,-42.6,31.3,0.08879999999999999,32.7,-35.7,31.9,-35.5,30.8
4879.219,-42.6,31.1,-29.6352,32.4,-35.3,31.6,-35.3,30.5
4880.219,-42.7,31.1,-30.664799999999996,32.3,-35.5,31.5,-35.4,30.5
4881.219,-42.8,31.1,-30.638399999999997,32.2,-35.6,31.5,-35.4,30.4
4882.219,-42.9,31.0,-30.8352,32.2,-35.8,31.4,-35.6,30.4
4883.219,-42.4,31.0,-31.1736,32.1,-34.6,31.4,-34.9,30.3
4884.219,-39.9,31.0,-30.9168,32.1,-31.9,31.4,-32.5,30.3
4885.219,-10.0,31.2,-30.8232,32.4,-9.0,31.5,-9.6,30.5
4886.219,0.3,31.7,-0.3168,32.8,0.0,31.9,0.0,30.9
4887.219,22.7,31.3,25.8288,32.6,17.5,31.6,21.0,30.7
4888.219,34.9,30.9,27.179999999999996,32.0,27.9,31.2,31.0,30.3
4889.219,37.8,30.9,27.6816,32.0,30.8,31.3,33.9,30.3
4890.219,38.5,31.1,26.6208,32.1,31.4,31.4,34.3,30.4
4891.219,38.4,31.4,26.855999999999998,32.4,31.3,31.6,34.4,30.5
4892.219,38.7,31.6,26.9256,32.7,31.5,31.8,34.2,30.7
4893.219,38.6,31.7,26.9184,32.9,31.3,32.1,34.3,31.0
4894.219,38.7,31.7,-5.8608,33.1,31.5,32.3,34.5,31.1
4895.219,35.7,31.8,-29.8992,33.1,28.8,32.4,32.0,31.3
4896.219,-12.9,31.9,-30.7512,33.3,-6.5,32.5,-9.3,31.4
4897.219,-42.0,31.7,-30.4896,33.1,-33.0,32.3,-33.0,31.1
4898.219,-43.1,31.4,-30.875999999999998,32.7,-35.6,31.9,-35.9,30.8
4899.219,-43.3,31.2,-30.947999999999997,32.4,-35.4,31.6,-38.6,30.6
4900.219,-43.4,31.1,-30.9,32.2,-35.5,31.5,-36.5,30.4
4901.219,-43.4,31.0,-30.7968,32.2,-35.5,31.5,-35.4,30.4
4902.219,-43.5,31.0,-0.372,32.2,-35.8,31.4,-35.7,30.4
4903.219,-43.2,31.0,19.1424,32.2,-35.4,31.4,-35.4,30.4
4904.219,-39.9,30.9,27.273600000000002,32.1,-31.1,31.3,-32.5,30.3
4905.219,-13.7,31.1,27.6912,32.3,-11.6,31.5,-11.3,30.5
4906.219,3.4,31.6,26.510399999999997,32.7,3.5,31.9,3.8,30.8
4907.219,33.1,31.0,26.9064,32.1,26.3,31.3,29.4,30.4
4908.219,35.6,30.9,26.757599999999996,32.0,28.0,31.3,32.0,30.3
4909.219,38.1,30.9,26.88,32.0,31.1,31.3,34.2,30.4
4910.219,38.5,31.3,10.1808,32.2,31.4,31.4,34.1,30.4
4911.219,38.7,31.5,-18.1296,32.6,31.3,31.7,38.8,30.5
4912.219,38.8,31.6,-30.8832,32.8,31.3,32.0,34.1,30.8
4913.219,38.7,31.7,-30.5136,33.0,31.4,32.2,34.3,31.1
4914.219,38.8,31.8,-30.695999999999998,33.1,31.6,32.3,34.5,31.2
4915.219,23.1,31.9,-30.655199999999997,33.2,18.8,32.5,21.8,31.4
4916.219,-22.1,31.9,-30.9288,33.3,-14.4,32.5,-17.8,31.4
4917.219,-43.1,31.6,-30.664799999999996,33.0,-34.6,32.2,-34.9,31.1
4918.219,-43.1,31.3,-11.493599999999999,32.7,-35.4,31.8,-35.5,30.8
4919.219,-43.1,31.1,0.8855999999999999,32.4,-35.3,31.6,-35.3,30.5
4920.219,-43.1,31.1,27.950400000000002,32.3,-35.3,31.5,-35.4,30.5
4921.219,-43.0,31.0,27.8688,32.2,-35.4,31.4,-35.4,30.4
4922.22,-43.0,31.0,26.956799999999998,32.2,-35.6,31.4,-35.6,30.4
4923.22,-42.3,31.0,27.432,32.1,-34.1,31.4,-34.8,30.3
4924.221,-39.8,31.0,26.894399999999997,32.1,-31.6,31.3,-32.4,30.3
4925.221,-4.3,31.3,27.3768,32.4,-5.2,31.6,-4.9,30.6
4926.221,16.0,31.4,25.7088,32.6,11.6,31.7,14.1,30.7
4927.221,35.2,30.9,0.012,32.1,27.8,31.3,31.3,30.3
4928.221,37.1,30.9,-30.5952,32.0,30.0,31.3,33.3,30.3
4929.221,38.5,31.1,-30.357599999999998,32.1,31.5,31.4,34.3,30.4
4930.221,38.3,31.4,-30.6528,32.3,31.2,31.5,34.3,30.5
4931.221,38.8,31.6,-30.971999999999998,32.7,31.4,31.8,34.3,30.7
4932.221,38.6,31.7,-31.072799999999997,32.9,31.3,32.1,34.3,31.0
4933.223,38.8,31.8,-30.9072,33.1,31.5,32.3,34.5,31.1
4934.223,38.2,31.8,-27.9696,33.1,30.7,32.4,33.9,31.2
4935.223,11.4,32.0,-0.06,33.3,8.5,32.6,10.7,31.4
4936.223,-10.6,32.1,27.381600000000002,33.5,-5.8,32.7,-8.5,31.4
4937.223,-40.4,31.7,27.744,33.1,-31.6,32.2,-32.5,31.1
4938.223,-43.2,31.4,27.504,32.7,-35.4,31.9,-35.5,30.9
4939.223,-43.0,31.2,27.12,32.4,-35.2,31.6,-35.3,30.6
4940.223,-42.9,31.1,26.978399999999997,32.3,-35.4,31.5,-35.5,30.5
4941.223,-42.9,31.1,27.1128,32.2,-35.3,31.5,-35.4,30.5
4942.223,-43.0,31.1,27.2016,32.2,-35.5,31.5,-35.5,30.4
4943.223,-42.8,31.0,-2.2392,32.2,-35.4,31.4,-35.5,30.4
4944.223,-40.0,31.0,-29.3616,32.1,-31.8,31.3,-32.5,30.3
4945.223,-18.4,31.1,-30.808799999999998,32.3,-15.4,31.4,-15.7,30.5
4946.223,9.1,31.4,-36.9312,32.7,5.1,31.8,7.4,30.8
4947.223,34.1,31.0,-31.423199999999998,32.1,27.3,31.3,30.1,30.4
4948.224,36.0,30.9,-31.087199999999996,32.0,28.2,31.3,32.0,30.3
4949.224,38.4,31.0,-31.077599999999997,32.0,31.4,31.3,34.1,30.4
4950.225,38.6,31.3,-30.895199999999996,32.2,31.3,31.4,34.2,30.4
4951.225,38.8,31.6,-0.3744,32.6,31.4,31.7,34.4,30.6
4952.225,39.0,31.7,25.823999999999998,32.9,31.3,32.0,34.2,30.9
4953.225,38.7,31.7,27.232799999999997,33.0,31.5,32.2,34.5,31.1
4954.225,38.9,31.8,27.732,33.1,31.4,32.4,34.3,31.2
4955.225,16.9,31.9,26.6928,33.3,14.0,32.5,16.0,31.4
4956.225,-25.9,31.9,26.6448,33.3,-17.4,32.5,-20.6,31.3
4957.225,-43.0,31.6,26.496,33.0,-35.0,32.2,-35.2,31.1
4958.225,-43.1,31.3,26.952,32.6,-35.5,31.8,-35.4,30.7
4959.225,-43.0,31.1,0.0024,32.4,-35.5,31.6,-35.4,30.5
4960.225,-42.9,31.1,-29.0808,32.3,-35.5,31.5,-35.4,30.4
4961.225,-43.0,31.1,-30.7224,32.2,-35.6,31.5,-35.4,30.4
4962.225,-42.9,31.0,-30.556799999999996,32.2,-35.8,31.4,-35.5,30.4
4963.225,-41.8,31.0,-30.7608,32.2,-33.4,31.4,-34.1,30.4
4964.229,-39.0,31.0,-30.871199999999998,32.1,-31.3,31.3,-31.8,30.4
4965.229,-2.8,31.3,-30.804000000000002,32.5,-3.1,31.6,-2.6,30.7
4966.229,12.7,31.5,-30.825599999999998,32.7,8.8,31.8,11.8,30.8
4967.229,34.7,31.0,1.656,32.1,27.6,31.3,30.2,30.4
4968.229,36.9,30.9,8.8608,32.0,29.7,31.3,33.3,30.4
4969.229,38.6,31.0,27.563999999999997,32.1,31.4,31.4,34.2,30.4
4970.229,38.6,31.4,27.7128,32.3,31.3,31.5,34.2,30.5
4971.229,38.8,31.6,26.6928,32.6,31.3,31.8,34.3,30.7
4972.229,38.8,31.7,26.8632,32.9,31.3,32.0,34.3,30.9
4973.229,38.8,31.8,26.8128,33.0,31.4,32.2,34.4,31.1
4974.233,38.9,31.8,26.9064,33.2,31.4,32.4,34.4,31.3
4975.233,6.8,31.9,19.3152,33.3,8.0,32.5,8.0,31.4
4976.233,-34.3,31.8,-12.384,33.2,-25.6,32.4,-26.5,31.3
4977.233,-43.3,31.5,-30.887999999999998,32.9,-35.3,32.1,-35.8,31.0
4978.233,-43.2,31.3,-30.5904,32.5,-35.5,31.7,-42.2,30.7
4979.233,-43.1,31.2,-30.662399999999998,32.3,-35.5,31.5,-35.2,30.5
4980.233,-43.1,31.1,-30.801599999999997,32.3,-35.6,31.5,-35.6,30.5
4981.233,-43.2,31.1,-31.0824,32.2,-35.6,31.5,-35.5,30.4
4982.233,-43.1,31.0,-30.693599999999996,32.2,-35.6,31.4,-35.5,30.4
4983.233,-41.1,31.0,-23.4696,32.2,-31.9,31.4,-33.2,30.4
4984.233,-26.9,31.0,1.3727999999999998,32.2,-24.0,31.4,-23.6,30.4
4985.233,5.1,31.4,27.902399999999997,32.6,4.6,31.7,2.5,30.8
4986.233,33.3,31.0,27.441599999999998,32.2,25.3,31.4,29.3,30.5
4987.233,35.2,30.9,27.134399999999996,32.0,27.9,31.3,31.9,30.4
4988.233,38.2,31.0,27.019199999999998,32.1,31.1,31.3,34.2,30.4
4989.233,38.6,31.3,26.784,32.2,31.2,31.4,34.1,30.4
4990.233,38.8,31.5,27.0168,32.6,31.5,31.7,36.8,30.5
4991.233,38.8,31.7,26.1984,32.8,31.2,32.0,37.6,30.7
4992.233,38.8,31.8,0.6192,33.0,31.4,32.2,35.3,31.1
4993.233,39.0,31.8,-29.906399999999998,33.1,31.5,32.4,34.0,31.3
4994.233,25.8,31.9,-30.472799999999996,33.2,20.6,32.5,23.7,31.4
4995.233,-11.8,32.1,-30.7704,33.4,-6.8,32.6,-9.6,31.5
4996.233,-41.5,31.7,-30.926399999999997,33.1,-32.6,32.3,-33.2,31.2
4997.233,-43.4,31.4,-31.334399999999995,32.7,-35.7,31.9,-35.4,30.9
4998.233,-43.3,31.2,-30.818399999999997,32.4,-35.6,31.6,-35.2,30.6
4999.233,-43.2,31.1,-30.204,32.3,-35.8,31.5,-35.3,30.5
5000.233,-43.2,31.1,-0.132,32.3,-35.6,31.5,-35.3,30.4
5001.233,-43.2,31.1,26.916,32.2,-35.8,31.5,-35.5,30.4
5002.233,-43.0,31.0,27.4848,32.2,-35.6,31.4,-35.3,30.4
5003.233,-40.1,31.0,27.7512,32.1,-31.5,31.4,-32.0,30.4
5004.233,-16.4,31.2,26.8464,32.3,-14.1,31.5,-15.1,30.5
5005.233,8.3,31.5,27.0936,32.6,6.7,31.8,8.6,30.8
5006.233,34.0,31.0,26.9832,32.1,26.7,31.3,30.7,30.4
5007.233,36.6,30.9,26.978399999999997,32.1,28.8,31.3,32.5,30.3
5008.233,38.5,31.0,-4.896,32.1,31.4,31.4,34.3,30.4
5009.234,38.6,31.4,-29.834399999999995,32.2,31.4,31.5,34.6,30.5
5010.234,38.8,31.6,-30.794399999999996,32.6,31.2,31.8,34.4,30.6
5011.234,39.0,31.7,-30.4896,32.9,31.4,32.0,34.5,30.9
5012.236,38.7,31.8,-30.525599999999997,33.1,31.3,32.3,34.6,31.1
5013.236,39.0,31.8,-31.0752,33.2,31.4,32.4,34.6,31.3
5014.236,19.2,32.0,-30.818399999999997,33.3,15.4,32.5,18.4,31.4
5015.236,-18.6,32.0,-30.887999999999998,33.4,-11.6,32.6,-15.0,31.4
5016.236,-43.1,31.7,-0.6264,33.0,-34.5,32.3,-34.8,31.1
5017.236,-43.4,31.4,26.58,32.7,-35.5,31.9,-35.5,30.8
5018.236,-43.2,31.2,27.5856,32.4,-35.3,31.6,-35.3,30.6
5019.236,-43.1,31.1,27.7944,32.3,-35.4,31.5,-35.4,30.5
5020.236,-43.2,31.1,26.841599999999996,32.3,-35.5,31.5,-35.4,30.5
5021.236,-43.2,31.1,27.0,32.2,-35.7,31.4,-35.6,30.4
5022.236,-42.7,31.0,26.747999999999998,32.2,-34.3,31.4,-34.9,30.4
5023.236,-40.4,31.0,26.872799999999998,32.1,-31.9,31.4,-32.6,30.4
5024.238,-5.9,31.3,7.7208,32.4,-6.9,31.5,-6.6,30.6
5025.238,9.4,31.6,-25.351200000000002,32.7,7.0,31.8,9.3,30.8
5026.238,34.9,31.0,-30.7416,32.1,27.9,31.3,30.8,30.4
5027.24,36.1,31.0,-30.6048,32.1,29.2,31.3,32.7,30.4
5028.24,38.5,31.1,-30.839999999999996,32.1,31.3,31.4,34.4,30.4
5029.24,38.5,31.4,-30.729599999999998,32.3,31.2,31.5,34.4,30.5
5030.24,38.8,31.6,-30.8736,32.6,31.4,31.8,34.5,30.6
5031.24,38.9,31.7,-30.592799999999997,32.9,31.3,32.1,34.4,30.9
5032.24,38.8,31.8,-2.8728000000000002,33.1,31.3,32.3,34.5,31.1
5033.24,39.1,31.8,5.9664,33.2,31.6,32.4,34.8,31.3
5034.24,14.9,32.0,27.9792,33.3,12.3,32.6,14.1,31.4
5035.24,-25.9,32.0,27.3936,33.4,-17.3,32.5,-20.4,31.4
5036.24,-43.2,31.6,26.5872,33.0,-35.0,32.2,-35.2,31.1
5037.24,-43.3,31.3,26.6928,32.6,-35.5,31.8,-35.4,30.7
5038.24,-43.1,31.2,26.4144,32.4,-35.4,31.6,-35.4,30.5
5039.24,-43.1,31.2,26.7144,32.3,-35.5,31.6,-35.4,30.5
5040.24,-43.2,31.1,22.6584,32.3,-35.6,31.5,-35.4,30.5
5041.24,-43.2,31.1,-5.529599999999999,32.2,-35.7,31.5,-35.5,30.4
5042.24,-41.7,31.0,-30.8232,32.2,-33.1,31.4,-33.8,30.4
5043.24,-39.3,31.0,-30.1752,32.2,-31.3,31.4,-31.8,30.4
5044.24,0.4,31.4,-30.784799999999997,32.5,-2.0,31.7,-0.9,30.7
5045.24,19.5,31.4,-30.734399999999997,32.5,14.6,31.7,16.6,30.8
5046.24,35.7,31.0,-31.084799999999998,32.1,27.6,31.3,31.6,30.4
5047.24,37.5,31.0,-30.729599999999998,32.1,30.4,31.3,33.8,30.4
5048.24,38.7,31.2,-27.2136,32.1,31.5,31.4,34.5,30.4
5049.24,38.6,31.5,0.2208,32.4,31.2,31.6,34.5,30.5
5050.24,38.9,31.7,28.38,32.8,31.3,31.9,34.4,30.7
5051.24,38.8,31.8,27.115199999999998,33.0,31.3,32.2,34.5,31.0
5052.24,38.9,31.8,27.287999999999997,33.1,31.4,32.4,34.6,31.2
5053.24,37.2,31.9,30.4584,33.2,29.8,32.5,33.2,31.3
5054.24,0.2,32.0,26.6232,33.4,3.3,32.7,2.2,31.5
5055.24,-36.6,31.8,27.0,33.3,-27.8,32.4,-29.3,31.3
5056.24,-43.3,31.6,26.2416,32.9,-35.4,32.1,-34.8,31.0
5057.241,-43.1,31.3,-0.8160000000000001,32.5,-35.4,31.7,-37.2,30.7
5058.241,-43.0,31.2,-29.4816,32.4,-35.5,31.6,-38.7,30.5
5059.241,-43.0,31.1,-30.7512,32.3,-35.5,31.6,-36.9,30.5
5060.241,-43.2,31.1,-30.5856,32.3,-35.6,31.5,-35.5,30.5
5061.241,-43.0,31.1,-30.744,32.2,-35.6,31.5,-35.5,30.4
5062.241,-40.8,31.1,-31.1736,32.2,-31.8,31.4,-33.2,30.4
5063.241,-26.6,31.1,-31.0464,32.3,-23.5,31.4,-22.6,30.4
5064.241,-1.8,31.5,-31.1904,32.6,-0.7,31.8,0.0,30.8
5065.241,-0.2,31.8,-0.026399999999999996,32.9,-0.1,32.1,-0.2,31.1
5066.241,0.0,32.0,29.831999999999997,33.1,0.0,32.2,-0.1,31.2
5067.241,6.7,32.0,27.4896,33.2,5.3,32.2,7.8,31.2
5068.241,34.2,31.0,27.3864,32.2,27.4,31.3,30.1,30.4
5069.241,35.7,31.0,26.4744,32.1,28.5,31.3,32.0,30.4
5070.241,38.2,31.0,26.736,32.1,31.3,31.4,34.4,30.4
5071.241,38.5,31.3,26.647199999999998,32.3,31.3,31.5,34.4,30.5
5072.241,38.8,31.5,26.6832,32.6,31.4,31.7,39.0,30.6
5073.241,38.8,31.7,-5.592,32.9,31.4,32.0,34.8,30.8
5074.241,38.8,31.8,-29.815199999999997,33.0,31.2,32.2,34.3,31.1
5075.241,39.0,31.8,-30.9624,33.2,31.5,32.4,34.6,31.3
5076.241,18.2,31.9,-30.5856,33.3,15.4,32.5,17.9,31.4
5077.241,-24.0,32.0,-30.8616,33.4,-15.7,32.5,-18.9,31.3
5078.241,-43.2,31.6,-31.087199999999996,33.0,-34.9,32.2,-35.0,31.1
5079.241,-43.2,31.3,-30.7584,32.6,-35.5,31.8,-35.5,30.8
5080.241,-43.1,31.1,-30.875999999999998,32.4,-35.4,31.6,-35.4,30.5
5081.241,-43.0,31.1,2.0111999999999997,32.3,-35.5,31.5,-35.4,30.4
5082.241,-43.1,31.1,8.7456,32.2,-35.5,31.5,-35.4,30.4
5083.241,-43.1,31.1,27.0072,32.2,-35.7,31.4,-35.5,30.4
5084.241,-41.8,31.0,27.468,32.2,-33.6,31.3,-34.4,30.4
5085.241,-39.8,31.0,26.2032,32.1,-31.3,31.4,-31.9,30.4
5086.241,-1.4,31.3,26.555999999999997,32.5,-4.1,31.6,-3.5,30.6
5087.241,19.4,31.3,26.4216,32.6,12.7,31.7,17.1,30.7
5088.241,35.0,30.9,26.803199999999997,32.1,28.1,31.3,31.2,30.4
5089.241,37.6,30.9,15.578399999999998,32.0,30.3,31.3,33.7,30.4
5090.241,38.6,31.1,-16.6008,32.1,31.3,31.3,34.4,30.4
5091.241,38.6,31.5,-31.432799999999997,32.4,31.2,31.5,34.5,30.5
5092.241,38.9,31.6,-30.098399999999998,32.7,31.3,31.8,34.4,30.6
5093.241,38.8,31.8,-30.5952,33.0,31.3,32.1,37.0,30.9
5094.241,38.9,31.8,-30.4848,33.1,31.4,32.3,34.7,31.2
5095.241,38.4,31.8,-30.964799999999997,33.2,30.7,32.4,34.0,31.3
5096.241,8.3,32.1,-30.679199999999998,33.4,6.6,32.6,8.2,31.5
5097.241,-26.6,32.0,-20.2032,33.4,-17.7,32.6,-20.4,31.4
5098.241,-43.1,31.7,7.632,33.0,-34.9,32.2,-34.6,31.1
5099.241,-43.2,31.3,28.1232,32.6,-35.4,31.8,-39.4,30.8
5100.241,-43.3,31.2,27.2472,32.4,-35.4,31.6,-37.8,30.5
5101.241,-43.0,31.1,27.645599999999998,32.3,-35.5,31.5,-35.9,30.5
5102.241,-43.1,31.1,27.0216,32.3,-35.5,31.5,-35.5,30.4
5103.241,-43.1,31.1,26.8608,32.2,-35.6,31.4,-35.6,30.4
5104.241,-41.7,31.0,26.868,32.2,-34.0,31.4,-34.5,30.4
5105.241,-39.6,31.0,26.136,32.2,-31.5,31.4,-31.6,30.3
5106.241,-1.2,31.3,0.3384,32.5,-2.4,31.6,-3.2,30.6
5107.241,19.9,31.3,-29.9184,32.6,15.4,31.6,16.6,30.7
5108.241,35.3,31.0,-30.5808,32.1,28.5,31.3,32.1,30.4
5109.241,37.5,31.0,-30.8352,32.0,29.6,31.3,33.7,30.3
5110.241,38.8,31.1,-31.0368,32.1,31.5,31.4,36.1,30.4
5111.241,38.5,31.5,-31.344,32.4,31.1,31.5,34.3,30.5
5112.241,38.9,31.6,-31.0584,32.8,31.4,31.9,38.0,30.6
5113.242,39.0,31.7,-30.6312,33.0,31.1,32.1,33.9,30.9
5114.242,39.0,31.8,-0.072,33.1,31.6,32.3,34.3,31.2
5115.242,37.8,31.8,27.4896,33.2,30.3,32.4,33.4,31.4
5116.242,1.6,32.1,27.271199999999997,33.4,3.7,32.6,2.7,31.5
5117.242,-34.8,31.9,27.3144,33.3,-26.3,32.4,-28.1,31.3
5118.242,-43.2,31.6,26.750400000000003,32.9,-35.4,32.1,-35.2,31.0
5119.242,-43.0,31.3,26.736,32.5,-35.5,31.7,-35.2,30.7
5120.242,-42.9,31.2,26.7696,32.4,-35.5,31.5,-35.3,30.5
5121.242,-42.9,31.1,26.604000000000003,32.3,-35.6,31.5,-35.4,30.5
5122.242,-43.1,31.1,-4.4232,32.3,-35.6,31.5,-35.4,30.4
5123.242,-42.9,31.1,-29.911199999999997,32.2,-35.7,31.5,-35.5,30.4
5124.242,-40.3,31.0,-30.811199999999996,32.2,-31.9,31.4,-33.0,30.3
5125.242,-29.0,31.1,-30.6864,32.2,-24.6,31.4,-24.6,30.4
5126.242,0.9,31.5,-30.695999999999998,32.7,0.0,31.8,1.8,30.8
5127.242,27.6,31.2,-31.1592,32.4,21.6,31.5,24.7,30.5
5128.242,34.7,31.0,-31.072799999999997,32.1,27.2,31.3,31.8,30.3
5129.242,38.2,31.0,-31.0056,32.1,31.0,31.4,34.4,30.4
5130.242,38.8,31.2,-0.0648,32.2,31.5,31.4,34.5,30.4
5131.242,38.7,31.5,24.4944,32.5,31.1,31.7,34.4,30.6
5132.242,39.2,31.7,27.5592,32.9,31.3,32.0,34.5,30.8
5133.242,38.9,31.8,27.5472,33.0,31.3,32.2,34.5,31.1
5134.242,39.0,31.8,26.764799999999997,33.2,31.5,32.4,34.7,31.3
5135.242,31.9,31.9,26.438399999999998,33.3,25.8,32.5,28.9,31.4
5136.242,-12.9,32.1,26.9016,33.5,-6.8,32.6,-10.1,31.5
5137.242,-41.7,31.8,26.572799999999997,33.2,-32.7,32.3,-33.5,31.2
5138.242,-43.2,31.5,5.1,32.8,-35.6,32.0,-35.2,30.9
5139.242,-43.0,31.2,-26.2248,32.5,-35.5,31.7,-35.7,30.6
5140.242,-42.9,31.1,-30.947999999999997,32.3,-35.6,31.5,-37.9,30.5
5141.242,-42.9,31.1,-30.657599999999995,32.3,-35.6,31.5,-37.1,30.4
5142.242,-43.0,31.1,-30.9816,32.3,-35.9,31.5,-35.7,30.4
5143.242,-42.8,31.1,-30.804000000000002,32.2,-35.5,31.4,-35.4,30.4
5144.242,-40.1,31.0,-31.022399999999998,32.2,-31.3,31.4,-32.4,30.4
5145.242,-14.1,31.2,-30.7776,32.4,-13.2,31.5,-13.3,30.5
5146.242,9.6,31.5,-1.344,32.8,5.2,31.9,5.5,30.8
5147.242,35.2,31.0,2.052,32.2,28.4,31.4,32.1,30.4
5148.242,36.5,31.0,27.4296,32.1,28.8,31.3,32.8,30.4
5149.242,38.5,31.1,27.357599999999998,32.1,31.2,31.4,34.2,30.4
5150.242,38.7,31.4,26.539199999999997,32.3,31.2,31.5,34.3,30.5
5151.242,38.9,31.6,26.6208,32.7,31.3,31.8,38.5,30.6
5152.242,38.9,31.7,26.6712,33.0,31.2,32.1,34.5,30.9
5153.242,39.0,31.8,26.4072,33.1,31.5,32.3,34.7,31.1
5154.242,39.1,31.9,21.820800000000002,33.2,31.6,32.4,34.8,31.3
5155.242,15.5,32.0,-8.4216,33.4,13.2,32.6,14.9,31.5
5156.242,-25.2,32.0,-31.0152,33.4,-16.5,32.6,-20.0,31.4
5157.242,-43.0,31.7,-30.664799999999996,33.1,-34.8,32.3,-35.2,31.1
5158.242,-43.1,31.4,-30.8328,32.7,-35.4,31.9,-35.5,30.8
5159.242,-43.0,31.2,-30.887999999999998,32.4,-35.4,31.6,-35.4,30.6
5160.242,-42.9,31.2,-31.1352,32.3,-35.4,31.5,-35.4,30.5
5161.242,-43.0,31.1,-30.885599999999997,32.3,-35.5,31.5,-35.5,30.5
5162.242,-43.0,31.1,-25.0536,32.3,-35.6,31.5,-35.5,30.4
5163.242,-41.6,31.1,0.54,32.2,-33.6,31.5,-34.0,30.4
5164.242,-38.5,31.0,27.8328,32.2,-30.9,31.4,-31.6,30.4
5165.242,-0.4,31.4,27.0288,32.6,-2.0,31.7,-2.4,30.7
5166.242,18.4,31.4,27.1584,32.6,13.7,31.7,17.7,30.7
5167.242,35.2,31.0,26.7552,32.1,28.3,31.3,31.1,30.4
5168.242,37.7,31.0,26.647199999999998,32.1,30.3,31.4,33.8,30.4
5169.242,38.8,31.2,26.7216,32.2,31.5,31.4,34.6,30.4
5170.242,38.5,31.5,26.0832,32.5,31.1,31.6,34.4,30.5
5171.242,39.0,31.7,0.6312,32.8,31.3,31.9,34.5,30.8
5172.242,38.9,31.8,-29.486399999999996,33.0,31.3,32.2,34.6,31.0
5173.242,39.0,31.9,-30.8232,33.2,31.5,32.4,34.8,31.2
5174.242,37.7,31.9,-30.6528,33.3,30.2,32.5,33.7,31.4
5175.242,-7.1,32.0,-30.8904,33.5,-2.4,32.7,-4.3,31.5
5176.242,-40.4,31.8,-31.1904,33.3,-31.2,32.4,-31.9,31.2
5177.242,-43.1,31.5,-31.142400000000002,32.8,-36.5,32.1,-40.4,31.0
5178.242,-43.0,31.3,-30.8904,32.5,-38.3,31.6,-35.8,30.6
5179.242,-42.9,31.2,-0.045599999999999995,32.4,-35.4,31.6,-36.5,30.6
5180.242,-42.9,31.1,27.381600000000002,32.4,-35.4,31.5,-35.7,30.5
5181.242,-43.2,31.1,27.1584,32.3,-35.7,31.5,-35.6,30.5
5182.242,-42.8,31.1,27.3768,32.3,-35.5,31.5,-35.5,30.4
5183.242,-40.7,31.1,26.467200000000002,32.2,-31.0,31.4,-32.8,30.4
5184.242,-15.7,31.2,26.642400000000002,32.4,-14.0,31.6,-14.0,30.5
5185.242,4.8,31.7,26.5152,32.7,4.9,31.9,7.9,30.8
5186.242,35.0,31.1,26.6616,32.2,27.2,31.4,30.5,30.4
5187.242,36.0,31.0,-6.023999999999999,32.1,31.2,31.4,32.5,30.4
5188.242,38.5,31.1,-29.6904,32.2,31.5,31.4,35.3,30.4
5189.242,38.6,31.4,-30.6984,32.3,31.9,31.5,34.6,30.5
5190.242,38.9,31.6,-30.472799999999996,32.7,33.7,31.8,34.6,30.5
5191.242,38.9,31.7,-30.7824,33.0,31.4,32.2,41.9,30.9
5192.242,39.0,31.8,-31.1448,33.1,31.4,32.3,34.7,31.2
5193.242,39.1,31.9,-30.9288,33.3,31.4,32.5,34.6,31.3
5194.242,16.9,32.0,-30.9336,33.4,14.5,32.6,16.8,31.4
5195.242,-25.1,32.0,-0.39840000000000003,33.5,-16.8,32.6,-20.1,31.4
5196.242,-41.6,31.7,19.840799999999998,33.1,-34.8,32.3,-35.1,31.1
5197.242,-41.6,31.4,27.108,32.7,-35.3,31.9,-35.4,30.8
5198.242,-41.8,31.2,27.5592,32.5,-35.5,31.7,-35.4,30.6
5199.242,-42.0,31.2,26.308799999999998,32.4,-36.4,31.6,-35.4,30.5
5200.242,-42.2,31.2,26.618399999999998,32.3,-35.5,31.5,-35.4,30.5
5201.242,-42.3,31.1,26.392799999999998,32.3,-35.6,31.5,-35.5,30.4
5202.242,-40.6,31.1,26.719199999999997,32.3,-33.5,31.4,-34.0,30.4
5203.242,-37.8,31.1,13.329600000000001,32.2,-31.1,31.4,-31.8,30.4
5204.242,-1.2,31.4,-18.636,32.6,-2.4,31.7,-3.1,30.7
5205.242,4.6,31.8,-30.976799999999997,32.9,2.2,32.0,3.7,31.0
5206.242,32.9,31.1,-30.491999999999997,32.3,26.3,31.4,30.4,30.5
5207.242,35.7,31.0,-31.0272,32.2,28.7,31.4,31.6,30.4
5208.242,38.2,31.1,-30.808799999999998,32.2,31.1,31.4,34.3,30.5
5209.242,38.5,31.3,-31.1088,32.3,31.3,31.5,34.4,30.5
5210.242,38.7,31.6,-30.7656,32.7,31.3,31.8,34.6,30.7
5211.242,38.8,31.7,-8.676,33.0,31.2,32.1,34.5,30.9
5212.242,38.8,31.8,0.9528,33.1,31.4,32.3,34.7,31.1
5213.242,38.9,31.9,27.9408,33.2,31.4,32.4,34.7,31.3
5214.242,23.0,32.0,27.108,33.4,19.0,32.6,22.4,31.4
5215.242,-13.7,32.1,27.316799999999997,33.6,-7.9,32.7,-11.0,31.5
5216.242,-41.1,31.8,26.808,33.2,-33.5,32.3,-34.1,31.2
5217.242,-41.6,31.5,26.4768,32.8,-35.6,32.0,-35.7,30.9
5218.242,-41.7,31.3,26.7072,32.5,-35.6,31.7,-35.5,30.6
5219.242,-42.0,31.3,25.6824,32.4,-35.9,31.6,-35.5,30.6
5220.242,-42.0,31.2,0.1512,32.4,-36.1,31.6,-35.5,30.5
5221.242,-42.3,31.2,-30.019199999999998,32.3,-35.8,31.5,-35.7,30.5
5222.242,-42.0,31.1,-30.5448,32.3,-35.5,31.5,-35.6,30.4
5223.242,-38.6,31.1,-30.892799999999998,32.3,-31.4,31.5,-32.6,30.4
5224.242,-12.3,31.3,-31.008,32.4,-12.3,31.6,-12.1,30.6
5225.242,11.6,31.5,-31.348799999999997,32.8,6.3,31.9,7.4,30.9
5226.243,34.0,31.1,-30.875999999999998,32.2,27.8,31.4,31.9,30.4
5227.243,36.2,31.1,-29.3736,32.1,29.5,31.4,32.5,30.4
5228.243,38.3,31.1,-0.0672,32.2,31.3,31.5,34.4,30.4
5229.243,38.5,31.4,25.823999999999998,32.3,31.1,31.6,34.4,30.5
5230.243,38.8,31.6,27.124799999999997,32.7,31.5,31.8,34.8,30.7
5231.243,38.7,31.8,27.4944,33.0,31.1,32.1,34.3,31.0
5232.244,38.8,31.8,26.318399999999997,33.2,31.6,32.3,34.8,31.2
5233.244,38.9,31.9,26.712,33.3,31.3,32.5,34.6,31.3
5234.244,14.0,32.0,26.412000000000003,33.4,12.3,32.6,14.5,31.5
5235.244,-26.3,32.0,26.7696,33.5,-17.9,32.6,-21.0,31.4
5236.244,-41.5,31.7,-5.1552,33.1,-35.1,32.3,-35.3,31.1
5237.247,-41.6,31.4,-30.1008,32.6,-35.5,31.9,-35.5,30.8
5238.247,-41.7,31.3,-30.784799999999997,32.4,-35.4,31.7,-35.4,30.6
5239.247,-41.9,31.2,-30.5232,32.4,-35.5,31.6,-35.5,30.5
5240.247,-42.1,31.2,-30.7968,32.3,-35.6,31.6,-35.6,30.5
5241.247,-42.1,31.2,-31.0752,32.3,-35.7,31.5,-35.6,30.5
5242.247,-40.3,31.1,-30.983999999999998,32.3,-33.0,31.5,-33.9,30.5
5243.247,-35.3,31.1,-30.8448,32.2,-30.5,31.5,-31.1,30.4
5244.247,0.3,31.5,-0.2976,32.6,-2.0,31.7,-2.2,30.7
5245.247,6.6,31.9,19.0872,32.9,6.1,32.0,7.4,30.9
5246.247,34.3,31.1,27.2064,32.2,26.5,31.4,30.4,30.5
5247.247,36.1,31.1,27.3864,32.1,28.6,31.4,32.5,30.4
5248.247,38.3,31.1,26.366400000000002,32.2,31.2,31.4,34.3,30.5
5249.247,38.5,31.4,26.594399999999997,32.3,31.2,31.5,34.6,30.5
5250.247,38.8,31.6,26.4048,32.7,31.2,31.8,34.5,30.7
5251.247,38.8,31.7,26.8632,33.0,31.3,32.1,34.6,31.0
5252.247,38.7,31.8,9.158399999999999,33.2,31.2,32.3,34.5,31.2
5253.247,39.0,31.9,-23.786399999999997,33.3,31.7,32.5,34.9,31.3
5254.247,16.6,32.0,-30.938399999999998,33.4,14.3,32.6,17.0,31.4
5255.247,-27.2,32.0,-30.700799999999997,33.4,-18.2,32.6,-20.7,31.4
5256.247,-41.6,31.7,-30.8232,33.1,-34.9,32.3,-35.3,31.1
5257.247,-41.7,31.4,-30.8448,32.7,-35.7,31.9,-39.3,30.8
5258.247,-41.8,31.3,-30.9792,32.4,-35.8,31.6,-37.0,30.6
5259.247,-42.0,31.2,-30.926399999999997,32.4,-37.8,31.6,-35.4,30.5
5260.247,-42.3,31.2,-9.4512,32.3,-35.7,31.5,-35.5,30.5
5261.247,-42.3,31.2,6.8376,32.3,-35.7,31.5,-35.5,30.5
5262.247,-40.0,31.1,28.149599999999996,32.2,-33.1,31.5,-34.0,30.4
5263.247,-36.3,31.1,27.312,32.3,-30.2,31.5,-30.6,30.4
5264.247,3.0,31.5,26.923199999999998,32.6,1.3,31.8,3.8,30.7
5265.247,28.8,31.3,27.079199999999997,32.4,22.8,31.5,26.1,30.5
5266.247,35.4,31.1,26.764799999999997,32.1,28.4,31.4,31.6,30.4
5267.247,38.4,31.1,26.997600000000002,32.1,31.8,31.4,34.2,30.4
5268.247,38.7,31.3,25.4136,32.3,31.4,31.5,34.6,30.5
5269.247,38.8,31.6,-3.7223999999999995,32.6,32.1,31.7,34.4,30.6
5270.247,39.0,31.7,-30.278399999999998,32.9,31.3,32.1,34.4,30.8
5271.247,38.9,31.8,-30.511199999999995,33.1,31.2,32.3,39.5,31.0
5272.247,39.1,31.9,-30.549599999999998,33.2,31.5,32.5,33.4,31.3
5273.247,30.1,32.0,-31.0128,33.4,24.2,32.6,26.8,31.5
5274.247,-8.3,32.2,-31.341599999999996,33.6,-3.7,32.8,-6.3,31.6
5275.247,-39.2,31.9,-31.0464,33.3,-31.4,32.4,-32.3,31.3
5276.247,-42.1,31.6,-29.1528,32.9,-35.5,32.1,-35.5,31.0
5277.247,-41.9,31.3,0.108,32.5,-35.4,31.7,-35.3,30.7
5278.247,-42.2,31.2,28.0968,32.4,-35.5,31.6,-35.3,30.6
5279.247,-42.2,31.2,27.679199999999998,32.4,-35.5,31.6,-35.3,30.5
5280.247,-42.6,31.2,27.2376,32.3,-35.8,31.6,-35.4,30.5
5281.247,-42.3,31.2,26.8824,32.3,-35.9,31.5,-35.4,30.4
5282.247,-39.3,31.1,26.6928,32.3,-31.5,31.5,-32.3,30.4
5283.247,-20.1,31.2,26.8176,32.4,-18.0,31.6,-17.6,30.5
5284.247,2.9,31.7,26.455199999999998,32.8,0.8,31.9,0.5,30.9
5285.247,32.3,31.2,-1.3967999999999998,32.3,25.2,31.5,29.0,30.5
5286.247,35.3,31.1,-29.6088,32.2,28.0,31.4,31.8,30.4
5287.247,38.5,31.1,-30.8616,32.2,31.1,31.4,34.4,30.5
5288.247,38.7,31.3,-30.5592,32.3,31.2,31.5,34.5,30.5
5289.247,38.8,31.6,-30.739199999999997,32.6,31.3,31.8,34.7,30.6
5290.247,39.0,31.7,-31.1736,32.9,31.2,32.1,34.5,30.9
5291.247,38.9,31.8,-31.003199999999996,33.1,31.3,32.3,34.7,31.1
5292.247,39.1,31.9,-30.995999999999995,33.3,31.3,32.5,34.7,31.3
5293.247,27.2,32.0,0.0072,33.4,21.8,32.6,25.5,31.4
5294.248,-17.5,32.1,29.1816,33.5,-10.5,32.7,-13.8,31.5
5295.248,-41.3,31.8,27.599999999999998,33.2,-34.2,32.4,-34.3,31.2
5296.248,-41.8,31.5,27.734399999999997,32.8,-35.7,32.0,-35.4,30.9
5297.248,-41.8,31.3,26.7288,32.5,-35.4,31.7,-35.2,30.6
5298.248,-42.1,31.2,26.8656,32.4,-35.5,31.6,-35.3,30.6
5299.248,-42.3,31.2,26.841599999999996,32.3,-35.5,31.6,-35.2,30.5
5300.248,-42.4,31.2,26.892,32.3,-35.7,31.6,-35.4,30.5
5301.248,-41.9,31.1,0.0048,32.3,-34.7,31.5,-34.9,30.5
5302.248,-38.9,31.1,-28.979999999999997,32.3,-31.7,31.5,-32.6,30.4
5303.248,-8.2,31.3,-30.852,32.5,-8.3,31.7,-8.4,30.6
5304.248,12.3,31.5,-30.5976,32.7,9.0,31.8,11.4,30.8
5305.248,35.8,31.1,-30.9336,32.2,27.9,31.4,30.8,30.4
5306.248,36.9,31.1,-30.8352,32.1,28.9,31.4,33.2,30.4
5307.248,38.6,31.1,-30.921599999999998,32.2,31.5,31.5,35.0,30.5
5308.248,38.6,31.4,-30.885599999999997,32.4,31.2,31.6,34.5,30.5
5309.248,39.0,31.7,1.5504,32.8,31.2,31.9,34.6,30.7
5310.248,38.9,31.8,4.152,33.0,31.3,32.2,34.6,31.0
5311.248,39.0,31.9,27.427200000000003,33.2,31.3,32.4,34.6,31.2
5312.248,39.0,31.9,27.4392,33.3,31.4,32.5,34.7,31.4
5313.248,14.0,32.1,26.5464,33.4,10.9,32.7,13.2,31.5
5314.248,-22.1,32.1,26.7696,33.5,-14.4,32.7,-17.7,31.5
5315.248,-41.5,31.7,26.8608,33.1,-34.8,32.3,-36.3,31.2
5316.249,-41.7,31.4,26.9592,32.7,-35.6,31.9,-35.5,30.8
5317.249,-41.7,31.3,21.3384,32.5,-35.4,31.7,-35.3,30.6
5318.249,-42.0,31.2,-10.624799999999999,32.4,-35.5,31.6,-35.4,30.6
5319.249,-42.1,31.2,-30.8328,32.4,-35.5,31.6,-35.4,30.5
5320.249,-42.3,31.2,-30.5352,32.3,-35.6,31.6,-35.5,30.5
5321.249,-41.3,31.2,-30.7272,32.3,-34.0,31.5,-34.4,30.5
5322.249,-38.6,31.1,-30.7512,32.3,-31.9,31.5,-32.3,30.4
5323.249,-2.0,31.4,-31.101599999999998,32.6,-3.7,31.7,-3.7,30.7
5324.249,24.2,31.3,-30.7056,32.5,18.4,31.7,22.0,30.6
5325.249,35.5,31.1,-21.379199999999997,32.2,27.6,31.4,31.5,30.4
5326.249,38.0,31.1,0.49199999999999994,32.2,30.7,31.4,34.3,30.4
5327.249,38.7,31.3,28.341599999999996,32.2,31.3,31.5,34.6,30.5
5328.249,38.8,31.6,27.2544,32.5,31.2,31.7,34.6,30.6
5329.251,39.0,31.7,27.2568,32.9,31.2,32.0,34.5,30.9
5330.251,38.9,31.8,26.831999999999997,33.1,31.2,32.3,34.6,31.1
5331.251,39.0,31.9,26.7792,33.3,31.3,32.5,34.7,31.3
5332.251,35.1,31.9,26.8584,33.3,28.2,32.6,31.9,31.4
5333.251,-14.8,32.1,26.1528,33.5,-7.4,32.7,-10.8,31.5
5334.251,-40.6,31.8,1.1856,33.3,-31.7,32.4,-33.8,31.3
5335.251,-41.7,31.6,-29.548799999999996,32.8,-37.5,32.1,-35.5,30.9
5336.251,-41.7,31.3,-30.7416,32.5,-39.2,31.7,-35.3,30.7
5337.251,-42.0,31.3,-30.4224,32.4,-36.0,31.6,-35.4,30.6
5338.251,-42.0,31.2,-30.9528,32.4,-35.5,31.6,-35.3,30.6
5339.251,-42.3,31.2,-31.303199999999997,32.4,-36.0,31.6,-35.6,30.5
5340.251,-42.0,31.2,-31.128,32.3,-35.4,31.5,-35.2,30.5
5341.251,-38.8,31.1,-30.9168,32.3,-31.4,31.5,-32.2,30.4
5342.251,-9.9,31.3,-0.21359999999999998,32.5,-10.4,31.7,-9.3,30.6
5343.251,20.0,31.4,26.630399999999998,32.6,14.8,31.7,19.0,30.6
5344.251,35.5,31.1,27.340799999999998,32.2,27.6,31.4,31.6,30.4
5345.251,37.7,31.1,27.7272,32.2,32.3,31.5,33.6,30.4
5346.251,38.5,31.2,26.6328,32.2,31.3,31.5,34.6,30.5
5347.251,38.5,31.5,26.6328,32.5,33.8,31.6,34.6,30.6
5348.251,38.8,31.7,26.793599999999998,32.9,35.7,32.0,34.6,30.8
5349.251,38.7,31.8,26.5416,33.1,31.2,32.3,34.6,31.1
5350.251,39.0,31.9,-5.364,33.3,31.4,32.5,34.8,31.3
5351.251,37.2,31.9,-29.841599999999996,33.4,29.9,32.6,33.5,31.4
5352.251,1.9,32.1,-30.7368,33.6,3.8,32.8,3.7,31.6
5353.251,-33.0,31.9,-30.5904,33.4,-25.0,32.6,-26.9,31.4
5354.251,-41.6,31.7,-30.7416,33.1,-35.3,32.3,-35.2,31.1
5355.251,-41.6,31.4,-31.152,32.7,-35.6,31.9,-35.4,30.8
5356.251,-41.8,31.3,-30.7968,32.5,-35.7,31.7,-35.4,30.6
5357.251,-42.0,31.2,-31.000799999999998,32.5,-35.6,31.7,-35.4,30.6
5358.251,-42.2,31.2,-0.8543999999999999,32.4,-36.3,31.6,-35.4,30.5
5359.251,-42.2,31.2,21.871199999999998,32.4,-35.9,31.6,-35.5,30.5
5360.251,-39.3,31.1,26.7912,32.3,-32.6,31.5,-33.3,30.5
5361.251,-32.0,31.1,27.5472,32.3,-27.6,31.5,-28.2,30.5
5362.251,1.7,31.6,26.34,32.7,1.0,31.9,3.2,30.8
5363.251,31.8,31.2,26.911199999999997,32.4,24.6,31.5,28.5,30.5
5364.251,35.5,31.1,26.6736,32.2,28.9,31.4,31.3,30.5
5365.251,38.3,31.1,26.467200000000002,32.2,31.0,31.5,34.2,30.5
5366.251,38.7,31.3,10.185599999999999,32.3,31.4,31.6,34.6,30.5
5367.251,38.8,31.6,-21.8232,32.7,31.3,31.8,34.7,30.6
5368.251,39.0,31.8,-30.921599999999998,33.0,31.1,32.1,36.6,30.9
5369.251,38.8,31.8,-30.655199999999997,33.2,31.3,32.3,34.8,31.2
5370.251,39.0,31.9,-30.7536,33.3,31.3,32.5,34.7,31.3
5371.251,29.8,32.0,-30.7992,33.4,24.0,32.6,28.3,31.4
5372.251,-14.7,32.1,-30.919199999999996,33.6,-8.5,32.8,-11.1,31.5
5373.251,-41.1,31.8,-31.008,33.3,-33.9,32.4,-33.4,31.3
5374.251,-41.6,31.6,-8.664,32.8,-35.6,32.0,-40.8,31.0
5375.251,-41.6,31.3,3.9528,32.5,-35.4,31.7,-36.5,30.7
5376.253,-41.9,31.2,27.468,32.4,-35.6,31.6,-35.5,30.6
5377.253,-42.0,31.2,27.348,32.4,-35.5,31.6,-35.4,30.6
5378.253,-42.2,31.2,26.6208,32.4,-35.8,31.6,-35.6,30.5
5379.253,-41.9,31.1,27.0504,32.3,-35.0,31.6,-35.4,30.5
5380.253,-38.6,31.1,26.594399999999997,32.3,-31.5,31.6,-32.1,30.4
5381.253,-13.0,31.3,26.8632,32.5,-11.5,31.7,-12.0,30.6
5382.253,10.2,31.6,25.5504,32.8,5.6,32.0,6.1,31.0
5383.253,34.3,31.1,-2.8392,32.3,27.2,31.5,31.2,30.5
5384.253,36.3,31.1,-30.1368,32.2,29.0,31.4,32.7,30.5
5385.253,38.7,31.1,-30.683999999999997,32.2,31.2,31.5,34.3,30.5
5386.253,38.6,31.4,-35.9304,32.4,31.2,31.6,34.5,30.6
5387.253,38.9,31.7,-31.041599999999995,32.8,31.2,31.9,34.4,30.6
5388.253,39.0,31.8,-31.4136,33.0,31.2,32.2,39.4,30.9
5389.253,38.9,31.9,-30.9888,33.2,31.3,32.4,34.5,31.2
5390.253,39.1,31.9,-29.0904,33.3,31.4,32.5,34.5,31.4
5391.253,16.6,32.1,0.2256,33.4,14.6,32.7,17.0,31.5
5392.253,-28.2,32.0,27.7848,33.5,-19.7,32.6,-22.6,31.4
5393.254,-41.5,31.7,27.5424,33.1,-35.1,32.3,-35.1,31.2
5394.254,-41.5,31.4,27.1512,32.7,-35.5,31.9,-35.3,30.8
5395.254,-41.8,31.3,26.676,32.5,-35.6,31.7,-35.4,30.6
5396.254,-41.9,31.2,26.8584,32.4,-35.5,31.6,-35.4,30.6
5397.254,-42.1,31.2,26.810399999999998,32.4,-35.6,31.6,-35.4,30.5
5398.254,-42.2,31.2,26.4072,32.4,-35.7,31.6,-35.5,30.5
5399.254,-39.8,31.2,-1.332,32.3,-32.6,31.6,-33.6,30.5
5400.254,-35.8,31.2,-29.5968,32.3,-30.1,31.5,-30.6,30.5
5401.254,4.6,31.5,-30.856799999999996,32.7,-0.3,31.9,0.6,30.8
5402.254,27.3,31.3,-30.537599999999998,32.5,21.2,31.7,25.5,30.6
5403.254,35.3,31.1,-30.748799999999996,32.2,27.6,31.4,31.6,30.4
5404.254,38.3,31.1,-31.1352,32.2,30.8,31.5,34.1,30.5
5405.254,38.9,31.3,-31.0296,32.3,31.5,31.6,34.6,30.5
5406.254,38.6,31.6,-31.0152,32.6,31.1,31.7,34.4,30.6
5407.254,39.2,31.7,0.0312,33.0,31.4,32.1,34.6,30.9
5408.254,38.8,31.9,26.6136,33.2,31.1,32.3,34.5,31.1
5409.254,39.1,31.9,27.0,33.3,31.4,32.5,34.9,31.3
5410.254,32.7,32.0,27.573600000000003,33.4,26.5,32.6,30.3,31.4
5411.254,-14.2,32.1,30.5232,33.6,-7.7,32.7,-10.3,31.5
5412.254,-41.0,31.8,26.8152,33.3,-33.1,32.4,-33.3,31.2
5413.254,-41.6,31.6,26.534399999999998,32.9,-36.0,32.1,-37.6,31.0
5414.254,-41.5,31.3,26.844,32.5,-37.1,31.7,-37.7,30.7
5415.254,-41.8,31.2,-1.5552,32.5,-35.7,31.6,-35.6,30.6
5416.254,-41.9,31.2,-29.008799999999997,32.4,-35.3,31.6,-35.4,30.6
5417.254,-42.2,31.2,-30.7824,32.4,-35.6,31.6,-35.6,30.5
5418.254,-41.8,31.2,-30.6912,32.3,-35.3,31.6,-35.4,30.5
5419.254,-38.6,31.1,-31.0152,32.3,-31.4,31.5,-32.1,30.4
5420.254,-11.7,31.3,-30.9528,32.5,-11.1,31.7,-12.0,30.6
5421.254,13.0,31.5,-30.9456,32.8,7.3,31.9,10.1,30.9
5422.254,35.0,31.1,-30.7656,32.2,28.1,31.4,30.9,30.5
5423.254,36.9,31.1,1.68,32.2,29.6,31.4,33.1,30.4
5424.254,38.7,31.2,10.713600000000001,32.2,31.4,31.5,34.3,30.5
5425.254,38.7,31.5,27.6528,32.4,31.5,31.6,34.0,30.5
5426.254,39.1,31.7,27.9,32.8,33.7,31.9,36.9,30.7
5427.254,38.9,31.8,26.712,33.1,31.1,32.3,35.5,30.9
5428.254,38.9,31.9,27.033599999999996,33.2,31.3,32.4,33.8,31.3
5429.254,39.0,31.9,26.702399999999997,33.3,31.2,32.6,33.7,31.4
5430.254,14.8,32.1,27.1728,33.5,11.8,32.7,14.1,31.5
5431.254,-1.3,32.3,16.9848,33.7,0.3,32.9,-0.4,31.7
5432.254,-30.4,32.0,-12.1272,33.5,-22.4,32.6,-24.7,31.4
5433.254,-41.6,31.7,-30.9744,33.0,-35.0,32.2,-35.1,31.1
5434.254,-41.5,31.4,-30.693599999999996,32.7,-35.2,31.9,-35.2,30.8
5435.254,-41.8,31.3,-30.96,32.5,-35.2,31.7,-35.2,30.6
5436.254,-42.0,31.2,-30.7704,32.4,-35.3,31.6,-35.5,30.6
5437.254,-42.1,31.2,-31.1808,32.4,-35.3,31.6,-35.4,30.5
5438.254,-42.2,31.2,-30.763199999999998,32.4,-35.5,31.6,-35.5,30.5
5439.254,-39.6,31.1,-17.9328,32.3,-32.9,31.5,-33.4,30.4
5440.256,-32.7,31.1,0.696,32.3,-27.6,31.5,-28.6,30.4
5441.256,6.2,31.5,27.96,32.7,0.6,31.8,1.8,30.8
5442.256,31.2,31.2,27.5304,32.4,24.8,31.5,28.4,30.5
5443.256,35.2,31.1,27.12,32.2,27.9,31.4,31.8,30.4
5444.256,38.5,31.1,27.036,32.2,31.1,31.5,34.1,30.4
5445.256,38.8,31.3,26.6976,32.3,31.3,31.6,34.6,30.5
5446.256,38.9,31.6,27.131999999999998,32.7,31.1,31.8,34.4,30.6
5447.256,39.1,31.8,26.0568,33.0,31.2,32.1,34.5,30.9
5448.256,38.8,31.8,0.3696,33.2,31.2,32.3,34.7,31.2
5449.256,39.0,31.9,-30.228,33.3,31.3,32.5,34.8,31.3
5450.256,28.3,32.0,-31.8504,33.4,23.6,32.6,27.3,31.5
5451.256,-16.9,32.1,-31.214399999999998,33.6,-9.9,32.7,-13.2,31.5
5452.256,-41.3,31.8,-31.8744,33.2,-34.2,32.4,-34.4,31.2
5453.256,-41.6,31.5,-31.3848,32.8,-35.7,32.0,-35.4,30.9
5454.256,-41.6,31.3,-31.132799999999996,32.5,-35.5,31.7,-35.2,30.7
5455.256,-41.9,31.3,-31.094399999999997,32.4,-35.7,31.6,-35.4,30.6
5456.256,-42.0,31.2,0.024,32.4,-35.6,31.6,-35.3,30.6
5457.256,-42.2,31.2,26.7432,32.4,-35.8,31.6,-35.5,30.5
5458.256,-41.7,31.2,27.336000000000002,32.3,-34.9,31.5,-35.1,30.5
5459.256,-38.6,31.2,27.295199999999998,32.3,-31.5,31.5,-32.4,30.4
5460.256,-9.6,31.4,26.932799999999997,32.5,-9.2,31.7,-9.2,30.6
5461.256,13.7,31.6,26.9616,32.8,8.9,31.9,10.4,30.9
5462.256,35.3,31.1,26.7288,32.2,28.3,31.4,31.9,30.5
5463.256,36.5,31.1,26.6904,32.2,28.9,31.5,32.7,30.5
5464.256,38.5,31.2,-5.6136,32.2,31.2,31.5,34.4,30.5
5465.256,38.6,31.5,-30.1296,32.4,31.1,31.6,34.5,30.6
5466.256,39.0,31.7,-30.8352,32.8,31.3,31.9,34.6,30.7
5467.256,38.9,31.8,-30.583199999999998,33.1,31.1,32.2,34.5,31.0
5468.256,39.1,31.9,-30.7656,33.2,31.4,32.4,34.8,31.2
5469.256,39.0,31.9,-31.344,33.3,31.2,32.5,34.7,31.4
5470.256,8.0,32.1,-30.9984,33.5,8.7,32.7,9.3,31.5
5471.256,-29.6,32.0,-31.0368,33.5,-21.0,32.6,-23.8,31.4
5472.256,-41.6,31.7,0.2016,33.1,-35.1,32.3,-36.3,31.1
5473.256,-41.6,31.4,21.791999999999998,32.7,-35.6,31.9,-35.3,30.8
5474.256,-41.8,31.3,27.1104,32.5,-36.5,31.7,-35.5,30.7
5475.256,-42.0,31.3,27.720000000000002,32.4,-35.5,31.6,-35.4,30.6
5476.256,-42.1,31.2,26.164799999999996,32.4,-35.6,31.6,-35.0,30.6
5477.256,-42.1,31.2,26.916,32.4,-35.6,31.6,-35.8,30.5
5478.256,-40.1,31.1,26.4432,32.3,-32.6,31.5,-35.8,30.4
5479.256,-31.2,31.1,26.942400000000003,32.3,-28.2,31.5,-31.3,30.4
5480.256,0.9,31.6,6.515999999999999,32.7,0.4,31.9,3.0,30.8
5481.256,30.1,31.3,-25.5936,32.4,23.6,31.6,27.5,30.5
5482.256,35.2,31.1,-30.96,32.2,27.7,31.4,34.2,30.4
5483.256,38.3,31.1,-30.744,32.2,32.3,31.5,35.0,30.5
5484.256,38.8,31.4,-30.852,32.3,31.3,31.6,37.0,30.5
5485.256,38.6,31.6,-30.8136,32.7,31.1,31.8,34.6,30.7
5486.256,39.1,31.8,-30.8904,33.0,31.3,32.1,36.3,30.9
5487.256,38.7,31.9,-30.8688,33.2,31.0,32.3,34.6,31.2
5488.256,39.1,31.9,-3.3983999999999996,33.3,31.4,32.5,34.8,31.4
5489.256,27.0,32.0,1.932,33.4,22.4,32.6,26.3,31.5
5490.256,-16.4,32.1,27.9864,33.6,-9.6,32.8,-12.8,31.5
5491.256,-41.1,31.8,27.5808,33.3,-33.7,32.4,-34.0,31.3
5492.256,-41.6,31.5,27.0504,32.8,-35.6,32.1,-35.4,30.9
5493.256,-41.6,31.3,27.144000000000002,32.5,-35.4,31.8,-35.2,30.7
5494.256,-41.9,31.3,26.976,32.4,-35.5,31.7,-35.4,30.6
5495.256,-42.0,31.2,26.980800000000002,32.4,-35.5,31.7,-35.3,30.6
5496.256,-42.2,31.2,24.983999999999998,32.4,-35.8,31.6,-35.6,30.5
5497.256,-41.6,31.2,-5.976,32.4,-34.7,31.5,-35.1,30.5
5498.256,-38.4,31.2,-30.6216,32.4,-31.8,31.5,-32.6,30.5
5499.256,-9.4,31.3,-30.444,32.5,-8.8,31.7,-8.8,30.7
5500.256,11.0,31.6,-30.8976,32.9,7.7,31.9,11.0,30.9
5501.256,35.7,31.1,-30.921599999999998,32.2,28.4,31.4,31.4,30.5
5502.256,36.5,31.1,-31.411199999999997,32.2,28.7,31.4,32.7,30.4
5503.256,38.8,31.2,-30.662399999999998,32.2,31.3,31.5,34.6,30.5
5504.256,38.6,31.5,-28.5264,32.5,31.1,31.6,34.6,30.6
5505.256,39.0,31.7,0.168,32.8,31.2,31.9,34.6,30.8
5506.256,39.0,31.8,27.9912,33.1,31.2,32.2,34.6,31.0
5507.256,39.0,31.9,27.225599999999996,33.2,31.3,32.4,34.7,31.3
5508.256,39.0,31.9,27.2856,33.3,31.4,32.6,34.8,31.4
5509.256,9.7,32.1,26.896800000000002,33.5,9.3,32.7,9.7,31.5
5510.256,-28.8,32.0,26.7624,33.5,-20.4,32.6,-23.1,31.4
5511.256,-41.6,31.7,26.795999999999996,33.1,-34.6,32.3,-35.0,31.2
5512.256,-41.6,31.4,26.2848,32.7,-35.1,31.9,-40.3,30.8
5513.256,-41.8,31.3,-1.008,32.5,-35.0,31.7,-37.1,30.6
5514.256,-42.0,31.3,-29.628,32.4,-35.2,31.7,-35.5,30.6
5515.256,-42.2,31.2,-30.8664,32.4,-35.3,31.6,-35.5,30.5
5516.256,-42.2,31.2,-30.583199999999998,32.4,-35.4,31.6,-35.5,30.5
5517.258,-39.7,31.2,-30.902399999999997,32.3,-32.7,31.5,-33.5,30.5
5518.258,-33.5,31.1,-31.195199999999996,32.3,-28.4,31.5,-29.0,30.5
5519.258,3.8,31.5,-31.116,32.7,0.6,31.9,5.6,30.7
5520.258,29.6,31.2,-31.1712,32.4,24.1,31.6,27.3,30.5
5521.258,35.4,31.1,-0.18239999999999998,32.2,27.5,31.4,31.7,30.4
5522.258,38.2,31.1,27.6072,32.2,30.9,31.5,34.2,30.5
5523.258,38.7,31.3,27.316799999999997,32.3,31.2,31.6,34.5,30.5
5524.258,38.7,31.6,27.5928,32.7,31.1,31.8,34.3,30.6
5525.258,39.1,31.8,26.855999999999998,33.0,31.3,32.1,39.3,30.9
5526.258,38.7,31.8,26.6352,33.2,31.0,32.3,34.5,31.1
5527.258,39.2,31.9,26.402399999999997,33.3,31.4,32.5,36.3,31.2
5528.258,28.0,32.0,26.656799999999997,33.4,22.9,32.6,26.1,31.5
5529.258,-14.3,32.1,-2.6544000000000003,33.6,-8.3,32.8,-11.3,31.6
5530.26,-41.2,31.8,-29.531999999999996,33.3,-35.6,32.4,-34.2,31.3
5531.26,-42.4,31.6,-30.9528,32.8,-35.5,32.1,-35.4,30.9
5532.26,-41.7,31.3,-30.6216,32.6,-35.4,31.8,-35.3,30.7
5533.26,-41.9,31.3,-31.010399999999997,32.5,-35.5,31.7,-35.4,30.6
5534.26,-42.0,31.2,-30.976799999999997,32.4,-35.5,31.6,-35.3,30.5
5535.26,-42.2,31.2,-31.101599999999998,32.4,-35.7,31.6,-35.6,30.5
5536.26,-41.9,31.2,-30.7968,32.3,-35.1,31.6,-35.3,30.5
5537.26,-38.7,31.1,1.284,32.3,-31.3,31.6,-33.6,30.4
5538.26,-13.5,31.3,9.7584,32.5,-11.9,31.7,-12.8,30.6
5539.26,7.3,31.7,27.453599999999998,32.8,5.2,32.0,6.0,30.9
5540.26,34.2,31.1,27.636,32.3,26.7,31.5,30.5,30.5
5541.26,35.8,31.1,26.4528,32.2,28.4,31.4,34.3,30.4
5542.26,38.6,31.1,26.750400000000003,32.2,32.1,31.5,34.6,30.5
5543.26,38.4,31.4,26.572799999999997,32.4,31.1,31.6,34.4,30.5
5544.26,40.4,31.6,26.7744,32.8,31.4,31.9,34.8,30.7
5545.26,39.0,31.8,15.7872,33.1,31.6,32.2,34.4,31.0
5546.26,38.9,31.9,-12.0816,33.3,31.4,32.4,34.9,31.2
5547.26,39.0,31.9,-31.031999999999996,33.4,31.2,32.5,34.5,31.4
5548.26,16.2,32.1,-30.5976,33.5,14.0,32.7,16.5,31.5
5549.26,-25.9,32.0,-30.7896,33.5,-17.9,32.7,-20.5,31.4
5550.26,-41.6,31.7,-30.7272,33.2,-35.0,32.3,-35.2,31.2
5551.26,-41.7,31.4,-31.084799999999998,32.7,-35.5,31.9,-39.6,30.8
5552.26,-41.9,31.3,-30.8208,32.5,-35.4,31.7,-35.5,30.6
5553.26,-42.2,31.2,-17.76,32.4,-35.5,31.6,-35.5,30.6
5554.26,-42.3,31.2,0.3336,32.4,-35.6,31.6,-35.5,30.5
5555.26,-42.4,31.2,28.0536,32.4,-35.7,31.6,-35.9,30.5
5556.26,-40.8,31.1,27.3096,32.3,-32.7,31.5,-34.1,30.4
5557.26,-33.8,31.1,27.103199999999998,32.3,-29.7,31.5,-30.1,30.4
5558.26,0.4,31.5,26.9472,32.7,-0.7,31.9,0.5,30.8
5559.26,23.9,31.4,26.793599999999998,32.6,19.1,31.7,22.2,30.6
5560.26,35.0,31.1,26.736,32.2,27.5,31.4,31.9,30.4
5561.26,37.9,31.1,26.0424,32.2,30.8,31.4,34.1,30.4
5562.26,38.8,31.2,1.4951999999999999,32.3,31.2,31.5,34.4,30.5
5563.26,38.7,31.6,-29.548799999999996,32.6,31.2,31.7,34.9,30.6
5564.26,39.0,31.7,-30.619199999999996,33.0,31.2,32.1,36.5,30.8
5565.26,38.9,31.8,-30.5736,33.2,31.1,32.3,35.7,31.0
5566.26,39.0,31.9,-31.034399999999998,33.3,31.3,32.5,36.6,31.2
5567.26,34.5,32.0,-31.2384,33.4,27.5,32.6,31.2,31.5
5568.26,-9.8,32.1,-30.971999999999998,33.6,-4.4,32.8,-6.1,31.6
5569.26,-40.2,31.9,-31.087199999999996,33.3,-32.6,32.5,-33.5,31.3
5570.261,-41.9,31.6,-0.0096,32.9,-35.6,32.1,-35.6,31.0
5571.261,-41.8,31.3,28.9272,32.5,-35.6,31.8,-35.3,30.7
5572.261,-42.1,31.2,27.340799999999998,32.5,-35.6,31.7,-35.5,30.6
5573.261,-42.1,31.2,27.746399999999998,32.4,-35.5,31.6,-35.4,30.5
5574.261,-42.4,31.2,26.844,32.4,-35.7,31.6,-35.5,30.5
5575.261,-42.2,31.2,26.839199999999998,32.4,-35.5,31.6,-35.5,30.4
5576.261,-38.6,31.1,26.894399999999997,32.3,-31.5,31.5,-32.3,30.4
5577.261,-15.1,31.3,26.8992,32.5,-13.1,31.6,-14.6,30.5
5578.261,10.3,31.6,-4.7951999999999995,32.8,6.9,31.9,7.0,30.8
5579.261,34.5,31.1,-30.1656,32.2,27.2,31.4,31.6,30.4
5580.261,36.3,31.1,-30.772799999999997,32.2,28.5,31.4,32.5,30.4
5581.261,38.5,31.1,-30.647999999999996,32.2,31.1,31.5,34.3,30.5
5582.261,38.9,31.4,-30.729599999999998,32.4,31.1,31.6,34.5,30.6
5583.261,39.0,31.7,-31.178399999999996,32.8,31.2,31.9,34.6,30.7
5584.261,39.0,31.8,-30.9744,33.1,31.0,32.2,34.3,31.0
5585.261,39.0,31.9,-30.938399999999998,33.3,31.3,32.4,34.8,31.2
5586.261,39.1,31.9,-0.34319999999999995,33.4,31.3,32.5,34.6,31.4
5587.261,14.7,32.1,20.116799999999998,33.5,12.9,32.7,14.5,31.5
5588.261,-28.7,32.0,27.487199999999998,33.5,-19.6,32.7,-23.2,31.4
5589.261,-41.7,31.7,27.8808,33.2,-35.6,32.3,-35.3,31.1
5590.261,-43.2,31.4,26.5272,32.7,-38.3,31.9,-35.1,30.8
5591.261,-41.7,31.3,26.8848,32.5,-36.1,31.7,-35.4,30.6
5592.261,-42.0,31.2,26.6976,32.5,-35.5,31.7,-37.4,30.6
5593.261,-42.1,31.2,26.976,32.4,-35.6,31.6,-38.1,30.5
5594.261,-42.1,31.2,5.723999999999999,32.4,-35.7,31.6,-35.5,30.5
5595.261,-40.0,31.2,-22.5504,32.3,-33.0,31.6,-33.7,30.4
5596.261,-35.4,31.2,-30.8592,32.3,-29.3,31.5,-30.2,30.4
5597.261,1.1,31.6,-30.6504,32.7,-1.1,31.9,-0.4,30.8
5598.261,22.7,31.4,-30.852,32.7,17.3,31.7,20.7,30.7
5599.261,35.3,31.1,-30.5856,32.2,28.1,31.5,31.3,30.4
5600.261,37.9,31.1,-30.885599999999997,32.2,31.6,31.5,34.0,30.4
5601.261,38.8,31.3,-30.6984,32.3,31.2,31.6,34.3,30.5
5602.261,38.6,31.6,-2.9016,32.6,34.1,31.7,38.5,30.6
5603.261,38.9,31.7,2.904,32.9,32.6,32.1,34.6,30.8
5604.261,38.8,31.8,27.54,33.2,31.1,32.4,34.6,31.1
5605.261,39.0,31.9,27.5376,33.3,31.2,32.5,36.7,31.3
5606.261,35.4,32.0,26.8008,33.4,28.3,32.6,32.3,31.5
5607.263,-15.0,32.1,26.949599999999997,33.6,-7.9,32.8,-10.7,31.5
5608.263,-40.8,31.8,26.9544,33.3,-33.3,32.5,-33.8,31.3
5609.263,-41.8,31.6,26.9136,32.9,-35.5,32.1,-35.3,31.0
5610.263,-41.8,31.3,24.0264,32.6,-35.2,31.8,-34.6,30.7
5611.263,-42.1,31.3,-7.099200000000001,32.5,-35.4,31.7,-35.4,30.6
5612.263,-43.9,31.2,-30.441599999999998,32.4,-35.4,31.6,-38.7,30.6
5613.263,-42.2,31.2,-30.446399999999997,32.4,-35.7,31.6,-37.6,30.5
5614.263,-41.8,31.2,-30.7368,32.4,-34.7,31.6,-35.2,30.5
5615.263,-38.6,31.1,-30.9144,32.3,-31.7,31.5,-32.2,30.4
5616.263,-11.9,31.3,-31.1928,32.5,-10.9,31.7,-11.4,30.6
5617.263,12.6,31.5,-30.921599999999998,32.8,7.8,31.9,10.4,30.8
5618.263,34.7,31.1,-28.4064,32.3,27.7,31.5,30.2,30.5
5619.263,36.3,31.1,0.5376,32.2,28.9,31.4,33.2,30.4
5620.263,38.4,31.1,28.476,32.2,31.1,31.5,37.6,30.5
5621.263,38.5,31.5,27.1176,32.5,31.1,31.6,36.6,30.6
5622.263,38.8,31.7,27.4392,32.8,31.2,31.9,34.6,30.7
5623.263,38.8,31.8,26.695199999999996,33.1,31.2,32.2,36.0,31.0
5624.263,38.9,31.9,26.7072,33.3,31.1,32.4,34.7,31.3
5625.263,39.1,31.9,26.663999999999998,33.4,31.4,32.6,34.9,31.4
5626.264,11.4,32.1,26.0592,33.5,10.5,32.7,12.0,31.5
5627.264,-29.6,32.0,-0.3504,33.5,-21.5,32.7,-24.2,31.4
5628.264,-41.6,31.7,-29.426399999999997,33.2,-35.2,32.4,-35.2,31.2
5629.264,-41.6,31.4,-30.784799999999997,32.7,-35.5,32.0,-35.2,30.8
5630.264,-41.8,31.3,-30.609599999999997,32.5,-35.6,31.7,-35.3,30.6
5631.264,-42.0,31.3,-30.7992,32.5,-35.6,31.7,-35.3,30.6
5632.264,-42.2,31.2,-31.1208,32.4,-35.7,31.6,-35.4,30.5
5633.264,-42.2,31.2,-31.0056,32.4,-35.7,31.6,-35.3,30.5
5634.264,-40.0,31.1,-31.104,32.3,-32.7,31.6,-33.4,30.5
5635.264,-35.6,31.1,0.0744,32.4,-29.5,31.5,-30.5,30.4
5636.264,3.7,31.5,27.453599999999998,32.7,-0.7,31.9,-0.6,30.8
5637.264,25.6,31.3,27.5472,32.6,18.2,31.7,21.8,30.7
5638.264,34.8,31.1,27.587999999999997,32.2,27.3,31.5,32.5,30.4
5639.264,38.5,31.1,26.8992,32.2,30.9,31.5,34.1,30.5
5640.264,38.9,31.3,26.630399999999998,32.3,31.6,31.6,34.6,30.5
5641.264,38.6,31.6,27.0168,32.6,31.0,31.8,34.3,30.6
5642.264,39.2,31.8,26.503199999999996,33.0,31.3,32.1,34.6,30.9
5643.264,38.7,31.9,-4.5336,33.2,31.0,32.4,34.4,31.2
5644.264,39.1,31.9,-29.352,33.3,31.3,32.5,34.7,31.3
5645.264,34.9,32.0,-30.779999999999998,33.5,27.1,32.7,30.8,31.4
5646.264,-7.8,32.2,-30.511199999999995,33.6,-3.1,32.8,-5.5,31.6
5647.264,-39.9,31.9,-30.8544,33.4,-31.5,32.5,-32.1,31.3
5648.264,-41.6,31.6,-31.044,33.0,-35.6,32.2,-35.5,31.0
5649.264,-41.5,31.4,-30.6312,32.6,-35.4,31.8,-35.4,30.7
5650.264,-41.9,31.3,-30.964799999999997,32.5,-35.5,31.7,-35.5,30.6
5651.264,-41.9,31.3,2.1096,32.5,-35.6,31.7,-35.4,30.6
5652.264,-42.2,31.3,18.842399999999998,32.5,-35.8,31.7,-35.5,30.6
5653.264,-41.9,31.2,27.7272,32.4,-35.4,31.6,-35.6,30.5
5654.264,-39.0,31.2,27.2928,32.4,-31.6,31.6,-32.4,30.5
5655.264,-17.1,31.3,26.268,32.5,-16.7,31.6,-15.6,30.6
5656.264,10.5,31.6,26.58,32.8,6.8,32.0,9.2,30.9
5657.264,35.5,31.2,26.592,32.3,28.1,31.5,31.2,30.5
5658.264,36.2,31.1,26.7096,32.2,29.0,31.5,32.6,30.5
5659.264,38.8,31.2,14.292,32.3,31.1,31.5,34.3,30.5
5660.264,38.6,31.5,-14.2464,32.5,31.3,31.7,34.4,30.6
5661.264,39.0,31.7,-31.0632,32.9,31.2,32.0,34.5,30.8
5662.264,39.1,31.9,-30.5952,33.1,31.1,32.3,34.4,31.1
5663.264,39.0,32.0,-30.811199999999996,33.3,31.3,32.5,34.6,31.3
5664.264,39.0,32.0,-30.6984,33.4,31.2,32.6,34.6,31.4
5665.264,15.6,32.1,-31.1616,33.5,12.4,32.8,14.9,31.5
5666.264,-21.7,32.2,-30.66,33.6,-14.2,32.8,-17.5,31.5
5667.264,-41.5,31.8,-16.1568,33.3,-35.5,32.4,-34.9,31.2
5668.264,-41.7,31.5,1.5552,32.8,-36.7,32.0,-35.5,30.9
5669.264,-41.8,31.3,27.273600000000002,32.5,-36.7,31.8,-35.4,30.7
5670.264,-41.9,31.3,27.2448,32.5,-36.8,31.7,-35.4,30.6
5671.264,-42.1,31.3,26.6808,32.4,-36.9,31.7,-35.5,30.6
5672.264,-42.1,31.3,26.772,32.4,-37.3,31.6,-35.6,30.5
5673.266,-41.0,31.2,26.402399999999997,32.4,-35.1,31.6,-34.3,30.5
5674.266,-38.6,31.2,26.8248,32.4,-32.9,31.6,-32.2,30.5
5675.266,-4.8,31.5,25.8432,32.6,-5.9,31.8,-5.9,30.7
5676.266,4.0,31.9,1.3991999999999998,33.0,1.0,32.2,1.3,31.0
5677.268,32.5,31.3,-29.611199999999997,32.4,25.9,31.6,29.2,30.6
5678.268,35.5,31.2,-30.587999999999997,32.2,27.7,31.5,31.6,30.5
5679.268,38.3,31.2,-30.6528,32.2,31.1,31.5,34.5,30.5
5680.268,38.5,31.4,-30.940799999999996,32.3,31.0,31.6,34.3,30.6
5681.268,38.8,31.7,-31.240799999999997,32.7,31.2,31.9,34.7,30.7
5682.268,38.8,31.8,-30.938399999999998,33.0,31.0,32.2,34.4,31.0
5683.268,41.9,31.9,-30.9624,33.2,31.1,32.4,34.6,31.2
5684.268,39.3,32.0,-0.0624,33.3,31.3,32.6,34.8,31.4
5685.268,25.5,32.1,27.379199999999997,33.5,20.9,32.7,24.4,31.5
5686.268,-16.4,32.2,27.079199999999997,33.6,-9.6,32.8,-12.9,31.5
5687.268,-41.3,31.9,27.42,33.3,-35.0,32.5,-34.4,31.3
5688.268,-41.5,31.6,26.46,32.9,-36.4,32.1,-35.4,31.0
5689.268,-41.5,31.4,26.9472,32.6,-36.2,31.8,-35.3,30.7
5690.268,-41.8,31.3,26.685599999999997,32.5,-36.4,31.7,-35.6,30.6
5691.268,-41.9,31.3,26.8536,32.5,-36.3,31.7,-35.3,30.6
5692.268,-42.0,31.3,-4.142399999999999,32.4,-36.6,31.7,-35.5,30.6
5693.268,-41.4,31.2,-29.642400000000002,32.4,-35.5,31.6,-35.0,30.5
5694.268,-38.7,31.2,-30.583199999999998,32.4,-32.6,31.6,-32.4,30.5
5695.268,-7.8,31.4,-30.348,32.6,-9.0,31.8,-9.6,30.7
5696.268,3.1,31.9,-30.830399999999997,33.0,1.2,32.1,1.8,31.1
5697.268,29.7,31.3,-31.1376,32.5,24.0,31.6,28.1,30.6
5698.268,34.7,31.2,-30.909599999999998,32.2,27.3,31.5,30.9,30.5
5699.268,38.5,31.2,-30.909599999999998,32.2,31.1,31.5,34.3,30.5
5700.268,38.7,31.5,-0.384,32.4,31.0,31.6,34.3,30.6
5701.268,38.8,31.7,23.5776,32.7,31.3,31.9,34.6,30.7
5702.268,38.9,31.9,27.249599999999997,33.0,31.1,32.2,34.5,30.9
5703.268,38.8,32.0,27.441599999999998,33.2,31.3,32.4,34.5,31.2
5704.268,39.0,32.0,26.5464,33.4,31.4,32.5,34.8,31.4
5705.268,27.0,32.1,26.7384,33.5,22.5,32.7,26.4,31.5
5706.268,-18.8,32.2,26.6448,33.6,-11.3,32.8,-13.9,31.5
5707.268,-41.3,31.9,26.8008,33.3,-35.0,32.5,-34.3,31.3
5708.268,-41.5,31.6,3.8976,32.9,-36.3,32.1,-38.0,31.0
5709.268,-41.6,31.4,-25.968,32.6,-36.1,31.8,-36.2,30.7
5710.278,-41.9,31.3,-30.9144,32.5,-36.3,31.7,-35.6,30.6
5711.278,-42.0,31.3,-30.5664,32.5,-36.4,31.7,-35.4,30.6
5712.279,-42.1,31.3,-30.8904,32.4,-36.5,31.7,-35.6,30.6
5713.279,-41.4,31.2,-30.744,32.4,-35.1,31.6,-35.1,30.5
5714.28,-38.8,31.2,-30.744,32.4,-32.8,31.6,-32.5,30.5
5715.28,-6.3,31.5,-30.8136,32.6,-6.9,31.8,-6.2,30.7
5716.28,12.1,31.7,-2.8056,32.8,10.0,31.9,10.1,31.0
5717.28,35.6,31.2,3.7632,32.3,27.5,31.5,31.7,30.5
5718.28,36.5,31.2,27.2232,32.2,28.7,31.5,33.0,30.5
5719.28,38.5,31.3,27.2376,32.3,31.1,31.5,34.4,30.5
5720.28,38.6,31.6,26.5416,32.5,31.2,31.7,34.5,30.6
5721.28,39.0,31.8,26.688,32.9,31.2,32.0,42.1,30.7
5722.28,38.9,31.9,26.8296,33.1,31.1,32.3,34.9,31.1
5723.28,38.8,32.0,26.6136,33.3,31.3,32.5,34.8,31.3
5724.28,38.9,32.1,24.2232,33.4,31.2,32.6,34.6,31.4
5725.28,8.3,32.2,-6.3384,33.6,8.9,32.8,9.4,31.6
5726.28,-29.1,32.1,-30.5208,33.5,-20.1,32.7,-23.0,31.4
5727.28,-41.4,31.8,-30.2976,33.2,-36.4,32.4,-35.5,31.2
5728.28,-41.4,31.5,-30.7992,32.7,-38.9,32.0,-36.0,30.9
5729.28,-41.7,31.4,-30.755999999999997,32.5,-35.6,31.7,-36.2,30.7
5730.28,-41.8,31.3,-31.1544,32.4,-36.1,31.7,-36.1,30.6
5731.281,-42.1,31.3,-30.7584,32.4,-35.9,31.7,-35.3,30.6
5732.281,-42.1,31.3,-28.9944,32.4,-35.7,31.6,-35.3,30.5
5733.281,-39.8,31.2,0.21839999999999998,32.4,-32.8,31.6,-33.4,30.5
5734.281,-31.8,31.2,27.492,32.4,-27.9,31.6,-27.6,30.5
5735.281,0.5,31.7,27.103199999999998,32.8,-0.5,32.0,0.1,30.9
5736.281,18.7,31.6,27.0144,32.8,14.4,31.9,16.9,30.9
5737.281,35.5,31.2,26.736,32.2,28.0,31.5,31.4,30.5
5738.281,37.5,31.2,26.6784,32.2,31.5,31.5,33.8,30.5
5739.281,38.8,31.3,26.616,32.3,31.4,31.6,34.4,30.5
5740.281,38.6,31.7,26.3688,32.6,33.2,31.7,36.5,30.6
5741.281,39.0,31.8,-0.1536,32.9,32.6,32.1,34.6,30.8
5742.281,38.7,31.9,-29.5056,33.2,31.1,32.4,34.4,31.1
5743.281,39.0,32.0,-30.7512,33.3,31.3,32.5,36.2,31.3
5744.281,36.7,32.1,-30.633599999999998,33.4,29.4,32.7,32.9,31.4
5745.281,1.4,32.3,-30.7416,33.6,3.6,32.9,3.1,31.6
5746.281,-33.7,32.0,-31.2624,33.5,-26.2,32.6,-28.0,31.4
5747.281,-41.6,31.8,-30.971999999999998,33.1,-35.3,32.3,-35.3,31.1
5748.281,-41.6,31.5,-31.1208,32.6,-35.5,31.9,-35.3,30.8
5749.281,-41.9,31.3,0.0096,32.5,-35.6,31.8,-35.3,30.7
5750.281,-42.0,31.3,25.0824,32.4,-35.6,31.7,-35.4,30.6
5751.281,-42.3,31.3,26.772,32.4,-35.7,31.7,-35.4,30.6
5752.281,-42.2,31.2,27.3096,32.4,-35.7,31.6,-35.4,30.5
5753.281,-39.4,31.2,26.376,32.4,-32.6,31.6,-33.1,30.5
5754.281,-26.5,31.2,26.483999999999998,32.4,-23.7,31.6,-23.5,30.5
5755.281,5.7,31.6,26.4744,32.8,3.5,31.9,2.0,30.9
5756.281,32.0,31.2,26.4888,32.4,25.4,31.5,29.4,30.6
5757.281,35.2,31.1,-6.014399999999999,32.2,27.8,31.5,31.9,30.4
5758.281,38.4,31.2,-29.6736,32.2,30.9,31.5,34.2,30.5
5759.281,38.7,31.5,-30.6912,32.3,31.2,31.6,34.5,30.5
5760.281,38.9,31.8,-30.5304,32.7,31.1,31.9,34.4,30.7
5761.281,39.1,31.9,-30.8328,33.0,31.3,32.2,34.5,31.0
5762.281,38.8,32.0,-30.9528,33.2,31.1,32.4,34.4,31.2
5763.281,39.1,32.0,-30.919199999999996,33.4,31.4,32.6,34.7,31.4
5764.281,26.0,32.1,-30.772799999999997,33.5,21.0,32.7,24.5,31.5
5765.281,-11.9,32.3,-0.7632,33.7,-6.7,32.9,-9.5,31.6
5766.281,-39.9,31.9,19.2384,33.3,-32.5,32.5,-32.4,31.3
5767.281,-41.5,31.7,26.997600000000002,32.9,-35.7,32.2,-37.7,31.0
5768.281,-41.5,31.4,27.316799999999997,32.6,-35.4,31.8,-39.6,30.7
5769.281,-41.8,31.3,26.263199999999998,32.5,-35.5,31.7,-35.7,30.6
5770.281,-41.8,31.3,26.76,32.5,-35.5,31.7,-35.4,30.6
5771.281,-42.2,31.3,26.464799999999997,32.4,-35.8,31.7,-35.5,30.5
5772.281,-41.9,31.2,26.764799999999997,32.4,-35.5,31.6,-35.4,30.5
5773.281,-38.3,31.2,14.543999999999999,32.3,-31.3,31.6,-32.4,30.5
5774.281,-15.5,31.3,-18.0888,32.5,-14.4,31.7,-14.7,30.6
5775.281,4.4,31.8,-31.0272,32.9,0.8,32.1,3.1,31.0
5776.281,31.2,31.3,-30.563999999999997,32.4,25.0,31.6,28.2,30.6
5777.281,35.3,31.1,-30.748799999999996,32.2,27.3,31.5,31.7,30.5
5778.281,38.4,31.2,-30.6744,32.2,31.2,31.5,35.3,30.5
5779.281,38.7,31.4,-31.003199999999996,32.3,31.2,31.6,34.5,30.6
5780.281,38.8,31.7,-30.7872,32.7,31.2,31.9,34.4,30.6
5781.281,39.0,31.9,-15.8736,33.0,31.2,32.2,34.1,30.9
5782.281,38.8,32.0,1.2336,33.2,31.2,32.4,33.6,31.2
5783.281,39.0,32.0,27.323999999999998,33.3,31.3,32.6,33.7,31.4
5784.281,27.8,32.1,27.3504,33.5,22.9,32.7,25.8,31.5
5785.281,-9.3,32.3,26.496,33.7,-4.6,32.9,-7.5,31.6
5786.281,-39.2,31.9,26.46,33.3,-31.6,32.5,-32.4,31.3
5787.281,-41.4,31.7,26.572799999999997,32.9,-35.6,32.2,-35.0,31.0
5788.281,-41.4,31.4,26.2944,32.6,-35.8,31.8,-34.8,30.8
5789.281,-41.7,31.3,25.6728,32.5,-36.4,31.7,-35.0,30.6
5790.281,-41.7,31.3,0.10319999999999999,32.4,-35.5,31.7,-35.0,30.6
5791.281,-42.1,31.3,-30.1104,32.4,-35.7,31.7,-35.1,30.6
5792.281,-41.8,31.2,-30.5064,32.4,-35.4,31.6,-35.0,30.5
5793.281,-38.2,31.2,-30.825599999999998,32.3,-31.6,31.6,-32.1,30.5
5794.281,-16.5,31.4,-31.0536,32.5,-14.4,31.7,-14.1,30.6
5795.281,6.6,31.8,-31.339199999999998,32.9,5.2,32.1,4.6,31.0
5796.281,34.4,31.2,-30.849599999999995,32.3,27.0,31.5,31.7,30.5
5797.281,36.1,31.2,-29.757599999999996,32.2,28.4,31.5,32.4,30.5
5798.281,38.4,31.2,0.0024,32.2,31.2,31.6,34.5,30.5
5799.281,38.7,31.5,27.599999999999998,32.4,31.3,31.7,34.7,30.6
5800.281,38.9,31.8,26.855999999999998,32.8,31.1,31.9,34.6,30.7
5801.281,39.0,31.9,27.177599999999998,33.1,31.2,32.3,34.7,31.0
5802.281,38.9,32.0,26.467200000000002,33.3,31.6,32.5,34.8,31.2
5803.281,39.0,32.0,26.616,33.4,31.4,32.6,34.9,31.4
5804.281,17.5,32.2,26.5416,33.5,14.6,32.8,17.4,31.5
5805.281,-22.2,32.2,26.234399999999997,33.6,-14.8,32.8,-17.8,31.5
5806.281,-41.4,31.9,-2.1311999999999998,33.2,-34.9,32.5,-34.7,31.2
5807.281,-41.4,31.6,-29.8128,32.8,-35.6,32.1,-37.7,30.9
5808.281,-41.5,31.4,-30.7248,32.6,-35.4,31.8,-37.8,30.7
5809.281,-41.8,31.4,-30.465600000000002,32.5,-35.6,31.8,-35.3,30.6
5810.281,-41.9,31.3,-30.6504,32.4,-35.5,31.7,-35.2,30.6
5811.281,-42.0,31.3,-31.1256,32.4,-35.7,31.7,-35.3,30.5
5812.282,-40.7,31.2,-30.976799999999997,32.4,-33.5,31.6,-34.4,30.5
5813.282,-38.4,31.2,-31.168799999999997,32.3,-32.0,31.6,-31.8,30.5
5814.282,-1.1,31.6,0.0552,32.6,-3.1,31.9,-2.5,30.8
5815.282,17.9,31.6,23.3736,32.8,12.0,32.0,13.6,30.9
5816.282,35.1,31.2,26.952,32.2,28.0,31.5,32.0,30.5
