time_s,s1_flow_ml_min,s1_temp_c,s2_flow_ml_min,s2_temp_c,s3_flow_ml_min,s3_temp_c,s4_flow_ml_min,s4_temp_c
0.006,0.0,31.0,0.0,30.7,0.0,31.5,0.0,30.7
1.006,0.0,31.0,0.0,30.7,0.0,31.5,0.0,30.7
2.006,0.0,31.0,0.0,30.7,0.0,31.5,0.0,30.7
3.006,-1.0,30.9,-0.3,30.6,-0.4,31.4,-0.7,30.6
4.006,-5.7,29.9,-1.2,30.6,-1.5,31.0,-4.2,29.9
5.006,-10.5,29.1,-12.0,29.4,-9.1,29.8,-11.1,29.0
6.006,-21.6,28.6,-21.8,28.7,-16.5,29.2,-17.4,28.7
7.006,-21.4,28.4,-22.8,28.7,-17.2,29.2,-18.8,28.7
8.006,-21.3,28.4,-22.5,28.6,-17.2,29.1,-19.1,28.6
9.006,-21.4,28.3,-22.6,28.6,-17.3,29.1,-27.4,28.5
10.006,-21.4,28.3,-22.4,28.7,-17.1,29.1,-20.8,28.5
11.006,-21.4,28.4,-22.4,28.7,-17.2,29.2,-18.8,28.5
12.006,-21.3,28.4,-22.2,28.8,-16.9,29.2,-18.4,28.5
13.006,-21.3,28.5,-22.2,28.8,-17.0,29.2,-18.7,28.5
14.006,-21.3,28.5,-22.2,28.9,-17.1,29.2,-18.7,28.5
15.006,-21.5,28.5,-22.3,28.9,-17.0,29.3,-18.6,28.5
16.006,-21.5,28.5,-22.3,28.9,-17.0,29.3,-18.6,28.6
17.006,-21.4,28.5,-22.2,28.9,-17.0,29.3,-18.6,28.6
18.006,-21.8,28.6,-22.5,28.9,-17.2,29.3,-18.7,28.6
19.006,-21.4,28.6,-22.3,28.9,-17.1,29.3,-18.8,28.6
20.006,-21.6,28.6,-22.3,28.9,-17.1,29.3,-18.6,28.6
21.006,-21.6,28.6,-22.4,28.9,-17.2,29.3,-18.8,28.6
22.006,-21.9,28.6,-22.5,29.0,-17.1,29.3,-18.6,28.6
23.006,-21.5,28.6,-22.4,28.9,-17.2,29.3,-18.8,28.6
24.006,-21.7,28.6,-22.3,29.0,-16.9,29.3,-18.4,28.6
25.006,-21.7,28.6,-22.5,29.0,-17.3,29.3,-18.8,28.6
26.006,-20.4,28.6,-22.1,29.0,-14.9,29.3,-18.4,28.5
27.006,-18.7,28.6,-22.3,29.0,-13.3,29.3,-14.8,28.6
28.006,-18.8,28.6,-18.6,29.0,-15.7,29.3,-16.2,28.6
29.006,-19.4,28.6,-20.1,29.0,-15.7,29.3,-16.6,28.6
30.006,-16.3,28.6,-14.7,29.0,-13.4,29.3,-14.1,28.6
31.006,0.6,29.0,-0.1,29.4,0.1,29.7,0.1,29.0
32.006,1.9,29.4,0.0,29.7,1.2,30.0,0.3,29.3
33.006,10.7,28.9,7.5,29.5,8.9,29.5,10.4,28.9
34.006,14.7,28.7,13.3,29.0,10.5,29.3,12.9,28.6
35.006,18.3,28.5,16.5,28.8,14.6,29.1,16.7,28.5
36.006,17.8,28.5,17.5,28.7,13.5,29.1,16.2,28.5
37.006,17.8,28.5,20.5,28.7,13.3,29.1,17.1,28.5
38.006,19.7,28.4,18.6,28.7,14.7,29.1,18.2,28.4
39.006,20.1,28.5,19.3,28.7,15.9,29.1,18.6,28.4
40.006,19.9,28.5,19.0,28.8,15.7,29.1,18.4,28.5
41.006,19.9,28.5,19.0,28.8,15.6,29.2,18.3,28.5
42.024,20.3,28.6,19.2,28.8,15.8,29.2,18.4,28.5
43.024,20.0,28.7,19.1,28.9,15.6,29.2,18.3,28.5
44.024,19.8,28.8,19.0,29.0,15.7,29.3,18.6,28.5
45.024,19.9,28.9,18.9,29.1,15.5,29.3,18.2,28.6
46.024,20.1,28.9,19.1,29.1,15.7,29.4,18.5,28.6
47.024,20.3,29.0,19.3,29.2,16.0,29.5,18.8,28.6
48.024,20.3,29.1,19.0,29.3,15.6,29.5,18.3,28.7
49.024,20.4,29.1,19.2,29.4,15.7,29.6,18.3,28.7
50.026,20.1,29.2,19.1,29.4,15.6,29.7,18.3,28.8
51.026,19.9,29.2,19.0,29.5,15.6,29.8,18.5,28.9
52.026,20.2,29.3,19.1,29.6,15.6,29.8,18.3,28.9
53.026,20.4,29.3,19.4,29.6,16.1,29.9,18.9,29.0
54.026,20.3,29.4,19.3,29.7,16.0,30.0,18.9,29.0
55.026,20.1,29.4,19.1,29.8,15.6,30.1,18.4,29.1
56.026,20.3,29.5,19.2,29.8,15.8,30.1,18.5,29.1
57.026,20.5,29.5,19.4,29.9,16.0,30.2,18.8,29.2
58.026,17.9,29.6,16.7,30.0,13.8,30.3,16.6,29.2
59.026,2.4,29.8,2.6,30.2,1.6,30.6,2.7,29.4
60.026,-0.5,30.1,-0.1,30.4,-0.2,30.7,-0.3,29.6
61.026,-5.4,29.9,-1.0,30.5,-1.3,30.9,-3.8,29.6
62.026,-9.8,29.6,-10.2,30.1,-7.8,30.4,-9.6,29.3
63.026,-20.8,29.3,-20.7,29.7,-15.8,30.1,-17.1,29.1
64.026,-21.4,29.2,-22.3,29.6,-17.0,29.9,-18.6,29.0
65.026,-21.3,29.1,-22.2,29.5,-17.1,29.8,-18.6,28.9
66.026,-21.4,29.0,-22.3,29.4,-17.1,29.6,-18.6,28.8
67.026,-21.4,28.8,-22.3,29.2,-17.2,29.5,-18.7,28.7
68.028,-21.3,28.7,-22.3,29.1,-17.1,29.4,-18.7,28.6
69.028,-21.2,28.7,-22.1,29.1,-16.9,29.3,-18.4,28.6
70.028,-21.2,28.6,-22.2,29.0,-17.0,29.3,-18.6,28.5
71.028,-21.2,28.6,-22.2,28.9,-16.9,29.2,-18.6,28.5
72.028,-21.3,28.5,-22.3,28.9,-17.1,29.2,-18.7,28.5
73.028,-21.5,28.5,-22.4,28.9,-17.1,29.2,-18.6,28.5
74.028,-21.2,28.5,-22.1,28.8,-16.9,29.2,-18.4,28.5
75.028,-21.7,28.5,-22.5,28.8,-17.2,29.1,-18.6,28.4
76.028,-21.3,28.5,-22.2,28.8,-17.0,29.1,-18.6,28.4
77.028,-21.5,28.4,-22.3,28.8,-17.0,29.1,-18.5,28.4
78.028,-21.6,28.4,-22.5,28.8,-17.3,29.1,-18.8,28.4
79.028,-21.8,28.4,-22.6,28.8,-17.2,29.1,-18.6,28.4
80.028,-21.4,28.4,-22.4,28.8,-17.2,29.1,-18.8,28.4
81.028,-21.5,28.4,-22.2,28.8,-16.9,29.1,-18.4,28.3
82.028,-21.5,28.4,-22.4,28.7,-17.1,29.0,-18.7,28.4
83.028,-20.6,28.4,-22.3,28.7,-14.9,29.1,-18.4,28.3
84.028,-18.6,28.4,-22.2,28.7,-13.0,29.1,-14.8,28.4
85.028,-18.9,28.4,-18.8,28.8,-15.8,29.0,-17.2,28.3
86.028,-19.3,28.4,-19.3,28.7,-15.6,29.0,-15.4,28.3
87.028,-16.7,28.4,-16.1,28.7,-13.9,29.0,-15.8,28.3
88.028,-0.1,28.8,-0.1,29.1,-0.0,29.4,-0.3,28.7
89.035,0.6,29.2,-0.0,29.4,0.4,29.8,0.3,29.0
90.035,8.4,29.0,6.1,29.4,7.8,29.4,9.1,28.8
91.035,11.6,28.5,10.9,28.8,8.3,29.1,10.3,28.4
92.035,18.8,28.4,17.1,28.6,14.9,28.9,17.1,28.3
93.035,18.5,28.3,17.9,28.6,14.2,28.9,16.9,28.3
94.035,17.5,28.3,19.0,28.6,13.4,28.9,16.3,28.3
95.035,18.6,28.4,18.6,28.6,13.6,28.9,17.6,28.3
96.035,20.3,28.4,19.4,28.6,16.2,29.0,28.2,28.3
97.035,19.7,28.4,19.0,28.7,15.7,29.0,18.8,28.3
98.035,19.8,28.4,18.9,28.7,15.5,29.0,18.4,28.4
99.035,20.0,28.5,19.1,28.8,15.7,29.1,18.5,28.4
100.035,20.2,28.6,19.2,28.8,15.8,29.2,18.5,28.4
101.035,19.9,28.7,19.1,28.9,15.7,29.2,18.5,28.4
102.035,19.5,28.8,18.7,29.0,15.2,29.3,18.0,28.5
103.035,19.9,28.9,19.1,29.1,15.8,29.3,18.7,28.5
104.035,19.9,29.0,19.0,29.2,15.6,29.4,18.4,28.6
105.035,20.4,29.0,19.4,29.3,16.0,29.5,18.7,28.6
106.035,19.8,29.1,18.9,29.3,15.4,29.6,18.0,28.7
107.035,20.3,29.2,19.2,29.4,15.8,29.7,18.5,28.7
108.035,20.1,29.2,19.1,29.5,15.6,29.8,18.4,28.8
109.037,20.2,29.3,19.1,29.6,15.7,29.8,18.4,28.8
110.037,20.3,29.3,19.4,29.7,16.0,29.9,18.9,28.9
111.037,20.1,29.4,19.2,29.7,15.8,30.0,18.7,28.9
112.037,20.5,29.4,19.4,29.8,16.0,30.1,18.8,29.0
113.037,20.1,29.5,19.1,29.8,15.6,30.2,18.3,29.1
114.037,20.5,29.5,19.4,29.9,16.0,30.2,18.8,29.1
115.037,20.4,29.6,19.0,30.0,16.0,30.3,18.8,29.1
116.037,4.4,29.8,4.7,30.2,3.5,30.5,4.5,29.4
117.037,-2.3,30.1,-0.1,30.5,-0.3,30.8,-1.5,29.6
118.037,-6.7,29.8,-4.2,30.4,-4.0,30.7,-6.4,29.4
119.037,-16.3,29.5,-16.1,29.9,-11.9,30.2,-13.6,29.1
120.069,-21.1,29.3,-22.1,29.7,-16.9,30.1,-18.6,29.0
121.069,-21.3,29.2,-22.1,29.6,-17.0,29.9,-18.6,28.9
122.069,-21.3,29.1,-22.3,29.4,-17.2,29.7,-18.8,28.8
123.069,-21.4,28.9,-22.4,29.3,-17.1,29.6,-18.7,28.7
124.069,-21.3,28.8,-22.3,29.2,-17.0,29.4,-18.6,28.6
125.089,-21.2,28.7,-22.2,29.0,-17.0,29.3,-18.5,28.5
126.089,-21.2,28.6,-22.2,28.9,-16.9,29.2,-18.5,28.5
127.106,-21.2,28.5,-22.2,28.9,-17.0,29.2,-18.7,28.4
128.106,-21.3,28.5,-22.2,28.8,-16.9,29.1,-18.5,28.4
129.121,-21.3,28.4,-22.3,28.8,-16.9,29.1,-18.5,28.4
130.121,-21.3,28.4,-22.2,28.8,-16.9,29.1,-18.4,28.3
131.121,-21.4,28.4,-22.3,28.8,-17.0,29.0,-18.6,28.3
132.121,-21.4,28.4,-22.4,28.7,-17.2,29.0,-18.8,28.3
133.121,-21.5,28.4,-22.3,28.7,-16.9,29.0,-18.4,28.3
134.121,-21.5,28.4,-22.5,28.7,-17.3,29.0,-18.9,28.3
135.121,-21.6,28.4,-22.5,28.7,-17.2,29.0,-18.7,28.2
136.124,-21.6,28.4,-22.4,28.7,-17.0,29.0,-18.5,28.3
137.124,-21.4,28.3,-22.3,28.6,-17.0,29.0,-18.6,28.2
138.124,-21.4,28.4,-22.3,28.6,-16.9,28.9,-18.4,28.2
139.124,-21.5,28.4,-22.5,28.6,-16.5,28.9,-18.8,28.2
140.124,-18.3,28.4,-22.3,28.6,-12.4,29.0,-15.8,28.3
141.124,-17.8,28.4,-20.3,28.6,-15.3,29.0,-14.2,28.3
142.124,-19.3,28.4,-18.4,28.6,-15.5,28.9,-17.9,28.2
143.125,-20.8,28.3,-20.6,28.6,-16.5,28.9,-17.6,28.2
144.125,-4.6,28.5,-5.2,28.8,-4.2,29.1,-4.0,28.4
145.125,1.2,28.9,-0.2,29.2,0.1,29.6,1.8,28.7
146.149,7.8,28.8,4.5,29.3,4.1,29.6,6.7,28.6
147.149,11.8,28.5,12.0,28.7,9.6,29.1,11.2,28.3
148.149,16.0,28.4,15.3,28.6,12.5,28.9,14.4,28.3
149.149,18.0,28.3,16.5,28.5,14.3,28.8,16.4,28.2
150.149,17.2,28.3,18.4,28.5,13.4,28.8,16.0,28.2
151.149,18.2,28.3,19.1,28.5,13.7,28.9,17.5,28.2
152.149,20.1,28.3,19.3,28.5,16.3,28.9,19.1,28.2
153.149,19.5,28.3,18.7,28.6,15.4,28.9,17.9,28.2
154.149,19.9,28.4,19.0,28.6,15.6,28.9,18.3,28.3
155.149,19.9,28.5,19.1,28.7,15.8,29.0,18.6,28.3
156.149,20.3,28.6,19.2,28.7,15.7,29.0,18.3,28.3
157.149,19.9,28.7,19.2,28.8,15.9,29.1,18.8,28.4
158.149,19.6,28.8,18.7,28.9,15.3,29.2,18.0,28.4
159.149,19.9,28.8,19.0,29.0,15.6,29.2,18.4,28.4
160.149,19.5,28.9,18.7,29.1,15.3,29.3,18.1,28.5
161.149,20.3,29.0,19.3,29.2,15.9,29.4,18.7,28.5
162.149,20.2,29.1,19.2,29.3,15.8,29.5,18.6,28.6
163.149,20.3,29.1,19.2,29.4,15.7,29.6,18.4,28.6
164.149,20.0,29.2,19.2,29.4,15.8,29.7,18.7,28.7
165.149,20.0,29.2,19.0,29.5,15.4,29.8,18.1,28.8
166.149,20.2,29.3,19.2,29.6,15.8,29.8,18.6,28.8
167.149,20.0,29.3,19.0,29.7,15.6,29.9,18.3,28.9
168.149,20.5,29.4,19.5,29.7,16.2,30.0,19.0,28.9
169.149,20.3,29.4,19.3,29.8,15.9,30.1,18.7,29.0
170.149,20.5,29.5,19.5,29.9,16.1,30.2,19.0,29.0
171.149,20.4,29.5,19.2,29.9,15.8,30.2,18.6,29.1
172.149,10.9,29.6,10.6,30.1,8.6,30.4,10.5,29.2
173.149,1.1,29.9,1.1,30.3,0.7,30.6,1.2,29.4
174.149,-3.0,30.1,-0.1,30.5,-0.3,30.8,-2.2,29.6
175.149,-7.0,29.7,-5.5,30.3,-4.9,30.6,-7.0,29.3
176.149,-16.1,29.4,-16.2,29.8,-11.9,30.1,-13.7,29.1
177.149,-21.0,29.3,-22.2,29.7,-16.9,30.0,-18.6,29.0
178.173,-21.2,29.2,-22.1,29.5,-17.0,29.8,-18.6,28.9
179.173,-21.3,29.0,-22.3,29.4,-17.2,29.7,-18.8,28.8
180.173,-21.4,28.9,-22.4,29.3,-17.2,29.5,-18.7,28.6
181.173,-21.2,28.7,-22.2,29.1,-17.0,29.3,-18.5,28.5
182.173,-21.1,28.6,-22.2,29.0,-17.0,29.2,-18.6,28.4
183.173,-21.0,28.6,-22.1,28.9,-16.8,29.1,-18.4,28.4
184.173,-21.2,28.5,-22.2,28.8,-17.0,29.1,-18.6,28.4
185.173,-21.3,28.5,-22.3,28.8,-17.0,29.0,-18.6,28.3
186.173,-21.3,28.4,-22.3,28.8,-16.9,29.0,-18.5,28.3
187.173,-21.2,28.4,-22.2,28.7,-16.9,29.0,-18.5,28.3
188.173,-21.3,28.4,-22.2,28.7,-16.9,28.9,-18.5,28.3
189.173,-21.4,28.4,-22.5,28.7,-17.3,28.9,-18.8,28.2
190.173,-21.5,28.4,-22.3,28.6,-16.9,28.9,-18.4,28.2
191.173,-21.4,28.3,-22.5,28.6,-17.3,28.9,-18.8,28.2
192.173,-21.6,28.3,-22.5,28.6,-17.2,28.9,-18.7,28.2
193.173,-21.6,28.3,-22.4,28.6,-17.1,28.9,-18.6,28.2
194.173,-21.4,28.3,-22.3,28.6,-17.1,28.9,-18.7,28.2
195.173,-21.4,28.3,-22.2,28.6,-16.8,28.9,-18.3,28.2
196.173,-21.4,28.3,-22.4,28.6,-16.9,28.9,-18.8,28.2
197.173,-18.6,28.3,-22.3,28.6,-12.7,28.9,-16.4,28.2
198.173,-17.7,28.4,-20.2,28.6,-14.8,28.9,-15.3,28.2
199.173,-19.1,28.3,-18.1,28.6,-15.6,28.9,-16.0,28.2
200.173,-19.6,28.3,-20.6,28.6,-16.2,28.8,-17.8,28.1
201.177,-6.8,28.4,-6.0,28.7,-4.9,29.0,-5.4,28.3
202.177,0.6,29.0,-0.0,29.2,0.2,29.5,0.2,28.7
203.177,5.3,28.9,1.0,29.4,4.5,29.4,4.2,28.8
204.177,11.9,28.5,11.3,28.8,8.6,29.0,11.2,28.3
205.178,15.8,28.4,15.3,28.6,12.7,28.9,13.8,28.3
206.200,17.9,28.3,17.1,28.4,14.0,28.8,17.3,28.1
207.200,17.2,28.3,18.2,28.4,13.3,28.8,15.9,28.1
208.215,19.1,28.3,19.0,28.4,13.2,28.8,17.4,28.1
209.216,20.1,28.3,19.1,28.5,16.1,28.8,18.9,28.1
210.216,19.9,28.3,19.0,28.5,15.7,28.9,18.4,28.2
211.216,20.2,28.4,18.9,28.6,15.5,28.9,18.2,28.2
212.216,20.0,28.5,19.1,28.6,15.8,28.9,18.6,28.2
213.216,20.1,28.5,19.1,28.7,15.7,29.0,18.4,28.3
214.216,19.8,28.6,18.9,28.8,15.5,29.0,18.3,28.3
215.216,19.7,28.7,18.8,28.9,15.4,29.1,18.2,28.3
216.216,20.2,28.8,19.2,29.0,15.9,29.2,18.7,28.4
217.227,20.0,28.9,19.0,29.1,15.6,29.3,18.4,28.4
218.227,20.1,29.0,19.1,29.2,15.6,29.4,18.3,28.5
219.227,20.0,29.0,19.1,29.2,15.8,29.4,18.6,28.5
220.227,20.2,29.1,19.1,29.3,15.7,29.5,18.4,28.6
221.227,19.8,29.2,18.9,29.4,15.5,29.6,18.3,28.6
222.227,20.5,29.2,19.2,29.5,15.8,29.7,18.4,28.7
223.227,20.3,29.2,19.4,29.5,16.2,29.8,19.1,28.8
224.227,19.9,29.3,19.0,29.6,15.5,29.9,18.3,28.8
225.227,20.4,29.4,19.3,29.7,16.0,30.0,18.8,28.9
226.227,20.2,29.4,19.3,29.8,15.9,30.0,18.8,28.9
227.227,20.3,29.5,19.3,29.8,15.8,30.1,18.6,29.0
228.228,20.6,29.5,19.3,29.9,16.0,30.2,18.7,29.1
229.228,11.2,29.6,11.0,30.0,8.7,30.3,11.0,29.2
230.228,-0.4,30.0,-0.2,30.3,-0.3,30.7,-0.4,29.5
231.255,-5.6,29.8,-1.5,30.5,-1.9,30.7,-4.5,29.4
232.255,-11.5,29.6,-11.0,30.0,-8.6,30.3,-10.4,29.1
233.255,-21.0,29.3,-21.3,29.7,-16.6,30.0,-18.1,29.0
234.255,-21.2,29.2,-22.2,29.6,-17.0,29.9,-18.5,28.9
235.255,-21.2,29.1,-22.2,29.4,-17.1,29.7,-18.7,28.8
236.255,-21.3,28.9,-22.4,29.3,-17.2,29.5,-18.8,28.7
237.255,-21.1,28.8,-22.2,29.1,-17.0,29.4,-18.6,28.5
238.255,-21.0,28.6,-22.1,29.0,-17.0,29.2,-18.6,28.4
239.265,-21.0,28.6,-21.9,28.9,-16.8,29.2,-18.3,28.4
240.265,-21.0,28.5,-22.1,28.8,-16.9,29.1,-18.5,28.3
241.265,-21.2,28.4,-23.0,28.7,-17.1,29.0,-18.7,28.3
242.265,-21.4,28.4,-22.5,28.7,-17.1,29.0,-18.6,28.3
243.270,-21.4,28.4,-22.4,28.7,-17.0,29.0,-18.6,28.2
244.270,-21.1,28.3,-22.1,28.6,-16.7,28.9,-18.3,28.2
245.270,-21.4,28.3,-22.4,28.6,-17.1,28.9,-18.6,28.2
246.270,-21.4,28.3,-22.4,28.6,-17.1,28.9,-18.6,28.2
247.272,-21.4,28.3,-22.3,28.6,-17.0,28.9,-18.5,28.2
248.272,-21.5,28.3,-22.5,28.6,-17.2,28.9,-18.8,28.1
249.272,-21.7,28.3,-22.6,28.5,-17.3,28.8,-18.7,28.1
250.272,-21.1,28.3,-22.1,28.5,-16.8,28.8,-18.5,28.1
251.272,-21.7,28.3,-22.5,28.5,-17.2,28.8,-18.6,28.1
252.272,-21.3,28.3,-22.2,28.5,-16.9,28.8,-18.4,28.1
253.272,-19.6,28.3,-22.3,28.5,-14.3,28.9,-17.6,28.1
254.272,-18.3,28.3,-21.8,28.5,-12.9,28.9,-15.8,28.1
255.273,-19.0,28.3,-19.4,28.5,-16.1,28.8,-15.2,28.1
256.273,-18.5,28.3,-18.9,28.5,-15.9,28.8,-16.7,28.1
257.273,-13.1,28.3,-11.5,28.6,-9.9,28.8,-11.1,28.1
258.273,0.1,28.7,-0.5,28.9,0.1,29.3,0.1,28.6
259.273,2.7,29.0,1.5,29.2,2.5,29.5,0.9,28.8
260.273,12.2,28.6,11.7,28.7,9.0,29.0,12.4,28.4
261.273,13.5,28.4,13.2,28.5,10.8,28.9,12.2,28.2
262.273,18.1,28.2,17.1,28.4,14.5,28.7,16.9,28.1
263.273,17.5,28.2,17.3,28.4,13.5,28.7,16.1,28.1
264.273,18.6,28.2,19.5,28.4,13.4,28.8,17.3,28.1
265.275,19.4,28.2,18.7,28.4,15.3,28.8,18.6,28.1
266.275,19.9,28.3,19.0,28.5,15.7,28.8,18.3,28.1
267.275,19.8,28.3,18.9,28.5,15.5,28.8,18.2,28.1
268.275,19.9,28.4,19.1,28.6,15.7,28.9,18.5,28.2
269.275,20.4,28.5,19.3,28.6,15.9,28.9,18.6,28.2
270.275,19.6,28.6,18.7,28.7,15.3,29.0,18.0,28.2
271.275,20.0,28.7,19.0,28.8,15.6,29.0,18.4,28.3
272.275,19.9,28.7,19.1,28.9,15.8,29.1,18.8,28.3
273.275,19.6,28.8,18.8,29.0,15.2,29.2,17.9,28.3
274.275,20.1,28.9,19.1,29.1,15.7,29.3,18.5,28.4
275.277,20.1,29.0,19.2,29.2,15.7,29.4,18.5,28.5
276.277,20.2,29.0,19.3,29.2,15.9,29.5,18.7,28.5
277.277,20.6,29.1,18.9,29.3,15.3,29.6,18.0,28.6
278.308,20.2,29.2,19.2,29.4,15.6,29.6,18.3,28.6
279.308,20.3,29.2,19.4,29.5,16.1,29.7,19.0,28.7
280.308,19.9,29.3,18.9,29.6,15.4,29.8,18.1,28.8
281.308,20.1,29.3,19.3,29.6,16.0,29.9,19.0,28.8
282.308,20.3,29.4,19.3,29.7,15.9,30.0,18.7,28.9
283.308,20.2,29.4,19.3,29.8,16.0,30.1,18.9,28.9
284.308,20.5,29.5,19.3,29.8,15.8,30.1,18.4,29.0
285.308,16.1,29.5,15.2,29.9,12.6,30.2,15.2,29.1
286.308,0.1,29.9,0.3,30.2,0.2,30.5,0.5,29.3
287.308,-5.0,29.9,-0.5,30.4,-1.0,30.7,-3.6,29.4
288.308,-8.5,29.6,-8.9,30.1,-6.9,30.3,-8.8,29.2
289.308,-20.7,29.3,-20.8,29.7,-15.7,30.0,-17.1,28.9
290.308,-21.3,29.2,-22.3,29.6,-17.0,29.9,-18.6,28.8
291.308,-21.2,29.1,-22.2,29.4,-17.1,29.7,-18.7,28.7
292.308,-21.4,28.9,-22.4,29.3,-17.2,29.6,-18.8,28.6
293.308,-21.3,28.8,-22.4,29.1,-17.2,29.4,-18.7,28.5
294.308,-21.0,28.6,-22.1,29.0,-16.9,29.2,-18.5,28.4
295.308,-21.1,28.5,-22.1,28.9,-16.8,29.1,-18.4,28.3
296.308,-21.1,28.5,-22.1,28.8,-16.8,29.0,-18.4,28.3
297.308,-21.2,28.4,-22.2,28.7,-17.0,29.0,-18.7,28.2
298.308,-21.4,28.4,-22.4,28.7,-17.1,29.0,-18.7,28.2
299.308,-21.4,28.4,-22.3,28.6,-16.9,28.9,-18.4,28.2
300.308,-21.1,28.3,-22.1,28.6,-16.8,28.9,-18.4,28.2
301.308,-21.5,28.3,-22.4,28.6,-17.0,28.9,-18.5,28.1
302.308,-21.2,28.3,-22.3,28.6,-17.1,28.8,-18.7,28.1
303.308,-21.4,28.3,-22.3,28.5,-17.0,28.8,-18.5,28.1
304.308,-21.5,28.3,-22.4,28.5,-17.2,28.8,-18.7,28.1
305.312,-21.7,28.3,-22.6,28.5,-17.2,28.8,-18.7,28.1
306.312,-21.3,28.3,-22.3,28.5,-17.0,28.8,-18.6,28.1
307.312,-21.5,28.3,-22.4,28.5,-17.0,28.8,-18.6,28.1
308.312,-21.3,28.2,-22.2,28.5,-16.9,28.8,-18.5,28.1
309.312,-20.7,28.3,-22.3,28.5,-15.3,28.8,-18.4,28.0
310.312,-18.4,28.3,-22.3,28.5,-13.5,28.8,-15.0,28.1
311.312,-18.8,28.3,-18.4,28.5,-14.4,28.8,-16.4,28.1
312.312,-19.3,28.2,-20.3,28.5,-16.0,28.7,-16.5,28.1
313.312,-18.1,28.2,-17.6,28.5,-14.6,28.7,-15.2,28.1
314.312,0.7,28.6,0.3,28.8,-0.0,29.1,-0.1,28.4
315.312,3.1,28.9,0.4,29.2,1.1,29.5,0.2,28.8
316.312,10.8,28.5,9.8,28.8,8.2,29.1,8.8,28.6
317.313,11.7,28.4,11.0,28.5,8.5,28.9,9.6,28.2
318.313,18.6,28.2,17.6,28.4,15.2,28.7,18.0,28.1
319.314,17.5,28.2,16.4,28.4,13.0,28.7,16.1,28.0
320.314,17.5,28.2,19.2,28.3,13.5,28.7,16.2,28.0
321.314,19.2,28.2,19.1,28.4,14.6,28.7,18.6,28.0
322.314,19.9,28.2,18.9,28.4,15.5,28.7,18.1,28.0
323.314,19.7,28.3,18.9,28.5,15.5,28.8,18.2,28.1
324.328,20.2,28.3,19.3,28.5,16.1,28.8,18.9,28.1
325.328,20.1,28.4,19.2,28.6,15.8,28.9,18.6,28.1
326.328,19.5,28.5,18.7,28.7,15.3,28.9,18.0,28.2
327.328,19.8,28.6,18.9,28.8,15.4,29.0,18.1,28.2
328.328,19.9,28.7,19.0,28.8,15.7,29.1,18.5,28.3
329.328,19.8,28.8,18.9,28.9,15.5,29.1,18.3,28.3
330.328,20.2,28.9,19.2,29.0,15.8,29.2,18.5,28.3
331.328,20.4,28.9,19.5,29.1,16.2,29.3,19.0,28.4
332.328,20.1,29.0,19.1,29.2,15.7,29.4,18.4,28.5
333.328,19.6,29.1,18.7,29.3,15.2,29.5,18.0,28.5
334.328,20.1,29.2,19.0,29.4,15.5,29.6,18.1,28.6
335.328,20.4,29.2,19.3,29.4,16.0,29.7,18.7,28.6
336.329,20.3,29.2,19.2,29.5,15.8,29.8,18.5,28.7
337.329,20.4,29.3,19.4,29.6,16.1,29.8,19.0,28.8
338.329,20.4,29.3,19.3,29.7,15.8,29.9,18.5,28.8
339.329,20.2,29.4,19.2,29.7,15.8,30.0,18.6,28.9
340.329,20.2,29.4,19.2,29.8,15.6,30.1,18.4,28.9
341.329,20.2,29.5,18.8,29.9,15.7,30.2,18.5,29.0
342.329,2.8,29.7,2.9,30.1,2.2,30.4,3.7,29.2
343.329,-3.6,30.0,-0.1,30.4,-0.4,30.7,-2.6,29.4
344.329,-6.9,29.7,-5.9,30.2,-5.1,30.4,-6.9,29.2
345.329,-18.4,29.4,-18.2,29.7,-13.6,30.0,-14.9,28.9
346.329,-21.1,29.2,-22.2,29.6,-16.9,29.9,-18.5,28.8
347.329,-21.3,29.1,-22.2,29.4,-17.0,29.7,-18.6,28.7
348.329,-21.3,29.0,-22.2,29.3,-17.1,29.6,-18.7,28.6
349.329,-21.4,28.8,-22.3,29.2,-17.1,29.4,-18.7,28.5
350.329,-21.2,28.7,-22.2,29.0,-17.0,29.2,-18.5,28.4
351.362,-21.2,28.6,-22.1,28.9,-16.7,29.1,-18.3,28.3
352.362,-21.2,28.5,-22.2,28.8,-16.9,29.0,-18.5,28.2
353.362,-21.1,28.4,-22.2,28.7,-17.0,29.0,-18.6,28.2
354.362,-21.3,28.4,-22.2,28.7,-17.0,28.9,-18.6,28.2
355.367,-21.3,28.4,-22.3,28.6,-17.0,28.9,-18.6,28.1
356.367,-21.2,28.3,-22.1,28.6,-16.8,28.9,-18.4,28.1
357.367,-21.6,28.3,-22.4,28.6,-17.0,28.8,-18.6,28.1
358.369,-21.3,28.3,-22.3,28.5,-17.1,28.8,-18.7,28.1
359.369,-21.5,28.3,-22.3,28.5,-17.0,28.8,-18.4,28.1
360.369,-21.5,28.3,-22.5,28.5,-17.2,28.8,-18.8,28.1
361.369,-21.7,28.3,-22.4,28.5,-17.0,28.8,-18.5,28.0
362.371,-21.5,28.2,-22.5,28.4,-17.3,28.7,-18.8,28.0
363.371,-21.4,28.3,-22.2,28.5,-16.8,28.7,-18.4,28.0
364.371,-21.7,28.2,-22.5,28.5,-17.1,28.7,-18.6,28.0
365.371,-21.4,28.2,-22.3,28.4,-16.1,28.7,-18.7,28.0
366.371,-18.3,28.3,-22.2,28.4,-12.9,28.8,-16.1,28.0
367.371,-17.9,28.3,-19.5,28.4,-15.1,28.7,-15.4,28.0
368.371,-18.8,28.2,-19.9,28.4,-15.4,28.7,-16.2,28.0
369.371,-20.3,28.2,-19.8,28.4,-16.7,28.7,-17.3,28.0
370.371,-3.3,28.4,-1.4,28.7,-1.7,29.0,-3.6,28.2
371.371,0.8,28.9,-0.2,29.1,0.2,29.4,0.8,28.6
372.371,7.7,28.8,6.9,29.0,6.3,29.2,8.5,28.4
373.371,11.0,28.4,10.8,28.5,8.8,28.8,9.7,28.1
374.371,17.1,28.3,15.8,28.4,12.7,28.7,15.0,28.1
375.372,18.0,28.2,17.0,28.3,14.1,28.6,16.8,28.0
376.372,17.4,28.2,18.5,28.3,13.5,28.6,16.5,28.0
377.372,19.1,28.2,18.7,28.3,13.4,28.7,17.3,28.0
378.372,20.0,28.2,19.2,28.3,16.0,28.7,18.7,28.0
379.372,20.0,28.2,19.1,28.4,15.9,28.7,18.6,28.0
380.372,19.7,28.3,18.8,28.5,15.3,28.8,18.0,28.0
381.372,20.0,28.4,19.0,28.5,15.6,28.8,18.3,28.1
382.388,20.1,28.5,19.1,28.6,15.6,28.9,18.4,28.1
383.388,20.1,28.6,19.2,28.6,15.9,28.9,18.8,28.1
384.388,19.6,28.7,18.7,28.7,15.2,29.0,18.0,28.2
385.388,20.1,28.7,19.1,28.9,15.7,29.1,18.5,28.2
386.388,20.1,28.8,19.1,28.9,15.8,29.2,18.6,28.3
387.388,20.1,28.9,19.0,29.0,15.5,29.2,18.1,28.3
388.388,20.2,29.0,19.1,29.1,15.7,29.3,18.4,28.4
389.388,20.2,29.0,19.1,29.2,15.7,29.4,18.4,28.4
390.388,20.2,29.1,19.1,29.3,15.7,29.5,18.5,28.5
391.388,20.2,29.2,19.0,29.4,15.4,29.6,17.9,28.6
392.388,20.5,29.2,19.4,29.4,16.1,29.7,19.1,28.6
393.388,20.0,29.2,19.1,29.5,15.9,29.8,18.8,28.7
394.388,20.4,29.3,19.2,29.6,15.8,29.9,18.5,28.7
395.394,20.5,29.4,19.4,29.7,16.0,29.9,18.7,28.8
396.394,20.4,29.4,19.3,29.7,16.1,30.0,18.6,28.9
397.394,20.6,29.4,19.2,29.8,16.1,30.1,18.8,28.9
398.415,8.2,29.6,7.7,30.0,6.2,30.3,8.0,29.1
399.415,-1.1,29.9,-0.2,30.3,-0.0,30.6,-0.9,29.4
400.415,-5.8,29.7,-2.2,30.3,-1.0,30.8,-5.1,29.2
401.415,-13.6,29.4,-13.6,29.8,-10.6,30.2,-11.7,29.0
402.415,-21.1,29.2,-22.1,29.5,-16.8,29.9,-18.5,28.8
403.415,-21.3,29.1,-22.0,29.5,-17.0,29.7,-18.5,28.7
404.415,-21.4,29.0,-22.3,29.3,-17.2,29.6,-18.8,28.6
405.415,-21.4,28.8,-22.4,29.2,-17.2,29.4,-18.7,28.5
406.415,-21.3,28.7,-22.2,29.0,-16.9,29.2,-18.5,28.4
407.415,-21.1,28.5,-22.2,28.9,-17.0,29.1,-18.6,28.3
408.415,-21.1,28.5,-22.1,28.8,-16.8,29.0,-18.4,28.2
409.415,-21.2,28.4,-22.2,28.7,-16.9,28.9,-18.5,28.2
410.415,-21.1,28.4,-22.2,28.6,-16.9,28.9,-18.6,28.1
411.415,-21.3,28.3,-22.2,28.6,-16.9,28.8,-18.4,28.1
412.415,-21.4,28.3,-22.4,28.6,-17.1,28.8,-18.6,28.1
413.415,-21.3,28.3,-22.2,28.5,-16.8,28.8,-18.4,28.1
414.415,-21.5,28.2,-22.4,28.5,-17.1,28.8,-18.6,28.0
415.415,-21.6,28.2,-22.4,28.5,-17.1,28.7,-18.6,28.0
416.415,-21.4,28.2,-22.3,28.4,-17.0,28.7,-18.5,28.0
417.415,-21.5,28.2,-22.5,28.4,-17.2,28.7,-18.8,28.0
418.415,-21.6,28.2,-22.4,28.4,-17.0,28.7,-18.5,28.0
419.415,-21.4,28.2,-22.3,28.4,-17.0,28.7,-18.6,28.0
420.415,-21.7,28.2,-22.4,28.4,-17.1,28.7,-18.6,28.0
421.415,-21.4,28.2,-22.2,28.4,-16.9,28.7,-18.4,28.0
422.415,-19.9,28.2,-22.4,28.4,-14.3,28.7,-17.5,28.0
423.415,-17.3,28.2,-20.8,28.4,-13.5,28.7,-15.8,28.0
424.415,-19.8,28.2,-19.0,28.4,-15.9,28.7,-15.1,28.0
425.415,-18.6,28.2,-19.3,28.4,-16.0,28.6,-17.8,27.9
426.415,-12.2,28.2,-11.2,28.4,-8.7,28.7,-9.6,28.0
427.415,0.0,28.8,-0.1,28.9,-0.1,29.2,-0.2,28.4
428.415,1.8,29.0,0.4,29.1,1.1,29.5,0.8,28.6
429.415,10.4,28.6,10.0,28.8,8.3,29.0,9.4,28.3
430.415,11.5,28.3,10.7,28.4,8.4,28.8,11.4,28.1
431.415,19.1,28.2,17.4,28.3,15.0,28.6,17.1,28.0
432.415,17.1,28.1,16.9,28.2,13.1,28.6,15.9,28.0
433.415,17.3,28.1,18.8,28.2,12.9,28.6,15.5,28.0
434.415,20.8,28.1,19.3,28.2,15.0,28.6,18.9,27.9
435.415,19.9,28.2,19.0,28.3,15.9,28.6,18.6,27.9
436.415,19.9,28.2,18.8,28.4,15.3,28.7,18.0,28.0
437.416,20.0,28.3,19.0,28.4,15.7,28.7,18.5,28.0
438.416,20.2,28.4,19.1,28.5,15.8,28.8,18.5,28.0
439.416,19.9,28.5,18.9,28.5,15.6,28.8,18.4,28.1
440.416,20.0,28.6,18.8,28.6,15.3,28.9,17.9,28.1
441.416,20.2,28.6,19.2,28.7,15.9,28.9,18.8,28.1
442.416,19.9,28.7,18.9,28.8,15.6,29.0,18.4,28.2
443.416,20.1,28.8,19.0,28.9,15.6,29.1,18.4,28.2
444.416,20.0,28.9,18.9,29.0,15.4,29.2,18.1,28.3
445.416,20.6,28.9,19.3,29.1,15.8,29.3,18.4,28.4
446.416,20.2,29.0,19.1,29.2,15.7,29.4,18.5,28.4
447.417,20.1,29.1,18.9,29.3,15.4,29.5,18.1,28.5
448.417,20.5,29.1,19.4,29.3,16.1,29.6,19.0,28.5
449.417,20.2,29.2,19.1,29.4,15.8,29.7,18.6,28.6
450.417,20.2,29.2,19.2,29.5,15.9,29.8,18.7,28.7
451.418,20.4,29.3,19.2,29.6,15.7,29.8,18.4,28.7
452.418,20.6,29.3,19.4,29.6,16.0,29.9,18.8,28.8
453.418,20.3,29.4,19.2,29.7,15.7,30.0,18.4,28.9
454.418,20.4,29.4,18.9,29.8,15.8,30.1,18.6,28.9
455.418,2.8,29.7,2.8,30.0,2.2,30.3,3.5,29.1
456.419,-4.2,29.9,-0.1,30.3,-0.6,30.6,-2.9,29.3
457.419,-7.4,29.6,-7.2,30.1,-5.8,30.3,-7.6,29.1
458.419,-18.5,29.3,-18.4,29.6,-13.9,29.9,-15.2,28.8
459.419,-21.1,29.1,-22.3,29.5,-17.0,29.8,-18.6,28.7
460.419,-21.4,29.0,-22.2,29.4,-17.0,29.6,-18.6,28.6
461.419,-21.4,28.9,-22.3,29.2,-17.1,29.5,-18.7,28.5
462.419,-21.3,28.7,-22.3,29.1,-17.0,29.3,-18.6,28.4
463.419,-21.1,28.6,-22.2,28.9,-16.9,29.1,-18.5,28.3
464.419,-21.1,28.5,-22.1,28.8,-16.8,29.0,-18.3,28.2
465.419,-21.1,28.4,-22.2,28.7,-16.9,28.9,-18.5,28.2
466.419,-21.3,28.4,-22.3,28.6,-17.1,28.9,-18.7,28.1
467.419,-21.3,28.3,-22.3,28.5,-17.0,28.8,-18.7,28.1
468.419,-21.2,28.3,-22.2,28.5,-16.8,28.8,-18.4,28.0
469.419,-21.3,28.3,-22.2,28.5,-16.9,28.8,-18.4,28.0
470.419,-21.5,28.3,-22.3,28.5,-16.9,28.7,-18.4,28.0
471.419,-21.4,28.2,-22.4,28.4,-17.2,28.7,-18.8,28.0
472.419,-21.5,28.2,-22.3,28.4,-16.9,28.7,-18.4,28.0
473.419,-21.5,28.2,-22.4,28.4,-17.1,28.7,-18.7,27.9
474.419,-21.7,28.2,-22.5,28.4,-17.2,28.7,-18.7,27.9
475.419,-21.5,28.2,-22.3,28.4,-17.0,28.6,-18.6,27.9
476.419,-21.6,28.2,-22.4,28.3,-17.1,28.7,-18.6,27.9
477.419,-21.5,28.2,-22.2,28.3,-16.9,28.6,-18.4,27.9
478.419,-21.4,28.1,-22.4,28.3,-16.1,28.6,-18.7,27.9
479.420,-18.4,28.2,-22.3,28.3,-12.8,28.7,-16.0,27.9
480.420,-17.9,28.2,-19.4,28.4,-14.9,28.6,-14.8,27.9
481.420,-19.0,28.1,-18.7,28.4,-15.7,28.6,-16.7,27.9
482.420,-20.5,28.1,-20.5,28.3,-16.4,28.6,-17.1,27.9
483.420,-2.0,28.4,-1.6,28.6,-1.1,28.9,-2.2,28.1
484.420,0.3,28.9,-0.1,29.0,0.2,29.3,0.2,28.5
485.422,6.7,28.9,4.6,29.1,5.6,29.2,5.1,28.5
486.422,11.3,28.3,12.1,28.4,9.5,28.7,12.9,28.0
487.422,16.8,28.2,15.4,28.3,12.5,28.6,14.5,28.0
488.422,18.9,28.1,16.7,28.2,14.1,28.5,16.2,27.9
489.422,16.8,28.1,18.2,28.2,12.8,28.6,15.6,27.9
490.422,18.9,28.1,19.1,28.2,13.6,28.6,17.4,27.9
491.422,20.0,28.2,19.1,28.3,16.1,28.6,19.0,27.9
492.422,19.9,28.2,18.9,28.3,15.5,28.6,18.1,27.9
493.422,20.4,28.2,19.3,28.4,16.0,28.7,18.8,28.0
494.422,20.0,28.3,19.0,28.4,15.6,28.7,18.4,28.0
495.422,20.0,28.4,19.0,28.5,15.7,28.8,18.5,28.0
496.422,19.8,28.5,18.8,28.6,15.3,28.8,18.0,28.0
497.422,20.0,28.6,19.0,28.6,15.6,28.9,18.4,28.1
498.422,19.8,28.7,18.8,28.8,15.4,29.0,18.3,28.1
499.422,20.0,28.8,18.9,28.8,15.4,29.1,18.0,28.2
500.422,20.5,28.8,19.4,28.9,16.2,29.1,19.0,28.2
501.422,20.1,28.9,19.1,29.0,15.6,29.2,18.5,28.3
502.422,20.3,29.0,19.1,29.1,15.5,29.3,18.2,28.3
503.422,19.9,29.0,18.9,29.2,15.3,29.4,18.0,28.4
504.422,20.2,29.1,19.2,29.3,15.9,29.5,18.7,28.5
505.422,20.0,29.1,19.0,29.4,15.5,29.6,18.4,28.5
506.422,20.3,29.2,19.2,29.4,15.7,29.7,18.4,28.6
507.422,20.7,29.2,19.6,29.5,16.4,29.8,19.5,28.6
508.422,20.5,29.3,19.4,29.6,15.9,29.9,19.0,28.7
509.422,20.2,29.3,19.1,29.7,15.6,29.9,18.3,28.8
510.422,20.4,29.4,19.1,29.7,15.7,30.0,18.4,28.8
511.422,11.5,29.5,10.4,29.9,8.5,30.1,10.7,28.9
512.422,-0.8,29.9,-0.3,30.2,-0.4,30.5,-0.7,29.3
513.424,-5.7,29.7,-1.7,30.3,-2.0,30.6,-4.6,29.2
514.424,-12.2,29.4,-12.4,29.8,-9.1,30.1,-10.9,28.9
515.424,-21.1,29.2,-21.9,29.5,-16.7,29.8,-18.3,28.7
516.424,-21.4,29.1,-22.1,29.4,-16.9,29.7,-18.5,28.6
517.424,-21.4,29.0,-22.3,29.3,-17.1,29.5,-18.7,28.5
518.424,-21.4,28.8,-22.4,29.1,-17.2,29.3,-18.8,28.4
519.426,-21.3,28.6,-22.3,28.9,-17.0,29.2,-18.5,28.3
520.426,-21.1,28.5,-22.1,28.8,-16.8,29.0,-18.4,28.2
521.426,-21.1,28.4,-22.1,28.7,-16.8,28.9,-18.4,28.1
522.426,-21.1,28.4,-22.1,28.6,-16.8,28.9,-18.5,28.1
523.426,-21.2,28.3,-22.3,28.6,-17.1,28.8,-18.7,28.0
524.426,-21.5,28.3,-22.4,28.5,-17.0,28.8,-18.6,28.0
525.426,-21.3,28.3,-22.3,28.5,-16.9,28.7,-18.5,28.0
526.426,-21.1,28.2,-22.0,28.5,-16.7,28.7,-18.4,28.0
527.426,-21.6,28.2,-22.5,28.4,-17.1,28.7,-18.7,27.9
528.426,-21.4,28.2,-22.3,28.4,-17.0,28.7,-18.5,27.9
529.426,-21.4,28.2,-22.4,28.4,-17.0,28.6,-18.6,27.9
530.426,-21.5,28.2,-22.4,28.4,-17.1,28.6,-18.7,27.9
531.426,-21.8,28.2,-22.6,28.4,-17.2,28.6,-18.6,27.9
532.426,-21.3,28.2,-22.2,28.3,-17.0,28.6,-18.6,27.9
533.426,-21.6,28.2,-22.5,28.3,-17.1,28.6,-18.7,27.9
534.426,-21.5,28.1,-22.4,28.3,-17.1,28.6,-18.6,27.9
535.426,-19.9,28.2,-22.1,28.3,-14.4,28.6,-17.4,27.9
536.426,-18.6,28.2,-21.5,28.3,-12.7,28.6,-16.0,27.9
537.426,-18.9,28.2,-18.7,28.3,-16.3,28.6,-15.2,27.9
538.426,-18.9,28.2,-19.9,28.3,-15.7,28.6,-17.4,27.9
539.426,-12.1,28.2,-10.9,28.4,-9.0,28.6,-10.2,27.9
540.426,0.2,28.7,-0.4,28.8,0.1,29.1,0.2,28.3
541.426,2.8,28.9,1.3,29.0,1.7,29.3,0.9,28.6
542.426,11.5,28.4,10.9,28.6,8.6,28.8,10.3,28.2
543.426,12.1,28.3,11.5,28.4,9.5,28.7,10.4,28.0
544.426,18.7,28.1,17.7,28.2,15.0,28.5,18.4,27.9
545.426,17.6,28.1,17.1,28.2,13.6,28.5,16.5,27.8
546.426,17.3,28.1,19.0,28.2,12.9,28.5,16.0,27.9
547.426,20.0,28.1,19.0,28.2,15.1,28.5,18.5,27.9
548.426,19.9,28.1,19.0,28.3,15.8,28.6,18.6,27.9
549.426,19.7,28.2,18.7,28.3,15.2,28.6,17.8,27.9
550.426,20.0,28.2,19.1,28.4,15.7,28.7,18.5,27.9
551.426,20.3,28.3,19.3,28.4,16.0,28.7,18.8,28.0
552.426,20.0,28.4,19.0,28.5,15.7,28.8,18.4,28.0
553.426,19.7,28.5,18.7,28.6,15.2,28.8,17.9,28.0
554.428,20.2,28.6,19.2,28.7,15.9,28.9,18.7,28.1
555.428,19.9,28.7,18.9,28.8,15.4,29.0,18.2,28.1
556.428,20.0,28.8,19.0,28.9,15.5,29.1,18.2,28.1
557.428,20.1,28.8,19.1,29.0,15.7,29.2,18.5,28.2
558.428,20.2,28.9,19.2,29.1,15.9,29.3,18.7,28.3
559.428,20.1,29.0,19.1,29.2,15.6,29.3,18.4,28.4
560.428,19.9,29.0,18.8,29.3,15.3,29.5,17.9,28.4
561.428,20.3,29.1,19.3,29.3,16.1,29.5,19.0,28.5
562.428,20.2,29.1,19.1,29.4,15.6,29.6,18.4,28.5
563.428,20.1,29.2,19.1,29.5,15.7,29.7,18.5,28.6
564.428,20.5,29.2,19.3,29.5,15.9,29.8,18.6,28.7
565.428,20.5,29.3,19.5,29.6,16.2,29.9,19.1,28.7
566.428,20.4,29.3,19.3,29.7,15.9,30.0,18.7,28.8
567.428,18.7,29.4,17.3,29.7,14.3,30.0,17.0,28.8
568.428,1.6,29.7,1.4,30.0,1.1,30.3,1.9,29.1
569.428,-3.1,29.9,-0.1,30.2,-0.3,30.6,-2.3,29.3
570.428,-6.5,29.5,-4.9,30.2,-4.4,30.4,-6.4,29.0
571.428,-17.0,29.3,-17.1,29.6,-12.8,29.9,-14.5,28.8
572.428,-21.1,29.1,-22.1,29.5,-16.9,29.7,-18.5,28.7
573.428,-21.2,29.0,-22.1,29.3,-17.0,29.6,-18.6,28.6
574.429,-21.4,28.9,-22.3,29.2,-17.2,29.4,-18.7,28.5
575.429,-21.3,28.7,-22.3,29.0,-17.1,29.2,-18.7,28.3
576.429,-21.1,28.5,-22.2,28.9,-16.9,29.1,-18.5,28.2
577.429,-21.2,28.4,-22.2,28.8,-16.9,29.0,-18.5,28.1
578.431,-21.0,28.4,-22.0,28.6,-16.7,28.9,-18.3,28.1
579.431,-21.1,28.3,-22.2,28.6,-17.0,28.8,-18.6,28.0
580.431,-21.1,28.3,-22.2,28.5,-16.9,28.8,-18.6,28.0
581.431,-21.3,28.2,-22.3,28.5,-16.9,28.7,-18.5,28.0
582.431,-21.2,28.2,-22.2,28.4,-16.9,28.7,-18.5,27.9
583.431,-21.4,28.2,-22.3,28.4,-16.9,28.7,-18.5,27.9
584.431,-21.3,28.2,-22.4,28.4,-17.1,28.7,-18.7,27.9
585.431,-21.5,28.1,-22.4,28.4,-17.0,28.6,-18.5,27.9
586.431,-21.4,28.1,-22.3,28.3,-17.0,28.6,-18.6,27.9
587.431,-21.6,28.1,-22.5,28.3,-17.1,28.6,-18.6,27.9
588.431,-21.6,28.1,-22.5,28.3,-17.2,28.6,-18.7,27.9
589.431,-21.4,28.1,-22.4,28.3,-17.1,28.6,-18.7,27.8
590.431,-21.4,28.1,-22.2,28.3,-16.8,28.6,-18.3,27.8
591.431,-21.3,28.1,-22.3,28.3,-16.6,28.6,-18.6,27.8
592.431,-18.6,28.1,-22.2,28.3,-12.7,28.6,-16.5,27.9
593.431,-17.6,28.1,-20.4,28.3,-14.6,28.6,-14.9,27.9
594.431,-19.2,28.1,-18.1,28.3,-15.7,28.5,-16.3,27.8
595.431,-19.5,28.1,-21.0,28.3,-16.3,28.5,-17.9,27.8
596.431,-6.2,28.3,-3.9,28.5,-3.5,28.7,-3.5,28.0
597.431,0.2,28.8,-0.2,28.9,0.1,29.2,0.3,28.3
598.431,2.7,29.0,2.1,29.1,2.6,29.3,4.2,28.4
599.431,12.3,28.4,11.4,28.5,8.8,28.8,11.3,28.0
600.431,12.6,28.2,12.6,28.3,9.7,28.6,11.2,28.0
601.433,18.5,28.0,16.8,28.2,14.5,28.5,17.0,27.8
602.433,17.2,28.0,17.8,28.2,13.8,28.5,16.5,27.8
603.433,17.6,28.0,18.7,28.1,12.6,28.5,16.1,27.8
604.433,20.7,28.1,19.3,28.2,15.6,28.5,18.9,27.8
605.433,20.0,28.1,19.0,28.2,15.8,28.5,18.4,27.8
606.433,19.7,28.1,18.7,28.3,15.3,28.6,18.0,27.9
607.433,20.0,28.2,19.0,28.3,15.6,28.6,18.4,27.9
608.433,20.1,28.3,19.1,28.4,15.6,28.7,18.3,27.9
609.433,20.1,28.4,19.1,28.5,15.8,28.7,18.7,28.0
610.433,19.6,28.5,18.7,28.6,15.3,28.8,18.0,28.0
611.433,20.4,28.6,19.2,28.7,15.8,28.9,18.6,28.1
612.433,19.9,28.7,18.9,28.8,15.6,29.0,18.3,28.1
613.433,19.9,28.7,18.8,28.9,15.4,29.1,18.2,28.1
614.433,20.2,28.8,19.1,29.0,15.7,29.2,18.5,28.2
615.433,20.3,28.9,19.2,29.0,15.7,29.2,18.4,28.3
616.433,20.3,28.9,19.2,29.1,16.1,29.3,18.7,28.3
617.438,19.9,29.0,18.8,29.2,15.3,29.4,17.9,28.4
618.438,20.9,29.1,19.4,29.3,16.1,29.5,18.9,28.4
619.438,20.3,29.1,19.2,29.4,15.7,29.6,18.6,28.5
620.438,20.2,29.2,19.1,29.5,15.6,29.7,18.4,28.6
621.438,20.4,29.2,19.3,29.5,15.8,29.8,18.7,28.6
622.438,20.5,29.3,19.4,29.6,16.0,29.9,18.8,28.7
623.438,20.6,29.3,19.4,29.7,16.0,30.0,18.9,28.8
624.438,16.9,29.4,15.7,29.8,12.7,30.0,15.3,28.8
625.438,0.1,29.7,0.1,30.0,0.1,30.4,0.4,29.1
626.438,-4.6,29.8,-0.3,30.3,-0.8,30.6,-3.3,29.2
627.438,-7.5,29.5,-7.7,30.0,-6.2,30.2,-8.0,29.0
628.438,-20.4,29.2,-20.2,29.5,-15.4,29.8,-16.9,28.7
629.438,-21.2,29.0,-22.3,29.4,-17.0,29.7,-18.6,28.6
630.438,-21.2,28.9,-22.1,29.3,-17.0,29.5,-18.6,28.5
631.438,-21.4,28.8,-22.3,29.1,-17.1,29.4,-18.7,28.4
632.438,-21.3,28.6,-22.3,28.9,-17.1,29.2,-18.6,28.3
633.438,-21.0,28.5,-22.2,28.8,-16.9,29.0,-18.5,28.2
634.438,-21.3,28.4,-22.2,28.7,-16.8,28.9,-18.3,28.1
635.438,-23.8,28.3,-22.2,28.6,-17.0,28.8,-18.6,28.0
636.438,-21.3,28.3,-22.1,28.5,-16.8,28.8,-18.5,28.0
637.439,-21.2,28.2,-22.3,28.5,-17.0,28.7,-18.6,28.0
638.439,-21.2,28.2,-22.2,28.4,-16.9,28.7,-18.5,27.9
639.439,-21.2,28.2,-22.1,28.4,-16.8,28.7,-18.3,27.9
640.439,-21.6,28.1,-22.4,28.4,-17.1,28.6,-18.6,27.9
641.441,-21.3,28.1,-22.3,28.3,-17.1,28.6,-18.7,27.9
642.441,-21.4,28.1,-22.4,28.3,-17.0,28.6,-18.5,27.9
643.441,-21.5,28.1,-22.5,28.3,-17.2,28.6,-18.8,27.8
644.441,-21.7,28.1,-22.6,28.3,-17.2,28.6,-18.7,27.8
645.441,-21.2,28.1,-22.2,28.3,-16.8,28.6,-18.4,27.8
646.441,-21.6,28.1,-22.4,28.3,-17.0,28.6,-18.6,27.8
647.441,-21.5,28.1,-22.4,28.3,-17.1,28.6,-18.7,27.8
648.441,-21.0,28.1,-22.1,28.3,-15.3,28.6,-18.2,27.8
649.441,-18.1,28.1,-22.4,28.3,-13.6,28.6,-15.1,27.8
650.441,-18.9,28.1,-18.8,28.3,-14.2,28.6,-16.0,27.8
651.441,-19.3,28.1,-19.0,28.3,-15.8,28.5,-16.4,27.8
652.441,-18.2,28.0,-18.3,28.2,-14.8,28.5,-15.3,27.8
653.442,0.4,28.5,0.1,28.6,0.1,28.9,-0.1,28.2
654.442,1.9,28.8,0.0,29.0,0.4,29.2,0.2,28.5
655.442,10.2,28.4,8.9,28.8,7.5,28.9,9.5,28.3
656.442,11.6,28.2,9.6,28.4,8.0,28.6,9.5,28.0
657.442,18.5,28.1,17.4,28.2,14.4,28.5,17.3,27.9
658.442,17.9,28.0,16.8,28.2,13.7,28.5,15.6,27.8
659.442,17.5,28.0,19.2,28.1,13.2,28.5,16.5,27.8
660.442,19.6,28.0,19.2,28.1,15.1,28.5,18.9,27.8
661.442,19.5,28.0,18.6,28.2,15.4,28.5,17.9,27.8
662.442,20.3,28.1,19.2,28.2,15.8,28.6,18.4,27.9
663.442,19.9,28.1,19.0,28.3,15.8,28.6,18.4,27.9
664.457,20.0,28.2,19.1,28.4,15.7,28.7,18.5,27.9
665.457,20.2,28.3,19.1,28.4,15.5,28.7,18.3,27.9
666.457,19.8,28.4,18.8,28.5,15.4,28.8,18.2,28.0
667.457,19.7,28.5,18.8,28.6,15.5,28.8,18.3,28.0
668.457,19.8,28.6,18.7,28.7,15.3,28.9,18.0,28.0
669.457,20.2,28.7,19.1,28.8,15.7,29.0,18.6,28.1
670.457,20.5,28.8,19.4,28.9,16.1,29.1,19.1,28.1
671.457,19.9,28.8,18.8,29.0,15.2,29.2,17.9,28.2
672.461,20.3,28.9,19.1,29.1,15.6,29.3,18.3,28.3
673.461,20.1,28.9,19.0,29.2,15.5,29.4,18.2,28.3
674.461,20.3,29.0,19.2,29.2,15.9,29.5,18.7,28.4
675.461,20.3,29.1,19.1,29.3,15.6,29.6,18.4,28.5
676.461,20.4,29.1,19.3,29.4,15.9,29.7,18.8,28.5
677.463,20.6,29.2,19.4,29.5,16.1,29.7,18.9,28.6
678.463,20.4,29.2,19.2,29.6,15.7,29.8,18.4,28.7
679.465,20.5,29.3,19.2,29.6,15.8,29.9,18.5,28.7
680.465,20.3,29.3,18.8,29.7,15.8,30.0,18.5,28.8
681.465,2.9,29.5,2.9,29.9,2.8,30.2,3.1,29.0
682.465,-3.5,29.8,-0.0,30.2,-0.4,30.5,-2.6,29.2
683.465,-6.9,29.5,-6.5,30.0,-5.2,30.2,-7.3,29.0
684.465,-18.6,29.2,-18.5,29.5,-13.5,29.9,-15.5,28.7
685.465,-21.1,29.0,-22.3,29.4,-17.0,29.7,-18.5,28.6
686.465,-21.2,28.9,-22.1,29.3,-17.0,29.5,-18.6,28.5
687.465,-21.4,28.8,-22.3,29.1,-17.1,29.4,-18.6,28.4
688.465,-21.2,28.6,-22.3,29.0,-17.0,29.2,-18.6,28.3
689.465,-21.1,28.5,-22.2,28.8,-16.9,29.0,-18.5,28.1
690.465,-21.1,28.4,-22.1,28.7,-16.8,28.9,-18.4,28.1
691.465,-21.1,28.3,-22.2,28.6,-16.9,28.8,-18.5,28.0
692.465,-21.1,28.2,-22.2,28.5,-16.9,28.8,-18.6,28.0
693.465,-21.1,28.2,-22.2,28.5,-16.9,28.7,-18.6,27.9
694.465,-21.3,28.2,-22.3,28.4,-16.9,28.7,-18.5,27.9
695.465,-21.1,28.1,-22.1,28.4,-16.8,28.6,-18.3,27.9
696.465,-21.5,28.1,-22.4,28.4,-17.0,28.6,-18.5,27.9
697.465,-21.2,28.1,-22.3,28.3,-17.0,28.6,-18.6,27.8
698.465,-21.5,28.1,-22.4,28.3,-17.0,28.6,-18.5,27.8
699.467,-21.4,28.1,-22.4,28.3,-17.1,28.6,-18.7,27.8
700.467,-21.6,28.0,-22.5,28.3,-17.1,28.5,-18.6,27.8
701.467,-21.4,28.1,-22.4,28.3,-17.1,28.5,-18.7,27.8
702.467,-21.4,28.0,-22.3,28.3,-16.9,28.5,-18.4,27.8
703.467,-21.5,28.1,-22.5,28.2,-17.2,28.5,-18.7,27.8
704.467,-21.2,28.0,-22.2,28.2,-16.5,28.5,-18.4,27.8
705.467,-18.2,28.1,-22.3,28.2,-13.1,28.6,-16.0,27.8
706.467,-17.8,28.1,-19.6,28.2,-14.4,28.5,-15.5,27.8
707.467,-18.8,28.1,-18.7,28.3,-15.6,28.5,-16.0,27.8
708.467,-20.1,28.0,-20.6,28.2,-16.5,28.5,-16.9,27.7
709.470,-4.1,28.3,-3.0,28.5,-2.2,28.7,-2.9,28.0
710.472,-0.1,28.7,-0.0,28.8,0.0,29.2,-0.1,28.3
711.472,0.6,29.0,0.4,29.0,0.2,29.4,0.4,28.6
712.472,10.3,28.6,9.5,28.7,8.1,29.0,8.6,28.3
713.472,10.8,28.2,10.1,28.3,8.0,28.6,9.3,27.9
714.472,18.8,28.0,17.4,28.2,14.7,28.5,16.9,27.8
715.472,17.9,28.0,16.9,28.1,13.6,28.5,17.4,27.8
716.472,18.1,28.0,18.8,28.1,13.2,28.5,16.3,27.8
717.472,19.2,28.0,19.0,28.1,14.5,28.5,18.3,27.7
718.472,20.0,28.0,18.9,28.2,15.7,28.5,18.4,27.8
719.472,19.9,28.1,18.9,28.2,15.5,28.5,18.2,27.8
720.472,20.0,28.1,18.9,28.3,15.4,28.6,18.0,27.8
721.472,20.2,28.2,19.1,28.3,15.8,28.6,18.5,27.9
722.472,20.1,28.3,19.0,28.4,15.7,28.7,18.4,27.9
723.472,20.0,28.4,19.0,28.5,15.6,28.7,18.4,27.9
724.472,20.0,28.5,18.9,28.6,15.6,28.8,18.3,28.0
725.472,19.9,28.6,18.8,28.7,15.4,28.9,18.2,28.0
726.472,20.1,28.7,19.0,28.8,15.6,29.0,18.4,28.1
727.472,20.3,28.7,19.1,28.9,15.7,29.1,18.3,28.1
728.472,20.3,28.8,19.2,29.0,15.8,29.2,18.6,28.2
729.472,20.3,28.9,19.1,29.1,15.6,29.3,18.3,28.2
730.472,20.2,28.9,19.0,29.2,15.5,29.4,18.2,28.3
731.472,20.2,29.0,19.1,29.2,15.8,29.5,18.6,28.4
732.472,20.1,29.0,19.1,29.3,15.7,29.5,18.6,28.4
733.472,20.4,29.1,19.2,29.4,15.8,29.6,18.5,28.5
734.472,20.5,29.1,19.4,29.5,16.0,29.7,18.8,28.6
735.472,20.3,29.2,19.1,29.5,15.7,29.8,18.5,28.6
736.472,20.4,29.2,19.1,29.6,15.6,29.9,18.2,28.7
737.472,20.6,29.3,19.1,29.7,16.1,30.0,18.9,28.7
738.472,4.4,29.5,4.5,29.9,3.8,30.2,5.3,28.9
739.472,-3.1,29.8,-0.1,30.2,-0.3,30.5,-2.3,29.1
740.472,-7.2,29.5,-6.0,30.0,-5.1,30.3,-7.1,28.9
741.472,-17.8,29.2,-17.7,29.5,-13.2,29.8,-14.8,28.7
742.472,-21.0,29.0,-22.2,29.4,-16.9,29.7,-18.3,28.6
743.472,-21.2,28.9,-22.1,29.3,-17.0,29.5,-18.6,28.5
744.472,-21.3,28.8,-22.3,29.1,-17.1,29.4,-18.7,28.4
745.472,-21.3,28.6,-22.3,29.0,-17.0,29.2,-18.6,28.2
746.472,-21.1,28.4,-22.2,28.8,-17.0,29.0,-18.6,28.1
747.472,-21.1,28.3,-22.1,28.7,-16.8,28.9,-18.4,28.0
748.472,-21.1,28.3,-22.2,28.6,-16.9,28.8,-18.5,28.0
749.472,-21.0,28.2,-22.1,28.5,-16.8,28.7,-18.4,27.9
750.472,-21.2,28.2,-22.2,28.4,-16.9,28.7,-18.4,27.9
751.472,-21.3,28.1,-22.3,28.4,-16.9,28.6,-18.5,27.9
752.472,-21.2,28.1,-22.2,28.4,-16.8,28.6,-18.6,27.8
753.472,-21.5,28.1,-22.4,28.3,-17.0,28.6,-18.5,27.8
754.474,-21.3,28.1,-22.3,28.3,-17.1,28.6,-18.6,27.8
755.474,-21.5,28.0,-22.3,28.3,-16.9,28.6,-18.4,27.8
756.474,-21.5,28.0,-22.5,28.3,-17.3,28.5,-18.9,27.8
757.474,-21.6,28.0,-22.5,28.3,-17.1,28.5,-18.6,27.8
758.474,-21.4,28.0,-22.3,28.2,-16.9,28.5,-18.7,27.8
759.474,-21.4,28.0,-22.2,28.2,-16.9,28.5,-18.4,27.8
760.474,-21.6,28.0,-22.4,28.2,-17.1,28.5,-19.2,27.8
761.474,-21.5,28.0,-22.5,28.2,-16.6,28.5,-18.8,27.7
762.474,-18.4,28.0,-22.0,28.2,-12.3,28.5,-15.9,27.7
763.474,-18.9,28.0,-20.1,28.2,-15.1,28.5,-15.5,27.8
764.474,-19.0,28.0,-18.2,28.2,-15.4,28.5,-15.5,27.7
765.474,-20.2,28.0,-20.9,28.2,-16.4,28.4,-17.8,27.7
766.474,-2.1,28.3,-2.6,28.4,-2.2,28.7,-1.8,28.0
767.474,0.3,28.7,-0.2,28.8,0.2,29.2,0.2,28.4
768.474,6.5,28.7,4.5,28.9,4.0,29.1,3.0,28.5
769.474,11.0,28.2,10.6,28.3,8.7,28.6,11.5,28.0
770.474,15.7,28.1,15.0,28.2,11.9,28.5,13.8,27.9
771.474,18.4,28.0,16.5,28.1,13.9,28.4,16.7,27.8
772.474,17.5,28.0,18.2,28.1,13.7,28.4,16.4,27.7
773.474,18.2,28.0,18.7,28.1,12.9,28.5,17.0,27.7
774.474,19.8,28.0,18.9,28.1,15.7,28.4,27.0,27.8
775.474,20.2,28.0,19.2,28.2,16.1,28.5,19.3,27.8
776.474,19.9,28.1,18.8,28.2,15.4,28.5,18.1,27.8
777.474,20.1,28.1,19.0,28.3,15.5,28.6,18.3,27.8
778.476,20.0,28.2,19.0,28.3,15.6,28.6,18.2,27.9
779.476,20.2,28.3,19.1,28.4,15.8,28.7,18.6,27.9
780.476,19.6,28.4,18.6,28.5,15.3,28.8,18.0,27.9
781.476,20.1,28.5,19.0,28.6,15.5,28.8,18.3,28.0
782.476,20.2,28.6,19.1,28.7,15.8,28.9,18.6,28.0
783.476,20.1,28.7,19.0,28.8,15.6,29.0,18.4,28.1
784.476,20.4,28.7,19.2,28.9,15.6,29.1,18.2,28.1
785.476,20.1,28.8,19.0,29.0,15.6,29.2,18.3,28.2
786.476,20.2,28.9,19.2,29.1,15.8,29.3,18.7,28.2
787.476,20.1,28.9,18.9,29.2,15.3,29.4,17.9,28.3
788.476,20.3,29.0,19.1,29.2,15.7,29.5,18.5,28.4
789.476,20.4,29.0,19.3,29.3,16.0,29.6,18.9,28.4
790.476,20.4,29.1,19.3,29.4,15.9,29.7,18.7,28.5
791.476,20.3,29.2,19.2,29.5,15.8,29.7,18.6,28.6
792.476,20.5,29.2,19.3,29.5,15.9,29.8,18.6,28.6
793.476,20.9,29.2,19.6,29.6,16.3,29.9,19.2,28.7
794.476,12.2,29.4,11.5,29.7,9.8,30.0,11.6,28.8
795.476,-0.3,29.7,-0.2,30.0,-0.2,30.4,-0.3,29.1
796.476,-4.9,29.6,-0.7,30.2,-1.1,30.5,-3.8,29.1
797.476,-9.5,29.3,-9.9,29.8,-7.7,30.1,-9.8,28.8
798.476,-21.1,29.1,-21.4,29.4,-16.0,29.7,-17.7,28.6
799.477,-21.3,28.9,-22.1,29.3,-17.0,29.6,-18.5,28.5
800.477,-21.3,28.8,-22.2,29.2,-17.0,29.4,-18.6,28.4
801.477,-21.4,28.7,-22.4,29.0,-17.2,29.2,-18.7,28.3
802.477,-21.3,28.5,-22.3,28.9,-17.0,29.1,-18.5,28.2
803.477,-21.1,28.4,-22.2,28.7,-16.9,28.9,-18.5,28.1
804.477,-21.1,28.3,-22.1,28.6,-16.7,28.8,-18.2,28.0
805.477,-21.0,28.2,-22.1,28.5,-16.8,28.8,-18.5,27.9
806.477,-21.1,28.2,-22.2,28.4,-17.0,28.7,-18.6,27.9
807.477,-21.3,28.2,-22.4,28.4,-17.0,28.6,-18.6,27.8
808.477,-21.3,28.1,-22.3,28.4,-16.9,28.6,-18.4,27.8
809.477,-21.0,28.1,-22.0,28.3,-16.7,28.6,-18.2,27.8
810.477,-21.5,28.1,-22.4,28.3,-17.1,28.6,-18.6,27.8
811.477,-21.2,28.0,-22.3,28.3,-17.0,28.6,-18.5,27.8
812.477,-21.4,28.0,-22.4,28.2,-17.0,28.5,-18.5,27.8
813.477,-21.5,28.0,-22.5,28.2,-17.2,28.5,-18.7,27.7
814.477,-21.7,28.0,-22.5,28.2,-17.1,28.5,-18.6,27.7
815.477,-21.2,28.0,-22.3,28.2,-17.0,28.5,-18.6,27.7
816.477,-21.6,28.0,-22.3,28.2,-16.9,28.5,-18.3,27.7
817.477,-21.4,28.0,-22.4,28.2,-17.1,28.5,-18.6,27.7
818.477,-20.2,28.0,-22.2,28.2,-15.1,28.5,-17.7,27.7
819.477,-18.4,28.0,-22.0,28.2,-13.4,28.5,-15.1,27.7
820.477,-18.8,28.0,-18.5,28.2,-14.5,28.5,-15.6,27.7
821.477,-19.3,28.0,-19.6,28.2,-16.0,28.4,-17.2,27.7
822.477,-15.7,28.0,-15.9,28.2,-13.1,28.4,-13.6,27.7
823.477,-0.0,28.5,-0.2,28.6,0.0,28.9,0.1,28.1
824.477,1.8,28.8,0.3,28.9,0.6,29.2,0.5,28.4
825.477,9.7,28.4,9.1,28.6,7.4,28.8,8.4,28.2
826.477,11.4,28.2,10.0,28.3,8.1,28.6,11.1,27.9
827.477,19.2,28.0,17.7,28.1,14.6,28.4,17.3,27.7
828.477,18.0,27.9,16.7,28.1,13.5,28.4,15.6,27.7
829.479,17.5,28.0,19.0,28.1,13.5,28.4,16.0,27.7
830.479,19.5,28.0,19.0,28.1,14.8,28.4,18.4,27.7
831.479,19.9,28.0,18.9,28.1,15.8,28.4,18.4,27.7
832.479,19.9,28.0,18.8,28.2,15.5,28.5,18.2,27.7
833.479,20.1,28.1,19.1,28.2,15.7,28.5,18.5,27.8
834.479,20.0,28.2,19.0,28.3,15.6,28.6,18.4,27.8
835.479,20.1,28.3,19.0,28.4,15.6,28.6,18.4,27.8
836.479,19.9,28.4,18.9,28.5,15.6,28.7,18.5,27.9
837.479,19.9,28.5,18.9,28.5,15.5,28.8,18.3,27.9
838.479,19.9,28.5,18.9,28.6,15.5,28.8,18.3,27.9
839.479,20.1,28.6,18.9,28.8,15.4,28.9,18.0,28.0
840.479,20.2,28.7,19.1,28.9,15.8,29.0,18.6,28.1
841.479,20.4,28.8,19.2,29.0,15.8,29.1,18.6,28.1
842.479,20.2,28.8,19.0,29.0,15.5,29.2,18.2,28.2
843.479,20.0,28.9,18.9,29.1,15.6,29.3,18.5,28.2
844.479,20.3,28.9,19.2,29.2,15.8,29.4,18.6,28.3
845.479,20.3,29.0,19.1,29.2,15.6,29.5,18.3,28.4
846.479,20.1,29.1,19.0,29.3,15.6,29.6,18.5,28.4
847.479,20.6,29.1,19.4,29.4,16.1,29.7,18.9,28.5
848.479,20.6,29.2,19.4,29.5,16.0,29.7,18.9,28.6
849.479,20.3,29.2,19.1,29.6,15.7,29.8,18.5,28.6
850.479,20.4,29.3,18.8,29.6,15.7,29.9,18.5,28.7
851.479,4.5,29.5,4.5,29.8,4.0,30.1,5.0,28.9
852.479,-2.8,29.7,-0.1,30.1,-0.3,30.4,-2.1,29.1
853.479,-7.0,29.4,-5.3,30.0,-4.6,30.2,-6.7,28.9
854.479,-17.3,29.2,-17.3,29.5,-12.7,29.8,-14.5,28.6
855.479,-21.0,29.0,-22.1,29.3,-16.8,29.6,-18.5,28.5
856.479,-21.3,28.9,-22.1,29.2,-16.9,29.5,-18.5,28.4
857.479,-21.3,28.8,-22.3,29.1,-17.1,29.3,-18.7,28.3
858.479,-21.3,28.6,-22.4,28.9,-17.1,29.1,-18.7,28.2
859.479,-21.0,28.4,-22.1,28.7,-16.9,28.9,-18.4,28.1
860.479,-21.1,28.3,-22.2,28.6,-16.9,28.8,-18.4,28.0
861.479,-21.0,28.3,-22.1,28.5,-16.7,28.8,-18.3,27.9
862.479,-20.9,28.2,-22.1,28.5,-16.9,28.7,-18.5,27.9
863.479,-21.1,28.2,-22.3,28.4,-17.0,28.6,-18.6,27.9
864.479,-21.1,28.1,-22.2,28.3,-16.8,28.6,-18.4,27.8
865.479,-21.2,28.1,-22.3,28.3,-16.9,28.6,-18.5,27.8
866.479,-21.2,28.1,-22.2,28.3,-16.7,28.6,-18.3,27.8
867.479,-21.2,28.1,-22.4,28.2,-17.2,28.5,-18.8,27.8
868.481,-21.3,28.0,-22.3,28.2,-16.9,28.5,-18.4,27.8
869.481,-21.3,28.0,-22.4,28.2,-17.1,28.5,-18.7,27.7
870.481,-21.3,28.0,-22.5,28.2,-17.2,28.5,-18.7,27.7
871.481,-21.4,28.0,-22.4,28.2,-17.0,28.5,-18.5,27.7
872.481,-21.3,28.0,-22.4,28.2,-17.1,28.5,-18.7,27.7
873.481,-21.4,28.0,-22.3,28.2,-16.8,28.5,-18.3,27.7
874.481,-21.2,28.0,-22.3,28.2,-16.8,28.4,-18.6,27.7
875.481,-18.5,28.0,-22.3,28.1,-12.9,28.5,-16.7,27.7
876.481,-17.6,28.0,-20.2,28.2,-14.4,28.5,-14.3,27.7
877.481,-19.3,28.0,-18.3,28.2,-15.8,28.4,-16.4,27.7
878.481,-19.4,28.0,-20.6,28.1,-15.9,28.4,-17.0,27.7
879.481,-5.9,28.2,-4.5,28.4,-3.9,28.6,-4.1,27.9
880.481,0.4,28.7,-0.3,28.8,0.1,29.1,0.2,28.3
881.481,5.1,28.7,4.3,28.8,3.9,29.1,3.9,28.4
882.481,11.0,28.2,10.7,28.3,9.1,28.6,10.6,27.9
883.481,15.5,28.1,14.6,28.2,10.7,28.5,14.5,27.8
884.481,18.4,27.9,16.8,28.1,14.7,28.4,16.9,27.7
885.481,17.1,28.0,17.7,28.0,13.0,28.4,15.9,27.7
886.481,19.1,27.9,19.1,28.0,13.4,28.4,17.6,27.7
887.481,20.0,28.0,19.2,28.1,16.3,28.4,19.0,27.7
888.481,20.0,28.0,19.0,28.1,15.6,28.4,18.2,27.7
889.481,19.7,28.1,18.7,28.2,15.1,28.5,17.7,27.8
890.481,19.9,28.1,19.0,28.2,15.7,28.5,18.6,27.8
891.481,20.2,28.2,19.2,28.3,15.9,28.6,18.8,27.8
892.481,19.6,28.3,18.7,28.4,15.3,28.7,17.9,27.8
893.481,20.0,28.4,18.9,28.5,15.4,28.7,18.1,27.9
894.481,19.9,28.5,19.0,28.6,15.8,28.8,18.8,27.9
895.481,19.8,28.6,18.9,28.7,15.5,28.9,18.4,28.0
896.481,20.0,28.6,19.0,28.8,15.5,28.9,18.3,28.0
897.481,20.3,28.7,19.2,28.9,15.7,29.0,18.5,28.1
898.481,20.3,28.8,19.2,29.0,15.8,29.1,18.6,28.1
899.481,19.8,28.9,18.7,29.0,15.3,29.2,18.0,28.2
900.481,20.3,28.9,19.1,29.1,15.6,29.3,18.5,28.3
901.481,20.1,29.0,19.1,29.2,15.8,29.4,18.7,28.3
902.482,20.1,29.0,19.1,29.3,15.7,29.5,18.6,28.4
903.482,20.3,29.1,19.3,29.4,15.9,29.6,18.8,28.4
904.482,20.4,29.1,19.2,29.4,15.7,29.7,18.4,28.5
905.482,20.5,29.2,19.4,29.5,16.0,29.8,18.9,28.6
906.482,20.6,29.2,19.2,29.6,15.7,29.9,18.3,28.6
907.482,13.0,29.3,11.7,29.7,10.0,30.0,11.6,28.7
908.482,-0.3,29.7,-0.2,30.0,-0.2,30.3,-0.2,29.0
909.482,-5.1,29.6,-0.6,30.2,-1.0,30.4,-3.6,29.0
910.482,-9.4,29.3,-9.7,29.8,-7.2,30.0,-9.1,28.8
911.482,-20.7,29.0,-21.2,29.4,-15.9,29.7,-17.7,28.6
912.482,-21.1,28.9,-22.2,29.3,-16.9,29.5,-18.5,28.5
913.483,-21.2,28.8,-22.2,29.1,-17.0,29.4,-18.6,28.4
914.483,-21.3,28.7,-22.4,29.0,-17.2,29.2,-18.7,28.3
915.483,-21.2,28.5,-22.3,28.8,-17.0,29.0,-18.6,28.1
916.483,-21.0,28.4,-22.1,28.7,-16.8,28.9,-18.4,28.0
917.483,-21.0,28.3,-22.1,28.5,-16.7,28.8,-18.2,27.9
918.483,-20.9,28.2,-22.1,28.5,-16.9,28.7,-18.6,27.9
919.483,-21.0,28.2,-22.2,28.4,-16.9,28.7,-18.5,27.8
920.483,-21.1,28.2,-22.2,28.3,-16.9,28.6,-18.5,27.8
921.483,-21.3,28.1,-22.4,28.3,-17.0,28.6,-18.5,27.8
922.483,-21.1,28.1,-22.2,28.3,-16.9,28.6,-18.4,27.8
923.483,-21.4,28.1,-22.3,28.2,-16.9,28.5,-18.4,27.7
924.483,-21.3,28.0,-22.4,28.2,-17.1,28.5,-18.6,27.7
925.483,-21.3,28.0,-22.3,28.2,-16.8,28.5,-18.3,27.7
926.483,-21.4,28.0,-22.5,28.2,-17.3,28.4,-18.9,27.7
927.483,-21.6,28.0,-22.5,28.2,-17.1,28.4,-18.6,27.7
928.483,-21.2,28.0,-22.3,28.2,-17.0,28.4,-18.5,27.7
929.483,-21.4,28.0,-22.4,28.1,-17.0,28.4,-18.5,27.7
930.483,-21.3,28.0,-22.3,28.1,-17.0,28.4,-18.5,27.7
931.483,-20.8,28.0,-22.4,28.1,-15.7,28.4,-18.1,27.7
932.483,-18.2,28.0,-22.0,28.1,-13.3,28.4,-14.9,27.7
933.483,-18.8,28.0,-18.9,28.1,-14.3,28.4,-15.8,27.7
934.483,-19.0,28.0,-18.5,28.1,-15.8,28.4,-16.3,27.7
935.483,-15.1,28.0,-15.8,28.1,-12.9,28.4,-14.0,27.7
936.483,0.0,28.4,0.0,28.5,0.3,28.8,0.2,28.1
937.483,1.6,28.7,0.5,28.8,1.6,29.1,1.6,28.3
938.483,11.7,28.3,11.5,28.4,8.7,28.6,9.8,27.9
939.485,13.0,28.1,12.2,28.2,9.8,28.5,12.7,27.8
940.485,18.6,27.9,17.1,28.0,14.3,28.4,16.9,27.7
941.485,17.5,27.9,16.9,28.0,13.2,28.3,15.9,27.7
942.485,17.6,27.9,19.2,28.0,13.2,28.4,17.3,27.7
943.485,19.9,27.9,19.0,28.0,15.3,28.4,18.6,27.7
944.485,20.0,28.0,19.0,28.1,15.9,28.4,18.7,27.7
945.485,19.8,28.0,18.8,28.1,15.4,28.4,18.0,27.7
946.485,20.2,28.0,19.1,28.2,15.7,28.5,18.5,27.7
947.485,20.1,28.1,19.1,28.3,15.7,28.5,18.5,27.8
948.485,19.7,28.2,18.7,28.3,15.2,28.6,18.0,27.8
949.485,19.8,28.3,18.8,28.4,15.5,28.6,18.4,27.8
950.485,19.9,28.4,18.9,28.5,15.4,28.7,18.3,27.9
951.485,20.0,28.5,19.0,28.6,15.7,28.8,18.7,27.9
952.485,20.4,28.6,19.2,28.7,15.7,28.9,18.4,27.9
953.485,20.2,28.7,19.1,28.8,15.7,29.0,18.5,28.0
954.485,20.0,28.7,19.0,28.9,15.6,29.1,18.4,28.1
955.485,20.1,28.8,18.9,29.0,15.4,29.2,18.2,28.2
956.485,20.1,28.9,19.0,29.1,15.5,29.3,18.3,28.2
957.485,20.0,28.9,19.0,29.2,15.6,29.4,18.5,28.3
958.485,20.2,29.0,19.2,29.2,15.9,29.5,18.8,28.3
959.485,20.5,29.0,19.3,29.3,15.8,29.6,18.7,28.4
960.485,20.5,29.1,19.4,29.4,16.0,29.6,18.9,28.5
961.485,20.3,29.1,19.2,29.5,15.8,29.7,18.6,28.5
962.485,20.5,29.2,19.3,29.5,15.8,29.8,18.6,28.6
963.485,18.6,29.3,17.3,29.6,14.5,29.9,17.1,28.7
964.485,0.6,29.6,0.6,29.9,0.8,30.2,0.8,28.9
965.485,-4.3,29.7,-0.2,30.1,-0.6,30.4,-3.1,29.1
966.485,-7.8,29.3,-8.0,29.9,-6.3,30.1,-8.4,28.8
967.485,-19.7,29.1,-19.6,29.4,-14.6,29.7,-16.4,28.6
968.485,-21.1,28.9,-22.3,29.3,-16.9,29.5,-18.5,28.5
969.485,-21.2,28.8,-22.1,29.2,-17.0,29.4,-18.6,28.4
970.485,-21.3,28.7,-22.3,29.0,-17.0,29.2,-18.6,28.3
971.485,-21.3,28.5,-22.3,28.8,-17.0,29.0,-18.5,28.1
972.485,-21.1,28.3,-22.2,28.7,-16.9,28.9,-18.5,28.0
973.485,-21.1,28.2,-22.1,28.6,-16.8,28.8,-18.3,27.9
974.485,-21.0,28.2,-22.2,28.5,-16.9,28.7,-18.5,27.9
975.485,-21.1,28.1,-22.2,28.4,-16.9,28.6,-18.5,27.8
976.485,-21.3,28.1,-22.3,28.4,-16.9,28.6,-18.5,27.8
977.485,-21.2,28.1,-22.1,28.3,-16.8,28.6,-18.4,27.8
978.485,-21.1,28.0,-22.1,28.3,-16.8,28.5,-18.4,27.8
979.485,-21.5,28.0,-22.4,28.3,-17.0,28.5,-18.5,27.7
980.485,-21.2,28.0,-22.3,28.2,-17.1,28.5,-18.7,27.7
981.485,-21.4,28.0,-22.3,28.2,-17.0,28.5,-18.4,27.7
982.485,-21.3,28.0,-22.3,28.2,-17.0,28.4,-18.6,27.7
983.486,-21.6,28.0,-22.4,28.2,-17.1,28.4,-18.6,27.7
984.486,-21.3,28.0,-22.3,28.1,-17.1,28.4,-18.6,27.7
985.486,-21.5,28.0,-22.2,28.1,-16.9,28.4,-18.4,27.7
986.486,-21.4,27.9,-22.3,28.1,-17.0,28.4,-18.6,27.7
987.486,-21.1,27.9,-22.1,28.1,-16.2,28.4,-18.5,27.7
988.486,-18.0,28.0,-22.2,28.1,-13.2,28.5,-15.2,27.7
989.486,-18.9,28.0,-18.9,28.1,-14.6,28.4,-15.4,27.7
990.486,-19.0,27.9,-19.0,28.1,-15.4,28.4,-17.3,27.7
991.486,-19.0,27.9,-19.2,28.1,-15.4,28.3,-16.5,27.6
992.486,0.2,28.3,-0.4,28.4,-0.3,28.7,-0.1,28.0
993.486,1.1,28.7,-0.0,28.8,0.2,29.1,1.3,28.3
994.486,8.7,28.4,4.4,28.9,6.4,28.9,8.4,28.0
995.486,11.2,28.1,12.4,28.3,8.6,28.5,10.7,27.8
996.486,17.6,28.0,14.5,28.1,12.8,28.4,15.4,27.7
997.486,18.1,27.9,17.1,28.0,14.0,28.3,16.5,27.6
998.486,17.6,27.9,18.7,28.0,13.3,28.3,16.3,27.6
999.486,18.8,27.9,18.8,28.0,13.9,28.4,17.6,27.6
1000.486,19.9,27.9,18.9,28.1,15.8,28.4,18.6,27.7
1001.486,19.9,28.0,18.9,28.1,15.7,28.4,18.5,27.7
1002.486,20.1,28.0,19.0,28.2,15.5,28.5,18.2,27.7
1003.486,19.9,28.1,18.8,28.2,15.5,28.5,18.2,27.7
1004.486,20.0,28.2,18.9,28.3,15.6,28.6,18.4,27.8
1005.486,20.0,28.3,19.0,28.4,15.8,28.6,18.7,27.8
1006.486,19.9,28.4,18.8,28.5,15.4,28.7,18.2,27.8
1007.486,20.0,28.5,18.9,28.6,15.5,28.8,18.4,27.9
1008.486,20.0,28.5,18.9,28.7,15.6,28.8,18.4,27.9
1009.486,20.2,28.6,19.0,28.8,15.6,28.9,18.3,28.0
1010.486,20.1,28.7,18.9,28.9,15.5,29.0,18.2,28.0
1011.486,20.2,28.8,19.1,29.0,15.7,29.1,18.6,28.1
1012.486,20.2,28.8,19.0,29.0,15.6,29.2,18.3,28.2
1013.486,20.0,28.9,18.9,29.1,15.5,29.3,18.3,28.2
1014.486,20.2,28.9,19.1,29.2,15.8,29.4,18.8,28.3
1015.486,20.2,29.0,19.1,29.3,15.7,29.5,18.6,28.4
1016.487,20.3,29.0,19.2,29.4,15.8,29.6,18.6,28.4
1017.487,20.5,29.1,19.3,29.4,15.8,29.7,18.6,28.5
1018.487,20.4,29.2,19.2,29.5,15.8,29.8,18.5,28.6
1019.487,20.6,29.2,19.1,29.6,16.0,29.8,18.8,28.6
1020.487,7.9,29.4,7.8,29.7,6.7,30.0,8.3,28.8
1021.487,-1.2,29.7,-0.3,30.0,-0.4,30.3,-1.1,29.1
1022.487,-6.1,29.5,-2.6,30.1,-2.7,30.3,-5.3,28.9
1023.487,-13.9,29.2,-14.0,29.6,-10.1,29.8,-12.1,28.7
1024.487,-21.1,29.0,-22.0,29.3,-16.7,29.6,-18.3,28.5
1025.487,-21.2,28.9,-22.0,29.2,-16.9,29.5,-18.5,28.4
1026.487,-21.3,28.8,-22.3,29.1,-17.1,29.3,-18.6,28.3
1027.487,-21.3,28.6,-22.4,28.9,-17.1,29.1,-18.7,28.2
1028.487,-21.1,28.4,-22.3,28.7,-16.9,28.9,-18.5,28.0
1029.487,-20.9,28.3,-22.1,28.6,-16.9,28.8,-18.5,28.0
1030.487,-21.1,28.2,-22.2,28.5,-16.8,28.7,-18.3,27.9
1031.487,-21.0,28.2,-22.2,28.4,-16.9,28.6,-18.5,27.9
1032.487,-21.1,28.1,-22.2,28.4,-16.8,28.6,-18.4,27.8
1033.487,-21.2,28.1,-22.3,28.3,-16.9,28.6,-18.5,27.8
1034.487,-21.1,28.1,-22.2,28.3,-16.7,28.5,-18.3,27.8
1035.487,-21.1,28.0,-22.2,28.2,-16.8,28.5,-18.4,27.7
1036.487,-21.3,28.0,-22.4,28.2,-17.1,28.5,-18.7,27.7
1037.487,-21.4,28.0,-22.4,28.2,-17.0,28.5,-18.4,27.7
1038.487,-21.4,28.0,-22.4,28.2,-17.1,28.4,-18.6,27.7
1039.497,-21.4,28.0,-22.4,28.2,-17.1,28.4,-18.6,27.7
1040.497,-21.6,28.0,-22.5,28.1,-17.1,28.4,-18.6,27.7
1041.497,-21.1,27.9,-22.2,28.1,-16.9,28.4,-18.5,27.6
1042.497,-21.6,27.9,-22.5,28.1,-17.0,28.4,-18.5,27.7
1043.513,-21.4,27.9,-22.4,28.1,-17.0,28.4,-18.6,27.6
1044.513,-19.3,27.9,-22.2,28.1,-14.3,28.4,-17.3,27.6
1045.513,-18.7,28.0,-21.1,28.1,-12.8,28.4,-15.6,27.7
1046.513,-18.9,28.0,-19.7,28.1,-16.1,28.4,-15.2,27.6
1047.513,-19.4,27.9,-19.3,28.1,-15.6,28.4,-16.5,27.6
1048.513,-9.2,28.0,-9.3,28.2,-8.0,28.4,-8.8,27.7
1049.513,-0.9,28.4,-0.4,28.6,-0.1,28.9,-0.3,28.1
1050.544,0.4,28.8,0.0,28.9,0.3,29.2,0.3,28.4
1051.544,7.9,28.6,5.1,28.8,7.0,28.9,7.9,28.2
1052.544,10.2,28.1,12.7,28.2,8.4,28.5,10.7,27.8
1053.544,18.5,28.0,16.2,28.1,13.2,28.4,15.7,27.7
1054.555,18.2,27.9,16.7,28.0,13.8,28.3,16.3,27.7
1055.555,17.6,27.9,19.1,28.0,13.5,28.3,16.1,27.6
1056.555,18.8,27.9,18.8,28.0,14.2,28.3,17.8,27.6
1057.557,20.2,27.9,19.3,28.1,16.0,28.4,18.9,27.6
1058.557,19.8,28.0,18.9,28.1,15.5,28.4,18.3,27.7
1059.557,19.9,28.0,18.9,28.2,15.5,28.5,18.3,27.7
1060.557,20.0,28.1,19.0,28.2,15.6,28.5,18.3,27.7
1061.557,20.1,28.2,19.1,28.3,15.8,28.6,18.6,27.8
1062.557,19.9,28.3,19.0,28.4,15.6,28.6,18.4,27.8
1063.572,19.6,28.4,18.6,28.5,15.1,28.7,17.7,27.8
1064.572,20.1,28.5,19.1,28.6,15.7,28.8,18.6,27.9
1065.577,20.0,28.5,18.9,28.7,15.5,28.8,18.4,27.9
1066.577,20.2,28.6,19.2,28.8,15.8,28.9,18.7,28.0
1067.577,19.9,28.7,18.9,28.9,15.4,29.0,18.2,28.0
1068.577,20.5,28.8,19.2,29.0,15.7,29.1,18.5,28.1
1069.577,20.0,28.8,19.0,29.0,15.5,29.2,18.3,28.2
1070.577,20.1,28.9,19.1,29.1,15.7,29.3,18.5,28.3
1071.577,20.0,28.9,18.9,29.2,15.4,29.4,18.2,28.3
1072.577,20.3,29.0,19.2,29.3,15.9,29.5,18.8,28.4
1073.590,20.4,29.0,19.4,29.4,16.0,29.6,18.9,28.4
1074.590,20.4,29.1,19.2,29.4,15.7,29.7,18.5,28.5
1075.590,20.3,29.1,19.2,29.5,15.8,29.8,18.7,28.6
1076.590,20.5,29.2,19.1,29.6,16.0,29.8,18.9,28.6
1077.592,6.4,29.4,6.4,29.8,5.2,30.0,6.7,28.8
1078.592,-0.5,29.7,-0.2,30.0,-0.3,30.3,-0.5,29.0
1079.592,-5.5,29.5,-1.6,30.1,-1.8,30.4,-4.4,28.9
1080.592,-11.6,29.2,-12.1,29.6,-8.9,29.9,-10.9,28.7
1081.593,-21.1,29.0,-21.7,29.3,-16.3,29.6,-17.8,28.5
1082.593,-21.3,28.9,-22.2,29.2,-16.9,29.5,-18.5,28.4
1083.593,-21.3,28.7,-22.3,29.1,-17.0,29.3,-18.6,28.3
1084.593,-21.3,28.6,-22.3,28.9,-17.0,29.1,-18.5,28.2
1085.593,-21.3,28.4,-22.4,28.8,-17.0,28.9,-18.6,28.0
1086.593,-21.1,28.3,-22.3,28.6,-17.0,28.8,-18.6,28.0
1087.593,-21.1,28.2,-22.1,28.5,-16.7,28.7,-18.3,27.9
1088.593,-21.1,28.2,-22.2,28.4,-16.9,28.6,-18.5,27.8
1089.593,-21.0,28.1,-22.2,28.3,-16.9,28.6,-18.5,27.8
1090.593,-21.3,28.1,-22.3,28.3,-16.9,28.6,-18.5,27.8
1091.593,-21.2,28.0,-22.3,28.3,-16.8,28.5,-18.4,27.7
1092.593,-21.0,28.0,-22.1,28.2,-16.7,28.5,-18.3,27.7
1093.593,-21.5,28.0,-22.5,28.2,-17.1,28.5,-18.6,27.7
1094.593,-21.3,28.0,-22.3,28.2,-17.0,28.4,-18.5,27.7
1095.593,-21.4,28.0,-22.4,28.1,-17.0,28.4,-18.5,27.7
1096.593,-21.4,27.9,-22.5,28.1,-17.1,28.4,-18.7,27.7
1097.593,-21.6,27.9,-22.5,28.1,-17.1,28.4,-18.6,27.6
1098.593,-21.3,27.9,-22.4,28.1,-17.1,28.4,-18.7,27.6
1099.593,-21.5,27.9,-22.4,28.1,-16.9,28.4,-18.4,27.6
1100.593,-21.5,27.9,-22.5,28.1,-17.1,28.4,-18.6,27.6
1101.593,-19.8,27.9,-22.1,28.1,-14.9,28.4,-17.8,27.6
1102.593,-18.5,27.9,-21.9,28.1,-13.4,28.4,-14.6,27.6
1103.593,-18.2,27.9,-18.5,28.1,-15.1,28.4,-17.0,27.6
1104.593,-18.6,27.9,-20.1,28.1,-15.6,28.3,-15.6,27.6
1105.593,-14.4,27.9,-12.8,28.2,-11.4,28.3,-12.1,27.6
1106.593,-1.6,28.3,-0.4,28.6,0.0,28.8,-0.5,28.0
1107.593,0.5,28.7,0.0,28.9,0.7,29.2,0.2,28.3
1108.593,8.4,28.5,4.5,28.9,6.6,28.8,6.8,28.2
1109.593,10.3,28.1,12.4,28.3,8.3,28.5,9.7,27.8
1110.593,17.9,28.0,15.3,28.1,13.2,28.3,16.5,27.7
1111.593,17.9,27.9,17.4,28.0,13.6,28.3,16.6,27.6
1112.593,17.7,27.8,19.1,28.0,13.4,28.3,16.4,27.6
1113.593,19.1,27.9,18.6,28.0,13.8,28.3,17.6,27.6
1114.593,20.1,27.9,19.1,28.1,15.9,28.3,18.9,27.6
1115.593,20.0,27.9,19.0,28.1,15.6,28.3,18.3,27.6
1116.593,19.8,28.0,18.8,28.2,15.3,28.4,17.9,27.7
1117.593,20.0,28.1,19.0,28.2,15.7,28.4,18.5,27.7
1118.593,20.1,28.1,19.1,28.3,15.7,28.5,18.5,27.7
1119.593,19.9,28.3,19.0,28.4,15.6,28.5,18.5,27.8
1120.593,19.6,28.3,18.6,28.4,15.2,28.6,18.0,27.8
1121.593,20.1,28.4,19.1,28.6,15.8,28.7,18.7,27.8
1122.593,20.0,28.5,19.0,28.7,15.6,28.8,18.4,27.9
1123.593,20.0,28.6,18.9,28.8,15.4,28.9,18.1,28.0
1124.593,20.2,28.7,19.1,28.9,15.6,29.0,18.3,28.0
1125.593,20.2,28.7,19.1,28.9,15.8,29.1,18.7,28.1
1126.593,20.0,28.8,19.0,29.0,15.6,29.2,18.4,28.1
1127.593,20.1,28.9,19.0,29.1,15.5,29.3,18.3,28.2
1128.593,20.6,28.9,19.4,29.2,16.0,29.3,18.9,28.3
1129.593,20.2,29.0,19.1,29.3,15.8,29.5,18.6,28.3
1130.593,20.2,29.0,19.0,29.3,15.5,29.5,18.2,28.4
1131.593,20.5,29.0,19.3,29.4,15.9,29.6,18.8,28.5
1132.593,20.4,29.1,19.3,29.5,15.9,29.7,18.8,28.5
1133.593,20.5,29.2,19.0,29.6,16.0,29.8,18.8,28.6
1134.593,5.6,29.3,5.8,29.7,5.3,30.0,6.6,28.7
1135.593,-1.9,29.7,-0.1,30.0,-0.3,30.3,-1.6,29.0
1136.593,-7.0,29.4,-4.7,30.0,-4.1,30.2,-6.4,28.8
1137.593,-15.6,29.1,-15.6,29.5,-11.2,29.7,-13.2,28.6
1138.593,-21.1,28.9,-22.1,29.3,-16.7,29.5,-18.5,28.5
1139.593,-21.2,28.8,-22.1,29.2,-16.9,29.4,-18.5,28.3
1140.593,-21.4,28.7,-22.4,29.0,-17.1,29.2,-18.6,28.2
1141.593,-21.3,28.5,-22.4,28.9,-17.1,29.0,-18.6,28.1
1142.593,-21.2,28.3,-22.3,28.7,-16.9,28.9,-18.4,28.0
1143.593,-21.1,28.2,-22.2,28.6,-16.8,28.7,-18.4,27.9
1144.595,-21.1,28.1,-22.2,28.5,-16.9,28.6,-18.4,27.8
1145.595,-21.2,28.1,-22.3,28.4,-16.9,28.6,-18.5,27.8
1146.595,-21.1,28.1,-22.2,28.3,-16.9,28.5,-18.5,27.7
1147.595,-21.2,28.0,-22.3,28.3,-17.0,28.5,-18.5,27.7
1148.595,-21.2,28.0,-22.3,28.3,-16.9,28.4,-18.4,27.7
1149.595,-21.3,28.0,-22.3,28.2,-16.9,28.4,-18.5,27.7
1150.595,-21.2,27.9,-22.3,28.2,-16.9,28.4,-18.5,27.7
1151.595,-21.5,27.9,-22.4,28.2,-17.0,28.4,-18.5,27.6
1152.595,-21.4,27.9,-22.4,28.2,-17.1,28.4,-18.6,27.6
1153.595,-21.5,27.9,-22.5,28.1,-17.0,28.4,-18.5,27.6
1154.595,-21.6,27.9,-22.6,28.1,-17.2,28.3,-18.7,27.6
1155.595,-21.2,27.9,-22.1,28.1,-16.8,28.3,-18.3,27.6
1156.595,-21.7,27.9,-22.6,28.1,-17.1,28.3,-18.6,27.6
1157.595,-21.3,27.9,-22.4,28.1,-17.0,28.3,-18.6,27.6
1158.595,-19.1,27.9,-22.3,28.1,-13.7,28.3,-17.1,27.6
1159.595,-17.4,27.9,-20.7,28.1,-13.3,28.3,-16.1,27.6
1160.595,-19.7,27.9,-18.2,28.1,-16.0,28.3,-14.9,27.6
1161.595,-18.7,27.9,-20.6,28.1,-16.0,28.3,-17.3,27.6
1162.595,-8.0,28.0,-6.6,28.3,-5.7,28.4,-6.4,27.7
1163.595,0.1,28.5,-0.4,28.7,0.1,28.9,0.2,28.2
1164.595,5.8,28.6,5.2,28.8,4.8,28.9,4.1,28.3
1165.595,11.0,28.1,10.7,28.3,8.7,28.4,11.3,27.8
1166.595,16.3,28.0,15.1,28.2,12.1,28.3,14.1,27.7
1167.595,17.5,27.8,16.6,28.1,14.2,28.2,17.1,27.6
1168.595,17.3,27.8,18.2,28.0,13.2,28.2,16.2,27.6
1169.595,18.9,27.8,19.0,28.0,13.7,28.2,17.8,27.6
1170.595,20.0,27.8,18.8,28.1,15.4,28.3,18.0,27.6
1171.595,20.1,27.9,19.1,28.1,15.9,28.3,18.7,27.6
1172.595,20.0,27.9,19.0,28.1,15.7,28.3,18.5,27.6
1173.595,20.2,28.0,19.1,28.2,15.7,28.4,18.4,27.7
1174.595,19.7,28.1,18.6,28.3,15.1,28.4,17.9,27.7
1175.595,20.0,28.2,19.0,28.3,15.6,28.5,18.4,27.7
1176.595,19.9,28.3,18.9,28.4,15.6,28.5,18.6,27.8
1177.595,19.9,28.4,18.8,28.5,15.3,28.6,18.0,27.8
1178.595,20.1,28.4,19.1,28.6,15.8,28.7,18.8,27.8
1179.595,20.2,28.5,19.1,28.7,15.7,28.8,18.5,27.9
1180.595,20.2,28.6,19.1,28.8,15.6,28.9,18.5,28.0
1181.595,19.8,28.7,18.7,28.9,15.2,29.0,17.9,28.0
1182.595,20.2,28.7,19.0,29.0,15.6,29.1,18.5,28.1
1183.595,20.1,28.8,18.9,29.1,15.5,29.2,18.3,28.2
1184.595,20.1,28.9,19.0,29.2,15.5,29.3,18.4,28.2
1185.595,20.5,28.9,19.4,29.2,16.2,29.4,19.1,28.3
1186.595,20.4,29.0,19.3,29.3,15.9,29.5,18.8,28.4
1187.595,20.4,29.0,19.2,29.4,15.8,29.6,18.6,28.4
1188.595,20.0,29.0,18.9,29.4,15.4,29.7,18.2,28.5
1189.595,21.1,29.1,19.5,29.5,16.1,29.7,19.0,28.6
1190.595,11.2,29.2,9.7,29.6,8.3,29.9,10.4,28.7
1191.596,-0.9,29.6,-0.3,30.0,-0.4,30.2,-0.7,29.0
1192.596,-5.6,29.4,-1.7,30.1,-1.8,30.3,-4.4,28.9
1193.597,-12.3,29.1,-12.9,29.6,-9.3,29.8,-11.1,28.6
1194.597,-20.7,28.9,-21.9,29.3,-16.5,29.5,-18.0,28.5
1195.597,-21.2,28.8,-22.1,29.2,-16.9,29.4,-18.5,28.3
1196.597,-21.2,28.7,-22.3,29.1,-17.0,29.2,-18.6,28.2
1197.597,-21.3,28.5,-22.4,28.9,-17.1,29.0,-18.7,28.1
1198.597,-21.2,28.4,-22.3,28.7,-17.0,28.9,-18.5,28.0
1199.597,-21.0,28.2,-22.2,28.6,-16.9,28.7,-18.5,27.9
1200.597,-21.0,28.2,-22.1,28.5,-16.7,28.6,-18.2,27.8
1201.597,-21.0,28.1,-22.2,28.4,-16.8,28.6,-18.4,27.8
1202.597,-21.0,28.0,-22.2,28.4,-16.9,28.5,-18.5,27.7
1203.597,-21.2,28.0,-22.3,28.3,-16.9,28.5,-18.5,27.7
1204.597,-21.2,28.0,-22.3,28.3,-16.8,28.4,-18.4,27.7
1205.597,-21.1,28.0,-22.2,28.2,-16.8,28.4,-18.4,27.7
1206.597,-21.5,27.9,-22.5,28.2,-17.0,28.4,-18.5,27.6
1207.597,-21.3,27.9,-22.4,28.2,-17.0,28.4,-18.5,27.6
1208.597,-21.4,27.9,-22.4,28.2,-17.0,28.3,-18.5,27.6
1209.597,-21.4,27.9,-22.4,28.1,-17.0,28.3,-18.5,27.6
1210.597,-21.8,27.9,-22.7,28.1,-17.1,28.3,-18.6,27.6
1211.597,-21.1,27.9,-22.2,28.1,-16.9,28.3,-18.6,27.6
1212.598,-21.6,27.9,-22.5,28.1,-16.9,28.3,-18.4,27.6
1213.598,-21.4,27.9,-22.4,28.1,-17.0,28.3,-18.6,27.5
1214.598,-20.2,27.9,-22.3,28.1,-14.6,28.3,-17.5,27.6
1215.598,-18.3,27.9,-21.5,28.1,-12.9,28.3,-15.4,27.6
1216.598,-18.8,27.9,-18.5,28.1,-15.9,28.3,-15.7,27.6
1217.598,-18.7,27.9,-20.1,28.1,-15.3,28.2,-16.4,27.6
1218.598,-13.1,27.9,-10.9,28.2,-9.7,28.3,-10.2,27.6
1219.598,-0.5,28.4,-0.4,28.6,0.1,28.8,0.0,28.0
1220.598,4.9,28.5,1.0,28.9,1.5,29.1,0.4,28.4
1221.599,10.8,28.1,10.8,28.5,8.4,28.5,10.5,28.0
1222.599,11.4,28.0,10.9,28.2,8.9,28.4,9.4,27.8
1223.599,18.6,27.9,17.6,28.1,14.6,28.2,18.1,27.6
1224.599,17.8,27.8,16.8,28.0,13.6,28.2,16.8,27.6
1225.599,17.5,27.8,19.0,28.0,12.9,28.2,16.2,27.6
1226.600,19.9,27.8,18.9,28.0,15.1,28.2,18.7,27.6
1227.600,19.8,27.9,18.9,28.1,15.6,28.2,18.4,27.6
1228.600,19.7,27.9,18.7,28.1,15.2,28.3,17.8,27.6
1229.600,20.3,28.0,19.3,28.2,16.0,28.3,18.9,27.6
1230.601,20.3,28.1,19.2,28.2,15.9,28.4,18.7,27.7
1231.601,19.9,28.1,18.9,28.3,15.5,28.4,18.3,27.7
1232.601,19.5,28.2,18.6,28.4,15.2,28.5,18.1,27.7
1233.601,19.8,28.3,18.8,28.5,15.4,28.5,18.3,27.8
1234.602,20.0,28.4,19.0,28.6,15.7,28.6,18.6,27.8
1235.602,20.0,28.5,18.8,28.7,15.3,28.7,18.0,27.9
1236.602,20.4,28.6,19.4,28.8,16.1,28.8,19.1,27.9
1237.602,20.2,28.6,19.0,28.9,15.5,28.9,18.2,28.0
1238.602,20.0,28.7,19.0,28.9,15.6,29.0,18.5,28.0
1239.602,19.8,28.8,18.7,29.0,15.2,29.1,17.9,28.1
1240.602,20.3,28.8,19.1,29.1,15.6,29.2,18.4,28.2
1241.602,20.2,28.9,19.2,29.2,15.8,29.3,18.7,28.2
1242.602,20.1,28.9,19.1,29.2,15.7,29.4,18.6,28.3
1243.608,20.7,29.0,19.6,29.3,16.3,29.5,19.3,28.4
1244.608,20.4,29.0,19.2,29.4,15.8,29.6,18.6,28.5
1245.608,20.3,29.1,19.1,29.5,15.7,29.7,18.6,28.5
1246.608,18.9,29.1,17.6,29.5,14.6,29.7,17.3,28.6
1247.608,1.4,29.4,1.6,29.8,1.5,30.0,2.5,28.8
1248.608,-3.6,29.6,-0.1,30.1,-0.3,30.3,-2.4,29.0
1249.608,-6.6,29.3,-5.5,29.9,-4.7,30.1,-6.6,28.8
1250.608,-18.3,29.0,-18.3,29.4,-13.5,29.6,-15.1,28.5
1251.608,-21.1,28.8,-22.3,29.2,-16.9,29.4,-18.5,28.4
1252.608,-21.2,28.8,-22.2,29.1,-16.9,29.3,-18.5,28.3
1253.608,-21.3,28.6,-22.3,29.0,-17.1,29.1,-18.6,28.2
1254.608,-21.3,28.4,-22.4,28.8,-17.0,28.9,-18.5,28.0
1255.608,-21.0,28.3,-22.2,28.7,-16.9,28.7,-18.5,27.9
1256.608,-21.1,28.2,-22.2,28.5,-16.8,28.6,-18.4,27.8
1257.608,-21.0,28.2,-22.2,28.4,-16.8,28.6,-18.4,27.8
1258.608,-21.2,28.1,-22.3,28.4,-16.9,28.5,-18.6,27.7
1259.608,-21.2,28.1,-22.3,28.3,-16.9,28.4,-18.5,27.7
1260.608,-21.2,28.0,-22.2,28.3,-16.8,28.4,-18.3,27.7
1261.608,-21.2,28.0,-22.3,28.3,-16.9,28.4,-18.5,27.6
1262.608,-21.3,28.0,-22.3,28.2,-16.8,28.4,-18.3,27.6
1263.608,-21.3,28.0,-22.4,28.2,-17.1,28.3,-18.7,27.6
1264.610,-21.4,27.9,-22.3,28.2,-16.9,28.3,-18.3,27.6
1265.610,-21.4,27.9,-22.5,28.1,-17.1,28.3,-18.7,27.6
1266.610,-21.6,27.9,-22.6,28.1,-17.1,28.3,-18.7,27.6
1267.610,-21.4,27.9,-22.4,28.1,-16.9,28.3,-18.4,27.5
1268.610,-21.4,27.9,-22.4,28.1,-17.0,28.3,-18.6,27.5
1269.610,-21.4,27.9,-22.3,28.1,-16.9,28.3,-18.4,27.5
1270.610,-21.4,27.9,-22.4,28.1,-16.7,28.2,-18.5,27.5
1271.610,-18.3,27.9,-22.4,28.1,-12.9,28.3,-16.8,27.5
1272.610,-17.8,27.9,-20.0,28.1,-14.4,28.3,-15.1,27.6
1273.610,-18.9,27.9,-18.7,28.1,-15.8,28.2,-16.1,27.5
1274.610,-20.0,27.9,-20.3,28.1,-15.9,28.2,-17.2,27.5
1275.610,-3.9,28.1,-2.7,28.3,-2.7,28.5,-3.2,27.8
1276.610,0.4,28.6,-0.0,28.8,0.2,28.9,0.1,28.1
1277.610,4.6,28.7,0.8,29.0,3.5,29.0,2.4,28.3
1278.610,11.3,28.1,12.1,28.4,9.0,28.4,11.8,27.8
1279.612,15.0,28.0,13.8,28.1,10.9,28.3,13.0,27.7
1280.612,18.3,27.8,17.0,28.1,14.1,28.2,16.7,27.6
1281.612,16.8,27.8,17.5,28.0,13.4,28.2,15.9,27.6
1282.612,18.6,27.8,19.0,28.0,13.1,28.2,17.4,27.6
1283.612,20.7,27.8,19.2,28.0,16.1,28.2,19.2,27.5
1284.612,19.6,27.9,18.7,28.1,15.4,28.2,18.0,27.6
1285.612,20.0,27.9,18.9,28.1,15.5,28.3,18.2,27.6
1286.612,19.9,28.0,19.0,28.2,15.7,28.3,18.6,27.6
1287.612,20.1,28.1,19.1,28.2,15.8,28.4,18.6,27.6
1288.612,19.9,28.2,18.7,28.3,15.2,28.4,17.9,27.7
1289.612,19.8,28.3,18.9,28.4,15.5,28.5,18.3,27.7
1290.612,20.0,28.4,19.1,28.5,15.8,28.6,18.8,27.8
1291.612,19.7,28.4,18.7,28.6,15.2,28.7,18.0,27.8
1292.612,20.1,28.5,19.0,28.7,15.6,28.8,18.4,27.9
1293.612,20.4,28.6,19.2,28.8,15.8,28.9,18.5,27.9
1294.612,20.2,28.7,19.1,28.9,15.8,28.9,18.7,28.0
1295.612,19.8,28.7,18.7,29.0,15.2,29.1,17.9,28.1
1296.612,20.2,28.8,19.1,29.0,15.6,29.1,18.4,28.1
1297.612,20.3,28.8,19.2,29.1,15.8,29.2,18.7,28.2
1298.612,20.1,28.9,19.0,29.2,15.5,29.3,18.4,28.3
1299.612,20.3,28.9,19.2,29.3,15.9,29.4,18.8,28.3
1300.612,20.6,29.0,19.3,29.3,15.9,29.5,18.7,28.4
1301.612,20.3,29.0,19.3,29.4,16.0,29.6,19.0,28.5
1302.612,20.5,29.1,19.2,29.5,15.6,29.7,18.3,28.5
1303.612,13.4,29.1,13.2,29.6,11.1,29.7,13.6,28.6
1304.612,-0.8,29.5,-0.5,29.9,-0.4,30.1,-0.5,28.9
1305.612,-5.5,29.4,-1.4,30.1,-1.7,30.2,-4.3,28.9
1306.612,-12.0,29.1,-12.2,29.6,-8.8,29.8,-10.6,28.6
1307.612,-21.2,28.9,-21.8,29.3,-16.4,29.5,-18.0,28.4
1308.612,-21.3,28.8,-22.1,29.2,-16.9,29.3,-18.5,28.3
1309.612,-21.3,28.7,-22.2,29.0,-17.0,29.2,-18.5,28.2
1310.612,-21.4,28.5,-22.5,28.9,-17.1,29.0,-18.7,28.1
1311.612,-21.1,28.3,-22.2,28.7,-16.9,28.8,-18.4,28.0
1312.612,-21.1,28.2,-22.3,28.5,-16.9,28.7,-18.5,27.8
1313.612,-21.0,28.1,-22.1,28.4,-16.7,28.6,-18.3,27.8
1314.612,-21.1,28.1,-22.2,28.3,-16.8,28.5,-18.4,27.7
1315.612,-21.1,28.0,-22.3,28.3,-16.9,28.4,-18.5,27.7
1316.614,-21.2,28.0,-22.3,28.2,-16.8,28.4,-18.4,27.7
1317.614,-21.4,28.0,-22.4,28.2,-16.9,28.4,-18.5,27.6
1318.614,-21.1,27.9,-22.1,28.2,-16.7,28.4,-18.3,27.6
1319.614,-21.4,27.9,-22.4,28.1,-17.0,28.3,-18.6,27.6
1320.614,-21.5,27.9,-22.5,28.1,-17.1,28.3,-18.6,27.6
1321.614,-21.3,27.9,-22.3,28.1,-16.9,28.3,-18.5,27.6
1322.614,-21.5,27.9,-22.6,28.1,-17.3,28.3,-18.8,27.6
1323.614,-21.6,27.9,-22.5,28.1,-16.9,28.3,-18.3,27.5
1324.614,-21.3,27.9,-22.4,28.1,-17.0,28.2,-18.6,27.5
1325.614,-21.4,27.8,-22.3,28.1,-16.8,28.2,-18.3,27.5
1326.614,-21.4,27.9,-22.3,28.1,-16.9,28.2,-18.4,27.5
1327.614,-19.7,27.9,-22.5,28.1,-15.2,28.2,-18.0,27.5
1328.614,-18.5,27.9,-21.4,28.1,-12.8,28.3,-14.9,27.5
1329.614,-18.6,27.9,-19.5,28.1,-15.6,28.2,-15.8,27.5
1330.614,-18.6,27.9,-18.2,28.1,-15.2,28.2,-17.1,27.5
1331.614,-12.8,27.9,-12.3,28.1,-10.5,28.2,-11.2,27.5
1332.615,-0.3,28.4,0.0,28.6,0.0,28.7,-0.0,28.0
1333.615,0.4,28.7,0.1,28.9,0.9,29.0,2.2,28.2
1334.615,9.6,28.4,8.9,28.7,8.2,28.6,10.3,27.8
1335.615,11.3,28.0,10.6,28.2,8.2,28.3,10.0,27.7
1336.615,19.0,27.8,17.5,28.1,14.6,28.2,17.1,27.6
1337.615,18.5,27.8,17.1,28.0,13.9,28.1,16.2,27.5
1338.615,17.0,27.8,18.7,28.0,12.9,28.2,15.7,27.5
1339.615,19.9,27.8,19.1,28.0,14.9,28.2,18.8,27.5
1340.615,19.8,27.8,19.0,28.0,15.9,28.2,18.8,27.5
1341.615,19.5,27.9,18.6,28.1,15.1,28.2,17.7,27.5
1342.615,20.2,27.9,19.1,28.1,15.6,28.3,18.3,27.6
1343.615,20.0,28.0,19.0,28.2,15.6,28.3,18.4,27.6
1344.615,20.1,28.1,19.1,28.2,15.8,28.4,18.7,27.6
1345.615,19.6,28.2,18.6,28.3,15.2,28.4,17.9,27.7
1346.615,20.0,28.3,19.0,28.4,15.7,28.5,18.6,27.7
1347.615,19.8,28.3,18.9,28.5,15.6,28.6,18.5,27.8
1348.615,19.9,28.4,18.8,28.6,15.3,28.7,18.0,27.8
1349.615,20.2,28.5,19.1,28.7,15.7,28.8,18.6,27.9
1350.615,20.1,28.6,19.0,28.8,15.6,28.9,18.4,27.9
1351.615,20.2,28.6,19.2,28.9,15.8,28.9,18.6,28.0
1352.615,19.9,28.7,18.8,29.0,15.2,29.1,18.0,28.1
1353.615,20.5,28.8,19.3,29.0,16.0,29.1,18.9,28.1
1354.615,20.2,28.8,19.2,29.1,15.9,29.2,18.8,28.2
1355.615,20.0,28.9,18.9,29.2,15.4,29.3,18.2,28.3
1356.615,20.4,28.9,19.3,29.3,15.9,29.4,18.7,28.3
1357.615,20.6,29.0,19.4,29.3,15.9,29.5,18.8,28.4
1358.615,20.3,29.0,19.2,29.4,15.8,29.6,18.7,28.5
1359.615,19.7,29.0,18.3,29.5,15.2,29.7,18.0,28.5
1360.615,1.5,29.3,1.9,29.7,1.7,29.9,2.6,28.8
1361.615,-3.2,29.5,-0.1,30.0,-0.3,30.2,-2.2,28.9
1362.615,-6.7,29.2,-5.3,29.9,-4.6,30.0,-6.6,28.7
1363.615,-18.0,28.9,-18.0,29.4,-13.3,29.6,-14.9,28.5
1364.615,-21.1,28.8,-22.3,29.2,-16.9,29.4,-18.5,28.3
1365.615,-21.1,28.7,-22.1,29.1,-16.9,29.2,-18.5,28.2
1366.615,-21.4,28.5,-22.4,28.9,-17.0,29.1,-18.6,28.1
1367.615,-21.2,28.4,-22.4,28.8,-17.0,28.9,-18.6,28.0
1368.615,-21.1,28.2,-22.2,28.6,-16.9,28.7,-18.5,27.9
1369.615,-21.0,28.1,-22.2,28.5,-16.8,28.6,-18.4,27.8
1370.615,-21.0,28.1,-22.2,28.4,-16.8,28.5,-18.5,27.7
1371.615,-21.1,28.0,-22.2,28.3,-16.9,28.4,-18.5,27.7
1372.615,-21.1,28.0,-22.2,28.3,-16.7,28.4,-18.3,27.7
1373.615,-21.2,27.9,-22.3,28.2,-16.8,28.4,-18.4,27.6
1374.615,-21.1,27.9,-22.3,28.2,-16.9,28.3,-18.5,27.6
1375.615,-21.4,27.9,-22.4,28.2,-16.9,28.3,-18.4,27.6
1376.615,-21.2,27.9,-22.4,28.1,-17.0,28.3,-18.6,27.6
1377.615,-21.3,27.8,-22.3,28.1,-16.9,28.3,-18.4,27.5
1378.615,-21.4,27.8,-22.5,28.1,-17.1,28.2,-18.7,27.5
1379.615,-21.5,27.8,-22.5,28.1,-17.1,28.2,-18.6,27.5
1380.615,-21.4,27.8,-22.5,28.1,-17.0,28.2,-18.6,27.5
1381.615,-21.3,27.8,-22.3,28.0,-16.9,28.2,-18.4,27.5
1382.615,-21.4,27.8,-22.4,28.0,-17.0,28.2,-18.5,27.5
1383.615,-21.3,27.8,-22.4,28.0,-16.7,28.2,-18.5,27.5
1384.615,-18.0,27.8,-22.2,28.0,-12.8,28.2,-16.4,27.5
1385.615,-17.8,27.8,-19.9,28.0,-14.5,28.2,-15.1,27.5
1386.615,-18.9,27.8,-18.2,28.1,-15.6,28.2,-15.7,27.5
1387.615,-20.1,27.8,-20.8,28.0,-16.0,28.1,-17.6,27.4
1388.615,-4.1,28.0,-2.7,28.3,-2.8,28.4,-2.7,27.7
1389.615,0.5,28.5,-0.1,28.7,0.2,28.9,0.1,28.1
1390.615,5.1,28.6,1.9,28.9,3.8,28.9,3.2,28.2
1391.616,11.0,28.0,10.9,28.3,9.0,28.4,12.4,27.7
1392.617,15.4,27.9,14.8,28.1,11.4,28.2,13.4,27.6
1393.617,18.0,27.8,16.7,28.0,14.0,28.1,16.5,27.5
1394.617,17.0,27.8,18.4,27.9,13.3,28.1,15.9,27.5
1395.617,19.1,27.8,19.2,27.9,13.5,28.1,17.7,27.5
1396.617,19.9,27.8,18.9,28.0,15.8,28.1,18.7,27.5
1397.617,19.7,27.8,18.8,28.0,15.5,28.2,18.2,27.5
1398.617,20.1,27.9,19.1,28.1,15.7,28.2,18.4,27.6
1399.618,20.1,27.9,19.2,28.1,15.9,28.3,18.8,27.6
1400.618,19.7,28.0,18.7,28.2,15.3,28.3,18.0,27.6
1401.618,20.0,28.1,18.9,28.2,15.3,28.4,18.0,27.7
1402.618,20.0,28.2,19.1,28.3,15.8,28.4,18.8,27.7
1403.618,19.8,28.3,18.9,28.4,15.5,28.5,18.4,27.7
1404.618,19.8,28.3,18.8,28.5,15.5,28.6,18.4,27.8
1405.618,19.9,28.4,18.8,28.6,15.3,28.7,18.0,27.8
1406.618,20.3,28.5,19.2,28.7,15.8,28.8,18.6,27.9
1407.618,20.0,28.6,19.0,28.8,15.5,28.9,18.4,28.0
1408.618,20.1,28.6,19.0,28.9,15.4,29.0,18.2,28.0
1409.618,20.2,28.7,19.2,29.0,15.9,29.1,18.9,28.1
1410.618,20.5,28.7,19.1,29.0,15.6,29.2,18.3,28.1
1411.618,20.0,28.8,19.1,29.1,15.7,29.3,18.6,28.2
1412.618,20.2,28.8,19.1,29.2,15.6,29.4,18.5,28.3
1413.618,20.4,28.9,19.4,29.3,16.0,29.4,18.9,28.3
1414.618,20.2,29.0,19.1,29.3,15.7,29.5,18.5,28.4
1415.618,20.7,29.0,19.4,29.4,15.9,29.6,18.8,28.5
1416.618,12.2,29.1,12.1,29.5,10.5,29.7,12.9,28.5
1417.618,-0.4,29.5,-0.3,29.9,-0.3,30.1,-0.5,28.9
1418.636,-5.7,29.4,-1.6,30.0,-1.9,30.2,-4.7,28.8
1419.636,-11.3,29.1,-11.8,29.6,-8.7,29.7,-10.6,28.6
1420.636,-21.0,28.8,-21.8,29.2,-16.4,29.4,-18.0,28.4
1421.636,-21.0,28.7,-22.1,29.1,-16.8,29.3,-18.4,28.3
1422.636,-21.0,28.6,-22.3,29.0,-17.0,29.1,-18.6,28.2
1423.636,-21.1,28.5,-22.4,28.8,-17.1,29.0,-18.6,28.0
1424.650,-21.0,28.3,-22.3,28.7,-16.9,28.7,-18.5,27.9
1425.650,-20.9,28.2,-22.3,28.5,-16.9,28.6,-18.5,27.8
1426.650,-20.8,28.1,-22.1,28.4,-16.6,28.5,-18.2,27.7
1427.650,-20.8,28.0,-22.2,28.3,-16.8,28.4,-18.4,27.7
1428.650,-21.0,28.0,-22.4,28.3,-17.0,28.4,-18.6,27.6
1429.650,-21.0,27.9,-22.3,28.2,-16.8,28.3,-18.4,27.6
1430.650,-21.1,27.9,-22.4,28.2,-16.9,28.3,-18.5,27.6
1431.650,-20.9,27.9,-22.1,28.2,-16.7,28.3,-18.3,27.6
1432.650,-21.2,27.9,-22.4,28.1,-17.0,28.2,-18.6,27.5
1433.650,-21.2,27.8,-22.4,28.1,-16.9,28.2,-18.5,27.5
1434.650,-21.2,27.8,-22.4,28.1,-16.9,28.2,-18.5,27.5
1435.650,-21.3,27.8,-22.6,28.1,-17.2,28.2,-18.8,27.5
1436.650,-21.5,27.8,-22.5,28.0,-16.9,28.2,-18.4,27.5
1437.650,-21.1,27.8,-22.3,28.0,-16.9,28.2,-18.5,27.5
1438.650,-21.4,27.8,-22.5,28.0,-17.0,28.2,-18.5,27.5
1439.650,-21.3,27.8,-22.4,28.0,-17.0,28.2,-18.5,27.5
1440.650,-19.4,27.8,-22.3,28.0,-14.9,28.2,-17.6,27.5
1441.650,-18.1,27.8,-21.7,28.0,-12.8,28.2,-15.5,27.5
1442.650,-19.3,27.8,-18.4,28.0,-15.7,28.1,-15.2,27.5
1443.650,-18.9,27.8,-19.6,28.0,-15.4,28.1,-17.1,27.5
1444.650,-11.6,27.8,-11.9,28.0,-10.2,28.2,-12.1,27.5
1445.650,-1.1,28.3,-0.8,28.5,-0.3,28.6,0.2,27.8
1446.650,0.4,28.6,-0.1,28.8,0.1,29.0,0.9,28.2
1447.650,5.9,28.5,2.1,28.9,2.7,29.0,3.9,28.0
1448.650,12.0,28.0,11.6,28.3,9.1,28.4,11.6,27.7
1449.650,13.2,27.9,12.8,28.1,9.9,28.3,11.4,27.6
1450.650,18.1,27.7,16.8,28.0,14.3,28.1,16.7,27.5
1451.650,17.4,27.7,17.6,27.9,13.6,28.1,16.2,27.5
1452.650,17.4,27.7,18.8,27.9,12.6,28.1,16.5,27.5
1453.650,20.3,27.7,19.2,27.9,15.9,28.1,19.0,27.5
1454.650,19.8,27.8,18.9,28.0,15.7,28.1,18.5,27.5
1455.650,19.6,27.8,18.6,28.0,15.1,28.2,17.7,27.5
1456.650,19.9,27.9,19.0,28.1,15.7,28.2,18.6,27.5
1457.650,20.1,28.0,19.2,28.1,15.8,28.3,18.6,27.6
1458.650,19.8,28.0,19.0,28.2,15.6,28.3,18.5,27.6
1459.650,19.7,28.1,18.7,28.3,15.3,28.4,18.0,27.7
1460.650,19.9,28.2,19.0,28.4,15.7,28.5,18.7,27.7
1461.650,19.6,28.3,18.8,28.5,15.4,28.5,18.4,27.7
1462.651,20.1,28.4,19.0,28.6,15.3,28.6,17.9,27.8
1463.651,20.1,28.5,19.1,28.7,15.7,28.7,18.5,27.8
1464.651,20.1,28.5,19.1,28.8,15.8,28.8,18.7,27.9
1465.651,19.9,28.6,19.0,28.9,15.5,28.9,18.4,28.0
1466.651,20.0,28.6,18.9,28.9,15.4,29.0,18.2,28.0
1467.651,20.1,28.7,19.2,29.0,15.9,29.1,18.8,28.1
1468.651,20.3,28.8,19.2,29.1,15.8,29.2,18.6,28.2
1469.653,20.1,28.8,19.0,29.2,15.5,29.3,18.3,28.2
1470.653,20.2,28.9,19.2,29.2,15.8,29.4,18.7,28.3
1471.653,20.5,28.9,19.4,29.3,16.0,29.5,18.9,28.4
1472.653,20.4,29.0,19.3,29.4,15.8,29.6,18.7,28.4
1473.673,15.8,29.0,15.0,29.5,12.4,29.7,14.8,28.5
1474.673,0.4,29.4,0.5,29.7,0.5,30.0,1.1,28.8
1475.706,-4.6,29.4,-0.2,30.0,-0.6,30.2,-3.1,28.9
1476.706,-7.2,29.1,-7.5,29.7,-5.8,29.8,-7.6,28.6
1477.706,-19.1,28.8,-19.1,29.3,-14.2,29.5,-15.9,28.4
1478.706,-21.1,28.7,-22.3,29.1,-16.9,29.3,-18.5,28.3
1479.706,-21.2,28.6,-22.2,29.0,-16.9,29.2,-18.6,28.2
1480.706,-21.3,28.5,-22.4,28.9,-17.1,29.0,-18.7,28.1
1481.706,-21.2,28.3,-22.3,28.7,-17.9,28.8,-18.5,27.9
1482.706,-21.0,28.2,-22.2,28.5,-24.2,28.6,-18.4,27.8
1483.712,-21.0,28.1,-22.1,28.4,-16.7,28.5,-18.2,27.7
1484.712,-20.9,28.0,-22.2,28.3,-16.2,28.4,-18.4,27.7
1485.712,-21.0,27.9,-22.2,28.3,-16.9,28.4,-18.6,27.6
1486.712,-21.0,27.9,-22.2,28.2,-16.9,28.3,-18.5,27.6
1487.712,-21.2,27.9,-22.3,28.2,-16.9,28.3,-18.3,27.6
1488.712,-21.1,27.8,-22.2,28.1,-16.9,28.3,-18.4,27.5
1489.712,-21.4,27.8,-22.4,28.1,-16.9,28.2,-18.5,27.5
1490.712,-21.2,27.8,-22.4,28.1,-17.1,28.2,-18.7,27.5
1491.712,-21.3,27.8,-22.3,28.1,-16.9,28.2,-18.3,27.5
1492.712,-21.4,27.8,-22.5,28.0,-17.1,28.2,-18.7,27.5
1493.712,-21.6,27.8,-22.6,28.0,-17.2,28.2,-18.7,27.4
1494.712,-21.3,27.8,-22.4,28.0,-17.1,28.1,-18.6,27.4
1495.712,-21.3,27.8,-22.3,28.0,-16.9,28.2,-18.4,27.4
1496.712,-21.4,27.7,-22.4,28.0,-16.9,28.1,-18.4,27.4
1497.712,-21.2,27.7,-22.4,28.0,-16.4,28.1,-18.6,27.4
1498.712,-17.9,27.8,-22.3,28.0,-13.1,28.2,-15.6,27.5
1499.712,-18.0,27.8,-19.6,28.0,-14.3,28.2,-15.2,27.4
1500.712,-18.6,27.7,-18.0,28.0,-15.5,28.1,-16.3,27.4
1501.712,-20.2,27.7,-19.9,28.0,-15.7,28.1,-16.5,27.4
1502.745,-0.1,28.1,-1.0,28.3,-0.7,28.4,-1.0,27.8
1503.745,0.6,28.5,-0.0,28.7,0.2,28.9,0.2,28.1
1504.745,7.5,28.4,4.6,28.8,5.9,28.7,5.5,28.1
1505.745,11.0,27.9,10.5,28.2,8.6,28.3,11.9,27.6
1506.745,16.7,27.8,15.2,28.0,12.2,28.2,14.5,27.6
1507.745,17.4,27.7,17.3,27.9,14.1,28.1,16.6,27.4
1508.745,17.7,27.7,18.5,27.9,13.1,28.1,16.1,27.4
1509.745,19.6,27.7,19.0,27.9,14.1,28.1,17.9,27.4
1510.745,19.7,27.7,18.9,27.9,15.8,28.1,18.6,27.4
1511.745,19.7,27.8,18.8,27.9,15.4,28.1,18.2,27.5
1512.745,19.8,27.8,18.8,28.0,15.4,28.1,18.1,27.5
1513.745,19.9,27.9,19.0,28.1,15.7,28.2,18.5,27.5
1514.745,20.3,27.9,19.2,28.1,15.8,28.3,18.5,27.5
1515.745,19.8,28.1,18.9,28.2,15.4,28.3,18.2,27.6
1516.745,19.7,28.1,18.8,28.3,15.5,28.4,18.5,27.6
1517.745,19.7,28.2,18.9,28.4,15.5,28.5,18.4,27.6
1518.745,19.7,28.3,18.8,28.5,15.4,28.5,18.2,27.7
1519.746,20.1,28.4,19.0,28.6,15.6,28.7,18.3,27.8
1520.746,20.2,28.4,19.1,28.7,15.6,28.7,18.4,27.8
1521.746,20.1,28.5,19.3,28.8,15.7,28.8,18.5,27.9
1522.746,19.9,28.6,18.9,28.9,15.5,28.9,18.4,27.9
1523.746,20.3,28.6,19.1,28.9,15.6,29.0,18.4,28.0
1524.746,20.0,28.7,19.0,29.0,15.6,29.1,18.4,28.1
1525.746,19.9,28.7,18.9,29.1,15.5,29.2,18.3,28.2
1526.746,20.4,28.8,19.3,29.1,16.0,29.3,18.9,28.2
1527.746,20.6,28.8,19.5,29.2,16.1,29.4,18.9,28.3
1528.746,20.1,28.9,19.1,29.3,15.6,29.5,18.5,28.4
1529.746,20.7,28.9,19.2,29.4,16.0,29.6,18.8,28.4
1530.746,7.4,29.1,7.7,29.5,6.4,29.7,8.4,28.6
1531.746,-1.3,29.4,-0.2,29.8,-0.4,30.1,-1.2,28.9
1532.746,-6.7,29.2,-3.7,29.9,-3.4,30.0,-5.9,28.7
1533.773,-15.8,28.9,-15.8,29.4,-11.6,29.5,-13.4,28.4
1534.796,-21.0,28.7,-22.1,29.1,-16.9,29.3,-18.5,28.3
1535.796,-21.1,28.6,-22.1,29.0,-16.9,29.2,-18.4,28.2
1536.796,-21.3,28.5,-22.3,28.9,-17.1,29.0,-18.6,28.1
1537.796,-21.3,28.3,-22.4,28.7,-17.0,28.8,-18.5,27.9
1538.796,-21.0,28.2,-22.2,28.6,-16.9,28.6,-18.5,27.8
1539.798,-21.1,28.1,-22.3,28.4,-16.9,28.5,-18.4,27.7
1540.798,-20.9,28.0,-22.2,28.3,-16.8,28.4,-18.4,27.7
1541.798,-21.0,27.9,-22.3,28.2,-16.9,28.4,-18.6,27.6
1542.798,-21.0,27.9,-22.2,28.2,-16.8,28.3,-18.4,27.6
1543.798,-21.2,27.9,-22.3,28.1,-16.9,28.3,-18.4,27.5
1544.798,-21.1,27.8,-22.3,28.1,-16.8,28.2,-18.3,27.5
1545.798,-21.1,27.8,-22.2,28.1,-16.8,28.2,-18.3,27.5
1546.798,-21.2,27.8,-22.5,28.0,-17.1,28.2,-18.7,27.5
1547.798,-21.3,27.8,-22.3,28.0,-16.8,28.2,-18.3,27.4
1548.827,-21.4,27.7,-22.5,28.0,-17.2,28.1,-18.7,27.4
1549.827,-21.4,27.7,-22.4,28.0,-17.0,28.1,-18.5,27.4
1550.827,-21.5,27.7,-22.5,28.0,-17.1,28.1,-18.6,27.4
1551.827,-21.3,27.7,-22.4,28.0,-17.1,28.1,-18.7,27.4
1552.828,-21.4,27.7,-22.4,27.9,-17.0,28.1,-18.5,27.4
1553.828,-21.2,27.7,-22.3,28.0,-16.8,28.1,-18.3,27.4
1554.828,-18.7,27.7,-22.3,28.0,-13.1,28.1,-16.9,27.4
1555.828,-18.5,27.7,-20.4,28.0,-13.5,28.1,-15.7,27.4
1556.828,-18.9,27.7,-18.3,28.0,-15.9,28.1,-15.2,27.4
1557.828,-18.3,27.7,-20.9,27.9,-16.1,28.0,-18.0,27.4
1558.828,-6.2,27.9,-4.6,28.1,-4.2,28.3,-4.7,27.6
1559.828,0.3,28.4,-0.2,28.6,0.1,28.7,1.9,27.9
1560.828,4.4,28.5,1.8,28.8,3.7,28.8,4.9,27.8
1561.828,11.7,27.9,11.7,28.2,9.2,28.3,11.1,27.6
1562.828,14.2,27.8,12.2,28.1,9.6,28.2,11.8,27.5
1563.828,18.7,27.7,16.3,27.9,14.1,28.0,16.5,27.4
1564.828,17.6,27.7,18.7,27.8,13.8,28.0,16.6,27.4
1565.828,18.1,27.7,19.3,27.8,13.1,28.0,17.2,27.4
1566.828,19.9,27.7,18.8,27.9,15.7,28.0,18.4,27.4
1567.828,19.8,27.7,18.9,27.9,15.7,28.1,18.5,27.4
1568.828,20.1,27.7,19.0,27.9,15.6,28.1,18.3,27.4
1569.828,19.8,27.8,18.8,28.0,15.4,28.2,18.2,27.5
1570.828,20.2,27.9,19.1,28.1,15.8,28.2,18.6,27.5
1571.828,19.9,28.0,19.0,28.1,15.8,28.3,18.7,27.5
1572.828,19.8,28.1,18.8,28.2,15.4,28.3,18.2,27.6
1573.828,19.3,28.2,18.5,28.3,15.2,28.4,18.0,27.6
1574.828,20.0,28.2,18.9,28.4,15.7,28.5,18.1,27.7
1575.828,20.3,28.3,19.2,28.5,15.8,28.6,18.6,27.7
1576.828,20.0,28.4,19.0,28.6,15.5,28.7,18.4,27.8
1577.828,20.2,28.5,19.2,28.7,15.8,28.8,18.8,27.8
1578.828,19.9,28.5,19.0,28.8,15.5,28.9,18.4,27.9
1579.828,20.1,28.6,19.0,28.9,15.5,29.0,18.3,28.0
1580.828,19.8,28.7,18.9,28.9,15.4,29.1,18.2,28.1
1581.828,20.3,28.7,19.1,29.0,15.6,29.2,18.4,28.1
1582.828,20.3,28.8,19.3,29.1,16.0,29.2,19.0,28.2
1583.829,20.3,28.8,19.2,29.2,15.7,29.3,18.5,28.3
1584.829,20.6,28.8,19.5,29.2,16.1,29.4,18.9,28.3
1585.829,20.7,28.9,19.5,29.3,16.1,29.5,19.0,28.4
1586.829,13.7,29.0,13.6,29.4,11.4,29.6,14.2,28.4
1587.829,-0.0,29.4,-0.0,29.7,-0.1,29.9,-0.1,28.8
1588.829,-5.1,29.3,-0.8,29.9,-1.2,30.1,-3.9,28.8
1589.829,-9.3,29.0,-10.0,29.5,-7.8,29.6,-9.8,28.5
1590.829,-20.8,28.7,-21.0,29.2,-15.9,29.4,-17.3,28.3
1591.829,-21.2,28.6,-22.3,29.0,-16.9,29.2,-18.5,28.2
1592.829,-21.1,28.5,-22.2,28.9,-17.0,29.1,-18.6,28.1
1593.829,-21.2,28.4,-22.3,28.7,-17.1,28.9,-18.6,28.0
1594.829,-21.1,28.2,-22.4,28.6,-17.0,28.7,-18.5,27.8
1595.829,-20.9,28.1,-22.2,28.4,-16.9,28.5,-18.4,27.7
1596.829,-21.0,28.0,-22.1,28.3,-16.7,28.4,-18.2,27.7
1597.829,-21.0,27.9,-22.3,28.2,-16.9,28.4,-18.5,27.6
1598.829,-21.0,27.9,-22.2,28.2,-16.8,28.3,-18.4,27.6
1599.829,-21.3,27.8,-22.4,28.1,-17.0,28.3,-18.5,27.5
1600.829,-21.2,27.8,-22.2,28.1,-16.8,28.2,-18.3,27.5
1601.829,-21.0,27.8,-22.2,28.1,-16.8,28.2,-18.4,27.5
1602.829,-21.4,27.8,-22.5,28.0,-17.0,28.2,-18.5,27.5
1603.829,-21.3,27.7,-22.4,28.0,-17.0,28.1,-18.5,27.5
1604.829,-21.3,27.7,-22.4,28.0,-17.0,28.1,-18.5,27.4
1605.829,-21.4,27.7,-22.4,28.0,-17.0,28.1,-18.5,27.4
1606.829,-21.6,27.7,-22.7,27.9,-17.2,28.1,-18.7,27.4
1607.829,-21.1,27.7,-22.2,27.9,-16.8,28.1,-18.4,27.4
1608.829,-21.5,27.7,-22.5,27.9,-17.0,28.1,-18.5,27.4
1609.829,-21.3,27.7,-22.4,28.0,-17.1,28.1,-18.7,27.4
1610.829,-20.3,27.7,-22.2,27.9,-15.2,28.1,-18.1,27.4
1611.829,-18.0,27.7,-22.4,27.9,-13.9,28.1,-15.0,27.4
1612.829,-18.3,27.7,-18.3,27.9,-13.8,28.1,-15.6,27.4
1613.829,-18.6,27.7,-19.6,27.9,-16.0,28.1,-16.5,27.4
1614.829,-15.8,27.7,-15.6,27.9,-12.8,28.0,-13.8,27.4
1615.829,-0.3,28.1,-0.2,28.3,-0.1,28.5,-1.2,27.7
1616.829,1.1,28.5,-0.0,28.7,0.2,28.9,0.2,28.0
1617.829,8.4,28.2,1.6,28.9,4.8,28.7,4.3,28.1
1618.829,10.7,27.9,11.8,28.2,8.8,28.2,11.8,27.6
1619.829,16.4,27.8,14.4,28.0,11.9,28.1,14.3,27.5
1620.829,17.9,27.6,16.9,27.9,14.0,28.0,16.4,27.4
1621.829,17.2,27.6,18.7,27.8,13.3,28.0,16.4,27.4
1622.829,19.0,27.6,19.2,27.8,14.0,28.0,17.8,27.4
1623.829,19.4,27.6,18.5,27.9,15.4,28.0,18.1,27.4
1624.829,19.8,27.7,18.9,27.9,15.6,28.0,18.3,27.4
1625.829,20.3,27.7,19.2,27.9,15.8,28.1,18.5,27.4
1626.829,19.7,27.8,18.8,28.0,15.4,28.1,18.2,27.5
1627.829,20.0,27.9,18.9,28.1,15.5,28.2,18.2,27.5
1628.829,19.7,28.0,18.9,28.1,15.5,28.2,18.4,27.5
1629.829,19.9,28.1,19.0,28.2,15.7,28.3,18.5,27.6
1630.829,19.6,28.2,18.7,28.3,15.3,28.4,18.1,27.6
1631.829,19.9,28.2,18.9,28.4,15.5,28.5,18.3,27.7
1632.829,20.4,28.3,19.4,28.5,16.1,28.6,19.0,27.7
1633.829,20.0,28.4,19.0,28.6,15.6,28.7,18.4,27.8
1634.829,20.0,28.5,18.9,28.7,15.3,28.8,18.0,27.8
1635.829,19.9,28.5,18.9,28.8,15.5,28.9,18.3,27.9
1636.829,20.1,28.6,19.0,28.8,15.6,28.9,18.4,28.0
1637.829,19.9,28.6,18.9,28.9,15.5,29.1,18.3,28.0
1638.829,20.3,28.7,19.2,29.0,15.7,29.1,18.4,28.1
1639.829,20.5,28.7,19.5,29.1,16.2,29.2,19.1,28.2
1640.829,20.2,28.8,19.2,29.2,15.9,29.3,18.8,28.2
1641.829,20.1,28.8,19.0,29.2,15.4,29.4,18.1,28.3
1642.829,20.6,28.9,19.2,29.3,16.0,29.5,18.8,28.3
1643.829,10.8,29.0,11.0,29.4,8.9,29.6,11.7,28.5
1644.829,-0.7,29.4,-0.3,29.8,-0.4,30.0,-0.7,28.8
1645.829,-5.5,29.2,-1.5,29.9,-1.8,30.0,-4.3,28.7
1646.829,-12.1,28.9,-12.4,29.4,-9.1,29.5,-10.7,28.5
1647.829,-21.1,28.7,-21.7,29.1,-16.7,29.3,-18.1,28.3
1648.829,-21.2,28.6,-21.2,29.0,-16.8,29.1,-18.4,28.1
1649.829,-21.2,28.4,-22.1,28.8,-17.1,29.0,-18.6,28.0
1650.829,-21.3,28.3,-22.2,28.7,-17.1,28.8,-18.6,27.9
1651.829,-21.1,28.1,-22.5,28.5,-16.9,28.6,-18.5,27.8
1652.829,-21.1,28.0,-22.1,28.4,-16.8,28.5,-18.4,27.7
1653.829,-21.0,27.9,-22.4,28.3,-16.7,28.4,-18.3,27.6
1654.829,-21.0,27.9,-22.5,28.2,-16.8,28.3,-18.4,27.6
1655.829,-21.0,27.8,-22.3,28.1,-16.8,28.2,-18.4,27.5
1656.829,-21.1,27.8,-22.6,28.1,-16.9,28.2,-18.4,27.5
1657.829,-21.2,27.8,-22.2,28.0,-16.9,28.2,-18.4,27.5
1658.829,-21.1,27.7,-22.1,28.0,-16.8,28.1,-18.4,27.4
1659.829,-21.5,27.7,-22.5,28.0,-17.0,28.1,-18.5,27.4
1660.829,-21.3,27.7,-22.4,27.9,-17.0,28.1,-18.5,27.4
1661.830,-21.3,27.7,-22.4,27.9,-17.0,28.1,-18.5,27.4
1662.830,-21.3,27.7,-22.5,27.9,-17.1,28.1,-18.6,27.4
1663.830,-21.6,27.7,-22.6,27.9,-17.1,28.1,-18.6,27.4
1664.830,-21.2,27.7,-22.3,27.9,-17.0,28.0,-18.6,27.4
1665.830,-21.5,27.7,-22.4,27.9,-17.0,28.1,-18.5,27.4
1666.830,-21.4,27.7,-22.3,27.9,-17.0,28.0,-18.5,27.4
1667.830,-19.5,27.7,-22.1,27.9,-14.7,28.1,-17.8,27.4
1668.830,-18.5,27.7,-22.2,27.9,-12.8,28.1,-14.9,27.4
1669.830,-18.5,27.7,-19.6,27.9,-15.5,28.1,-16.4,27.4
1670.830,-18.6,27.7,-18.7,27.9,-15.6,28.0,-16.0,27.4
1671.830,-13.1,27.7,-11.7,27.9,-9.7,28.1,-11.1,27.4
1672.830,-1.0,28.2,-0.8,28.4,-0.5,28.5,-1.4,27.7
1673.830,-0.1,28.4,-0.1,28.6,-0.0,28.8,0.0,28.0
1674.830,0.5,28.7,0.0,28.8,0.4,29.0,0.6,28.2
1675.830,9.9,28.3,6.8,28.7,7.4,28.5,9.5,27.8
1676.830,10.9,27.8,9.6,28.1,8.1,28.2,10.1,27.5
1677.830,18.2,27.7,17.6,27.9,13.7,28.0,15.8,27.5
1678.830,17.1,27.6,16.7,27.8,13.8,28.0,16.9,27.3
1679.830,17.7,27.6,18.8,27.8,13.2,28.0,16.0,27.4
1680.830,19.5,27.6,18.8,27.8,14.4,28.0,18.2,27.3
1681.830,19.9,27.6,18.9,27.8,15.7,28.0,18.4,27.4
1682.830,19.7,27.7,18.8,27.9,15.4,28.0,18.1,27.4
1683.830,20.1,27.7,18.9,27.9,15.5,28.1,18.1,27.4
1684.830,20.1,27.8,19.1,28.0,15.9,28.1,18.8,27.4
1685.830,19.9,27.9,18.9,28.0,15.6,28.2,18.5,27.5
1686.830,19.8,28.0,18.8,28.1,15.5,28.3,18.2,27.5
1687.830,19.7,28.1,18.7,28.2,15.3,28.3,18.1,27.6
1688.830,19.9,28.1,18.8,28.3,15.4,28.4,18.2,27.6
1689.830,19.7,28.2,18.7,28.4,15.4,28.5,18.3,27.6
1690.830,20.3,28.3,19.1,28.5,15.7,28.6,18.4,27.7
1691.830,20.2,28.4,19.1,28.6,15.8,28.7,18.6,27.8
1692.830,20.1,28.4,18.9,28.7,15.6,28.8,18.3,27.8
1693.830,20.1,28.5,18.9,28.8,15.4,28.9,18.1,27.9
1694.830,20.2,28.5,19.0,28.8,15.7,29.0,18.6,28.0
1695.830,20.1,28.6,18.9,28.9,15.6,29.0,18.4,28.0
1696.830,19.8,28.7,18.7,29.0,15.5,29.1,18.3,28.1
1697.830,20.5,28.7,19.1,29.1,15.8,29.2,18.6,28.1
1698.830,20.6,28.7,19.3,29.1,16.2,29.3,19.1,28.2
1699.830,20.2,28.8,18.9,29.2,15.6,29.4,18.3,28.3
1700.830,20.5,28.8,18.9,29.3,16.0,29.5,18.8,28.3
1701.831,5.7,29.0,5.5,29.5,4.4,29.7,6.1,28.5
1702.831,-1.7,29.4,-0.1,29.8,-0.3,30.0,-1.4,28.8
1703.831,-6.6,29.1,-3.9,29.8,-3.6,29.9,-6.0,28.6
1704.831,-15.3,28.8,-15.7,29.3,-11.6,29.4,-13.4,28.3
1705.831,-21.0,28.6,-22.2,29.0,-16.9,29.2,-18.5,28.2
1706.831,-21.2,28.5,-22.2,28.9,-16.9,29.1,-18.4,28.1
1707.831,-21.2,28.4,-22.4,28.8,-17.1,28.9,-18.7,28.0
1708.831,-21.3,28.2,-22.4,28.6,-17.1,28.7,-18.6,27.8
1709.832,-21.0,28.1,-22.3,28.4,-16.9,28.5,-18.5,27.7
1710.832,-21.0,28.0,-22.2,28.3,-16.8,28.4,-18.3,27.6
1711.832,-21.0,27.9,-22.2,28.2,-16.8,28.3,-18.3,27.6
1712.832,-21.0,27.8,-22.2,28.2,-16.8,28.3,-18.4,27.5
1713.832,-21.1,27.8,-22.3,28.1,-16.9,28.2,-18.5,27.5
1714.832,-21.1,27.7,-22.3,28.0,-16.8,28.2,-18.4,27.5
1715.832,-21.1,27.7,-22.2,28.0,-16.8,28.2,-18.3,27.4
1716.833,-21.1,27.7,-22.3,28.0,-16.9,28.1,-18.4,27.4
1717.833,-21.2,27.7,-22.4,27.9,-17.0,28.1,-18.6,27.4
1718.833,-21.4,27.7,-22.4,27.9,-17.0,28.1,-18.4,27.4
1719.833,-21.3,27.7,-22.4,27.9,-17.0,28.1,-18.5,27.4
1720.833,-21.5,27.6,-22.5,27.9,-17.0,28.0,-18.5,27.4
1721.833,-21.5,27.6,-22.6,27.9,-17.1,28.0,-18.6,27.3
1722.833,-21.1,27.7,-22.2,27.9,-16.8,28.0,-18.3,27.3
1723.833,-21.5,27.6,-22.5,27.9,-17.0,28.0,-18.5,27.3
1724.833,-21.2,27.6,-22.3,27.9,-16.8,28.0,-18.4,27.3
1725.833,-19.4,27.7,-22.4,27.8,-14.0,28.0,-17.1,27.3
1726.833,-17.3,27.7,-20.9,27.8,-13.8,28.0,-16.0,27.3
1727.833,-19.7,27.6,-19.5,27.8,-15.5,28.0,-14.5,27.3
1728.833,-19.1,27.6,-19.6,27.8,-15.7,28.0,-17.8,27.3
1729.833,-7.9,27.7,-7.5,28.0,-6.5,28.1,-6.9,27.4
1730.833,0.6,28.2,-0.1,28.4,0.1,28.6,0.1,27.9
1731.833,5.7,28.2,3.6,28.6,3.7,28.7,2.6,28.1
1732.833,11.3,27.8,11.3,28.1,9.6,28.2,12.4,27.6
1733.833,14.3,27.7,13.5,27.9,10.3,28.1,12.3,27.5
1734.833,18.2,27.6,16.7,27.8,14.0,28.0,16.8,27.4
1735.833,17.6,27.6,17.9,27.8,13.7,28.0,16.6,27.3
1736.833,19.0,27.6,19.0,27.8,13.3,28.0,17.4,27.3
1737.833,19.6,27.6,18.7,27.8,15.5,28.0,18.1,27.3
1738.833,19.9,27.6,19.0,27.8,15.8,28.0,18.5,27.3
1739.833,19.8,27.7,18.9,27.9,15.4,28.0,18.1,27.4
1740.833,19.8,27.7,18.8,27.9,15.4,28.1,18.2,27.4
1741.833,19.9,27.8,18.9,28.0,15.6,28.2,18.4,27.5
1742.833,20.1,27.9,19.1,28.1,15.8,28.2,18.7,27.5
1743.833,19.8,28.0,18.8,28.2,15.4,28.3,18.2,27.5
1744.833,19.8,28.1,18.8,28.3,15.5,28.3,18.3,27.6
1745.833,19.8,28.2,18.8,28.4,15.4,28.4,18.2,27.6
1746.833,20.1,28.3,19.1,28.4,15.7,28.5,18.4,27.7
1747.833,20.0,28.4,18.9,28.5,15.5,28.6,18.3,27.7
1748.833,20.1,28.4,19.0,28.6,15.5,28.7,18.2,27.8
1749.833,20.1,28.5,19.1,28.7,15.7,28.8,18.6,27.9
1750.833,19.9,28.5,18.9,28.8,15.5,28.9,18.4,27.9
1751.833,20.2,28.6,19.1,28.9,15.8,29.0,18.6,28.0
1752.833,20.1,28.6,19.0,28.9,15.6,29.1,18.4,28.0
1753.833,20.3,28.7,19.2,29.0,15.9,29.2,18.7,28.1
1754.833,20.4,28.7,19.2,29.1,15.6,29.3,18.3,28.2
1755.833,20.4,28.8,19.2,29.2,15.8,29.4,18.6,28.2
1756.833,20.6,28.8,19.4,29.2,16.1,29.4,19.1,28.3
1757.833,13.6,28.9,13.1,29.3,10.7,29.5,13.3,28.4
1758.833,1.0,29.2,1.0,29.6,0.6,29.8,1.1,28.6
1759.833,-3.7,29.3,-0.1,29.8,-0.4,30.0,-2.5,28.8
1760.833,-7.1,29.0,-6.5,29.6,-5.3,29.8,-7.1,28.5
1761.833,-17.7,28.7,-17.7,29.1,-13.3,29.3,-15.0,28.3
1762.833,-20.9,28.6,-22.2,29.0,-16.8,29.2,-18.4,28.1
1763.833,-21.2,28.5,-22.2,28.8,-16.9,29.0,-18.5,28.0
1764.834,-21.3,28.3,-22.4,28.7,-17.1,28.9,-18.6,27.9
1765.834,-21.2,28.2,-22.4,28.5,-17.0,28.6,-18.6,27.8
1766.834,-21.0,28.0,-22.2,28.4,-16.9,28.5,-18.5,27.7
1767.834,-20.9,27.9,-22.1,28.3,-16.8,28.4,-18.3,27.6
1768.834,-20.9,27.9,-22.2,28.2,-16.8,28.3,-18.5,27.5
1769.834,-20.9,27.8,-22.1,28.1,-16.7,28.2,-18.3,27.5
1770.834,-21.1,27.8,-22.3,28.0,-16.9,28.2,-18.5,27.5
1771.834,-21.3,27.7,-22.4,28.0,-16.9,28.1,-18.4,27.4
1772.834,-21.0,27.7,-22.2,28.0,-16.7,28.1,-18.2,27.4
1773.834,-21.3,27.7,-22.4,27.9,-16.9,28.1,-18.5,27.4
1774.834,-21.2,27.7,-22.4,27.9,-17.0,28.1,-18.6,27.4
1775.834,-21.4,27.6,-22.4,27.9,-16.9,28.0,-18.4,27.4
1776.834,-21.3,27.6,-22.4,27.9,-17.0,28.0,-18.6,27.3
1777.834,-21.5,27.6,-22.5,27.9,-17.1,28.0,-18.6,27.3
1778.834,-21.4,27.6,-22.5,27.8,-17.1,28.0,-18.6,27.3
1779.834,-21.3,27.6,-22.3,27.8,-16.9,28.0,-18.4,27.3
1780.834,-21.4,27.6,-22.5,27.8,-17.0,28.0,-18.5,27.3
1781.836,-21.2,27.6,-22.3,27.8,-16.7,28.0,-18.4,27.3
1782.836,-18.5,27.7,-22.4,27.8,-12.7,28.0,-16.8,27.3
1783.836,-17.7,27.6,-20.4,27.8,-14.6,28.0,-14.6,27.3
1784.836,-18.9,27.6,-17.8,27.8,-15.5,28.0,-15.7,27.3
1785.836,-19.6,27.6,-21.1,27.8,-16.0,27.9,-17.9,27.3
1786.836,-4.1,27.8,-3.4,28.0,-2.6,28.2,-2.5,27.5
1787.836,0.4,28.3,-0.0,28.5,0.2,28.7,2.4,27.8
1788.836,6.7,28.3,4.0,28.6,5.2,28.6,5.9,27.7
1789.836,10.8,27.8,11.2,28.0,8.6,28.1,10.5,27.5
1790.836,16.3,27.7,15.0,27.9,11.8,28.1,14.4,27.4
1791.836,17.6,27.6,16.7,27.8,14.2,27.9,16.6,27.3
1792.836,17.4,27.6,18.7,27.7,13.1,27.9,16.2,27.3
1793.836,19.3,27.6,18.9,27.7,13.9,28.0,17.6,27.3
1794.836,20.1,27.6,19.0,27.8,15.8,28.0,18.6,27.3
1795.836,20.0,27.6,18.8,27.8,15.5,28.0,18.2,27.3
1796.836,20.0,27.7,19.0,27.8,15.5,28.0,18.2,27.4
1797.836,19.9,27.7,18.9,27.9,15.5,28.1,18.2,27.4
1798.836,20.1,27.8,19.1,28.0,15.8,28.1,18.6,27.4
1799.836,19.7,27.9,18.8,28.0,15.4,28.2,18.3,27.5
1800.836,19.7,28.0,18.8,28.2,15.4,28.2,18.2,27.5
1801.836,19.8,28.1,18.8,28.3,15.4,28.3,18.2,27.6
1802.836,19.9,28.2,18.9,28.4,15.6,28.4,18.4,27.6
1803.836,20.1,28.3,19.1,28.4,15.6,28.5,18.4,27.6
1804.836,20.1,28.3,19.1,28.5,15.7,28.6,18.5,27.7
1805.836,19.9,28.4,18.9,28.6,15.4,28.7,18.1,27.8
1806.836,20.3,28.4,19.0,28.7,15.4,28.8,18.0,27.9
1807.836,20.3,28.5,19.2,28.8,15.8,28.9,18.7,27.9
1808.836,19.9,28.6,18.9,28.9,15.6,29.0,18.5,28.0
1809.836,20.0,28.6,19.0,28.9,15.6,29.1,18.5,28.1
1810.836,20.5,28.6,19.4,29.0,16.1,29.1,19.0,28.1
1811.836,20.3,28.7,19.2,29.1,15.8,29.2,18.6,28.2
1812.836,20.1,28.8,19.0,29.1,15.5,29.3,18.3,28.2
1813.836,20.5,28.8,19.1,29.2,15.9,29.4,18.8,28.3
1814.836,10.1,28.9,10.2,29.3,7.8,29.6,10.0,28.4
1815.836,-1.1,29.3,-0.3,29.7,-0.4,29.9,-1.0,28.7
1816.836,-5.6,29.1,-1.8,29.8,-2.2,30.0,-4.7,28.6
1817.836,-13.2,28.8,-13.1,29.3,-9.8,29.4,-11.5,28.3
1818.836,-21.0,28.6,-20.7,29.0,-16.7,29.2,-18.4,28.2
1819.836,-21.2,28.5,-22.2,28.9,-16.8,29.1,-18.4,28.1
1820.836,-21.2,28.4,-22.2,28.7,-17.0,28.9,-18.6,28.0
1821.836,-21.3,28.2,-22.3,28.6,-17.0,28.7,-18.6,27.8
1822.836,-21.0,28.1,-22.3,28.4,-16.8,28.5,-18.4,27.7
1823.836,-20.9,28.0,-22.1,28.3,-16.8,28.4,-18.5,27.6
1824.836,-21.0,27.9,-22.4,28.2,-16.7,28.3,-18.3,27.6
1825.836,-21.0,27.8,-22.3,28.1,-16.8,28.2,-18.4,27.5
1826.836,-21.1,27.8,-22.4,28.0,-17.0,28.2,-18.6,27.5
1827.836,-21.2,27.7,-22.4,28.0,-16.9,28.1,-18.5,27.4
1828.836,-21.1,27.7,-22.2,27.9,-16.8,28.1,-18.3,27.4
1829.836,-21.0,27.7,-22.0,27.9,-16.8,28.1,-18.3,27.4
1830.836,-21.4,27.7,-22.7,27.9,-17.0,28.0,-18.6,27.4
1831.836,-21.3,27.6,-22.7,27.9,-17.0,28.0,-18.5,27.3
1832.836,-21.3,27.6,-22.4,27.8,-17.0,28.0,-18.5,27.3
1833.836,-21.3,27.6,-22.5,27.9,-17.1,28.0,-18.6,27.3
1834.836,-21.6,27.6,-22.6,27.8,-17.1,28.0,-18.6,27.3
1835.836,-21.0,27.6,-22.2,27.8,-16.8,28.0,-18.5,27.3
1836.836,-21.6,27.6,-22.6,27.8,-17.1,28.0,-18.5,27.3
1837.836,-21.3,27.6,-22.4,27.8,-17.0,28.0,-18.6,27.3
1838.836,-19.6,27.6,-22.2,27.8,-14.7,28.0,-17.3,27.3
1839.836,-17.8,27.6,-22.0,27.8,-12.4,28.0,-15.1,27.3
1840.836,-19.0,27.6,-19.3,27.8,-15.9,28.0,-16.8,27.3
1841.836,-18.7,27.6,-18.6,27.8,-15.6,27.9,-15.8,27.3
1842.836,-10.2,27.6,-10.3,27.9,-7.7,28.0,-10.6,27.3
1843.836,1.3,28.1,0.0,28.4,0.1,28.5,1.8,27.7
1844.836,4.6,28.1,2.2,28.6,3.5,28.6,4.9,27.7
1845.836,10.8,27.8,11.6,28.1,8.9,28.2,10.4,27.5
1846.836,14.0,27.7,12.8,27.9,9.6,28.1,11.9,27.4
1847.836,18.1,27.5,17.0,27.7,14.7,27.9,16.7,27.3
1848.836,17.2,27.5,17.8,27.7,13.2,27.9,16.1,27.3
1849.836,18.6,27.5,18.9,27.7,13.1,27.9,17.2,27.3
1850.836,20.3,27.5,19.1,27.7,15.9,27.9,18.8,27.3
1851.836,19.8,27.6,18.8,27.8,15.5,27.9,18.2,27.3
1852.836,19.8,27.6,18.7,27.8,15.2,28.0,17.8,27.3
1853.836,20.1,27.7,19.1,27.9,15.7,28.0,18.5,27.4
1854.836,20.1,27.8,19.1,27.9,15.8,28.1,18.6,27.4
1855.836,19.7,27.9,18.8,28.0,15.4,28.1,18.3,27.4
1856.836,19.7,28.0,18.7,28.1,15.3,28.2,18.1,27.5
1857.836,20.0,28.1,19.0,28.2,15.7,28.3,18.5,27.5
1858.836,19.8,28.1,18.8,28.3,15.5,28.4,18.3,27.5
1859.836,20.1,28.2,18.9,28.4,15.4,28.5,18.1,27.6
1860.836,20.1,28.3,19.0,28.5,15.6,28.6,18.4,27.7
1861.836,20.1,28.4,19.1,28.6,15.7,28.6,18.5,27.7
1862.836,20.2,28.4,19.0,28.7,15.5,28.7,18.2,27.8
1863.836,20.2,28.5,19.0,28.7,15.6,28.9,18.4,27.9
1864.836,20.0,28.5,19.0,28.8,15.7,28.9,18.7,27.9
1865.838,20.2,28.6,19.1,28.9,15.8,29.0,18.6,28.0
1866.838,20.1,28.6,19.0,29.0,15.6,29.1,18.4,28.1
1867.838,20.3,28.7,19.2,29.0,15.7,29.2,18.6,28.1
1868.838,20.5,28.7,19.4,29.1,15.9,29.3,18.7,28.2
1869.838,20.7,28.8,19.4,29.2,15.9,29.4,18.7,28.2
1870.838,13.8,28.8,13.4,29.3,10.8,29.5,13.3,28.4
1871.838,0.4,29.2,0.4,29.6,0.2,29.8,0.6,28.6
1872.838,-4.7,29.2,-0.3,29.8,-0.8,30.0,-3.2,28.7
1873.839,-7.6,28.9,-7.9,29.5,-6.2,29.6,-8.0,28.4
1874.839,-19.9,28.6,-19.6,29.0,-14.8,29.2,-16.2,28.2
1875.839,-21.2,28.5,-22.4,28.9,-16.9,29.1,-18.5,28.1
1876.839,-21.1,28.4,-22.2,28.8,-16.9,28.9,-18.5,28.0
1877.839,-21.2,28.3,-22.4,28.6,-17.1,28.8,-18.7,27.9
1878.839,-21.1,28.1,-22.3,28.4,-16.9,28.6,-18.5,27.7
1879.839,-21.0,28.0,-22.2,28.3,-16.9,28.4,-18.4,27.6
1880.839,-21.0,27.9,-22.1,28.2,-16.7,28.3,-18.2,27.5
1881.839,-21.0,27.8,-22.2,28.1,-16.8,28.2,-18.3,27.5
1882.839,-21.0,27.7,-22.3,28.0,-16.9,28.2,-18.6,27.5
1883.839,-21.2,27.7,-22.3,28.0,-16.8,28.1,-18.4,27.4
1884.839,-21.2,27.7,-22.3,27.9,-16.9,28.1,-18.5,27.4
1885.839,-21.0,27.7,-22.2,27.9,-16.8,28.1,-18.3,27.4
1886.839,-21.5,27.6,-22.5,27.9,-17.0,28.0,-18.5,27.4
1887.839,-21.1,27.6,-22.4,27.9,-17.0,28.0,-18.6,27.3
1888.839,-21.4,27.6,-22.3,27.9,-16.8,28.0,-18.3,27.3
1889.839,-21.4,27.6,-22.6,27.8,-17.2,28.0,-18.8,27.3
1890.839,-21.6,27.6,-22.5,27.8,-17.0,28.0,-18.4,27.3
1891.839,-21.3,27.6,-22.4,27.8,-17.1,28.0,-18.7,27.3
1892.839,-21.4,27.6,-22.3,27.8,-16.9,28.0,-18.4,27.3
1893.839,-21.4,27.6,-22.4,27.8,-16.9,27.9,-18.4,27.3
1894.839,-21.1,27.6,-22.3,27.8,-16.1,27.9,-18.6,27.2
1895.839,-18.0,27.6,-22.2,27.8,-12.6,28.0,-15.4,27.3
1896.841,-18.9,27.6,-19.7,27.8,-15.3,27.9,-16.0,27.3
1897.841,-18.9,27.6,-18.3,27.8,-15.3,27.9,-15.2,27.3
1898.841,-17.8,27.6,-19.2,27.8,-14.9,27.9,-17.1,27.2
1899.841,-0.2,28.0,-0.6,28.2,0.0,28.3,-0.3,27.6
1900.841,0.5,28.4,0.0,28.5,0.4,28.7,2.3,27.8
1901.841,7.9,28.2,7.3,28.4,6.9,28.4,7.8,27.6
1902.841,11.4,27.8,10.2,28.0,8.0,28.1,10.0,27.4
1903.841,17.8,27.6,16.8,27.8,14.0,28.0,16.3,27.3
1904.843,18.5,27.5,17.1,27.7,13.5,27.9,16.4,27.3
1905.843,17.4,27.5,18.9,27.7,13.2,27.9,16.1,27.3
1906.843,18.7,27.5,18.7,27.7,14.2,27.9,17.9,27.3
1907.843,20.2,27.5,19.2,27.7,16.1,27.9,18.9,27.2
1908.843,19.8,27.6,18.8,27.8,15.4,27.9,18.1,27.3
1909.843,19.9,27.6,18.9,27.9,15.5,28.0,18.3,27.3
1910.843,19.9,27.7,18.8,27.9,15.3,28.0,17.9,27.4
1911.843,20.3,27.8,19.1,27.9,15.7,28.1,18.5,27.4
1912.844,19.8,27.9,19.0,28.0,15.7,28.1,18.7,27.4
1913.844,19.5,28.0,18.6,28.1,15.2,28.2,18.0,27.5
1914.844,19.8,28.1,18.7,28.2,15.3,28.3,18.1,27.5
1915.844,20.1,28.2,19.0,28.3,15.6,28.4,18.4,27.6
1916.844,20.2,28.2,19.2,28.4,15.8,28.5,18.6,27.6
1917.844,19.9,28.3,18.8,28.5,15.3,28.6,18.0,27.7
1918.844,20.3,28.4,19.2,28.6,15.8,28.6,18.7,27.7
1919.844,20.3,28.4,19.1,28.7,15.5,28.8,18.2,27.8
1920.844,20.0,28.5,18.9,28.8,15.4,28.9,18.2,27.9
1921.844,19.9,28.5,18.9,28.8,15.5,29.0,18.4,28.0
1922.844,20.1,28.6,19.0,28.9,15.6,29.0,18.5,28.0
1923.844,20.6,28.6,19.5,29.0,16.1,29.1,19.1,28.1
1924.844,20.4,28.7,19.2,29.1,15.6,29.2,18.4,28.1
1925.844,20.4,28.7,19.3,29.1,15.9,29.3,18.9,28.2
1926.844,20.6,28.8,19.1,29.2,16.0,29.4,18.9,28.2
1927.844,6.6,29.0,6.9,29.4,5.3,29.6,7.1,28.4
1928.844,-1.1,29.3,-0.3,29.7,-0.4,29.8,-1.0,28.7
1929.844,-5.9,29.1,-2.2,29.8,-2.3,29.9,-4.9,28.6
1930.844,-12.3,28.8,-12.6,29.3,-9.3,29.4,-11.3,28.3
1931.844,-21.2,28.5,-21.7,29.0,-16.5,29.2,-18.1,28.1
1932.844,-21.2,28.5,-22.1,28.8,-16.8,29.0,-18.4,28.0
1933.844,-21.3,28.3,-22.3,28.7,-17.1,28.8,-18.7,27.9
1934.844,-21.3,28.2,-22.4,28.6,-17.1,28.7,-18.7,27.8
1935.844,-21.1,28.0,-22.3,28.4,-16.9,28.5,-18.5,27.7
1936.844,-21.0,27.9,-22.2,28.3,-16.8,28.3,-18.4,27.6
1937.844,-21.0,27.8,-22.1,28.2,-16.6,28.3,-18.2,27.5
1938.844,-21.0,27.8,-22.2,28.1,-16.8,28.2,-18.4,27.5
1939.844,-21.0,27.7,-22.3,28.0,-16.9,28.1,-18.5,27.4
1940.844,-21.1,27.7,-22.3,28.0,-16.9,28.1,-18.4,27.4
1941.844,-21.2,27.6,-22.3,27.9,-16.8,28.1,-18.3,27.4
1942.844,-21.0,27.6,-22.1,27.9,-16.7,28.0,-18.3,27.3
1943.844,-21.4,27.6,-22.5,27.9,-17.0,28.0,-18.5,27.3
1944.844,-21.3,27.6,-22.4,27.9,-17.0,28.0,-18.5,27.3
1945.844,-21.3,27.6,-22.4,27.8,-17.0,28.0,-18.5,27.3
1946.844,-21.3,27.6,-22.4,27.8,-17.0,27.9,-18.6,27.3
1947.844,-21.6,27.6,-22.6,27.8,-17.0,27.9,-18.5,27.3
1948.844,-21.0,27.6,-22.2,27.8,-16.9,27.9,-18.5,27.3
1949.844,-21.6,27.6,-22.5,27.8,-17.0,27.9,-18.5,27.3
1950.844,-21.3,27.6,-22.4,27.8,-16.9,27.9,-18.5,27.2
1951.844,-19.6,27.6,-22.3,27.8,-15.1,27.9,-17.9,27.2
1952.844,-18.3,27.6,-22.0,27.8,-13.5,27.9,-14.8,27.3
1953.844,-18.8,27.6,-18.0,27.8,-14.0,27.9,-16.0,27.3
1954.844,-18.7,27.6,-20.1,27.8,-16.1,27.9,-16.4,27.2
1955.844,-12.0,27.6,-11.6,27.8,-9.2,27.9,-10.4,27.3
1956.844,1.1,28.0,-0.1,28.3,-0.0,28.4,0.0,27.7
1957.844,3.5,28.2,0.4,28.6,2.3,28.6,0.9,28.0
1958.844,11.0,27.8,10.6,28.2,8.8,28.1,11.6,27.6
1959.844,13.7,27.7,12.4,27.9,9.7,28.0,11.5,27.4
1960.844,18.4,27.5,17.3,27.7,14.3,27.9,17.1,27.3
1961.844,17.1,27.5,18.1,27.7,13.5,27.9,16.2,27.3
1962.844,18.3,27.5,18.9,27.7,12.9,27.9,17.1,27.2
1963.844,20.1,27.5,19.0,27.7,15.8,27.9,18.7,27.2
1964.844,20.1,27.5,18.8,27.7,15.5,27.9,18.3,27.3
1965.844,19.6,27.6,18.6,27.8,15.2,28.0,17.9,27.3
1966.844,20.2,27.6,19.0,27.8,15.6,28.0,18.2,27.3
1967.844,20.1,27.7,19.0,27.9,15.6,28.0,18.5,27.4
1968.844,19.9,27.8,19.0,28.0,15.7,28.1,18.7,27.4
1969.844,19.6,27.9,18.6,28.1,15.3,28.2,18.1,27.4
1970.844,20.0,28.0,18.9,28.1,15.5,28.2,18.4,27.5
1971.844,19.9,28.1,18.9,28.3,15.5,28.3,18.4,27.5
1972.844,19.9,28.1,18.8,28.4,15.3,28.4,18.0,27.6
1973.844,20.2,28.2,19.0,28.4,15.6,28.5,18.4,27.6
1974.844,20.2,28.3,19.1,28.5,15.7,28.6,18.5,27.7
1975.844,20.3,28.4,19.1,28.6,15.6,28.7,18.3,27.8
1976.844,19.8,28.4,18.8,28.7,15.3,28.8,18.0,27.8
1977.844,20.2,28.5,19.1,28.8,15.9,28.9,18.8,27.9
1978.844,20.1,28.5,19.0,28.8,15.6,29.0,18.4,27.9
1979.844,20.1,28.6,19.1,28.9,15.7,29.0,18.5,28.0
1980.844,20.5,28.6,19.3,29.0,15.9,29.1,18.7,28.1
1981.844,20.4,28.7,19.3,29.1,15.9,29.2,18.8,28.1
1982.844,20.6,28.7,19.4,29.1,15.9,29.3,18.8,28.2
1983.844,16.5,28.8,15.2,29.2,12.6,29.4,15.2,28.3
1984.844,-0.3,29.1,-0.2,29.5,-0.1,29.7,0.0,28.6
1985.844,-4.9,29.2,-0.5,29.8,-0.9,29.9,-3.6,28.6
1986.844,-8.3,28.9,-8.7,29.4,-6.7,29.5,-8.5,28.4
1987.844,-20.3,28.6,-20.3,29.0,-15.3,29.2,-16.8,28.1
1988.844,-21.1,28.5,-22.3,28.9,-16.9,29.0,-18.5,28.0
1989.844,-21.2,28.4,-22.2,28.7,-16.9,28.9,-18.5,27.9
1990.844,-21.2,28.2,-22.4,28.6,-17.1,28.7,-18.6,27.8
1991.844,-21.2,28.1,-22.3,28.4,-16.9,28.5,-18.4,27.7
1992.844,-21.0,27.9,-22.2,28.2,-16.9,28.4,-18.4,27.6
1993.844,-21.0,27.8,-22.1,28.2,-16.7,28.2,-18.2,27.5
1994.844,-21.0,27.8,-22.2,28.1,-16.8,28.2,-18.4,27.4
1995.844,-21.0,27.7,-22.3,28.0,-17.0,28.1,-18.6,27.4
1996.844,-21.1,27.7,-22.2,28.0,-16.7,28.1,-18.3,27.4
1997.844,-21.2,27.6,-22.3,27.9,-16.9,28.0,-18.4,27.4
1998.844,-21.0,27.6,-22.2,27.9,-16.8,28.0,-18.3,27.3
1999.844,-21.4,27.6,-22.4,27.9,-17.0,28.0,-18.5,27.3
2000.844,-21.2,27.6,-22.4,27.8,-17.1,28.0,-18.7,27.3
2001.844,-21.3,27.5,-22.4,27.8,-16.9,27.9,-18.3,27.3
2002.844,-21.4,27.6,-22.5,27.8,-17.2,27.9,-18.7,27.3
2003.844,-21.6,27.5,-22.5,27.8,-17.0,27.9,-18.4,27.2
2004.844,-21.2,27.5,-22.4,27.8,-17.0,27.9,-18.6,27.2
2005.844,-21.4,27.5,-22.4,27.8,-16.9,27.9,-18.4,27.2
2006.844,-21.3,27.5,-22.4,27.7,-16.9,27.9,-18.4,27.2
2007.844,-21.0,27.5,-22.4,27.7,-15.9,27.9,-18.6,27.2
2008.844,-18.0,27.6,-22.3,27.7,-13.1,27.9,-14.9,27.2
2009.844,-18.8,27.5,-19.1,27.8,-14.6,27.9,-15.1,27.3
2010.844,-19.2,27.5,-18.8,27.8,-15.6,27.9,-16.4,27.2
2011.844,-15.9,27.5,-16.4,27.7,-13.3,27.9,-14.2,27.2
2012.844,-0.8,27.9,-0.5,28.2,-0.2,28.3,-1.1,27.6
2013.844,-0.3,28.3,-0.2,28.5,-0.1,28.6,-0.4,27.9
2014.844,0.1,28.5,-0.1,28.7,0.1,28.9,0.1,28.1
2015.844,2.6,28.6,0.3,28.8,2.0,28.9,0.8,28.2
2016.844,11.5,27.9,10.9,28.3,8.8,28.2,10.9,27.7
2017.844,12.7,27.7,11.7,27.9,9.0,28.0,9.9,27.4
2018.844,18.7,27.5,16.8,27.7,14.6,27.9,17.8,27.3
2019.844,18.1,27.5,17.6,27.7,13.6,27.8,16.8,27.2
2020.844,17.4,27.5,18.8,27.6,12.7,27.8,16.4,27.2
2021.844,20.1,27.5,19.1,27.7,15.7,27.9,19.0,27.2
2022.844,20.0,27.5,18.9,27.7,15.6,27.9,18.2,27.3
2023.844,19.8,27.6,18.7,27.8,15.2,27.9,17.9,27.3
2024.844,20.0,27.6,19.0,27.8,15.7,28.0,18.5,27.3
2025.844,20.4,27.7,19.3,27.9,15.9,28.0,18.8,27.3
2026.844,20.0,27.8,18.9,28.0,15.5,28.1,18.4,27.4
2027.844,19.5,27.9,18.5,28.0,15.1,28.2,17.9,27.4
2028.844,20.0,28.0,18.9,28.1,15.6,28.2,18.5,27.4
2029.844,19.9,28.0,18.9,28.2,15.4,28.3,18.3,27.5
2030.844,20.1,28.1,18.9,28.3,15.3,28.4,18.2,27.6
2031.844,20.2,28.2,19.1,28.4,15.6,28.5,18.5,27.6
2032.844,20.3,28.3,19.1,28.5,15.8,28.6,18.6,27.7
2033.844,20.0,28.4,18.9,28.6,15.3,28.7,18.3,27.7
2034.844,20.0,28.4,18.7,28.7,21.5,28.8,17.8,27.8
2035.844,20.3,28.5,19.1,28.7,15.7,28.9,18.5,27.9
2036.844,20.2,28.5,19.0,28.8,15.8,29.0,18.5,27.9
2037.844,20.2,28.5,19.1,28.9,15.7,29.0,18.7,28.0
2038.845,20.5,28.6,19.3,29.0,15.9,29.1,18.8,28.1
2039.845,20.4,28.7,19.2,29.1,15.9,29.2,18.9,28.1
2040.845,20.6,28.7,19.2,29.1,15.8,29.3,18.5,28.2
2041.845,17.6,28.8,16.5,29.2,13.5,29.4,16.4,28.2
2042.845,0.3,29.1,0.6,29.5,0.5,29.7,1.3,28.5
2043.845,-4.8,29.2,-0.4,29.7,-0.8,29.9,-3.2,28.6
2044.845,-7.8,28.9,-8.1,29.5,-6.4,29.6,-8.1,28.4
2045.845,-20.1,28.6,-19.8,29.0,-14.9,29.2,-16.1,28.1
2046.845,-21.2,28.4,-22.4,28.9,-16.9,29.0,-18.5,28.0
2047.845,-21.2,28.3,-22.2,28.7,-16.9,28.9,-18.5,27.9
2048.845,-21.3,28.2,-22.4,28.6,-17.1,28.7,-18.6,27.8
2049.845,-21.1,28.0,-22.3,28.4,-17.0,28.5,-18.6,27.7
2050.845,-21.1,27.9,-22.2,28.3,-16.8,28.3,-18.3,27.6
2051.845,-21.0,27.8,-22.2,28.1,-16.7,28.2,-18.3,27.5
2052.845,-21.0,27.7,-22.2,28.0,-16.8,28.2,-18.4,27.4
2053.845,-21.1,27.7,-22.3,28.0,-17.0,28.1,-18.6,27.4
2054.845,-21.0,27.6,-22.2,27.9,-16.8,28.1,-18.4,27.4
2055.845,-21.2,27.6,-22.3,27.9,-16.9,28.0,-18.4,27.3
2056.845,-21.0,27.6,-22.1,27.9,-16.7,28.0,-18.3,27.3
2057.845,-21.5,27.6,-22.5,27.8,-17.0,28.0,-18.5,27.3
2058.845,-21.2,27.6,-22.4,27.8,-17.1,28.0,-19.2,27.3
2059.845,-21.2,27.5,-22.3,27.8,-16.8,27.9,-32.9,27.3
2060.845,-21.3,27.5,-22.5,27.8,-17.2,27.9,-19.4,27.2
2061.845,-21.5,27.5,-22.5,27.7,-17.1,27.9,-18.6,27.2
2062.845,-21.3,27.5,-22.4,27.7,-17.0,27.9,-18.1,27.2
2063.845,-21.3,27.5,-22.2,27.7,-16.7,27.9,-18.4,27.2
2064.845,-21.4,27.5,-22.4,27.7,-17.0,27.9,-18.5,27.2
2065.845,-21.0,27.5,-22.3,27.7,-15.7,27.9,-18.5,27.2
2066.845,-18.1,27.5,-22.3,27.7,-13.0,27.9,-15.4,27.2
2067.845,-18.7,27.5,-19.1,27.7,-15.0,27.9,-16.2,27.2
2068.845,-19.0,27.5,-19.0,27.7,-15.2,27.9,-15.3,27.2
2069.845,-17.8,27.5,-17.7,27.7,-14.5,27.8,-16.0,27.2
2070.845,-0.0,27.9,-0.1,28.1,-0.1,28.2,0.3,27.6
2071.845,1.3,28.3,-0.0,28.5,0.1,28.7,0.2,27.9
2072.845,6.6,28.1,3.2,28.6,4.7,28.6,6.2,27.9
2073.845,11.5,27.7,11.4,28.0,9.2,28.1,10.8,27.4
2074.847,16.7,27.6,14.4,27.8,11.8,27.9,14.2,27.3
2075.847,18.5,27.5,17.1,27.7,14.1,27.8,16.5,27.2
2076.848,17.6,27.5,18.8,27.6,13.4,27.8,16.3,27.2
2077.848,18.7,27.5,18.7,27.6,13.5,27.8,17.4,27.2
2078.848,20.1,27.5,19.0,27.6,16.0,27.8,18.9,27.2
2079.848,19.8,27.5,18.8,27.7,15.5,27.9,18.2,27.2
2080.848,20.0,27.6,18.8,27.8,15.2,27.9,17.8,27.3
2081.848,20.0,27.6,19.0,27.8,15.6,28.0,18.4,27.3
2082.848,20.0,27.7,19.0,27.9,15.6,28.0,18.4,27.3
2083.848,20.1,27.8,19.0,28.0,15.6,28.1,18.4,27.4
2084.848,19.4,27.9,18.5,28.1,15.2,28.1,18.0,27.4
2085.849,20.2,28.0,19.0,28.2,15.7,28.2,18.6,27.4
2086.849,19.9,28.1,18.9,28.3,15.5,28.3,18.3,27.5
2087.849,20.1,28.1,18.9,28.3,15.4,28.4,18.2,27.6
2088.849,20.1,28.2,19.0,28.4,15.6,28.5,18.4,27.6
2089.849,20.3,28.3,19.1,28.5,15.6,28.6,18.4,27.7
2090.849,20.2,28.4,19.0,28.6,15.6,28.7,18.3,27.7
2091.849,20.0,28.4,18.8,28.7,15.3,28.8,18.0,27.8
2092.849,20.4,28.5,19.2,28.7,15.8,28.9,18.7,27.9
2093.849,20.0,28.5,19.0,28.8,15.7,29.0,18.6,27.9
2094.849,20.4,28.5,19.2,28.9,15.8,29.1,18.6,28.0
2095.849,20.3,28.6,19.2,29.0,15.7,29.1,18.5,28.1
2096.849,20.4,28.6,19.2,29.0,15.8,29.2,18.6,28.1
2097.849,20.7,28.7,19.2,29.1,16.1,29.3,19.0,28.2
2098.849,8.8,28.8,9.2,29.2,7.5,29.5,8.8,28.3
2099.849,-0.7,29.2,-0.2,29.6,-0.4,29.8,-0.9,28.6
2100.849,-6.0,29.0,-2.3,29.7,-2.5,29.8,-5.2,28.5
2101.849,-14.3,28.7,-14.2,29.2,-10.4,29.3,-12.3,28.2
2102.850,-21.0,28.5,-21.8,28.9,-16.8,29.1,-18.5,28.1
2103.850,-21.2,28.4,-22.1,28.8,-16.8,28.9,-18.4,28.0
2104.850,-21.3,28.3,-22.3,28.6,-17.1,28.8,-18.7,27.9
2105.850,-21.2,28.1,-22.4,28.5,-17.1,28.6,-18.7,27.7
2106.850,-21.0,28.0,-22.2,28.3,-16.8,28.4,-18.4,27.6
2107.850,-21.0,27.8,-22.2,28.2,-16.8,28.3,-18.4,27.5
2108.850,-21.0,27.8,-22.1,28.1,-16.7,28.2,-18.3,27.5
2109.850,-21.0,27.7,-22.2,28.0,-16.8,28.1,-18.4,27.4
2110.850,-21.1,27.7,-22.3,27.9,-16.9,28.1,-18.5,27.3
2111.850,-21.1,27.6,-22.3,27.9,-16.9,28.0,-18.4,27.3
2112.850,-21.2,27.6,-22.3,27.9,-16.9,28.0,-18.4,27.3
2113.850,-21.0,27.6,-22.1,27.8,-16.6,28.0,-18.2,27.3
2114.850,-21.3,27.6,-22.4,27.8,-17.0,28.0,-18.6,27.3
2115.850,-21.4,27.5,-22.4,27.8,-16.9,27.9,-18.4,27.2
2116.850,-21.3,27.5,-22.4,27.8,-17.1,27.9,-18.6,27.2
2117.850,-21.4,27.5,-22.5,27.8,-17.1,27.9,-18.6,27.2
2118.850,-21.5,27.5,-22.5,27.7,-17.0,27.9,-18.5,27.2
2119.850,-21.2,27.5,-22.3,27.7,-16.9,27.9,-18.5,27.2
2120.850,-21.5,27.5,-22.4,27.7,-16.9,27.9,-18.4,27.2
2121.850,-21.3,27.5,-22.4,27.7,-17.0,27.9,-18.5,27.2
2122.850,-19.2,27.5,-22.3,27.7,-14.3,27.9,-17.3,27.2
2123.850,-17.7,27.5,-21.6,27.7,-12.8,27.9,-15.9,27.2
2124.850,-19.3,27.5,-18.2,27.7,-16.1,27.8,-15.1,27.2
2125.850,-19.5,27.5,-20.1,27.7,-15.6,27.8,-17.4,27.2
2126.850,-9.1,27.6,-9.8,27.8,-7.7,27.9,-8.0,27.3
2127.850,0.9,28.1,-0.2,28.3,0.1,28.5,-0.0,27.7
2128.850,4.0,28.1,0.4,28.5,1.4,28.7,0.3,28.0
2129.850,11.4,27.7,10.4,28.2,8.5,28.1,10.8,27.6
2130.850,11.3,27.6,10.7,27.9,8.7,28.0,10.6,27.4
2131.850,18.5,27.5,17.3,27.7,14.6,27.8,17.2,27.2
2132.852,17.8,27.4,17.4,27.6,13.5,27.8,16.1,27.2
2133.852,17.6,27.5,19.0,27.6,13.0,27.8,16.8,27.2
2134.852,19.8,27.4,18.8,27.6,15.1,27.8,18.6,27.2
2135.852,19.8,27.5,18.8,27.7,15.5,27.8,18.2,27.2
2136.852,20.1,27.5,19.0,27.7,15.6,27.9,18.3,27.2
2137.852,20.1,27.6,19.0,27.8,15.6,27.9,18.3,27.3
2138.852,20.1,27.6,19.0,27.8,15.6,28.0,18.4,27.3
2139.852,20.0,27.8,18.9,27.9,15.5,28.0,18.2,27.3
2140.852,19.8,27.8,18.8,28.0,15.4,28.1,18.3,27.4
2141.852,19.8,27.9,18.8,28.1,15.5,28.2,18.4,27.4
2142.852,19.6,28.0,18.6,28.2,15.2,28.3,18.0,27.4
2143.852,20.2,28.1,19.0,28.3,15.5,28.3,18.2,27.5
2144.852,20.3,28.2,19.1,28.4,15.7,28.4,18.5,27.6
2145.852,20.2,28.2,19.1,28.5,15.7,28.5,18.6,27.6
2146.852,20.2,28.3,19.0,28.5,15.5,28.6,18.2,27.7
2147.852,20.0,28.4,18.9,28.6,15.4,28.7,18.3,27.8
2148.852,20.1,28.4,19.0,28.7,15.6,28.8,18.3,27.8
2149.852,20.0,28.5,18.9,28.8,15.5,28.9,18.3,27.9
2150.852,20.4,28.5,19.1,28.9,15.7,29.0,18.5,28.0
2151.852,20.5,28.6,19.3,28.9,16.0,29.1,18.8,28.0
2152.852,20.5,28.6,19.2,29.0,15.8,29.1,18.6,28.1
2153.852,20.3,28.7,19.1,29.1,15.7,29.3,18.6,28.1
2154.852,19.0,28.7,17.7,29.1,14.9,29.3,17.6,28.2
2155.852,2.2,29.0,2.5,29.4,1.9,29.6,2.6,28.4
2156.852,-2.2,29.2,-0.3,29.6,-0.4,29.8,-1.7,28.6
2157.852,-6.6,28.9,-4.0,29.6,-3.7,29.7,-6.2,28.4
2158.852,-14.9,28.6,-15.0,29.1,-10.9,29.3,-12.9,28.2
2159.852,-20.9,28.5,-22.0,28.9,-16.7,29.0,-18.5,28.0
2160.852,-21.1,28.4,-22.0,28.8,-16.8,28.9,-18.4,27.9
2161.852,-21.2,28.2,-22.3,28.6,-17.1,28.8,-18.7,27.8
2162.852,-21.2,28.1,-22.4,28.5,-17.1,28.6,-18.6,27.7
2163.852,-21.0,27.9,-22.2,28.3,-16.8,28.4,-18.3,27.6
2164.852,-21.0,27.8,-22.2,28.2,-16.8,28.2,-18.4,27.5
2165.852,-21.0,27.7,-22.2,28.1,-16.8,28.2,-18.4,27.4
2166.852,-20.9,27.7,-22.1,28.0,-16.8,28.1,-18.4,27.4
2167.852,-21.1,27.6,-22.3,27.9,-16.9,28.1,-18.5,27.3
2168.852,-21.1,27.6,-22.2,27.9,-16.8,28.0,-18.3,27.3
2169.852,-21.2,27.6,-22.3,27.8,-16.8,28.0,-18.4,27.3
2170.852,-21.1,27.6,-22.2,27.8,-16.8,28.0,-18.3,27.3
2171.852,-21.2,27.5,-22.4,27.8,-17.0,27.9,-18.6,27.2
2172.852,-21.4,27.5,-22.4,27.8,-17.0,27.9,-18.4,27.2
2173.852,-21.3,27.5,-22.4,27.7,-17.0,27.9,-18.6,27.2
2174.852,-21.4,27.5,-22.5,27.7,-17.1,27.9,-18.6,27.2
2175.852,-21.5,27.5,-22.5,27.7,-17.0,27.9,-18.4,27.2
2176.852,-21.1,27.5,-22.3,27.7,-16.9,27.9,-18.5,27.2
2177.852,-21.3,27.5,-22.4,27.7,-16.9,27.9,-18.4,27.2
2178.852,-21.3,27.5,-22.4,27.7,-17.0,27.8,-18.5,27.2
2179.852,-19.2,27.5,-22.3,27.7,-14.2,27.9,-17.3,27.2
2180.852,-18.6,27.5,-21.0,27.7,-13.0,27.9,-16.0,27.2
2181.852,-17.8,27.5,-18.6,27.7,-16.0,27.8,-14.8,27.2
2182.852,-18.8,27.5,-20.0,27.7,-15.5,27.8,-17.3,27.2
2183.852,-8.2,27.6,-7.3,27.8,-6.4,27.9,-6.5,27.3
2184.852,-0.1,28.1,-0.2,28.3,0.1,28.5,0.1,27.7
2185.852,2.5,28.4,1.4,28.5,3.4,28.5,2.2,28.0
2186.852,11.2,27.8,10.8,28.0,8.7,28.0,11.7,27.5
2187.852,14.5,27.6,13.8,27.8,10.8,27.9,13.1,27.3
2188.852,18.5,27.5,16.0,27.7,13.6,27.8,16.3,27.2
2189.852,17.3,27.4,18.6,27.6,13.2,27.8,15.6,27.2
2190.869,18.5,27.4,19.3,27.6,13.4,27.8,17.8,27.2
2191.869,20.0,27.5,18.9,27.6,15.7,27.8,18.3,27.2
2192.871,20.0,27.5,18.9,27.7,15.6,27.8,18.2,27.2
2193.871,19.8,27.5,18.9,27.7,15.7,27.9,18.5,27.2
2194.871,20.0,27.6,19.0,27.8,15.7,27.9,18.5,27.3
2195.871,20.2,27.7,19.1,27.8,15.7,28.0,18.3,27.3
2196.871,19.6,27.8,18.9,27.9,15.4,28.0,17.9,27.3
2197.871,20.0,27.8,18.9,28.0,15.5,28.1,18.4,27.4
2198.871,20.0,27.9,18.9,28.1,15.4,28.2,18.2,27.4
2199.871,20.0,28.0,18.9,28.2,15.5,28.2,18.3,27.5
2200.871,20.1,28.1,19.1,28.3,15.7,28.4,18.6,27.5
2201.871,20.2,28.2,19.1,28.4,15.6,28.4,18.4,27.6
2202.871,20.1,28.2,18.9,28.5,15.4,28.5,18.1,27.6
2203.871,20.0,28.3,18.8,28.6,15.3,28.6,18.0,27.7
2204.871,20.3,28.4,19.1,28.6,15.7,28.7,18.5,27.8
2205.871,20.2,28.4,19.1,28.7,15.7,28.8,18.6,27.8
2206.871,20.1,28.5,19.0,28.8,15.5,28.9,18.3,27.9
2207.871,20.3,28.5,19.1,28.9,15.7,29.0,18.5,28.0
2208.871,20.4,28.6,19.1,28.9,15.6,29.1,18.4,28.0
2209.871,20.3,28.6,19.1,29.0,15.7,29.2,18.6,28.1
2210.876,21.0,28.6,19.6,29.0,16.3,29.2,19.2,28.1
2211.876,13.1,28.7,12.7,29.2,10.4,29.4,12.2,28.2
2212.876,0.3,29.1,0.3,29.5,0.2,29.7,0.4,28.5
2213.876,-4.8,29.1,-0.5,29.7,-0.9,29.9,-3.5,28.6
2214.878,-8.4,28.8,-8.8,29.3,-6.9,29.5,-9.0,28.3
2215.878,-20.0,28.5,-19.8,28.9,-14.9,29.1,-16.5,28.1
2216.878,-21.0,28.4,-22.3,28.8,-16.8,29.0,-18.4,28.0
2217.908,-21.1,28.3,-22.1,28.7,-16.9,28.8,-18.5,27.9
2218.908,-21.3,28.1,-22.4,28.5,-17.0,28.6,-18.6,27.7
2219.908,-21.1,28.0,-22.3,28.3,-16.9,28.4,-18.5,27.6
2220.908,-20.9,27.9,-22.2,28.2,-16.8,28.3,-18.5,27.5
2221.908,-21.0,27.8,-22.1,28.1,-16.7,28.2,-18.2,27.4
2222.908,-20.9,27.7,-22.2,28.0,-16.8,28.1,-18.5,27.4
2223.908,-21.0,27.6,-22.2,27.9,-16.8,28.1,-18.5,27.3
2224.908,-21.0,27.6,-22.2,27.9,-16.8,28.0,-18.4,27.3
2225.908,-21.1,27.6,-22.2,27.8,-16.8,28.0,-18.4,27.3
2226.908,-21.1,27.6,-22.2,27.8,-16.8,28.0,-18.4,27.3
2227.908,-21.3,27.5,-22.4,27.8,-16.9,27.9,-18.4,27.2
2228.908,-21.2,27.5,-22.4,27.7,-17.1,27.9,-18.7,27.2
2229.908,-21.3,27.5,-22.4,27.7,-16.9,27.9,-18.4,27.2
2230.908,-21.3,27.5,-22.4,27.7,-17.0,27.9,-18.5,27.2
2231.908,-21.5,27.5,-22.6,27.7,-17.1,27.9,-18.5,27.2
2232.909,-21.1,27.5,-22.3,27.7,-17.0,27.8,-18.6,27.1
2233.909,-21.4,27.5,-22.4,27.7,-16.9,27.9,-18.4,27.1
2234.909,-21.3,27.5,-22.4,27.7,-17.0,27.8,-18.5,27.1
2235.909,-21.1,27.5,-22.2,27.7,-15.7,27.8,-18.3,27.1
2236.909,-17.7,27.5,-22.3,27.6,-13.6,27.9,-15.1,27.2
2237.909,-17.8,27.5,-19.1,27.7,-14.1,27.9,-14.7,27.2
2238.909,-18.6,27.5,-19.2,27.7,-15.6,27.8,-16.8,27.1
2239.909,-18.7,27.4,-17.8,27.6,-14.5,27.8,-14.9,27.1
2240.909,-1.5,27.8,-0.6,28.0,-0.8,28.2,-1.0,27.5
2241.909,-0.1,28.2,-0.0,28.4,0.2,28.4,-0.2,27.8
2242.909,0.3,28.4,0.0,28.6,0.4,28.7,0.2,28.0
2243.909,6.6,28.3,4.9,28.5,5.0,28.4,4.4,28.0
2244.909,10.8,27.7,10.9,27.9,8.7,28.0,11.9,27.4
2245.909,16.3,27.5,14.7,27.7,11.8,27.9,14.0,27.3
2246.909,17.6,27.4,17.1,27.6,13.7,27.8,16.5,27.2
2247.909,17.5,27.4,18.1,27.6,13.2,27.8,16.0,27.2
2248.909,19.5,27.4,19.0,27.6,13.7,27.8,17.6,27.1
2249.909,20.4,27.4,18.9,27.6,16.2,27.8,18.5,27.2
2250.909,19.8,27.5,18.8,27.7,15.3,27.8,18.1,27.2
2251.909,19.8,27.5,18.7,27.7,15.3,27.9,17.9,27.2
2252.909,20.1,27.6,19.0,27.8,15.7,27.9,18.5,27.2
2253.909,20.3,27.6,19.2,27.8,15.8,28.0,18.5,27.3
2254.909,19.8,27.7,18.7,27.9,15.3,28.0,18.0,27.3
2255.909,20.1,27.8,19.0,28.0,15.6,28.1,18.5,27.4
2256.909,20.0,27.9,18.8,28.1,15.3,28.2,18.0,27.4
2257.909,19.9,28.0,18.8,28.2,15.5,28.2,18.4,27.4
2258.909,20.1,28.1,18.9,28.3,15.4,28.3,18.1,27.5
2259.909,20.3,28.2,19.1,28.4,15.7,28.4,18.5,27.6
2260.909,20.0,28.2,19.0,28.5,15.5,28.5,18.4,27.6
2261.909,20.1,28.3,19.0,28.5,15.5,28.6,18.3,27.7
2262.909,20.4,28.3,19.2,28.6,15.7,28.7,18.5,27.7
2263.909,20.0,28.4,18.8,28.7,15.3,28.8,18.1,27.8
2264.909,20.1,28.4,19.0,28.8,15.6,28.9,18.5,27.9
2265.909,20.4,28.5,19.2,28.8,15.7,29.0,18.5,27.9
2266.909,20.5,28.5,19.3,28.9,16.0,29.1,18.9,28.0
2267.909,20.2,28.6,19.1,29.0,15.6,29.1,18.4,28.1
2268.911,20.8,28.6,19.3,29.0,16.1,29.2,19.0,28.1
2269.911,11.1,28.8,10.3,29.2,8.6,29.4,10.3,28.2
2270.911,-1.0,29.1,-0.3,29.5,-0.4,29.7,-1.0,28.5
2271.911,-6.2,28.9,-2.7,29.6,-2.7,29.8,-5.4,28.4
2272.911,-13.6,28.7,-14.1,29.1,-10.4,29.3,-12.4,28.2
2273.911,-20.8,28.4,-21.9,28.8,-16.6,29.0,-18.4,28.0
2274.911,-21.0,28.3,-22.0,28.7,-16.8,28.9,-18.4,27.9
2275.911,-21.1,28.2,-22.3,28.6,-17.0,28.7,-18.7,27.8
2276.911,-21.2,28.1,-22.3,28.4,-16.9,28.5,-18.5,27.7
2277.911,-20.9,27.9,-22.2,28.3,-16.8,28.4,-18.4,27.6
2278.911,-20.9,27.8,-22.2,28.1,-16.8,28.2,-18.5,27.5
2279.911,-21.0,27.7,-22.2,28.0,-16.8,28.1,-18.4,27.4
2280.911,-20.9,27.6,-22.2,28.0,-16.9,28.1,-18.5,27.3
2281.911,-20.8,27.6,-22.1,27.9,-16.7,28.0,-18.4,27.3
2282.911,-21.1,27.6,-22.3,27.9,-16.9,28.0,-18.5,27.3
2283.911,-21.1,27.5,-22.3,27.8,-16.8,28.0,-18.3,27.2
2284.911,-21.0,27.5,-22.2,27.8,-16.8,27.9,-18.3,27.2
2285.911,-21.3,27.5,-22.5,27.7,-17.1,27.9,-18.6,27.2
2286.911,-21.3,27.5,-22.4,27.7,-16.9,27.9,-18.4,27.2
2287.911,-21.2,27.5,-22.4,27.7,-17.0,27.9,-18.6,27.2
2288.911,-21.3,27.5,-22.4,27.7,-16.9,27.8,-18.4,27.2
2289.911,-21.5,27.4,-22.6,27.7,-17.1,27.8,-18.7,27.1
2290.911,-21.0,27.4,-22.2,27.7,-16.9,27.8,-18.5,27.1
2291.911,-21.4,27.4,-22.4,27.7,-16.9,27.8,-18.4,27.1
2292.911,-21.2,27.4,-22.4,27.6,-17.1,27.8,-18.7,27.1
2293.911,-19.8,27.4,-22.1,27.7,-14.4,27.8,-17.2,27.1
2294.911,-18.1,27.4,-21.7,27.7,-12.9,27.8,-15.5,27.1
2295.911,-18.7,27.4,-18.1,27.7,-15.7,27.8,-16.1,27.1
2296.911,-18.6,27.4,-20.2,27.6,-15.7,27.8,-15.7,27.1
2297.911,-11.7,27.5,-10.4,27.7,-8.6,27.8,-10.9,27.1
2298.911,0.8,27.9,0.1,28.2,0.1,28.4,1.9,27.5
2299.911,4.9,28.0,0.7,28.5,2.7,28.5,4.2,27.5
2300.911,11.3,27.6,11.0,28.0,9.0,28.0,10.5,27.3
2301.911,14.5,27.5,14.0,27.7,10.7,27.9,12.9,27.3
2302.911,18.2,27.4,16.1,27.6,13.8,27.8,16.1,27.1
2303.911,17.5,27.4,18.6,27.6,13.6,27.7,16.4,27.2
2304.911,18.4,27.4,19.1,27.6,13.0,27.8,17.3,27.1
2305.911,19.8,27.4,18.7,27.6,15.4,27.8,18.2,27.1
2306.911,20.1,27.4,19.0,27.6,15.8,27.8,18.6,27.1
2307.911,20.0,27.5,18.9,27.7,15.5,27.8,18.3,27.2
2308.911,19.9,27.5,18.9,27.7,15.5,27.9,18.2,27.2
2309.911,20.0,27.6,18.8,27.8,15.4,27.9,18.1,27.3
2310.911,20.0,27.7,18.9,27.8,15.4,28.0,18.2,27.3
2311.911,19.9,27.8,18.8,27.9,15.4,28.0,18.1,27.3
2312.911,19.8,27.9,18.7,28.1,15.3,28.1,18.1,27.4
2313.911,20.0,28.0,19.0,28.2,15.7,28.2,18.6,27.4
2314.911,20.4,28.0,19.2,28.2,15.7,28.3,18.4,27.5
2315.911,20.2,28.1,19.0,28.3,15.5,28.4,18.3,27.5
2316.911,20.1,28.2,18.7,28.4,15.1,28.5,17.8,27.6
2317.911,20.5,28.2,19.1,28.5,15.5,28.6,18.1,27.7
2318.911,20.1,28.3,19.0,28.6,15.6,28.7,18.4,27.7
2319.911,20.0,28.4,18.9,28.7,15.6,28.8,18.5,27.8
2320.911,20.4,28.4,19.3,28.7,15.9,28.8,18.9,27.8
2321.911,20.3,28.4,19.1,28.8,15.7,28.9,18.6,27.9
2322.913,20.2,28.5,19.1,28.9,15.7,29.0,18.6,28.0
2323.913,20.4,28.5,19.0,28.9,15.4,29.1,18.0,28.0
2324.913,21.0,28.6,19.6,29.0,16.3,29.2,19.2,28.1
2325.913,14.7,28.7,13.9,29.1,11.5,29.3,13.5,28.2
2326.913,-0.3,29.0,-0.2,29.4,-0.1,29.6,-0.0,28.5
2327.913,-5.0,29.0,-0.4,29.6,-0.9,29.8,-3.4,28.5
2328.913,-8.7,28.7,-9.1,29.3,-7.0,29.4,-9.1,28.3
2329.913,-20.5,28.4,-20.4,28.9,-15.4,29.1,-17.0,28.0
2330.913,-21.0,28.3,-22.3,28.7,-16.7,28.9,-18.3,27.9
2331.915,-21.1,28.2,-22.2,28.6,-16.9,28.8,-18.5,27.8
2332.915,-21.1,28.1,-22.3,28.5,-17.0,28.6,-18.6,27.7
2333.915,-21.1,27.9,-22.3,28.3,-17.0,28.4,-18.5,27.6
2334.915,-20.9,27.8,-22.1,28.2,-16.8,28.2,-18.4,27.5
2335.915,-21.0,27.7,-22.2,28.0,-16.7,28.1,-18.3,27.4
2336.915,-21.0,27.6,-22.2,28.0,-16.8,28.1,-18.4,27.3
2337.915,-20.9,27.6,-22.1,27.9,-16.7,28.0,-18.4,27.3
2338.915,-21.1,27.5,-22.3,27.8,-16.9,28.0,-18.5,27.3
2339.915,-21.0,27.5,-22.2,27.8,-16.7,27.9,-18.3,27.2
2340.915,-21.0,27.5,-22.2,27.8,-16.8,27.9,-18.4,27.2
2341.915,-21.3,27.5,-22.4,27.7,-16.9,27.9,-18.4,27.2
2342.915,-21.1,27.4,-22.3,27.7,-16.9,27.9,-18.5,27.2
2343.915,-21.3,27.4,-22.4,27.7,-16.9,27.8,-18.5,27.1
2344.915,-21.2,27.4,-22.5,27.7,-17.1,27.8,-18.7,27.1
2345.915,-21.5,27.4,-22.6,27.7,-17.0,27.8,-18.5,27.1
2346.915,-21.1,27.4,-22.3,27.6,-16.9,27.8,-18.5,27.1
2347.915,-21.4,27.4,-22.4,27.6,-16.8,27.8,-18.3,27.1
2348.915,-21.3,27.4,-22.4,27.6,-17.0,27.8,-18.5,27.1
2349.915,-20.7,27.4,-22.2,27.6,-15.5,27.8,-18.3,27.1
2350.915,-18.0,27.4,-22.4,27.6,-13.6,27.8,-15.0,27.1
2351.915,-17.9,27.4,-19.1,27.6,-14.4,27.8,-16.4,27.1
2352.915,-18.6,27.4,-18.9,27.7,-15.7,27.8,-15.9,27.1
2353.915,-16.4,27.4,-16.6,27.6,-13.3,27.7,-13.8,27.1
2354.915,-0.3,27.8,-0.2,28.1,0.2,28.2,-0.1,27.5
2355.915,0.5,28.2,0.3,28.4,0.8,28.5,0.3,27.8
2356.915,11.8,27.8,9.7,28.1,7.9,28.1,10.8,27.6
2357.915,10.3,27.6,10.3,27.8,8.4,27.9,10.0,27.3
2358.915,18.3,27.4,16.9,27.6,14.3,27.8,16.5,27.2
2359.915,17.9,27.4,16.8,27.6,12.9,27.7,15.8,27.1
2360.915,17.6,27.3,19.2,27.5,13.3,27.7,16.4,27.1
2361.915,19.6,27.4,18.7,27.5,14.2,27.7,18.2,27.1
2362.915,19.9,27.4,18.8,27.6,15.6,27.7,18.4,27.1
2363.915,20.3,27.4,19.1,27.6,15.8,27.8,18.6,27.1
2364.915,19.9,27.5,18.8,27.7,15.4,27.8,18.1,27.2
2365.915,20.1,27.5,19.0,27.7,15.6,27.9,18.2,27.2
2366.915,19.9,27.6,18.8,27.8,15.5,27.9,18.3,27.3
2367.915,20.2,27.7,19.0,27.9,15.5,28.0,18.3,27.3
2368.915,19.7,27.8,18.7,28.0,15.3,28.1,18.1,27.3
2369.915,20.0,27.9,18.8,28.1,15.4,28.1,18.2,27.4
2370.915,20.3,28.0,19.1,28.2,15.8,28.3,18.7,27.4
2371.915,20.0,28.1,18.9,28.3,15.5,28.3,18.2,27.5
2372.915,20.3,28.1,19.0,28.4,15.5,28.4,18.2,27.5
2373.915,20.1,28.2,18.9,28.5,15.4,28.5,18.2,27.6
2374.916,20.1,28.2,18.9,28.5,15.4,28.6,18.2,27.7
2375.916,20.2,28.3,19.0,28.6,15.6,28.7,18.4,27.7
2376.916,20.4,28.4,19.1,28.7,15.6,28.8,18.3,27.8
2377.916,20.6,28.4,19.4,28.8,16.1,28.9,19.1,27.9
2378.916,20.2,28.4,18.9,28.8,15.4,29.0,18.0,27.9
2379.916,20.7,28.5,19.4,28.9,15.9,29.1,18.8,28.0
2380.916,20.3,28.6,19.1,29.0,15.7,29.1,18.5,28.1
2381.916,20.4,28.6,18.8,29.0,15.8,29.2,18.6,28.1
2382.916,4.8,28.8,4.8,29.2,4.0,29.4,4.8,28.3
2383.916,-2.1,29.1,-0.3,29.5,-0.4,29.7,-1.6,28.5
2384.916,-6.6,28.8,-3.9,29.5,-3.5,29.6,-5.9,28.4
2385.916,-15.3,28.6,-15.4,29.0,-11.1,29.2,-13.3,28.1
2386.916,-20.9,28.4,-22.0,28.8,-16.6,29.0,-18.4,28.0
2387.916,-21.0,28.3,-22.0,28.7,-16.8,28.8,-18.5,27.9
2388.916,-21.2,28.1,-22.3,28.5,-17.0,28.7,-18.6,27.7
2389.916,-21.2,28.0,-22.3,28.4,-17.0,28.5,-18.6,27.6
2390.916,-21.0,27.9,-22.2,28.2,-16.9,28.3,-18.4,27.5
2391.916,-21.0,27.7,-22.1,28.1,-16.6,28.2,-18.2,27.4
2392.916,-21.0,27.7,-22.2,28.0,-16.8,28.1,-18.4,27.4
2393.916,-20.9,27.6,-22.1,27.9,-16.7,28.0,-18.3,27.3
2394.916,-21.2,27.6,-22.3,27.8,-16.9,28.0,-18.5,27.3
2395.916,-21.0,27.6,-22.2,27.8,-16.8,27.9,-18.4,27.2
2396.916,-21.2,27.5,-22.3,27.8,-16.9,27.9,-18.4,27.2
2397.916,-21.1,27.5,-22.2,27.7,-16.7,27.9,-18.2,27.2
2398.916,-21.2,27.5,-22.4,27.7,-16.9,27.9,-18.5,27.2
2399.916,-21.4,27.5,-22.4,27.7,-17.0,27.8,-18.4,27.1
2400.916,-21.3,27.4,-22.4,27.7,-16.9,27.8,-18.5,27.1
2401.916,-21.4,27.4,-22.6,27.6,-17.1,27.8,-18.7,27.1
2402.916,-21.5,27.4,-22.5,27.6,-17.0,27.8,-18.5,27.1
2403.916,-21.2,27.4,-22.3,27.6,-16.9,27.8,-18.4,27.1
2404.916,-21.2,27.4,-22.3,27.6,-16.9,27.8,-18.4,27.1
2405.916,-21.3,27.4,-22.3,27.6,-16.8,27.8,-18.3,27.1
2406.918,-19.5,27.4,-22.5,27.6,-14.5,27.8,-17.4,27.1
2407.918,-18.7,27.4,-20.9,27.6,-12.7,27.8,-15.4,27.1
2408.918,-18.9,27.4,-18.9,27.6,-16.1,27.8,-14.9,27.1
2409.918,-18.1,27.4,-19.7,27.6,-15.7,27.7,-17.4,27.1
2410.918,-8.8,27.5,-8.6,27.7,-6.9,27.9,-7.0,27.2
2411.918,0.2,28.0,-0.1,28.2,-0.0,28.4,-0.2,27.6
2412.918,0.7,28.3,0.2,28.5,0.8,28.6,0.2,27.9
2413.918,10.6,27.9,9.3,28.2,7.8,28.2,9.3,27.6
2414.918,10.4,27.6,10.1,27.8,8.2,27.9,10.8,27.3
2415.918,19.4,27.4,17.6,27.6,14.7,27.8,17.2,27.2
2416.918,18.1,27.3,17.1,27.6,13.6,27.7,15.9,27.1
2417.918,17.4,27.3,18.8,27.5,12.9,27.7,16.1,27.1
2418.918,20.2,27.3,19.1,27.5,15.0,27.7,18.7,27.1
2419.918,19.9,27.4,18.8,27.6,15.6,27.7,18.4,27.1
2420.918,19.7,27.4,18.6,27.6,15.2,27.8,17.9,27.2
2421.918,20.1,27.5,19.0,27.6,15.5,27.8,18.3,27.2
2422.918,20.2,27.5,19.0,27.7,15.6,27.9,18.4,27.2
2423.918,19.9,27.6,18.9,27.8,15.6,27.9,18.6,27.2
2424.918,19.8,27.7,18.7,27.9,15.2,28.0,18.0,27.3
2425.918,20.3,27.8,19.1,28.0,15.7,28.1,18.6,27.3
2426.918,19.8,27.9,18.8,28.1,15.4,28.1,18.2,27.3
2427.918,20.0,28.0,18.8,28.2,15.3,28.2,18.0,27.4
2428.918,20.3,28.1,19.1,28.3,15.6,28.3,18.4,27.4
2429.918,20.2,28.1,19.0,28.3,15.6,28.4,18.4,27.5
2430.918,20.3,28.2,19.0,28.4,15.5,28.5,18.2,27.6
2431.918,20.2,28.3,18.9,28.5,15.3,28.6,18.0,27.6
2432.918,20.6,28.3,19.5,28.6,16.2,28.7,19.3,27.7
2433.918,19.9,28.3,18.9,28.7,15.8,28.8,18.3,27.8
2434.918,20.1,28.4,18.9,28.7,15.5,28.9,18.2,27.8
2435.918,20.5,28.4,19.2,28.8,15.8,29.0,18.6,27.9
2436.918,20.6,28.5,19.3,28.9,15.8,29.0,18.7,28.0
2437.918,20.2,28.5,18.9,29.0,15.4,29.1,18.2,28.0
2438.918,19.9,28.6,18.4,29.0,15.3,29.2,18.1,28.1
2439.918,1.8,28.9,1.9,29.3,1.2,29.5,2.0,28.3
2440.918,-3.7,29.1,-0.1,29.6,-0.5,29.7,-2.7,28.5
2441.918,-6.7,28.8,-6.4,29.4,-5.3,29.5,-7.1,28.3
2442.919,-19.8,28.5,-19.6,28.9,-14.8,29.1,-16.3,28.0
2443.919,-21.0,28.3,-22.3,28.7,-16.8,28.9,-18.5,27.9
2444.919,-21.2,28.2,-22.2,28.6,-16.8,28.8,-18.4,27.8
2445.919,-21.3,28.1,-22.4,28.5,-17.1,28.6,-18.6,27.7
2446.919,-21.1,27.9,-22.3,28.3,-16.9,28.4,-18.5,27.6
2447.919,-20.9,27.8,-22.2,28.2,-16.8,28.3,-18.5,27.5
2448.919,-20.9,27.7,-22.1,28.0,-16.6,28.1,-18.2,27.4
2449.919,-20.9,27.6,-22.2,27.9,-16.8,28.1,-18.4,27.3
2450.919,-20.9,27.6,-22.2,27.9,-16.8,28.0,-18.5,27.3
2451.919,-21.2,27.5,-22.3,27.8,-16.8,28.0,-18.4,27.2
2452.919,-21.1,27.5,-22.3,27.8,-16.8,27.9,-18.4,27.2
2453.919,-21.0,27.5,-22.2,27.8,-16.8,27.9,-18.4,27.2
2454.919,-21.4,27.4,-22.4,27.7,-16.9,27.9,-18.5,27.2
2455.919,-21.1,27.4,-22.3,27.7,-16.9,27.9,-18.5,27.1
2456.919,-21.3,27.4,-22.4,27.7,-16.8,27.8,-18.3,27.1
2457.919,-21.3,27.4,-22.5,27.7,-17.2,27.8,-18.8,27.1
2458.919,-21.5,27.4,-22.5,27.6,-17.0,27.8,-18.4,27.1
2459.919,-21.2,27.4,-22.4,27.6,-17.0,27.8,-18.6,27.1
2460.919,-21.3,27.4,-22.3,27.6,-16.8,27.8,-18.3,27.1
2461.919,-21.3,27.4,-22.4,27.6,-16.9,27.8,-18.5,27.1
2462.919,-21.2,27.4,-22.4,27.6,-16.2,27.8,-18.7,27.1
2463.919,-18.2,27.4,-22.2,27.6,-12.5,27.8,-15.9,27.1
2464.919,-18.8,27.4,-20.2,27.6,-15.1,27.8,-15.3,27.1
2465.919,-18.8,27.4,-17.7,27.6,-15.3,27.7,-15.8,27.1
2466.919,-17.2,27.4,-19.6,27.6,-15.2,27.7,-16.3,27.0
2467.919,-1.9,27.7,-1.3,27.9,-0.5,28.1,-0.7,27.4
2468.919,-0.1,28.1,-0.0,28.3,0.1,28.4,-0.0,27.7
2469.919,0.6,28.3,0.5,28.5,1.7,28.6,0.8,27.9
2470.919,11.8,27.9,11.2,28.0,8.8,28.0,12.2,27.5
2471.919,11.9,27.6,11.2,27.7,9.1,27.9,10.5,27.3
2472.919,18.8,27.3,17.4,27.6,14.2,27.7,16.6,27.1
2473.919,18.2,27.3,17.6,27.5,13.6,27.7,16.5,27.1
2474.919,17.7,27.3,18.7,27.5,12.5,27.7,16.3,27.1
2475.919,19.9,27.3,18.9,27.5,15.7,27.7,18.6,27.1
2476.919,20.1,27.4,19.1,27.6,15.8,27.7,18.7,27.1
2477.919,20.0,27.4,18.8,27.6,15.2,27.8,17.8,27.1
2478.919,19.8,27.5,18.7,27.7,15.4,27.8,18.2,27.2
2479.919,20.1,27.6,18.9,27.7,15.5,27.8,18.2,27.2
2480.919,20.2,27.6,19.1,27.8,15.8,27.9,18.8,27.2
2481.919,19.7,27.7,18.7,27.9,15.3,28.0,18.1,27.3
2482.919,19.8,27.8,18.7,28.0,15.2,28.1,18.0,27.3
2483.919,20.0,27.9,18.8,28.1,15.4,28.1,18.2,27.3
2484.919,20.3,28.0,19.1,28.2,15.6,28.2,18.4,27.4
2485.919,20.0,28.1,18.9,28.3,15.4,28.3,18.2,27.5
2486.919,20.2,28.1,19.0,28.4,15.5,28.4,18.3,27.5
2487.919,20.3,28.2,19.2,28.5,15.8,28.5,18.7,27.6
2488.919,20.1,28.3,18.9,28.5,15.4,28.6,18.1,27.7
2489.920,20.0,28.3,18.8,28.6,15.3,28.7,18.2,27.7
2490.920,20.4,28.4,19.1,28.7,15.7,28.8,18.4,27.8
2491.920,20.4,28.4,19.3,28.8,15.9,28.9,18.8,27.8
2492.920,20.3,28.5,19.1,28.8,15.6,29.0,18.3,27.9
2493.920,20.6,28.5,19.3,28.9,15.8,29.0,18.6,28.0
2494.920,20.6,28.5,19.4,29.0,16.1,29.1,19.1,28.0
2495.920,18.3,28.6,17.0,29.0,13.9,29.2,16.6,28.1
2496.920,1.1,28.9,1.1,29.3,0.7,29.5,1.2,28.4
2497.920,-3.3,29.1,-0.1,29.6,-0.3,29.8,-2.3,28.5
2498.920,-6.7,28.8,-5.1,29.5,-4.6,29.5,-6.6,28.3
2499.920,-17.9,28.5,-17.9,28.9,-13.5,29.1,-15.3,28.0
2500.920,-20.9,28.3,-22.1,28.7,-16.8,28.9,-18.4,27.9
2501.920,-21.0,28.2,-22.1,28.6,-16.9,28.8,-18.5,27.8
2502.920,-21.2,28.1,-22.3,28.5,-17.0,28.6,-18.6,27.7
2503.920,-21.2,28.0,-22.3,28.3,-17.0,28.4,-18.5,27.6
2504.920,-21.0,27.8,-22.2,28.2,-16.8,28.2,-18.4,27.5
2505.920,-21.0,27.7,-22.1,28.0,-16.6,28.1,-18.1,27.4
2506.920,-21.0,27.6,-22.2,27.9,-16.8,28.0,-18.4,27.3
2507.920,-21.0,27.6,-22.2,27.9,-16.8,28.0,-18.5,27.3
2508.920,-21.1,27.5,-22.2,27.8,-16.8,27.9,-18.4,27.2
2509.920,-21.1,27.5,-22.2,27.8,-16.8,27.9,-18.4,27.2
2510.920,-21.1,27.5,-22.2,27.7,-16.8,27.9,-18.4,27.2
2511.920,-21.2,27.5,-22.3,27.7,-16.8,27.8,-18.4,27.2
2512.920,-21.2,27.4,-22.4,27.7,-17.0,27.8,-18.6,27.1
2513.920,-21.4,27.4,-22.4,27.7,-16.8,27.8,-18.3,27.1
2514.920,-21.4,27.4,-22.5,27.7,-17.1,27.8,-18.7,27.1
2515.921,-21.4,27.4,-22.5,27.6,-17.0,27.8,-18.5,27.1
2516.921,-21.3,27.4,-22.4,27.6,-17.0,27.8,-18.5,27.1
2517.921,-21.2,27.4,-22.2,27.6,-16.8,27.8,-18.4,27.1
2518.923,-21.4,27.3,-22.4,27.6,-16.9,27.7,-18.5,27.1
2519.924,-21.2,27.4,-22.3,27.6,-16.7,27.7,-18.5,27.1
2520.924,-18.8,27.4,-22.3,27.6,-12.7,27.8,-16.8,27.1
2521.924,-17.5,27.4,-20.5,27.6,-14.4,27.8,-15.3,27.1
2522.924,-20.0,27.4,-18.0,27.6,-15.6,27.7,-15.2,27.1
2523.924,-19.7,27.3,-20.7,27.6,-16.1,27.7,-17.7,27.0
2524.926,-3.2,27.6,-3.2,27.8,-2.7,28.0,-2.8,27.3
2525.926,0.8,28.1,-0.1,28.2,0.2,28.4,0.1,27.7
2526.926,6.5,27.9,1.5,28.5,4.0,28.4,2.9,27.9
2527.926,11.5,27.6,11.3,27.9,9.0,27.9,12.0,27.3
2528.926,15.0,27.5,13.8,27.7,10.8,27.8,12.8,27.2
2529.926,18.1,27.3,16.8,27.5,14.0,27.7,16.9,27.1
2530.926,17.5,27.3,18.3,27.5,13.4,27.7,16.3,27.1
2531.926,18.7,27.3,19.0,27.5,13.3,27.7,17.5,27.1
2532.926,20.0,27.3,19.0,27.5,15.8,27.7,18.5,27.1
2533.926,19.6,27.4,18.7,27.6,15.2,27.7,17.9,27.1
2534.926,20.0,27.4,19.1,27.6,15.4,27.8,18.1,27.1
2535.926,20.2,27.5,19.0,27.7,15.6,27.8,18.3,27.2
2536.926,20.2,27.6,19.1,27.7,15.7,27.9,18.6,27.2
2537.926,19.9,27.6,18.8,27.8,15.4,27.9,18.1,27.2
2538.926,19.9,27.7,18.9,27.9,15.6,28.0,18.5,27.3
2539.926,20.1,27.8,19.0,28.0,15.5,28.0,18.3,27.3
2540.926,19.6,27.9,18.6,28.1,15.1,28.1,17.9,27.4
2541.926,20.3,28.0,19.0,28.2,15.6,28.2,18.4,27.4
2542.926,20.3,28.1,19.1,28.3,15.6,28.3,18.4,27.5
2543.926,20.1,28.1,19.0,28.3,15.5,28.4,18.4,27.5
2544.926,20.3,28.2,19.0,28.4,15.4,28.5,18.1,27.6
2545.926,20.2,28.2,19.0,28.5,15.5,28.6,18.3,27.6
2546.926,20.2,28.3,19.0,28.6,15.6,28.7,18.5,27.7
2547.926,19.9,28.3,18.8,28.7,15.4,28.8,18.3,27.8
2548.926,20.5,28.4,19.2,28.7,15.8,28.9,18.6,27.8
2549.926,20.6,28.4,19.4,28.8,16.0,29.0,18.9,27.9
2550.926,20.3,28.5,19.1,28.9,15.7,29.0,18.6,28.0
2551.926,20.8,28.5,19.3,28.9,15.9,29.1,18.6,28.0
2552.926,14.4,28.6,13.7,29.0,11.0,29.2,13.4,28.1
2553.926,1.1,28.9,0.9,29.3,0.6,29.5,1.0,28.4
2554.926,-3.9,29.0,0.0,29.5,-0.4,29.7,-2.9,28.5
2555.926,-7.6,28.7,-7.3,29.3,-6.0,29.4,-7.9,28.2
2556.926,-18.2,28.4,-18.3,28.8,-13.7,29.0,-15.5,28.0
2557.927,-20.9,28.3,-22.2,28.7,-16.8,28.9,-18.5,27.9
2558.927,-21.0,28.2,-22.1,28.6,-16.9,28.7,-18.5,27.8
2559.927,-21.2,28.1,-22.4,28.4,-17.1,28.6,-18.7,27.7
2560.927,-21.1,27.9,-22.4,28.2,-17.0,28.3,-18.6,27.5
2561.927,-20.9,27.7,-22.2,28.1,-16.8,28.2,-18.4,27.4
2562.927,-20.9,27.6,-22.1,28.0,-16.6,28.1,-18.2,27.3
2563.927,-20.8,27.6,-22.1,27.9,-16.7,28.0,-18.3,27.3
2564.927,-20.9,27.5,-22.2,27.8,-16.8,28.0,-18.5,27.2
2565.927,-21.0,27.5,-22.3,27.7,-16.9,27.9,-18.5,27.2
2566.927,-21.1,27.5,-22.3,27.7,-16.8,27.9,-18.3,27.2
2567.927,-21.1,27.4,-22.3,27.7,-16.8,27.8,-18.4,27.1
2568.927,-21.2,27.4,-22.3,27.7,-16.8,27.8,-18.4,27.1
2569.927,-21.0,27.4,-22.3,27.6,-17.0,27.8,-18.6,27.1
2570.927,-21.3,27.4,-22.4,27.6,-16.9,27.8,-18.4,27.1
2571.927,-21.2,27.4,-22.4,27.6,-17.0,27.8,-18.6,27.1
2572.927,-21.4,27.4,-22.5,27.6,-17.1,27.7,-18.6,27.1
2573.927,-21.2,27.3,-22.4,27.6,-17.0,27.7,-18.6,27.0
2574.927,-21.1,27.4,-22.3,27.6,-16.8,27.7,-18.4,27.1
2575.927,-21.3,27.3,-22.4,27.6,-16.9,27.7,-18.5,27.0
2576.927,-21.1,27.3,-22.3,27.6,-16.6,27.7,-18.5,27.0
2577.927,-18.5,27.4,-22.4,27.6,-12.9,27.8,-16.7,27.0
2578.927,-17.4,27.4,-20.3,27.6,-14.4,27.8,-14.3,27.1
2579.927,-19.3,27.4,-17.9,27.6,-15.4,27.7,-15.5,27.1
2580.927,-19.1,27.4,-20.9,27.6,-16.2,27.7,-17.3,27.0
2581.927,-3.7,27.6,-1.9,27.8,-1.6,28.0,-2.6,27.3
2582.927,0.5,28.0,-0.0,28.2,0.2,28.4,0.1,27.6
2583.927,6.6,28.0,5.6,28.3,5.7,28.3,5.7,27.7
2584.927,11.4,27.5,11.3,27.7,8.6,27.9,11.8,27.2
2585.927,16.7,27.4,14.7,27.6,12.3,27.7,14.6,27.2
2586.927,17.2,27.3,16.8,27.5,13.9,27.7,15.9,27.1
2587.927,18.3,27.3,18.4,27.5,12.8,27.7,15.6,27.1
2588.927,19.1,27.3,19.2,27.5,14.1,27.7,17.9,27.0
2589.927,19.8,27.3,18.8,27.5,15.6,27.7,18.3,27.0
2590.927,19.9,27.3,18.8,27.5,15.4,27.7,18.1,27.1
2591.927,20.4,27.4,19.2,27.6,15.7,27.8,18.4,27.1
2592.927,20.1,27.5,19.0,27.6,15.6,27.8,18.4,27.1
2593.927,20.1,27.6,18.9,27.7,15.5,27.8,18.3,27.2
2594.927,19.8,27.6,18.7,27.8,15.2,27.9,18.0,27.2
2595.927,19.9,27.7,18.9,27.9,15.6,28.0,18.5,27.2
2596.927,19.8,27.8,18.8,28.0,15.3,28.0,18.1,27.3
2597.927,19.8,27.9,18.7,28.1,15.2,28.1,18.0,27.3
2598.927,20.5,28.0,19.2,28.2,15.7,28.2,18.5,27.4
2599.927,20.3,28.1,19.1,28.3,15.7,28.3,18.5,27.5
2600.927,20.2,28.1,19.0,28.4,15.4,28.4,18.2,27.5
2601.927,20.0,28.2,18.8,28.4,15.3,28.5,18.1,27.6
2602.927,20.1,28.2,19.0,28.5,15.7,28.6,18.6,27.6
2603.927,20.1,28.3,18.9,28.6,15.5,28.7,18.3,27.7
2604.927,20.1,28.3,19.0,28.6,15.5,28.8,18.4,27.8
2605.927,20.5,28.4,19.3,28.7,15.8,28.9,18.6,27.8
2606.927,20.6,28.4,19.4,28.8,16.0,29.0,18.9,27.9
2607.927,20.3,28.5,19.1,28.9,15.6,29.0,18.5,28.0
2608.927,20.8,28.5,19.2,28.9,16.0,29.1,18.8,28.0
2609.928,10.1,28.7,9.2,29.1,7.1,29.3,9.2,28.1
2610.928,1.2,28.9,1.0,29.3,0.6,29.5,1.1,28.4
2611.928,-3.4,29.0,-0.1,29.5,-0.3,29.7,-2.4,28.5
2612.928,-7.1,28.7,-6.1,29.4,-5.2,29.5,-7.1,28.2
2613.928,-16.4,28.4,-16.9,28.8,-12.6,29.0,-14.3,28.0
2614.928,-20.8,28.3,-22.0,28.7,-16.7,28.9,-18.3,27.9
2615.928,-21.0,28.2,-22.1,28.6,-16.8,28.7,-18.4,27.8
2616.928,-21.1,28.1,-22.3,28.4,-17.0,28.6,-18.6,27.7
2617.928,-21.1,27.9,-22.3,28.3,-17.0,28.4,-18.5,27.5
2618.928,-20.9,27.8,-22.2,28.1,-16.9,28.2,-18.5,27.4
2619.928,-21.0,27.7,-22.2,28.0,-16.7,28.1,-18.3,27.3
2620.928,-20.9,27.6,-22.2,27.9,-16.8,28.0,-18.4,27.3
2621.928,-20.9,27.6,-22.2,27.8,-16.7,28.0,-18.4,27.2
2622.928,-21.0,27.5,-22.2,27.8,-16.9,27.9,-18.5,27.2
2623.928,-21.0,27.5,-22.3,27.7,-16.9,27.9,-18.5,27.2
2624.928,-21.0,27.5,-22.1,27.7,-16.6,27.8,-18.1,27.2
2625.928,-21.1,27.4,-22.3,27.7,-16.9,27.8,-18.5,27.1
2626.930,-21.2,27.4,-22.3,27.7,-16.9,27.8,-18.5,27.1
2627.930,-21.3,27.4,-22.4,27.6,-16.9,27.8,-18.4,27.1
2628.930,-21.2,27.4,-22.5,27.6,-17.1,27.7,-18.7,27.1
2629.930,-21.4,27.4,-22.5,27.6,-17.0,27.7,-18.5,27.1
2630.930,-21.3,27.4,-22.5,27.6,-17.1,27.7,-18.7,27.1
2631.930,-21.1,27.4,-22.2,27.6,-16.7,27.7,-18.3,27.1
2632.930,-21.4,27.3,-22.5,27.6,-17.0,27.7,-18.6,27.0
2633.930,-21.1,27.3,-22.2,27.6,-16.8,27.7,-18.4,27.0
2634.930,-19.5,27.4,-22.3,27.6,-13.0,27.7,-17.1,27.0
2635.930,-18.4,27.4,-20.9,27.6,-13.9,27.7,-16.1,27.0
2636.930,-18.7,27.4,-18.5,27.6,-15.5,27.7,-14.6,27.1
2637.930,-18.4,27.4,-20.2,27.5,-16.0,27.7,-18.0,27.0
2638.930,-6.5,27.5,-4.6,27.8,-4.2,27.9,-3.9,27.2
2639.930,0.2,28.0,-0.1,28.2,0.2,28.4,0.0,27.6
2640.930,3.1,28.2,2.2,28.4,3.4,28.4,2.0,27.9
2641.930,10.6,27.6,11.4,27.8,8.2,27.9,12.0,27.3
2642.930,14.8,27.5,13.3,27.7,10.9,27.8,12.7,27.2
2643.930,18.9,27.3,16.7,27.5,14.0,27.7,16.3,27.1
2644.930,17.6,27.3,18.1,27.5,13.3,27.7,16.2,27.1
2645.930,19.0,27.3,19.3,27.5,13.7,27.7,17.9,27.0
2646.930,19.4,27.3,18.5,27.5,15.3,27.7,18.0,27.1
2647.930,20.4,27.3,19.1,27.5,15.9,27.7,18.6,27.1
2648.930,20.2,27.4,18.8,27.6,15.2,27.7,17.8,27.1
2649.930,20.1,27.5,19.0,27.7,15.6,27.8,18.4,27.1
2650.930,19.9,27.5,18.9,27.7,15.5,27.8,18.4,27.2
2651.930,20.0,27.6,18.9,27.8,15.7,27.9,18.1,27.2
2652.930,20.0,27.7,19.0,27.8,15.8,27.9,18.6,27.2
2653.930,19.6,27.8,18.5,28.0,15.0,28.0,17.8,27.3
2654.930,20.2,27.9,19.1,28.1,15.6,28.1,18.7,27.3
2655.930,20.2,28.0,19.1,28.2,15.6,28.2,18.4,27.4
2656.930,20.0,28.0,19.1,28.2,15.3,28.3,18.1,27.4
2657.930,20.2,28.1,18.9,28.3,15.4,28.4,18.1,27.5
2658.930,20.3,28.2,19.1,28.4,15.5,28.5,18.3,27.6
2659.930,20.1,28.2,19.0,28.5,15.5,28.6,18.4,27.6
2660.930,19.8,28.3,18.8,28.5,15.3,28.7,18.2,27.7
2661.930,20.4,28.3,19.3,28.6,16.0,28.7,19.0,27.7
2662.930,20.4,28.4,19.2,28.7,15.7,28.8,18.6,27.8
2663.930,20.3,28.4,19.1,28.7,15.5,28.9,18.3,27.9
2664.930,20.4,28.5,19.2,28.8,15.7,29.0,18.6,27.9
2665.930,20.9,28.5,19.5,28.9,16.2,29.1,19.1,28.0
2666.930,13.9,28.6,13.1,29.0,10.5,29.2,13.0,28.1
2667.930,0.3,28.9,0.3,29.3,0.2,29.5,0.4,28.4
2668.930,-5.0,28.9,-0.5,29.5,-0.9,29.7,-3.5,28.4
2669.930,-8.4,28.6,-8.9,29.2,-7.0,29.3,-8.9,28.2
2670.930,-19.8,28.4,-19.7,28.8,-14.9,29.0,-16.3,28.0
2671.930,-21.0,28.2,-22.3,28.7,-16.8,28.8,-18.5,27.8
2672.930,-21.0,28.1,-22.1,28.5,-16.9,28.7,-18.6,27.7
2673.930,-21.1,28.0,-22.3,28.4,-17.0,28.5,-18.6,27.6
2674.930,-21.0,27.9,-22.3,28.2,-16.9,28.3,-18.5,27.5
2675.930,-20.8,27.7,-22.1,28.1,-16.7,28.2,-18.3,27.4
2676.930,-20.9,27.6,-22.1,28.0,-16.6,28.1,-18.2,27.3
2677.930,-21.0,27.6,-22.2,27.9,-16.8,28.0,-18.5,27.2
2678.930,-20.7,27.5,-22.1,27.8,-16.7,27.9,-18.4,27.2
2679.930,-21.1,27.5,-22.3,27.8,-16.8,27.9,-18.4,27.2
2680.930,-21.1,27.5,-22.3,27.7,-16.8,27.9,-18.4,27.2
2681.930,-20.9,27.4,-22.2,27.7,-16.7,27.8,-18.3,27.1
2682.930,-21.4,27.4,-22.5,27.7,-17.0,27.8,-18.5,27.1
2683.930,-20.9,27.4,-22.2,27.6,-16.8,27.8,-18.5,27.1
2684.932,-21.2,27.4,-22.4,27.6,-16.9,27.8,-18.4,27.1
2685.932,-21.2,27.4,-22.5,27.6,-17.1,27.8,-18.7,27.1
2686.932,-21.4,27.4,-22.5,27.6,-16.9,27.7,-18.4,27.0
2687.934,-21.1,27.4,-22.4,27.6,-17.0,27.7,-18.6,27.0
2688.934,-21.2,27.4,-22.2,27.6,-16.7,27.7,-18.2,27.0
2689.934,-21.4,27.4,-22.5,27.6,-17.1,27.7,-18.7,27.0
2690.934,-20.9,27.3,-22.2,27.5,-15.7,27.7,-18.4,27.0
2691.934,-18.4,27.4,-22.3,27.5,-12.9,27.7,-16.1,27.0
2692.934,-18.8,27.3,-19.6,27.6,-14.8,27.7,-15.4,27.1
2693.934,-18.8,27.3,-19.2,27.6,-15.2,27.7,-15.8,27.0
2694.934,-18.1,27.3,-17.8,27.5,-15.0,27.6,-16.4,27.0
2695.934,0.3,27.8,0.1,27.9,0.0,28.1,0.1,27.4
2696.934,1.0,28.1,-0.0,28.3,0.2,28.5,0.2,27.7
2697.934,8.0,27.9,6.3,28.3,6.1,28.3,7.1,27.7
2698.934,10.8,27.5,10.1,27.7,7.9,27.8,9.9,27.2
2699.934,17.6,27.4,16.3,27.6,13.1,27.7,15.5,27.1
2700.934,17.8,27.3,16.4,27.5,13.7,27.6,16.0,27.1
2701.934,17.9,27.3,18.8,27.5,13.3,27.7,16.3,27.1
2702.934,18.8,27.3,18.6,27.5,13.8,27.7,17.7,27.0
2703.934,20.2,27.3,18.9,27.5,15.8,27.7,18.5,27.0
2704.934,20.2,27.3,19.1,27.6,15.9,27.7,18.8,27.1
2705.934,19.7,27.4,18.6,27.6,15.1,27.7,17.8,27.1
2706.934,20.4,27.5,19.0,27.7,15.6,27.8,18.3,27.1
2707.934,20.0,27.6,18.8,27.7,15.5,27.9,18.3,27.2
2708.934,20.1,27.6,18.9,27.8,15.5,27.9,18.3,27.2
2709.934,19.5,27.7,18.4,27.9,15.1,28.0,18.0,27.2
2710.934,20.3,27.8,19.0,28.0,15.6,28.0,18.4,27.3
2711.934,20.1,27.9,19.0,28.1,15.6,28.1,18.5,27.3
2712.934,20.1,28.0,18.9,28.2,15.5,28.2,18.3,27.4
2713.934,20.3,28.0,18.9,28.3,15.4,28.3,18.1,27.4
2714.934,20.1,28.1,18.9,28.3,15.4,28.4,18.2,27.5
2715.934,20.2,28.2,19.0,28.4,15.7,28.5,18.6,27.6
2716.934,20.0,28.2,18.7,28.5,15.2,28.6,17.9,27.6
2717.934,20.6,28.3,19.3,28.6,15.9,28.7,18.7,27.7
2718.934,20.0,28.3,18.9,28.6,15.6,28.8,18.5,27.8
2719.934,20.4,28.4,19.2,28.7,15.8,28.9,18.6,27.8
2720.934,20.4,28.4,19.1,28.8,15.6,29.0,18.3,27.9
2721.934,20.4,28.5,19.1,28.8,15.7,29.0,18.6,27.9
2722.934,20.9,28.5,19.2,28.9,16.1,29.1,18.9,28.0
2723.934,7.6,28.7,7.1,29.1,5.4,29.3,7.2,28.1
2724.934,-1.3,29.0,-0.2,29.4,-0.3,29.6,-0.9,28.5
2725.934,-5.7,28.8,-2.3,29.5,-2.5,29.6,-4.8,28.3
2726.934,-14.2,28.5,-14.4,29.0,-10.6,29.1,-12.3,28.1
2727.934,-20.8,28.3,-21.6,28.7,-16.6,28.9,-18.2,27.9
2728.934,-21.0,28.2,-22.1,28.6,-16.8,28.7,-18.4,27.8
2729.934,-21.1,28.1,-22.3,28.5,-17.0,28.6,-18.7,27.7
2730.934,-21.1,27.9,-22.3,28.3,-17.0,28.4,-18.5,27.5
2731.934,-21.0,27.7,-22.3,28.1,-16.9,28.2,-18.5,27.4
2732.934,-20.7,27.7,-22.1,28.0,-16.7,28.1,-18.4,27.3
2733.934,-20.8,27.6,-22.1,27.9,-16.6,28.0,-18.2,27.3
2734.934,-20.9,27.5,-22.2,27.8,-16.8,27.9,-18.4,27.2
2735.934,-20.9,27.5,-22.2,27.8,-16.8,27.9,-18.5,27.2
2736.934,-21.1,27.4,-22.4,27.7,-16.9,27.9,-18.5,27.2
2737.934,-21.0,27.4,-22.2,27.7,-16.7,27.8,-18.3,27.1
2738.934,-21.0,27.4,-22.2,27.7,-16.8,27.8,-18.4,27.1
2739.935,-21.1,27.4,-22.4,27.6,-16.9,27.8,-18.5,27.1
2740.935,-21.1,27.3,-22.3,27.6,-16.8,27.8,-18.4,27.1
2741.935,-21.3,27.3,-22.5,27.6,-17.1,27.7,-18.6,27.0
2742.935,-21.2,27.3,-22.5,27.6,-17.0,27.7,-18.6,27.0
2743.935,-21.3,27.3,-22.5,27.5,-17.0,27.7,-18.6,27.0
2744.935,-21.0,27.3,-22.2,27.6,-16.7,27.7,-18.4,27.0
2745.935,-21.4,27.3,-22.5,27.5,-17.0,27.7,-18.5,27.0
2746.935,-21.2,27.3,-22.3,27.5,-16.9,27.7,-18.4,27.0
2747.935,-19.6,27.3,-22.3,27.5,-14.4,27.7,-17.6,27.0
2748.935,-18.6,27.3,-21.6,27.5,-12.4,27.7,-15.1,27.0
2749.935,-18.5,27.3,-19.3,27.5,-16.0,27.7,-15.9,27.0
2750.935,-19.1,27.3,-18.2,27.6,-15.8,27.6,-16.9,27.0
2751.935,-9.1,27.4,-10.6,27.6,-7.2,27.7,-8.3,27.1
2752.935,0.4,28.0,-0.2,28.1,0.0,28.2,0.2,27.6
2753.935,4.5,28.0,1.4,28.3,3.2,28.4,2.5,27.7
2754.935,11.8,27.5,10.7,27.9,9.6,27.8,12.5,27.2
2755.935,14.7,27.4,14.0,27.6,10.6,27.8,12.4,27.1
2756.935,18.4,27.3,17.2,27.5,14.1,27.7,16.6,27.0
2757.935,17.2,27.3,17.8,27.5,12.8,27.6,15.3,27.0
2758.935,19.1,27.3,19.2,27.5,13.5,27.6,17.9,27.0
2759.935,19.6,27.3,18.6,27.5,15.4,27.6,18.2,27.0
2760.935,20.2,27.3,19.1,27.5,15.9,27.7,18.7,27.0
2761.935,20.0,27.4,18.8,27.6,15.3,27.7,18.0,27.1
2762.935,20.1,27.4,19.0,27.6,15.7,27.7,18.5,27.1
2763.935,20.1,27.5,18.9,27.7,15.4,27.8,18.2,27.1
2764.935,19.8,27.6,18.7,27.7,15.3,27.9,18.1,27.2
2765.935,20.0,27.7,18.9,27.8,15.5,27.9,18.3,27.2
2766.935,19.7,27.8,18.7,27.9,15.3,28.0,18.1,27.2
2767.935,20.3,27.8,19.1,28.0,15.7,28.1,18.5,27.3
2768.935,20.2,27.9,19.0,28.1,15.6,28.2,18.4,27.3
2769.935,20.2,28.0,19.0,28.2,15.6,28.3,18.4,27.4
2770.935,20.0,28.1,18.8,28.3,15.3,28.4,18.2,27.5
2771.935,20.0,28.1,18.8,28.4,15.3,28.5,18.1,27.5
2772.935,20.5,28.2,19.1,28.4,15.5,28.6,18.1,27.6
2773.935,20.1,28.2,18.9,28.5,15.4,28.6,18.3,27.7
2774.935,20.4,28.3,19.2,28.6,15.8,28.7,18.7,27.7
2775.935,20.3,28.3,19.1,28.7,15.8,28.8,18.7,27.8
2776.937,20.5,28.4,19.2,28.8,15.8,28.9,18.7,27.8
2777.937,20.2,28.4,19.0,28.8,15.4,29.0,18.3,27.9
2778.937,21.0,28.5,19.5,28.9,16.2,29.1,19.0,28.0
2779.937,13.6,28.6,12.5,29.0,9.9,29.2,12.4,28.1
2780.937,0.2,28.9,0.0,29.3,0.0,29.5,0.2,28.4
2781.937,-5.0,28.9,-0.5,29.5,-1.0,29.7,-3.5,28.4
2782.937,-8.9,28.6,-9.4,29.2,-7.2,29.3,-9.1,28.1
2783.937,-20.3,28.3,-20.3,28.7,-15.4,28.9,-16.8,27.9
2784.937,-21.0,28.2,-22.3,28.6,-16.8,28.8,-18.4,27.8
2785.937,-21.0,28.1,-22.2,28.5,-16.9,28.7,-18.5,27.7
2786.937,-21.1,28.0,-22.3,28.3,-17.0,28.5,-18.5,27.6
2787.937,-21.0,27.8,-22.3,28.2,-16.9,28.3,-18.5,27.4
2788.937,-20.8,27.7,-22.1,28.0,-16.8,28.1,-18.4,27.3
2789.939,-20.9,27.6,-22.1,27.9,-16.7,28.0,-18.3,27.3
2790.939,-20.9,27.5,-22.2,27.8,-16.9,28.0,-18.5,27.2
2791.941,-20.8,27.5,-22.1,27.8,-16.7,27.9,-18.4,27.2
2792.941,-21.0,27.4,-22.3,27.7,-16.9,27.8,-18.5,27.2
2793.941,-21.0,27.4,-22.2,27.7,-16.7,27.8,-18.3,27.1
2794.941,-21.0,27.4,-22.2,27.7,-16.8,27.8,-18.4,27.1
2795.941,-21.3,27.4,-22.5,27.6,-17.0,27.8,-18.5,27.1
2796.941,-21.0,27.3,-22.3,27.6,-16.9,27.7,-18.6,27.1
2797.941,-21.2,27.3,-22.4,27.6,-17.0,27.7,-18.5,27.0
2798.941,-21.2,27.3,-22.3,27.6,-16.9,27.7,-18.4,27.0
2799.941,-21.5,27.3,-22.6,27.5,-17.1,27.7,-18.6,27.0
2800.941,-21.0,27.3,-22.3,27.5,-16.9,27.7,-18.5,27.0
2801.941,-21.3,27.3,-22.4,27.5,-16.9,27.7,-18.4,27.0
2802.941,-21.2,27.3,-22.4,27.5,-17.0,27.7,-18.6,27.0
2803.941,-21.0,27.3,-22.2,27.5,-15.4,27.7,-18.3,27.0
2804.941,-18.0,27.3,-22.4,27.5,-13.8,27.7,-15.5,27.0
2805.941,-17.7,27.3,-18.5,27.6,-13.7,27.7,-14.5,27.0
2806.941,-18.6,27.3,-19.7,27.5,-15.6,27.6,-16.9,27.0
2807.941,-17.6,27.3,-14.8,27.6,-13.8,27.6,-15.2,27.0
2808.941,-0.5,27.7,-1.2,27.9,0.2,28.1,0.0,27.4
2809.941,1.7,28.1,-0.0,28.3,0.4,28.4,1.3,27.7
2810.941,10.7,27.7,5.9,28.3,7.8,28.1,9.6,27.3
2811.941,9.4,27.5,9.3,27.8,7.6,27.8,8.9,27.2
2812.941,18.5,27.3,17.9,27.5,14.3,27.7,16.9,27.1
2813.941,17.8,27.3,16.8,27.5,13.2,27.6,15.8,27.0
2814.941,17.8,27.2,19.3,27.4,13.7,27.6,16.9,27.0
2815.941,19.7,27.3,18.9,27.4,14.4,27.6,18.2,27.0
2816.941,19.8,27.3,18.6,27.5,15.3,27.6,18.0,27.0
2817.941,20.5,27.3,19.2,27.5,15.8,27.6,18.6,27.0
2818.941,20.0,27.3,18.9,27.6,15.6,27.7,18.5,27.1
2819.942,20.0,27.4,18.8,27.6,15.3,27.8,18.1,27.1
2820.942,20.0,27.5,18.8,27.7,15.3,27.8,18.1,27.1
2821.942,19.9,27.6,18.8,27.8,15.4,27.9,18.3,27.2
2822.942,20.0,27.7,18.9,27.8,15.6,27.9,18.5,27.2
2823.942,19.7,27.8,18.6,28.0,15.0,28.0,17.8,27.2
2824.942,20.5,27.9,19.2,28.0,15.8,28.1,18.6,27.3
2825.942,20.4,27.9,19.2,28.2,15.8,28.2,18.7,27.3
2826.942,20.0,28.0,18.8,28.2,15.2,28.3,18.0,27.4
2827.942,20.2,28.1,18.9,28.3,15.3,28.4,18.0,27.5
2828.942,20.2,28.1,19.0,28.4,15.5,28.5,18.3,27.5
2829.942,20.4,28.2,19.2,28.5,15.8,28.6,18.7,27.6
2830.942,19.9,28.2,18.8,28.5,15.3,28.7,18.2,27.7
2831.942,20.4,28.3,19.2,28.6,15.8,28.7,18.8,27.7
2832.942,20.5,28.3,19.3,28.7,15.9,28.8,18.8,27.8
2833.942,20.5,28.4,19.2,28.8,15.6,28.9,18.3,27.9
2834.942,20.4,28.4,19.1,28.8,15.7,29.0,18.6,27.9
2835.942,20.6,28.5,19.0,28.9,15.8,29.1,18.7,28.0
2836.942,4.0,28.7,3.7,29.1,2.8,29.3,4.1,28.2
2837.942,-2.9,29.0,-0.1,29.4,-0.3,29.6,-2.0,28.4
2838.942,-6.8,28.7,-4.8,29.4,-4.3,29.4,-6.3,28.2
2839.942,-17.0,28.4,-17.2,28.8,-12.8,29.0,-14.4,27.9
2840.942,-20.8,28.2,-22.1,28.7,-16.8,28.8,-18.5,27.8
2841.942,-21.0,28.1,-22.1,28.5,-16.9,28.7,-18.5,27.7
2842.942,-21.1,28.0,-22.3,28.4,-17.0,28.5,-18.7,27.6
2843.942,-21.0,27.8,-22.3,28.2,-16.9,28.3,-18.5,27.5
2844.942,-20.9,27.7,-22.2,28.1,-16.8,28.2,-18.4,27.4
2845.942,-20.9,27.6,-22.2,27.9,-16.7,28.0,-18.3,27.3
2846.942,-20.9,27.5,-22.2,27.9,-16.8,28.0,-18.4,27.2
2847.942,-20.9,27.5,-22.1,27.8,-16.6,27.9,-18.3,27.2
2848.942,-21.0,27.4,-22.3,27.7,-16.9,27.8,-18.5,27.1
2849.942,-21.0,27.4,-22.3,27.7,-16.8,27.8,-18.4,27.1
2850.942,-21.0,27.4,-22.2,27.7,-16.7,27.8,-18.3,27.1
2851.942,-21.1,27.4,-22.3,27.6,-16.8,27.8,-18.4,27.1
2852.942,-21.0,27.3,-22.3,27.6,-16.9,27.7,-18.5,27.1
2853.942,-21.2,27.3,-22.4,27.6,-16.9,27.7,-18.5,27.0
2854.942,-21.1,27.3,-22.4,27.6,-17.0,27.7,-18.5,27.0
2855.942,-21.3,27.3,-22.5,27.5,-17.0,27.7,-18.6,27.0
2856.942,-21.2,27.3,-22.5,27.5,-17.0,27.7,-18.6,27.0
2857.942,-21.0,27.3,-22.2,27.5,-16.6,27.7,-18.2,27.0
2858.942,-21.3,27.3,-22.5,27.5,-17.0,27.7,-18.6,27.0
2859.942,-20.9,27.3,-22.2,27.5,-16.6,27.6,-18.3,27.0
2860.942,-19.0,27.3,-22.4,27.5,-13.0,27.7,-17.2,27.0
2861.942,-17.2,27.3,-20.6,27.5,-14.1,27.7,-16.0,27.0
2862.942,-19.4,27.3,-19.2,27.5,-15.6,27.6,-14.8,27.0
2863.942,-18.7,27.3,-19.8,27.5,-16.1,27.6,-17.6,26.9
2864.942,-5.6,27.5,-3.8,27.7,-3.3,27.8,-3.3,27.2
2865.942,0.4,28.0,-0.2,28.1,0.2,28.3,0.1,27.6
2866.944,5.0,28.0,2.3,28.3,2.7,28.4,1.1,27.8
2867.944,11.3,27.5,10.8,27.8,8.9,27.8,11.0,27.3
2868.944,13.1,27.4,12.6,27.6,9.7,27.8,10.6,27.2
2869.944,18.3,27.3,16.8,27.4,14.3,27.6,17.2,27.0
2870.944,17.7,27.2,17.7,27.4,13.4,27.6,16.3,27.0
2871.944,18.4,27.2,19.1,27.4,13.0,27.6,17.3,27.0
2872.944,19.7,27.2,18.6,27.4,15.3,27.6,18.3,27.0
2873.944,20.0,27.3,18.9,27.5,15.6,27.6,18.3,27.0
2874.944,20.0,27.3,18.8,27.5,15.3,27.7,18.1,27.0
2875.944,20.2,27.4,19.1,27.6,15.8,27.7,18.7,27.1
2876.944,20.4,27.4,19.1,27.6,15.5,27.8,18.1,27.1
2877.944,20.1,27.5,18.9,27.7,15.5,27.8,18.3,27.1
2878.944,19.9,27.7,18.9,27.8,15.6,27.9,18.6,27.2
2879.944,19.6,27.7,18.5,27.9,15.0,27.9,17.8,27.2
2880.944,19.9,27.8,18.8,28.0,15.3,28.0,18.2,27.3
2881.944,20.3,27.9,19.0,28.1,15.6,28.1,18.4,27.3
2882.944,20.3,28.0,19.2,28.2,15.8,28.2,18.8,27.4
2883.944,20.0,28.0,18.7,28.3,15.0,28.3,17.7,27.4
2884.944,20.2,28.1,19.0,28.3,15.5,28.4,18.2,27.5
2885.944,20.5,28.1,19.2,28.4,15.7,28.5,18.6,27.5
2886.944,20.0,28.2,18.8,28.5,15.3,28.6,18.2,27.6
2887.944,20.2,28.3,19.0,28.6,15.6,28.7,18.5,27.7
2888.944,20.3,28.3,19.1,28.6,15.7,28.8,18.7,27.7
2889.944,20.5,28.3,19.3,28.7,15.8,28.9,18.6,27.8
2890.944,20.5,28.4,19.2,28.8,15.7,28.9,18.5,27.9
2891.944,20.7,28.4,19.4,28.8,15.9,29.0,18.8,27.9
2892.944,17.1,28.5,15.7,28.9,12.9,29.1,16.1,28.0
2893.944,0.8,28.8,0.7,29.2,0.4,29.4,1.0,28.3
2894.944,-4.8,28.9,-0.4,29.5,-0.8,29.6,-3.3,28.4
2895.944,-8.1,28.6,-8.4,29.2,-6.6,29.3,-8.4,28.1
2896.944,-18.6,28.3,-18.7,28.7,-14.1,28.9,-15.4,27.9
2897.944,-20.9,28.2,-22.3,28.6,-16.8,28.8,-18.4,27.8
2898.944,-21.1,28.1,-22.2,28.5,-16.9,28.6,-18.5,27.7
2899.944,-21.1,27.9,-22.3,28.3,-17.0,28.4,-18.6,27.6
2900.944,-21.0,27.8,-22.3,28.1,-16.9,28.2,-18.5,27.4
2901.944,-20.7,27.6,-22.1,28.0,-16.8,28.1,-18.4,27.3
2902.944,-20.9,27.5,-22.1,27.9,-16.6,28.0,-18.2,27.3
2903.944,-20.8,27.5,-22.1,27.8,-16.7,27.9,-18.4,27.2
2904.944,-20.9,27.4,-22.2,27.8,-16.8,27.9,-18.4,27.1
2905.946,-21.0,27.4,-22.3,27.7,-16.8,27.8,-18.4,27.1
2906.946,-20.9,27.4,-22.2,27.7,-16.8,27.8,-18.4,27.1
2907.946,-21.0,27.3,-22.2,27.6,-16.8,27.8,-18.4,27.1
2908.946,-21.3,27.3,-22.4,27.6,-16.9,27.7,-18.5,27.0
2909.946,-21.0,27.3,-22.3,27.6,-17.0,27.7,-18.6,27.0
2910.946,-21.2,27.3,-22.4,27.6,-16.8,27.7,-18.4,27.0
2911.946,-21.2,27.3,-22.5,27.5,-17.0,27.7,-18.6,27.0
2912.946,-21.3,27.3,-22.5,27.5,-17.0,27.7,-18.5,27.0
2913.946,-21.1,27.3,-22.4,27.5,-17.0,27.7,-18.5,27.0
2914.946,-21.2,27.3,-22.4,27.5,-16.9,27.6,-18.5,27.0
2915.946,-21.3,27.3,-22.4,27.5,-17.0,27.6,-18.5,27.0
2916.946,-21.0,27.3,-22.2,27.5,-16.0,27.6,-18.3,26.9
2917.946,-18.2,27.3,-22.3,27.4,-13.2,27.7,-16.5,27.0
2918.946,-18.8,27.3,-19.7,27.5,-14.6,27.6,-15.7,27.0
2919.946,-18.7,27.3,-19.1,27.5,-15.3,27.6,-15.5,27.0
2920.946,-17.5,27.3,-19.2,27.4,-15.7,27.6,-17.4,26.9
2921.946,-2.0,27.6,-1.0,27.8,-0.3,27.9,-0.5,27.3
2922.946,0.2,28.0,-0.1,28.2,0.2,28.4,0.2,27.6
2923.947,4.8,28.1,4.1,28.3,5.1,28.2,5.8,27.6
2924.947,11.6,27.5,11.3,27.7,8.6,27.8,11.4,27.2
2925.947,16.2,27.4,15.1,27.5,11.7,27.7,13.4,27.1
2926.947,18.6,27.2,16.7,27.4,14.2,27.6,16.4,27.0
2927.947,17.7,27.2,18.6,27.4,13.1,27.6,16.0,27.0
2928.947,18.8,27.2,18.8,27.4,13.5,27.6,18.1,27.0
2929.947,20.0,27.2,18.9,27.4,15.8,27.6,18.6,27.0
2930.947,20.0,27.3,18.9,27.5,15.4,27.6,18.1,27.0
2931.947,19.8,27.3,18.6,27.5,15.1,27.7,17.9,27.0
2932.948,20.1,27.4,18.9,27.6,15.6,27.7,18.4,27.1
2933.948,20.2,27.4,19.0,27.6,15.7,27.8,18.5,27.1
2934.948,20.1,27.6,18.9,27.7,15.5,27.8,18.3,27.1
2935.948,19.8,27.6,18.7,27.8,15.3,27.9,18.2,27.1
2936.948,20.3,27.7,19.0,27.9,15.5,27.9,18.3,27.2
2937.948,20.0,27.8,18.9,28.0,15.4,28.0,18.2,27.3
2938.948,19.9,27.9,18.8,28.1,15.3,28.1,18.2,27.3
2939.948,20.3,27.9,19.0,28.2,15.5,28.2,18.3,27.4
2940.948,20.3,28.0,19.0,28.3,15.6,28.3,18.4,27.4
2941.948,20.1,28.1,18.9,28.3,15.4,28.4,18.3,27.5
2942.948,20.3,28.1,19.0,28.4,15.6,28.5,18.4,27.6
2943.948,20.4,28.2,19.1,28.5,15.6,28.6,18.5,27.6
2944.948,20.3,28.2,19.0,28.6,15.6,28.7,18.5,27.7
2945.948,20.3,28.3,19.0,28.6,15.5,28.8,18.4,27.7
2946.948,20.6,28.3,19.3,28.7,15.8,28.8,18.6,27.8
2947.948,20.3,28.4,19.1,28.8,15.7,28.9,18.6,27.8
2948.948,20.8,28.4,19.2,28.8,15.9,29.0,18.8,27.9
2949.948,10.3,28.6,10.3,29.0,8.5,29.1,10.9,28.0
2950.948,-1.0,28.9,-0.4,29.3,-0.4,29.5,-0.9,28.4
2951.948,-5.7,28.8,-1.9,29.4,-2.1,29.6,-4.7,28.3
2952.948,-13.3,28.5,-13.2,29.0,-9.7,29.1,-11.5,28.0
2953.949,-20.9,28.2,-21.6,28.7,-16.5,28.8,-17.9,27.8
2954.949,-21.0,28.1,-22.1,28.5,-16.8,28.7,-18.3,27.7
2955.949,-21.2,28.0,-22.3,28.4,-17.0,28.5,-18.6,27.6
2956.949,-21.1,27.9,-22.4,28.3,-17.0,28.3,-18.6,27.5
2957.949,-21.0,27.7,-22.3,28.1,-16.9,28.2,-18.5,27.4
2958.949,-20.8,27.6,-22.1,28.0,-16.7,28.0,-18.4,27.3
2959.949,-20.8,27.5,-22.1,27.8,-16.6,28.0,-18.2,27.2
2960.949,-20.8,27.5,-22.2,27.8,-16.8,27.9,-18.4,27.1
2961.949,-20.9,27.4,-22.2,27.7,-16.8,27.8,-18.5,27.1
2962.950,-21.0,27.4,-22.2,27.7,-16.8,27.8,-18.4,27.1
2963.950,-21.1,27.4,-22.3,27.6,-16.8,27.8,-18.4,27.1
2964.950,-21.0,27.4,-22.2,27.6,-16.7,27.7,-18.3,27.0
2965.950,-21.1,27.3,-22.4,27.6,-16.9,27.7,-18.5,27.0
2966.950,-21.3,27.3,-22.4,27.6,-16.9,27.7,-18.5,27.0
2967.950,-21.2,27.3,-22.4,27.5,-16.9,27.7,-18.5,27.0
2968.950,-21.3,27.3,-22.4,27.5,-17.0,27.7,-18.6,27.0
2969.950,-21.5,27.3,-22.5,27.5,-17.0,27.6,-18.5,27.0
2970.950,-21.1,27.3,-22.3,27.5,-16.9,27.6,-18.5,27.0
2971.950,-21.4,27.3,-22.5,27.5,-17.1,27.6,-18.6,27.0
2972.950,-21.1,27.3,-22.2,27.5,-16.6,27.6,-18.1,27.0
2973.950,-19.7,27.3,-22.4,27.5,-15.0,27.6,-18.5,26.9
2974.950,-18.6,27.3,-21.8,27.5,-12.8,27.7,-14.5,27.0
2975.950,-18.7,27.3,-19.4,27.5,-15.5,27.6,-16.3,27.0
2976.950,-17.8,27.3,-19.3,27.5,-15.6,27.6,-16.4,26.9
2977.950,-10.9,27.3,-9.9,27.6,-8.4,27.7,-9.5,27.0
2978.950,0.2,27.9,-0.4,28.0,0.2,28.2,0.2,27.5
2979.950,2.0,28.2,0.9,28.3,2.7,28.3,2.1,27.7
2980.950,11.7,27.6,11.6,27.8,8.6,27.8,10.4,27.3
2981.950,12.8,27.4,13.0,27.6,9.5,27.7,11.7,27.1
2982.950,18.9,27.2,16.6,27.4,13.8,27.6,16.1,27.0
2983.950,17.8,27.2,17.8,27.4,13.5,27.6,16.7,27.0
2984.950,18.5,27.2,19.0,27.4,13.5,27.6,17.3,27.0
2985.950,20.2,27.2,19.2,27.4,16.2,27.6,19.0,27.0
2986.950,20.1,27.3,18.9,27.5,15.5,27.6,18.3,27.0
2987.950,19.5,27.3,18.4,27.5,14.8,27.7,17.4,27.0
2988.950,20.1,27.4,19.0,27.5,15.6,27.7,19.0,27.0
2989.950,20.2,27.4,19.0,27.6,15.5,27.7,18.6,27.1
2990.950,20.0,27.5,18.8,27.7,15.4,27.8,18.1,27.1
2991.950,19.9,27.6,18.8,27.8,15.4,27.9,18.3,27.1
2992.950,20.3,27.7,19.1,27.9,15.7,27.9,18.6,27.2
2993.950,20.0,27.8,18.9,28.0,15.5,28.0,18.4,27.2
2994.951,19.9,27.9,18.7,28.1,15.2,28.1,17.9,27.3
2995.951,20.2,27.9,19.0,28.1,15.6,28.2,18.4,27.3
2996.951,20.1,28.0,18.9,28.2,15.4,28.3,18.2,27.4
2997.951,20.2,28.1,19.0,28.3,15.5,28.4,18.3,27.5
2998.951,20.3,28.1,19.0,28.4,15.4,28.5,18.2,27.5
2999.951,20.6,28.2,19.3,28.5,16.0,28.6,19.0,27.6
3000.951,19.9,28.2,18.8,28.6,15.3,28.7,18.3,27.7
3001.951,20.3,28.3,19.0,28.6,15.5,28.7,18.4,27.7
3002.951,20.4,28.3,19.1,28.7,15.7,28.8,18.5,27.8
3003.951,20.4,28.4,19.2,28.7,15.7,28.9,18.6,27.8
3004.951,20.8,28.4,19.4,28.8,16.0,29.0,18.9,27.9
3005.951,15.1,28.5,14.0,28.9,11.4,29.1,13.7,28.0
3006.951,0.3,28.8,0.2,29.2,0.1,29.4,0.4,28.3
3007.951,-4.8,28.9,-0.3,29.5,-0.8,29.6,-3.4,28.3
3008.951,-7.5,28.6,-7.7,29.2,-6.1,29.3,-8.0,28.1
3009.951,-19.5,28.3,-19.4,28.7,-14.6,28.9,-16.1,27.9
3010.951,-20.9,28.2,-22.3,28.6,-16.8,28.7,-18.4,27.8
3011.951,-21.0,28.1,-22.2,28.5,-16.9,28.6,-18.5,27.7
3012.951,-21.1,27.9,-22.3,28.3,-17.0,28.4,-18.6,27.5
3013.951,-21.0,27.8,-22.3,28.2,-16.9,28.2,-18.5,27.4
3014.951,-20.9,27.7,-22.2,28.0,-16.8,28.1,-18.4,27.3
3015.951,-20.8,27.6,-22.1,27.9,-16.6,28.0,-18.2,27.2
3016.951,-20.8,27.5,-22.1,27.8,-16.8,27.9,-18.5,27.2
3017.951,-20.8,27.4,-22.2,27.8,-16.8,27.8,-18.5,27.1
3018.954,-21.0,27.4,-22.2,27.7,-16.7,27.8,-18.3,27.1
3019.954,-21.1,27.4,-22.3,27.7,-16.8,27.8,-18.4,27.1
3020.954,-20.9,27.4,-22.1,27.6,-16.7,27.7,-18.3,27.0
3021.954,-21.4,27.3,-22.5,27.6,-16.9,27.7,-18.4,27.1
3022.954,-21.1,27.3,-22.4,27.6,-17.0,27.7,-18.6,27.0
3023.954,-21.2,27.3,-22.3,27.5,-16.8,27.7,-18.3,27.0
3024.954,-21.3,27.3,-22.5,27.5,-17.1,27.6,-18.7,27.0
3025.954,-21.4,27.3,-22.4,27.5,-16.9,27.7,-18.4,27.0
3026.954,-21.1,27.3,-22.4,27.5,-17.0,27.6,-18.7,27.0
3027.954,-21.2,27.3,-22.3,27.5,-16.8,27.6,-18.4,27.0
3028.954,-21.2,27.3,-22.4,27.5,-16.9,27.6,-18.5,27.0
3029.954,-21.1,27.3,-22.3,27.5,-16.0,27.6,-18.5,26.9
3030.954,-18.1,27.3,-22.3,27.5,-13.0,27.7,-15.6,27.0
3031.954,-18.5,27.3,-19.2,27.5,-14.4,27.6,-14.1,27.0
3032.954,-18.9,27.3,-18.8,27.5,-15.4,27.6,-16.9,27.0
3033.956,-18.5,27.2,-19.3,27.5,-15.2,27.6,-16.8,26.9
3034.956,0.7,27.7,-0.0,27.8,0.1,27.9,0.4,27.3
3035.956,2.4,28.0,0.0,28.2,0.7,28.4,2.2,27.5
3036.956,10.5,27.6,8.9,28.0,7.3,28.0,9.4,27.3
3037.958,8.8,27.4,10.0,27.6,8.0,27.7,9.9,27.1
3038.958,18.3,27.3,16.9,27.5,13.7,27.6,16.3,27.0
3039.958,18.3,27.2,16.7,27.4,13.3,27.6,15.7,27.0
3040.958,17.4,27.2,18.9,27.4,13.2,27.6,16.1,27.0
3041.958,19.8,27.2,18.9,27.4,14.6,27.6,18.5,26.9
3042.958,20.2,27.2,19.0,27.4,15.8,27.6,18.6,27.0
3043.958,19.8,27.3,18.7,27.5,15.3,27.6,18.1,27.0
3044.958,20.2,27.3,19.0,27.5,15.5,27.7,18.3,27.0
3045.958,20.2,27.4,19.0,27.6,15.5,27.7,18.3,27.1
3046.958,20.0,27.5,18.9,27.6,15.5,27.8,18.4,27.1
3047.958,20.0,27.6,18.8,27.7,15.2,27.8,17.9,27.1
3048.958,20.0,27.7,18.8,27.8,15.4,27.9,18.2,27.2
3049.958,20.2,27.7,19.0,27.9,15.5,28.0,18.4,27.2
3050.958,19.9,27.8,18.8,28.0,15.4,28.0,18.4,27.2
3051.958,20.3,27.9,19.0,28.1,15.6,28.2,18.4,27.3
3052.958,20.2,28.0,19.0,28.2,15.5,28.2,18.3,27.3
3053.958,20.3,28.0,18.9,28.3,15.3,28.3,18.0,27.4
3054.958,19.9,28.1,18.8,28.3,15.3,28.4,18.1,27.5
3055.958,20.2,28.1,18.9,28.4,15.4,28.5,18.2,27.5
3056.958,20.5,28.2,19.3,28.5,16.0,28.6,19.1,27.6
3057.958,20.0,28.3,18.9,28.6,15.5,28.7,18.4,27.7
3058.958,20.5,28.3,19.2,28.6,15.7,28.8,18.5,27.7
3059.960,20.6,28.3,19.3,28.7,15.8,28.8,18.7,27.8
3060.960,20.3,28.4,19.0,28.8,15.5,28.9,18.4,27.9
3061.960,20.5,28.4,18.8,28.8,15.8,29.0,18.6,27.9
3062.960,4.2,28.7,4.1,29.0,3.2,29.3,4.2,28.1
3063.960,-1.9,29.0,-0.1,29.4,-0.3,29.6,-1.5,28.4
3064.960,-6.2,28.7,-3.6,29.4,-3.5,29.5,-5.9,28.2
3065.960,-16.3,28.4,-16.3,28.8,-12.0,29.0,-13.9,27.9
3066.960,-20.7,28.2,-22.0,28.6,-16.7,28.8,-18.5,27.8
3067.960,-21.0,28.1,-22.1,28.5,-16.8,28.6,-18.4,27.7
3068.960,-21.1,28.0,-22.3,28.4,-17.0,28.5,-18.6,27.6
3069.960,-21.0,27.8,-22.3,28.2,-16.9,28.3,-18.5,27.4
3070.960,-20.8,27.7,-22.2,28.0,-16.8,28.1,-18.4,27.3
3071.960,-20.8,27.6,-22.1,27.9,-16.7,28.0,-18.4,27.2
3072.960,-20.8,27.5,-22.1,27.8,-16.7,27.9,-18.3,27.2
3073.960,-20.8,27.5,-22.2,27.7,-16.7,27.8,-18.4,27.1
3074.960,-21.1,27.4,-22.3,27.7,-16.8,27.8,-18.4,27.1
3075.960,-21.0,27.4,-22.3,27.6,-16.8,27.8,-18.4,27.1
3076.960,-21.0,27.4,-22.2,27.6,-16.7,27.7,-18.3,27.0
3077.960,-21.1,27.3,-22.3,27.6,-16.8,27.7,-18.5,27.0
3078.991,-21.0,27.3,-22.3,27.5,-16.9,27.7,-18.6,27.0
3079.991,-21.2,27.3,-22.3,27.5,-16.8,27.7,-18.3,27.0
3080.991,-21.2,27.3,-22.4,27.5,-17.0,27.6,-18.6,27.0
3081.991,-21.2,27.3,-22.4,27.5,-16.9,27.6,-18.4,27.0
3082.991,-21.3,27.2,-22.6,27.5,-17.1,27.6,-18.7,26.9
3083.991,-21.0,27.2,-22.2,27.5,-16.8,27.6,-18.4,26.9
3084.991,-21.3,27.3,-22.4,27.5,-16.9,27.6,-18.5,26.9
3085.991,-21.1,27.2,-22.3,27.4,-16.8,27.6,-18.4,26.9
3086.996,-19.1,27.2,-22.3,27.5,-13.3,27.6,-16.9,26.9
3087.996,-17.3,27.3,-20.8,27.4,-13.6,27.6,-15.9,27.0
3088.996,-19.1,27.2,-18.0,27.5,-15.6,27.6,-14.5,26.9
3089.996,-19.5,27.2,-20.7,27.5,-16.0,27.6,-18.2,26.9
3090.996,-5.3,27.4,-5.4,27.6,-4.2,27.7,-4.2,27.1
3091.996,0.5,27.9,-0.2,28.1,0.2,28.2,0.6,27.5
3092.996,5.6,27.9,2.8,28.3,4.5,28.2,6.6,27.4
3093.996,11.2,27.4,11.2,27.7,8.8,27.7,10.2,27.1
3094.996,15.5,27.3,14.6,27.5,11.3,27.7,13.6,27.1
3095.996,17.6,27.2,16.7,27.4,13.9,27.6,16.5,27.0
3096.996,17.7,27.2,18.3,27.4,13.1,27.5,16.1,26.9
3097.996,18.8,27.2,18.8,27.4,13.5,27.5,17.6,26.9
3098.996,20.1,27.2,18.8,27.4,15.7,27.5,18.5,26.9
3099.996,20.2,27.2,18.8,27.4,15.5,27.6,18.3,26.9
3100.996,20.3,27.3,19.1,27.5,15.6,27.6,18.3,27.0
3102.020,20.1,27.3,19.0,27.5,15.6,27.7,18.5,27.0
3103.048,20.0,27.4,18.9,27.6,15.4,27.7,18.1,27.1
3104.048,20.1,27.5,18.9,27.7,15.5,27.8,18.4,27.1
3105.048,19.7,27.6,18.6,27.8,15.2,27.8,18.0,27.1
3106.048,19.8,27.7,18.8,27.9,15.3,27.9,18.3,27.2
3107.049,20.1,27.8,18.9,28.0,15.4,28.0,18.2,27.2
3108.049,20.3,27.8,19.1,28.0,15.7,28.1,18.5,27.3
3109.049,20.2,27.9,19.0,28.1,15.5,28.2,18.4,27.3
3110.049,20.1,28.0,18.9,28.2,15.3,28.3,18.1,27.4
3111.058,20.1,28.1,19.1,28.3,15.4,28.4,18.3,27.4
3112.058,20.2,28.1,19.0,28.4,15.5,28.5,18.3,27.5
3113.058,20.3,28.1,19.0,28.5,15.5,28.6,18.3,27.6
3114.058,20.3,28.2,19.1,28.5,15.8,28.6,18.7,27.6
3115.058,20.4,28.3,19.2,28.6,15.8,28.7,18.7,27.7
3116.058,20.5,28.3,19.2,28.7,15.8,28.8,18.7,27.8
3117.058,20.3,28.3,19.0,28.7,15.4,28.9,18.2,27.8
3118.087,20.8,28.4,19.3,28.8,16.2,29.0,19.1,27.9
3119.087,10.0,28.5,9.2,28.9,7.1,29.1,8.9,28.0
3120.087,-0.6,28.9,-0.2,29.3,-0.3,29.5,-0.6,28.3
3121.087,-5.3,28.7,-1.2,29.4,-1.5,29.6,-4.1,28.3
3122.087,-10.3,28.5,-10.6,29.0,-8.2,29.1,-10.1,28.0
3123.087,-20.6,28.2,-20.5,28.6,-16.1,28.8,-17.6,27.8
3124.087,-21.0,28.1,-22.3,28.5,-16.8,28.7,-18.4,27.7
3125.087,-21.0,28.0,-22.2,28.4,-16.9,28.5,-18.6,27.6
3126.090,-21.0,27.9,-22.3,28.2,-16.9,28.3,-18.6,27.5
3127.090,-21.0,27.7,-22.3,28.1,-16.9,28.1,-18.5,27.3
3128.090,-20.8,27.6,-22.2,27.9,-16.8,28.0,-18.5,27.2
3129.092,-20.8,27.5,-22.0,27.8,-16.5,27.9,-18.2,27.2
3130.092,-20.8,27.4,-22.0,27.7,-16.8,27.8,-18.5,27.1
3131.092,-20.8,27.4,-22.1,27.7,-16.7,27.8,-18.4,27.1
3132.119,-21.0,27.4,-22.3,27.6,-16.9,27.8,-18.5,27.1
3133.119,-21.1,27.3,-22.5,27.6,-16.8,27.7,-18.4,27.0
3134.119,-20.8,27.3,-22.2,27.6,-16.6,27.7,-18.2,27.0
3135.119,-21.2,27.3,-22.7,27.5,-16.9,27.7,-18.6,27.0
3136.119,-21.1,27.3,-22.4,27.5,-16.9,27.6,-18.5,27.0
3137.119,-21.2,27.3,-22.4,27.5,-17.0,27.6,-18.5,27.0
3138.120,-21.1,27.2,-22.4,27.5,-16.9,27.6,-18.5,26.9
3139.120,-21.4,27.2,-22.5,27.5,-16.9,27.6,-18.4,26.9
3140.120,-21.0,27.2,-22.4,27.5,-16.9,27.6,-18.6,26.9
3141.122,-21.2,27.2,-22.3,27.5,-16.8,27.6,-18.3,26.9
3142.122,-21.2,27.2,-22.4,27.4,-17.0,27.6,-18.6,26.9
3143.122,-20.6,27.2,-22.2,27.4,-14.9,27.6,-18.0,26.9
3144.122,-17.8,27.2,-22.3,27.4,-13.3,27.6,-14.7,26.9
3145.122,-18.1,27.2,-19.1,27.4,-14.6,27.6,-16.3,26.9
3146.122,-18.6,27.2,-18.8,27.4,-15.3,27.6,-15.9,26.9
3147.122,-14.0,27.3,-13.3,27.5,-10.9,27.6,-11.7,26.9
3148.122,-0.6,27.7,-0.8,27.9,0.0,28.1,-0.1,27.4
3149.122,0.8,28.0,0.1,28.2,0.8,28.4,0.3,27.7
3150.122,11.5,27.6,8.2,28.1,7.7,28.0,9.8,27.4
3151.122,10.5,27.4,9.8,27.6,8.1,27.7,9.9,27.1
3152.122,18.3,27.2,17.3,27.4,14.7,27.6,16.9,27.0
3153.122,17.9,27.2,17.5,27.4,13.3,27.5,15.9,26.9
3154.122,17.4,27.2,19.1,27.3,13.4,27.5,16.9,26.9
3155.155,19.5,27.2,18.4,27.3,14.1,27.5,17.7,26.9
3156.161,20.2,27.2,19.0,27.4,15.7,27.5,18.4,26.9
3157.161,19.9,27.2,19.0,27.4,15.6,27.6,18.5,26.9
3158.161,19.7,27.3,18.7,27.5,15.2,27.6,18.0,27.0
3159.161,20.2,27.3,19.0,27.5,15.6,27.7,18.4,27.0
3160.161,19.9,27.4,18.9,27.6,15.4,27.7,18.2,27.1
3161.161,19.7,27.5,18.7,27.7,15.4,27.8,18.4,27.1
3162.161,19.8,27.6,18.7,27.8,15.2,27.9,18.0,27.1
3163.161,20.2,27.7,19.1,27.9,15.7,27.9,18.6,27.2
3164.161,20.2,27.8,19.1,28.0,15.8,28.0,18.7,27.2
3165.161,20.0,27.9,18.8,28.1,15.3,28.1,18.1,27.3
3166.161,20.1,27.9,18.9,28.1,15.4,28.2,18.2,27.3
3167.161,20.1,28.0,18.9,28.2,15.4,28.3,18.3,27.4
3168.163,20.0,28.1,18.9,28.3,15.4,28.4,18.4,27.5
3169.163,20.3,28.1,19.0,28.4,15.4,28.5,18.1,27.5
3170.190,20.3,28.1,19.2,28.5,15.9,28.6,18.9,27.6
3171.192,20.0,28.2,19.0,28.5,15.7,28.7,18.7,27.6
3172.192,20.3,28.2,19.1,28.6,15.5,28.8,18.3,27.7
3173.192,20.5,28.3,19.3,28.7,15.8,28.8,18.6,27.8
3174.192,20.6,28.3,19.3,28.7,15.7,28.9,18.5,27.8
3175.193,19.8,28.4,18.3,28.8,15.3,29.0,18.2,27.9
3176.193,2.2,28.6,2.0,29.1,1.5,29.3,2.4,28.1
3177.193,-3.3,28.9,-0.1,29.3,-0.4,29.5,-2.2,28.3
3178.193,-6.8,28.6,-6.0,29.2,-5.1,29.3,-6.9,28.1
3179.225,-18.1,28.3,-18.2,28.7,-13.5,28.9,-15.1,27.9
3180.225,-20.8,28.1,-22.2,28.5,-16.8,28.7,-18.5,27.7
3181.225,-21.0,28.0,-22.1,28.4,-16.8,28.5,-18.5,27.6
3182.225,-21.1,27.9,-22.3,28.3,-17.0,28.4,-18.6,27.5
3183.225,-21.1,27.7,-22.3,28.1,-16.9,28.2,-18.4,27.4
3184.225,-20.8,27.6,-22.2,28.0,-16.8,28.0,-18.4,27.2
3185.225,-20.9,27.5,-22.2,27.8,-16.7,27.9,-18.3,27.2
3186.225,-20.9,27.4,-22.2,27.7,-16.8,27.9,-18.4,27.1
3187.225,-20.8,27.4,-22.1,27.7,-16.7,27.8,-18.4,27.1
3188.225,-20.9,27.4,-22.2,27.6,-16.8,27.7,-18.4,27.1
3189.225,-21.2,27.3,-22.3,27.6,-16.8,27.7,-18.3,27.0
3190.225,-20.9,27.3,-22.1,27.5,-16.6,27.7,-18.2,27.0
3191.225,-21.3,27.3,-22.4,27.5,-16.9,27.7,-18.4,27.0
3192.225,-21.0,27.3,-22.3,27.5,-17.0,27.6,-18.6,27.0
3193.225,-21.2,27.2,-22.4,27.5,-16.8,27.6,-18.4,26.9
3194.225,-21.2,27.2,-22.5,27.5,-17.1,27.6,-18.7,26.9
3195.225,-21.3,27.2,-22.5,27.5,-16.9,27.6,-18.5,26.9
3196.225,-21.2,27.2,-22.4,27.4,-17.0,27.6,-18.6,26.9
3197.225,-21.2,27.2,-22.3,27.4,-16.8,27.6,-18.4,26.9
3198.225,-21.2,27.2,-22.3,27.4,-16.8,27.6,-18.4,26.9
3199.225,-21.2,27.2,-22.4,27.4,-16.6,27.6,-18.5,26.9
3200.225,-18.6,27.2,-22.2,27.4,-12.8,27.6,-16.8,26.9
3201.225,-17.7,27.2,-20.4,27.4,-14.4,27.6,-14.8,26.9
3202.225,-18.9,27.2,-18.2,27.4,-15.3,27.6,-15.9,26.9
3203.225,-19.0,27.2,-20.2,27.4,-16.0,27.5,-17.1,26.9
3204.225,-3.2,27.5,-2.0,27.7,-1.2,27.9,-1.6,27.2
3205.225,0.4,27.9,-0.3,28.1,0.2,28.3,0.1,27.6
3206.225,6.8,27.8,4.5,28.2,4.4,28.2,3.7,27.7
3207.225,11.8,27.4,11.5,27.6,9.2,27.7,12.4,27.1
3208.225,14.9,27.3,13.7,27.5,10.8,27.6,13.0,27.0
3209.225,18.2,27.1,17.1,27.4,14.2,27.5,16.6,26.9
3210.225,17.3,27.1,18.3,27.3,13.0,27.5,16.2,26.9
3211.225,18.1,27.1,18.5,27.3,12.9,27.5,16.9,26.9
3212.225,20.5,27.1,19.2,27.3,16.1,27.5,18.9,26.9
3213.230,19.8,27.2,18.9,27.4,15.5,27.5,18.4,26.9
3214.230,19.7,27.2,18.7,27.4,15.1,27.6,17.9,27.0
3215.230,20.0,27.3,19.0,27.5,15.6,27.6,18.4,27.0
3216.230,20.1,27.4,19.0,27.6,15.6,27.7,18.5,27.0
3217.230,19.9,27.5,18.9,27.6,15.4,27.7,18.3,27.1
3218.230,19.7,27.6,18.7,27.7,15.1,27.8,17.9,27.1
3219.230,20.2,27.6,19.1,27.8,15.7,27.9,18.7,27.1
3220.230,19.7,27.7,18.7,27.9,15.3,28.0,18.2,27.2
3221.235,20.2,27.8,19.1,28.0,15.6,28.1,18.4,27.2
3222.235,19.8,27.9,18.8,28.1,15.2,28.1,18.0,27.3
3223.235,20.1,27.9,19.0,28.2,15.4,28.2,18.3,27.3
3224.235,20.0,28.0,18.9,28.2,15.4,28.3,18.3,27.4
3225.235,20.2,28.1,19.0,28.3,15.4,28.4,18.1,27.5
3226.235,20.3,28.1,19.2,28.4,15.8,28.5,18.9,27.5
3227.235,20.1,28.2,19.0,28.5,15.6,28.6,18.5,27.6
3228.259,20.4,28.2,19.2,28.6,15.7,28.7,18.6,27.7
3229.259,20.0,28.2,18.9,28.6,15.4,28.8,18.2,27.7
3230.259,20.3,28.3,19.2,28.7,15.7,28.9,18.6,27.8
3231.259,20.6,28.3,19.2,28.7,15.9,28.9,18.7,27.8
3232.270,10.5,28.5,9.7,28.9,7.8,29.1,10.0,27.9
3233.270,-0.9,28.8,-0.3,29.2,-0.4,29.4,-0.9,28.3
3234.270,-5.4,28.7,-1.7,29.4,-2.0,29.5,-4.5,28.2
3235.270,-12.8,28.4,-12.9,28.9,-9.3,29.0,-11.0,27.9
3236.270,-20.8,28.2,-21.7,28.5,-16.5,28.8,-18.1,27.7
3237.270,-21.0,28.0,-22.1,28.4,-16.7,28.6,-18.3,27.6
3238.270,-21.1,27.9,-22.3,28.3,-17.0,28.4,-18.6,27.5
3239.270,-21.1,27.8,-22.4,28.2,-17.0,28.3,-18.6,27.4
3240.270,-20.9,27.6,-22.2,28.0,-16.8,28.1,-18.4,27.3
3241.270,-20.8,27.5,-22.1,27.9,-16.8,27.9,-18.4,27.2
3242.270,-20.9,27.4,-22.1,27.8,-16.6,27.8,-18.2,27.1
3243.270,-20.8,27.4,-22.2,27.7,-16.7,27.8,-18.4,27.1
3244.270,-20.9,27.3,-22.2,27.6,-16.8,27.7,-18.4,27.0
3245.270,-21.0,27.3,-22.3,27.6,-16.8,27.7,-18.4,27.0
3246.270,-21.0,27.3,-22.3,27.5,-16.8,27.7,-18.5,27.0
3247.270,-21.0,27.3,-22.2,27.5,-16.7,27.6,-18.3,27.0
3248.270,-21.1,27.2,-22.3,27.5,-16.8,27.6,-18.4,26.9
3249.270,-21.3,27.2,-22.5,27.5,-17.0,27.6,-18.6,26.9
3250.270,-21.1,27.2,-22.3,27.4,-16.8,27.6,-18.4,26.9
3251.270,-21.3,27.2,-22.5,27.4,-17.0,27.6,-18.6,26.9
3252.270,-21.4,27.2,-22.5,27.4,-17.0,27.6,-18.5,26.9
3253.270,-21.0,27.2,-22.1,27.4,-16.7,27.6,-18.3,26.9
3254.270,-21.4,27.2,-22.5,27.4,-17.0,27.5,-18.6,26.9
3255.270,-21.1,27.2,-22.3,27.4,-16.8,27.5,-18.4,26.9
3256.270,-20.0,27.2,-22.4,27.4,-14.8,27.5,-18.0,26.9
3257.270,-17.8,27.2,-21.6,27.4,-12.3,27.6,-15.2,26.9
3258.270,-18.6,27.2,-18.2,27.4,-15.6,27.5,-15.4,26.9
3259.270,-18.7,27.2,-20.0,27.4,-15.4,27.5,-16.8,26.8
3260.270,-10.2,27.2,-10.7,27.5,-8.4,27.6,-10.0,26.9
3261.270,0.1,27.8,-0.1,27.9,0.4,28.1,0.4,27.4
3262.270,2.0,28.0,0.4,28.2,2.7,28.1,4.7,27.4
3263.270,12.5,27.5,11.3,27.8,8.9,27.7,10.5,27.1
3264.270,13.6,27.3,11.8,27.5,9.9,27.6,11.6,27.0
3265.270,18.2,27.1,17.0,27.3,14.3,27.5,17.2,26.9
3266.270,17.1,27.1,17.8,27.3,13.2,27.5,16.4,26.9
3267.270,18.3,27.1,18.9,27.3,13.1,27.5,17.2,26.9
3268.270,20.0,27.1,18.9,27.3,15.7,27.5,18.6,26.9
3269.270,19.9,27.1,18.9,27.3,15.5,27.5,18.2,26.9
3270.270,19.9,27.2,18.8,27.4,15.4,27.5,18.2,26.9
3271.270,19.7,27.2,18.8,27.4,15.3,27.6,18.1,26.9
3272.270,20.1,27.3,19.1,27.5,15.7,27.6,18.6,27.0
3273.270,20.0,27.4,18.9,27.6,15.4,27.7,18.1,27.0
3274.270,20.0,27.5,18.9,27.7,15.5,27.7,18.4,27.0
3275.278,19.7,27.6,18.7,27.7,15.3,27.8,18.2,27.1
3276.278,20.0,27.7,18.8,27.9,15.3,27.9,18.1,27.1
3277.278,20.2,27.8,19.0,27.9,15.5,28.0,18.4,27.2
3278.278,19.9,27.8,18.9,28.0,15.4,28.1,18.2,27.2
3279.278,20.2,27.9,19.1,28.1,15.7,28.2,18.6,27.3
3280.278,20.0,28.0,18.9,28.2,15.4,28.3,18.2,27.4
3281.278,20.3,28.0,19.1,28.3,15.6,28.4,18.4,27.5
3282.278,19.8,28.1,18.8,28.4,15.3,28.5,18.2,27.5
3283.278,20.2,28.1,19.1,28.4,15.6,28.6,18.4,27.6
3284.282,20.2,28.2,19.1,28.5,15.8,28.6,18.7,27.6
3285.282,20.4,28.2,19.2,28.6,15.6,28.7,18.4,27.7
3286.282,20.2,28.3,19.1,28.7,15.6,28.8,18.4,27.8
3287.284,20.5,28.3,19.2,28.7,15.9,28.9,18.8,27.8
3288.284,14.7,28.4,14.2,28.8,11.1,29.0,13.6,27.9
3289.284,-0.2,28.8,-0.1,29.1,-0.2,29.4,-0.2,28.2
3290.284,-5.1,28.7,-0.6,29.4,-1.1,29.5,-3.7,28.2
3291.284,-9.2,28.4,-8.0,29.0,-7.4,29.1,-9.3,28.0
3292.284,-20.7,28.2,-20.8,28.6,-15.7,28.8,-17.1,27.8
3293.284,-21.0,28.1,-22.3,28.5,-16.8,28.6,-18.4,27.7
3294.284,-21.1,28.0,-22.2,28.3,-16.9,28.5,-18.5,27.5
3295.284,-21.1,27.8,-22.3,28.2,-17.0,28.3,-18.6,27.4
3296.284,-21.0,27.7,-22.2,28.0,-16.9,28.1,-18.5,27.3
3297.284,-20.9,27.5,-22.1,27.9,-16.7,28.0,-18.3,27.2
3298.284,-20.9,27.4,-22.0,27.8,-16.6,27.9,-18.2,27.1
3299.284,-20.8,27.4,-22.2,27.7,-16.7,27.8,-18.4,27.1
3300.284,-20.9,27.3,-22.3,27.6,-16.8,27.7,-18.5,27.0
3301.284,-21.0,27.3,-22.4,27.6,-16.8,27.7,-18.5,27.0
3302.284,-21.1,27.3,-22.4,27.5,-16.7,27.7,-18.3,27.0
3303.284,-20.9,27.2,-22.2,27.5,-16.7,27.6,-18.3,26.9
3304.284,-21.4,27.2,-22.7,27.5,-16.9,27.6,-18.4,26.9
3305.284,-21.2,27.2,-22.4,27.5,-17.0,27.6,-18.6,26.9
3306.284,-21.3,27.2,-22.4,27.4,-16.8,27.6,-18.4,26.9
3307.284,-21.2,27.2,-22.4,27.4,-16.9,27.6,-18.5,26.9
3308.284,-21.5,27.2,-22.6,27.4,-17.0,27.6,-18.5,26.9
3309.284,-21.0,27.2,-22.3,27.4,-16.9,27.5,-18.5,26.9
3310.284,-21.3,27.2,-22.3,27.4,-16.8,27.5,-18.3,26.9
3311.284,-21.3,27.1,-22.5,27.4,-16.8,27.5,-18.4,26.9
3312.284,-21.1,27.1,-22.2,27.4,-15.6,27.5,-18.5,26.8
3313.284,-17.9,27.2,-28.6,27.4,-13.8,27.6,-15.2,26.9
3314.287,-17.9,27.2,-19.7,27.4,-13.9,27.5,-15.7,26.9
3315.287,-18.4,27.2,-19.7,27.4,-15.3,27.5,-16.1,26.8
3316.287,-15.2,27.2,-14.8,27.4,-12.5,27.5,-13.2,26.9
3317.287,-0.1,27.6,0.1,27.8,0.6,27.9,0.3,27.3
3318.310,0.4,28.0,0.3,28.2,1.1,28.3,1.4,27.5
3319.310,9.6,27.7,9.5,27.9,8.1,27.8,9.1,27.2
3320.310,11.0,27.3,11.2,27.5,7.9,27.7,9.1,27.1
3321.310,19.1,27.1,17.2,27.3,14.6,27.5,17.8,26.9
3322.311,17.9,27.1,17.4,27.3,13.6,27.5,16.3,26.9
3323.311,17.6,27.1,19.0,27.3,13.0,27.5,17.0,26.9
3324.311,19.9,27.1,27.4,27.3,15.3,27.5,18.4,26.8
3325.311,19.9,27.1,19.1,27.3,15.5,27.5,18.4,26.9
3326.311,19.6,27.2,18.7,27.4,15.0,27.5,17.7,26.9
3327.311,20.3,27.2,19.4,27.4,15.6,27.6,18.3,26.9
3328.313,20.3,27.3,19.2,27.5,15.9,27.6,18.8,27.0
3329.313,19.8,27.4,18.8,27.5,15.4,27.7,18.4,27.0
3330.313,19.5,27.5,18.6,27.6,15.0,27.7,17.9,27.0
3331.313,20.1,27.6,19.0,27.7,15.6,27.8,18.5,27.1
3332.315,19.8,27.6,18.8,27.8,15.4,27.9,18.3,27.1
3333.315,19.9,27.7,18.8,27.9,15.2,28.0,18.0,27.2
3334.315,20.2,27.8,19.1,28.0,15.6,28.1,18.4,27.2
3335.315,20.2,27.9,19.1,28.1,15.7,28.1,18.5,27.3
3336.315,20.0,27.9,19.0,28.2,15.5,28.3,18.3,27.3
3337.315,19.9,28.0,18.7,28.3,15.1,28.4,17.8,27.4
3338.315,20.1,28.1,19.1,28.3,15.7,28.4,18.7,27.5
3339.315,20.2,28.1,19.1,28.4,15.7,28.5,18.6,27.5
3340.315,20.2,28.1,19.1,28.5,15.5,28.6,18.3,27.6
3341.315,20.3,28.2,19.2,28.6,15.7,28.7,18.6,27.7
3342.315,20.5,28.2,19.3,28.6,15.8,28.8,18.7,27.7
3343.315,20.5,28.3,19.2,28.7,15.7,28.9,18.6,27.8
3344.315,18.9,28.3,17.5,28.8,14.4,28.9,17.3,27.8
3345.315,1.7,28.6,1.5,29.0,1.2,29.2,2.0,28.1
3346.315,-4.7,28.7,-0.3,29.3,-0.8,29.5,-3.2,28.2
3347.315,-7.9,28.5,-8.4,29.0,-6.6,29.1,-8.4,28.0
3348.315,-20.2,28.2,-20.2,28.6,-15.0,28.8,-16.4,27.7
3349.315,-21.0,28.1,-22.4,28.5,-16.8,28.6,-18.4,27.7
3350.315,-21.1,28.0,-22.2,28.3,-16.8,28.5,-18.5,27.5
3351.315,-21.2,27.8,-22.4,28.2,-17.0,28.3,-18.6,27.4
3352.315,-21.1,27.6,-22.3,28.0,-16.9,28.1,-18.5,27.3
3353.315,-20.9,27.5,-22.2,27.9,-16.8,28.0,-18.4,27.2
3354.315,-20.9,27.4,-22.2,27.8,-16.6,27.9,-18.3,27.1
3355.315,-20.9,27.4,-22.2,27.7,-16.7,27.8,-18.4,27.1
3356.316,-20.9,27.3,-22.2,27.6,-16.8,27.7,-18.5,27.0
3357.316,-21.1,27.3,-22.2,27.6,-16.7,27.7,-18.3,27.0
3358.316,-21.1,27.3,-22.3,27.5,-16.8,27.7,-18.4,27.0
3359.316,-21.0,27.2,-22.2,27.5,-16.7,27.6,-18.3,26.9
3360.316,-21.3,27.2,-22.4,27.5,-16.8,27.6,-18.4,26.9
3361.316,-21.2,27.2,-22.4,27.4,-17.0,27.6,-18.7,26.9
3362.316,-21.2,27.2,-22.3,27.4,-16.7,27.6,-18.3,26.9
3363.316,-21.3,27.2,-22.5,27.4,-17.0,27.5,-18.7,26.9
3364.316,-21.4,27.1,-22.5,27.4,-16.9,27.5,-18.4,26.9
3365.316,-21.2,27.2,-22.4,27.4,-16.9,27.5,-18.6,26.9
3366.316,-21.3,27.2,-22.4,27.4,-16.9,27.5,-18.4,26.9
3367.316,-21.3,27.1,-22.4,27.4,-16.8,27.5,-18.4,26.8
3368.316,-21.2,27.1,-22.4,27.3,-15.9,27.5,-18.6,26.8
3369.316,-18.1,27.2,-22.2,27.3,-13.2,27.5,-15.8,26.8
3370.316,-17.9,27.2,-18.9,27.4,-14.2,27.5,-14.2,26.9
3371.316,-18.6,27.2,-19.0,27.4,-15.3,27.5,-16.9,26.8
3372.316,-18.2,27.1,-17.6,27.3,-14.6,27.4,-16.1,26.8
3373.316,-1.2,27.5,0.1,27.7,-0.1,27.9,-0.0,27.2
3374.316,0.4,27.9,-0.0,28.1,0.3,28.2,0.8,27.5
3375.316,9.1,27.8,3.9,28.2,5.8,28.0,8.0,27.3
3376.316,9.8,27.3,11.0,27.6,8.2,27.7,10.0,27.0
3377.316,16.4,27.2,14.9,27.4,12.1,27.6,14.9,26.9
3378.316,17.4,27.1,18.0,27.3,14.1,27.4,16.5,26.9
3379.316,17.7,27.1,18.7,27.3,12.9,27.4,15.8,26.8
3380.316,19.3,27.1,18.7,27.3,13.9,27.5,17.7,26.9
3381.316,19.9,27.1,19.0,27.3,16.2,27.4,18.8,26.9
3382.316,19.9,27.1,18.9,27.3,15.4,27.5,18.2,26.9
3383.316,19.7,27.2,18.7,27.4,15.1,27.5,17.9,26.9
3384.316,20.0,27.2,19.0,27.4,15.6,27.6,18.4,26.9
3385.316,20.1,27.3,19.1,27.5,15.7,27.6,18.6,27.0
3386.316,19.8,27.4,18.8,27.6,15.3,27.7,18.2,27.0
3387.316,19.7,27.5,18.7,27.7,15.2,27.8,18.0,27.0
3388.332,20.0,27.6,19.0,27.8,15.6,27.8,18.6,27.1
3389.332,20.0,27.7,18.9,27.9,15.3,27.9,18.2,27.1
3390.332,20.1,27.7,19.1,28.0,15.6,28.0,18.5,27.2
3391.332,19.8,27.8,18.8,28.1,15.2,28.1,18.0,27.2
3392.332,20.2,27.9,19.1,28.1,15.6,28.2,18.5,27.3
3393.332,20.0,28.0,18.9,28.2,15.4,28.3,18.3,27.4
3394.332,20.1,28.0,19.0,28.3,15.5,28.4,18.3,27.4
3395.332,20.4,28.1,19.3,28.4,15.8,28.5,18.7,27.5
3396.332,19.9,28.1,18.9,28.4,15.5,28.6,18.4,27.6
3397.332,20.4,28.2,19.3,28.5,15.8,28.6,18.7,27.6
3398.332,20.2,28.2,19.0,28.6,15.3,28.7,18.1,27.7
3399.332,20.2,28.2,19.2,28.6,15.7,28.8,18.7,27.7
3400.335,20.5,28.3,19.1,28.7,15.8,28.9,18.7,27.8
3401.335,8.0,28.5,7.4,28.9,5.8,29.1,7.7,27.9
3402.335,-0.6,28.8,-0.2,29.2,-0.3,29.4,-0.6,28.2
3403.335,-5.3,28.6,-1.5,29.3,-1.7,29.5,-4.2,28.2
3404.335,-11.7,28.4,-12.0,28.9,-8.7,29.0,-10.5,27.9
3405.335,-20.9,28.1,-21.7,28.5,-16.4,28.7,-18.0,27.7
3406.335,-21.1,28.0,-22.2,28.4,-16.8,28.5,-18.4,27.6
3407.335,-21.1,27.9,-22.3,28.3,-16.9,28.4,-18.5,27.5
3408.358,-21.1,27.8,-22.3,28.1,-16.9,28.2,-18.5,27.4
3409.358,-21.0,27.6,-22.3,28.0,-16.8,28.0,-18.5,27.2
3410.358,-20.9,27.5,-22.3,27.8,-16.8,27.9,-18.5,27.2
3411.368,-20.9,27.4,-22.2,27.7,-16.7,27.8,-18.3,27.1
3412.368,-20.7,27.3,-22.1,27.6,-16.6,27.8,-18.3,27.0
3413.368,-20.9,27.3,-22.3,27.6,-16.8,27.7,-18.6,27.0
3414.368,-21.0,27.3,-22.2,27.6,-16.7,27.7,-18.3,27.0
3415.368,-21.1,27.2,-22.4,27.5,-16.8,27.6,-18.4,26.9
3416.368,-20.9,27.2,-22.2,27.5,-16.7,27.6,-18.4,26.9
3417.368,-21.2,27.2,-22.4,27.5,-16.8,27.6,-18.4,26.9
3418.368,-21.2,27.2,-22.4,27.4,-16.9,27.6,-18.5,26.9
3419.368,-21.2,27.2,-22.4,27.4,-16.9,27.5,-18.5,26.9
3420.370,-21.2,27.1,-22.5,27.4,-17.0,27.5,-18.6,26.9
3421.370,-21.4,27.1,-22.5,27.4,-16.9,27.5,-18.4,26.8
3422.370,-21.1,27.1,-22.3,27.4,-16.8,27.5,-18.5,26.8
3423.370,-21.4,27.1,-22.5,27.4,-16.9,27.5,-18.5,26.8
3424.370,-21.1,27.1,-22.3,27.4,-16.8,27.5,-18.4,26.8
3425.370,-20.2,27.1,-22.3,27.3,-14.9,27.5,-18.1,26.8
3426.370,-18.1,27.2,-21.8,27.3,-12.7,27.5,-14.7,26.8
3427.370,-18.4,27.1,-18.1,27.4,-15.2,27.5,-16.0,26.8
3428.370,-18.5,27.1,-20.2,27.3,-15.3,27.5,-16.3,26.8
3429.370,-11.7,27.2,-10.8,27.4,-9.3,27.5,-10.3,26.9
3430.370,-0.0,27.7,-0.6,27.9,0.1,28.0,0.1,27.4
3431.370,0.6,28.0,0.5,28.1,1.7,28.3,0.7,27.6
3432.370,11.0,27.6,10.9,27.7,8.8,27.7,10.2,27.2
3433.370,12.2,27.3,11.9,27.5,9.3,27.6,10.3,27.0
3434.370,18.5,27.1,17.1,27.3,13.8,27.4,17.6,26.8
3435.370,16.9,27.1,17.3,27.3,13.2,27.4,16.1,26.8
3436.370,18.8,27.1,19.2,27.2,13.1,27.4,17.4,26.8
3437.370,20.2,27.1,18.9,27.3,15.4,27.4,18.6,26.8
3438.370,19.9,27.1,18.9,27.3,15.4,27.4,18.0,26.8
3439.370,19.9,27.1,19.0,27.3,15.6,27.5,18.5,26.9
3440.370,20.1,27.2,19.1,27.4,15.6,27.5,18.4,26.9
3441.371,20.1,27.3,19.0,27.5,15.5,27.6,18.4,26.9
3442.371,19.7,27.4,18.7,27.5,15.1,27.6,17.9,27.0
3443.371,19.8,27.5,18.9,27.6,15.5,27.7,18.5,27.0
3444.371,19.9,27.5,18.9,27.7,15.4,27.8,18.3,27.0
3445.371,19.7,27.6,18.7,27.8,15.2,27.8,18.0,27.1
3446.385,20.1,27.7,19.0,27.9,15.5,27.9,18.4,27.1
3447.385,20.2,27.8,19.2,28.0,15.6,28.0,18.6,27.2
3448.385,20.0,27.8,19.0,28.1,15.4,28.1,18.3,27.2
3449.385,20.1,27.9,19.0,28.2,15.4,28.2,18.2,27.3
3450.385,20.3,28.0,19.1,28.2,15.5,28.3,18.2,27.4
3451.385,20.0,28.0,19.0,28.3,15.5,28.4,18.4,27.4
3452.385,19.8,28.1,18.8,28.4,15.3,28.5,18.3,27.5
3453.385,20.2,28.1,19.2,28.4,15.7,28.6,18.6,27.6
3454.385,20.3,28.2,19.3,28.5,15.8,28.7,18.7,27.6
3455.385,20.4,28.2,19.3,28.6,15.8,28.8,18.8,27.7
3456.385,20.7,28.2,19.5,28.6,15.9,28.8,18.8,27.7
3457.385,17.6,28.3,16.3,28.8,13.7,28.9,16.3,27.8
3458.385,0.4,28.6,0.3,29.0,0.3,29.2,0.6,28.1
3459.385,-4.4,28.7,-0.4,29.3,-0.9,29.5,-3.2,28.2
3460.385,-8.3,28.4,-8.8,29.0,-6.8,29.1,-8.7,27.9
3461.385,-19.4,28.1,-19.4,28.6,-14.5,28.7,-15.8,27.7
3462.385,-20.9,28.0,-22.3,28.4,-16.8,28.6,-18.5,27.6
3463.385,-21.0,27.9,-22.2,28.3,-22.8,28.5,-18.5,27.5
3464.385,-21.1,27.8,-22.3,28.2,-18.6,28.3,-18.5,27.4
3465.385,-21.0,27.6,-22.3,28.0,-16.9,28.1,-18.6,27.3
3466.385,-20.8,27.5,-22.1,27.9,-16.4,27.9,-18.3,27.2
3467.385,-20.9,27.4,-22.2,27.8,-16.7,27.8,-18.3,27.1
3468.385,-20.9,27.3,-22.2,27.7,-16.8,27.8,-18.4,27.0
3469.385,-20.8,27.3,-22.2,27.6,-16.7,27.7,-18.4,27.0
3470.385,-20.9,27.2,-22.3,27.6,-17.0,27.7,-18.5,27.0
3471.385,-21.0,27.2,-22.2,27.5,-16.6,27.6,-18.2,26.9
3472.385,-20.9,27.2,-22.2,27.5,-16.8,27.6,-18.4,26.9
3473.385,-21.2,27.2,-22.4,27.5,-16.8,27.6,-18.4,26.9
3474.385,-21.1,27.1,-22.4,27.4,-17.0,27.5,-18.6,26.9
3475.385,-21.2,27.1,-22.4,27.4,-16.9,27.5,-18.4,26.8
3476.385,-21.1,27.1,-22.4,27.4,-17.0,27.5,-18.6,26.9
3477.385,-21.4,27.1,-22.6,27.4,-17.0,27.5,-18.6,26.8
3478.385,-21.1,27.1,-22.3,27.4,-16.8,27.5,-18.4,26.8
3479.385,-21.3,27.1,-22.5,27.4,-17.0,27.5,-18.5,26.8
3480.385,-21.1,27.1,-22.3,27.3,-16.9,27.5,-18.5,26.8
3481.385,-21.0,27.1,-22.2,27.3,-16.1,27.5,-18.2,26.8
3482.385,-18.2,27.1,-22.4,27.3,-13.2,27.5,-16.3,26.8
3483.385,-18.7,27.1,-19.5,27.3,-14.1,27.5,-14.1,26.8
3484.385,-18.8,27.1,-19.2,27.3,-15.4,27.5,-16.7,26.8
3485.385,-17.9,27.1,-18.2,27.3,-14.8,27.4,-16.6,26.8
3486.385,0.4,27.5,-0.0,27.7,0.0,27.8,-0.4,27.1
3487.385,2.4,27.8,-0.0,28.1,0.7,28.2,2.3,27.4
3488.385,9.4,27.5,6.6,28.1,6.5,27.9,8.7,27.1
3489.385,9.3,27.3,9.7,27.5,7.5,27.6,9.2,27.0
3490.385,18.3,27.1,17.0,27.4,14.1,27.5,16.4,26.9
3491.385,17.9,27.0,16.9,27.3,13.5,27.4,16.0,26.8
3492.385,17.2,27.0,18.9,27.2,13.2,27.4,16.2,26.8
3493.388,20.1,27.0,19.5,27.2,15.0,27.4,18.9,26.8
3494.388,19.6,27.1,18.7,27.3,19.1,27.4,17.8,26.8
3495.388,19.8,27.1,18.9,27.3,15.4,27.5,18.2,26.8
3496.388,19.7,27.1,18.7,27.4,18.1,27.5,18.0,26.9
3497.388,20.2,27.2,19.2,27.4,15.8,27.6,18.6,26.9
3498.388,19.9,27.3,18.9,27.5,15.4,27.6,18.4,26.9
3499.388,19.9,27.4,18.9,27.6,15.5,27.7,18.3,27.0
3500.388,19.8,27.5,18.9,27.7,15.4,27.7,18.5,27.0
3501.388,19.6,27.6,18.6,27.8,15.1,27.8,18.0,27.0
3502.388,20.0,27.6,19.0,27.8,15.5,27.9,18.5,27.1
3503.388,20.1,27.7,19.0,27.9,15.4,28.0,18.0,27.1
3504.389,20.2,27.8,19.1,28.0,15.7,28.1,18.6,27.2
3505.389,20.0,27.9,19.0,28.1,15.4,28.2,18.3,27.3
3506.389,19.9,27.9,18.9,28.2,15.4,28.2,18.2,27.3
3507.389,20.3,28.0,19.2,28.3,15.9,28.4,18.8,27.4
3508.389,20.0,28.0,18.9,28.3,15.3,28.4,18.1,27.5
3509.389,20.2,28.1,19.1,28.4,15.6,28.5,18.5,27.5
3510.389,20.2,28.1,19.1,28.5,15.6,28.6,18.4,27.6
3511.389,20.4,28.2,19.3,28.5,15.9,28.7,18.8,27.6
3512.389,20.3,28.2,19.2,28.6,15.6,28.8,18.4,27.7
3513.389,20.3,28.2,18.9,28.7,15.8,28.9,18.7,27.8
3514.389,3.9,28.5,3.7,28.9,2.8,29.1,4.0,27.9
3515.389,-2.9,28.7,0.0,29.2,-0.2,29.4,-2.1,28.2
3516.389,-6.8,28.5,-5.7,29.1,-4.9,29.2,-6.8,28.0
3517.389,-17.2,28.2,-16.9,28.6,-12.9,28.8,-14.5,27.7
3518.389,-20.8,28.0,-21.9,28.4,-16.7,28.6,-18.4,27.6
3519.389,-21.0,27.9,-22.1,28.3,-16.8,28.5,-18.5,27.5
3520.389,-21.0,27.8,-22.3,28.2,-17.0,28.3,-18.6,27.4
3521.389,-21.0,27.6,-22.3,28.0,-16.9,28.1,-18.5,27.3
3522.389,-20.7,27.5,-22.1,27.9,-16.8,27.9,-18.4,27.2
3523.389,-20.9,27.4,-22.2,27.7,-16.7,27.8,-18.3,27.1
3524.389,-20.8,27.3,-22.0,27.7,-16.7,27.7,-18.3,27.0
3525.389,-20.8,27.3,-22.2,27.6,-16.9,27.7,-18.5,27.0
3526.389,-20.8,27.2,-22.2,27.5,-16.7,27.6,-18.4,26.9
3527.389,-21.0,27.2,-22.3,27.5,-16.7,27.6,-18.3,26.9
3528.389,-21.0,27.2,-22.4,27.4,-16.8,27.6,-18.4,26.9
3529.389,-21.2,27.2,-22.5,27.4,-16.9,27.6,-18.4,26.9
3530.389,-21.0,27.1,-22.6,27.4,-17.0,27.5,-18.6,26.8
3531.389,-21.1,27.1,-22.3,27.4,-16.7,27.5,-18.2,26.8
3532.389,-21.2,27.1,-22.5,27.4,-17.1,27.5,-18.7,26.8
3533.389,-21.3,27.1,-22.4,27.3,-16.9,27.5,-18.4,26.8
3534.389,-21.2,27.1,-22.5,27.3,-17.0,27.5,-18.5,26.8
3535.389,-21.1,27.1,-22.4,27.3,-16.9,27.5,-18.5,26.8
3536.389,-21.2,27.1,-22.4,27.3,-16.9,27.5,-18.5,26.8
3537.389,-21.0,27.1,-22.2,27.3,-16.6,27.5,-18.4,26.8
3538.389,-19.1,27.1,-22.3,27.3,-12.7,27.5,-17.1,26.8
3539.389,-17.3,27.1,-20.7,27.3,-14.4,27.5,-15.5,26.8
3540.389,-19.7,27.1,-18.8,27.3,-15.4,27.4,-14.7,26.8
3541.389,-18.9,27.1,-20.5,27.3,-16.0,27.4,-17.8,26.8
3542.389,-2.4,27.4,-1.9,27.6,-2.1,27.7,-2.6,27.0
3543.389,0.1,27.8,-0.4,27.9,0.2,28.1,0.3,27.4
3544.389,3.1,28.0,3.2,28.1,3.9,28.1,5.8,27.3
3545.389,11.5,27.4,10.9,27.6,9.0,27.6,10.9,27.0
3546.389,14.6,27.2,14.0,27.4,10.0,27.5,12.5,26.9
3547.389,18.0,27.1,16.8,27.3,14.2,27.4,16.6,26.8
3548.389,17.3,27.0,18.4,27.2,13.6,27.4,16.5,26.8
3549.389,19.1,27.0,19.0,27.2,13.6,27.4,17.4,26.8
3550.389,19.8,27.0,18.8,27.2,15.4,27.4,18.2,26.8
3551.389,20.3,27.1,19.0,27.3,15.7,27.4,18.5,26.8
3552.389,20.0,27.1,19.0,27.3,15.4,27.5,18.0,26.8
3553.389,19.8,27.2,18.9,27.4,15.4,27.5,18.2,26.8
3554.389,19.9,27.3,18.9,27.4,15.5,27.6,18.3,26.9
3555.389,20.0,27.3,19.0,27.5,15.6,27.6,18.6,26.9
3556.389,19.7,27.4,18.8,27.6,15.3,27.7,18.2,27.0
3557.389,19.8,27.5,18.8,27.7,15.2,27.7,18.0,27.0
3558.389,19.8,27.6,18.9,27.8,15.5,27.8,18.4,27.0
3559.389,20.1,27.7,19.1,27.9,15.6,27.9,18.3,27.1
3560.389,19.9,27.7,18.9,28.0,15.4,28.0,18.2,27.2
3561.389,20.2,27.8,19.0,28.0,15.4,28.1,18.1,27.2
3562.389,20.1,27.9,19.1,28.1,15.6,28.2,18.4,27.3
3563.389,20.1,27.9,19.0,28.2,15.5,28.3,18.3,27.4
3564.389,20.0,28.0,18.9,28.3,15.5,28.4,18.4,27.4
3565.389,20.1,28.1,19.1,28.4,15.6,28.5,18.5,27.5
3566.389,20.1,28.1,19.1,28.4,15.7,28.5,18.6,27.5
3567.389,20.2,28.1,19.1,28.5,15.5,28.6,18.3,27.6
3568.389,20.4,28.2,19.3,28.6,15.8,28.7,18.6,27.7
3569.389,20.7,28.2,19.5,28.6,16.2,28.8,19.1,27.7
3570.389,13.8,28.3,12.7,28.7,10.5,28.9,13.1,27.8
3571.389,-0.7,28.7,-0.4,29.1,-0.4,29.3,-0.6,28.1
3572.391,-5.4,28.6,-1.4,29.3,-1.7,29.4,-4.4,28.1
3573.391,-10.9,28.3,-11.4,28.8,-8.4,28.9,-10.3,27.8
3574.391,-20.8,28.0,-21.6,28.5,-16.2,28.6,-17.7,27.6
3575.391,-21.0,27.9,-22.2,28.3,-16.8,28.5,-18.5,27.5
3576.391,-21.0,27.8,-22.3,28.2,-16.9,28.4,-18.6,27.4
3577.391,-21.1,27.7,-22.3,28.1,-16.9,28.2,-18.5,27.3
3578.391,-20.9,27.5,-22.3,27.9,-16.9,28.0,-18.5,27.2
3579.391,-20.9,27.4,-22.3,27.8,-16.8,27.8,-18.4,27.1
3580.391,-20.9,27.3,-22.2,27.7,-16.7,27.8,-18.3,27.0
3581.391,-20.8,27.3,-22.2,27.6,-16.8,27.7,-18.4,27.0
3582.391,-20.9,27.2,-22.2,27.5,-16.8,27.6,-18.4,26.9
3583.391,-20.9,27.2,-22.2,27.5,-16.7,27.6,-18.3,26.9
3584.391,-21.1,27.1,-22.3,27.4,-16.8,27.6,-18.3,26.9
3585.391,-20.8,27.1,-22.2,27.4,-16.7,27.5,-18.4,26.8
3586.391,-21.2,27.1,-22.4,27.4,-16.9,27.5,-18.4,26.8
3587.391,-21.1,27.1,-22.4,27.4,-16.9,27.5,-18.5,26.8
3588.391,-21.1,27.1,-22.3,27.4,-16.8,27.5,-18.4,26.8
3589.391,-21.2,27.1,-22.5,27.4,-17.0,27.4,-18.6,26.8
3590.391,-21.3,27.1,-22.5,27.3,-17.0,27.5,-18.5,26.8
3591.391,-21.0,27.1,-22.2,27.3,-16.8,27.5,-18.4,26.8
3592.391,-21.3,27.1,-22.4,27.3,-16.9,27.4,-18.4,26.8
3593.391,-21.1,27.1,-22.3,27.3,-16.8,27.4,-18.4,26.8
3594.391,-20.7,27.1,-22.3,27.3,-15.1,27.5,-18.4,26.8
3595.395,-18.0,27.1,-22.2,27.3,-13.4,27.5,-15.0,26.8
3596.395,-18.6,27.1,-18.3,27.3,-14.3,27.4,-15.4,26.8
3597.395,-18.9,27.1,-19.9,27.3,-15.5,27.4,-16.4,26.7
3598.395,-12.7,27.1,-13.1,27.3,-11.0,27.4,-11.7,26.8
3599.395,0.2,27.6,-0.2,27.8,0.1,27.9,0.1,27.2
3600.395,2.2,27.9,0.2,28.1,1.5,28.2,1.0,27.5
3601.395,11.0,27.4,10.6,27.8,8.5,27.7,10.9,27.1
3602.395,12.4,27.2,11.1,27.4,8.9,27.5,10.4,26.9
3603.395,18.9,27.0,17.4,27.3,14.4,27.4,16.7,26.8
3604.395,17.4,27.0,16.8,27.2,13.3,27.4,15.7,26.8
3605.395,18.1,27.0,19.4,27.2,13.4,27.4,17.9,26.8
3606.395,19.9,27.0,18.9,27.2,15.1,27.4,18.2,26.7
3607.395,19.6,27.1,18.7,27.3,15.4,27.4,18.1,26.8
3608.395,20.0,27.1,18.9,27.3,15.4,27.4,18.0,26.8
3609.395,20.1,27.1,19.1,27.3,15.8,27.5,18.6,26.8
3610.395,19.9,27.2,19.0,27.4,15.6,27.5,18.5,26.9
3611.395,19.5,27.3,18.6,27.5,15.0,27.6,17.8,26.9
3612.395,20.0,27.4,19.0,27.5,15.6,27.6,18.4,26.9
3613.395,19.8,27.5,18.8,27.7,15.3,27.7,18.1,27.0
3614.395,19.8,27.6,18.8,27.8,15.4,27.8,18.3,27.0
3615.395,20.0,27.6,19.0,27.8,15.5,27.9,18.3,27.1
3616.395,19.9,27.7,18.9,27.9,15.4,28.0,18.2,27.1
3617.395,20.1,27.8,19.0,28.0,15.4,28.1,18.2,27.2
3618.395,20.1,27.9,18.9,28.1,15.3,28.1,17.9,27.2
3619.396,20.0,27.9,19.1,28.2,15.7,28.2,18.6,27.3
3620.396,20.1,27.9,19.0,28.2,15.5,28.3,18.4,27.4
3621.396,20.2,28.0,19.1,28.3,15.7,28.4,18.5,27.4
3622.396,19.9,28.1,19.0,28.4,15.5,28.5,18.4,27.5
3623.396,20.4,28.1,19.3,28.5,15.8,28.6,18.7,27.6
3624.396,20.3,28.1,19.2,28.5,15.6,28.7,18.5,27.6
3625.396,20.5,28.2,19.3,28.6,15.7,28.8,18.5,27.7
3626.396,18.3,28.3,17.2,28.7,14.1,28.8,17.1,27.7
3627.396,0.4,28.6,0.9,28.9,0.3,29.1,0.7,28.0
3628.398,-4.8,28.6,-0.2,29.2,-0.9,29.4,-3.5,28.1
3629.398,-7.8,28.4,-5.5,29.1,-6.4,29.0,-8.3,27.9
3630.398,-19.9,28.1,-20.3,28.5,-14.9,28.7,-16.3,27.7
3631.398,-20.9,28.0,-22.5,28.4,-16.7,28.5,-18.4,27.6
3632.400,-21.0,27.9,-22.3,28.2,-16.9,28.4,-18.6,27.4
3633.400,-21.1,27.7,-22.4,28.1,-17.0,28.2,-18.6,27.3
3634.400,-21.0,27.6,-22.3,28.0,-16.9,28.0,-18.5,27.2
3635.400,-20.8,27.4,-22.2,27.9,-16.8,27.9,-18.5,27.1
3636.400,-20.8,27.4,-22.3,27.7,-16.6,27.8,-18.2,27.0
3637.400,-20.8,27.3,-22.2,27.6,-16.8,27.7,-18.5,27.0
3638.400,-20.7,27.2,-22.1,27.6,-16.7,27.6,-18.4,26.9
3639.400,-20.9,27.2,-22.2,27.5,-16.8,27.6,-18.5,26.9
3640.400,-21.0,27.2,-22.2,27.5,-16.7,27.6,-18.4,26.9
3641.400,-21.0,27.1,-22.2,27.5,-16.7,27.5,-18.3,26.8
3642.400,-21.2,27.1,-22.5,27.4,-16.9,27.5,-18.5,26.8
3643.400,-20.9,27.1,-22.3,27.4,-16.8,27.5,-18.5,26.8
3644.400,-21.2,27.1,-22.4,27.4,-16.9,27.5,-18.4,26.8
3645.400,-21.2,27.1,-22.5,27.3,-17.0,27.5,-18.7,26.8
3646.400,-21.4,27.1,-22.5,27.3,-16.9,27.4,-18.5,26.8
3647.400,-21.1,27.1,-22.4,27.3,-17.0,27.4,-18.6,26.8
3648.400,-21.2,27.1,-22.3,27.3,-16.8,27.4,-18.3,26.8
3649.400,-21.1,27.1,-22.4,27.3,-16.9,27.4,-18.6,26.7
3650.400,-20.9,27.1,-22.2,27.3,-15.8,27.4,-18.4,26.7
3651.400,-18.0,27.1,-22.3,27.3,-13.8,27.5,-16.2,26.8
3652.400,-17.8,27.1,-20.4,27.3,-13.9,27.4,-15.4,26.8
3653.400,-19.6,27.0,-18.8,27.3,-15.5,27.4,-15.9,26.8
3654.400,-17.4,27.0,-17.3,27.3,-14.3,27.4,-15.4,26.7
3655.400,-0.2,27.4,-1.6,27.6,-0.4,27.8,-1.5,27.0
3656.400,1.3,27.8,-0.1,28.0,0.1,28.2,0.2,27.4
3657.400,4.4,27.7,2.2,28.1,2.8,28.2,4.4,27.4
3658.400,11.9,27.3,11.1,27.6,9.0,27.6,10.6,27.0
3659.400,13.0,27.2,12.8,27.4,9.5,27.5,11.5,26.9
3660.400,18.1,27.0,16.7,27.2,14.1,27.4,16.7,26.8
3661.400,17.3,27.0,17.8,27.2,13.8,27.3,16.7,26.7
3662.400,18.4,27.0,19.1,27.2,13.3,27.4,17.6,26.7
3663.400,19.5,27.0,18.5,27.2,15.1,27.3,17.8,26.7
3664.400,20.0,27.0,19.1,27.2,15.8,27.4,18.7,26.8
3665.400,20.0,27.1,19.0,27.3,15.4,27.4,18.1,26.8
3666.400,19.8,27.1,18.9,27.3,15.4,27.5,18.1,26.8
3667.401,19.9,27.2,19.0,27.4,15.5,27.5,18.3,26.9
3668.401,19.9,27.3,19.0,27.5,15.5,27.6,18.4,26.9
3669.401,19.8,27.4,18.9,27.6,15.5,27.6,18.4,26.9
3670.401,19.5,27.5,18.6,27.7,15.1,27.7,17.9,27.0
3671.401,20.0,27.6,19.0,27.7,15.6,27.8,18.6,27.0
3672.401,20.1,27.6,19.0,27.8,15.5,27.9,18.3,27.0
3673.401,19.9,27.7,18.9,27.9,15.4,28.0,18.2,27.1
3674.401,20.0,27.8,18.9,28.0,15.4,28.0,18.1,27.2
3675.401,20.1,27.8,19.1,28.1,15.6,28.1,18.5,27.2
3676.401,19.9,27.9,18.9,28.2,15.4,28.2,18.2,27.3
3677.401,19.8,27.9,18.8,28.2,15.3,28.3,18.2,27.4
3678.401,20.5,28.0,19.4,28.3,16.0,28.4,18.9,27.4
3679.401,19.9,28.0,18.9,28.4,15.5,28.5,18.4,27.5
3680.401,20.2,28.1,19.1,28.4,15.5,28.6,18.3,27.5
3681.412,20.2,28.1,19.1,28.5,15.6,28.6,18.5,27.6
3682.412,20.8,28.2,19.7,28.6,16.3,28.7,19.3,27.7
3683.412,15.5,28.3,14.3,28.7,11.8,28.8,14.6,27.8
3684.412,-0.6,28.6,-0.5,29.0,-0.4,29.2,-0.5,28.1
3685.412,-5.3,28.6,-1.1,29.2,-1.5,29.4,-4.1,28.1
3686.412,-10.0,28.3,-10.6,28.8,-8.0,28.9,-9.8,27.8
3687.412,-20.6,28.0,-21.1,28.5,-15.9,28.6,-17.3,27.6
3688.412,-21.0,27.9,-22.3,28.3,-16.8,28.5,-18.5,27.5
3689.412,-21.1,27.8,-22.3,28.2,-16.9,28.4,-18.6,27.4
3690.412,-21.1,27.7,-22.3,28.1,-17.0,28.2,-18.6,27.3
3691.412,-21.0,27.5,-22.3,27.9,-16.9,28.0,-18.5,27.2
3692.412,-20.8,27.4,-22.2,27.8,-16.8,27.8,-18.5,27.0
3693.412,-20.8,27.3,-22.1,27.7,-16.6,27.7,-18.2,27.0
3694.412,-20.9,27.2,-22.2,27.6,-16.7,27.7,-18.4,26.9
3695.412,-20.8,27.2,-22.2,27.5,-16.8,27.6,-18.5,26.9
3696.412,-21.0,27.2,-22.3,27.4,-16.8,27.6,-18.4,26.9
3697.412,-21.1,27.1,-22.3,27.4,-16.8,27.5,-18.4,26.8
3698.412,-20.9,27.1,-22.2,27.4,-16.7,27.5,-18.4,26.8
3699.412,-21.3,27.1,-22.4,27.4,-16.9,27.5,-18.5,26.8
3700.412,-21.0,27.1,-22.3,27.3,-16.9,27.5,-18.6,26.8
3701.412,-21.1,27.1,-22.4,27.3,-16.8,27.4,-18.4,26.8
3702.412,-21.1,27.1,-22.4,27.3,-17.0,27.4,-18.6,26.8
3703.412,-21.4,27.0,-22.6,27.3,-17.0,27.4,-18.5,26.7
3704.412,-21.0,27.0,-22.3,27.3,-16.9,27.4,-18.6,26.7
3705.412,-21.3,27.0,-22.5,27.3,-16.9,27.4,-18.4,26.7
3706.412,-21.1,27.0,-22.4,27.3,-16.9,27.4,-18.5,26.7
3707.412,-20.6,27.0,-22.2,27.3,-15.1,27.4,-18.4,26.7
3708.412,-17.7,27.1,-22.2,27.3,-13.5,27.4,-15.0,26.7
3709.412,-18.1,27.1,-18.8,27.3,-13.9,27.4,-15.3,26.7
3710.412,-18.6,27.0,-20.0,27.2,-15.7,27.4,-16.4,26.7
3711.412,-14.4,27.0,-13.0,27.3,-11.3,27.4,-12.0,26.7
3712.412,-1.4,27.4,-0.6,27.7,-0.3,27.8,-0.9,27.1
3713.412,0.1,27.8,0.0,28.0,0.1,28.2,0.0,27.4
3714.412,0.8,28.0,0.2,28.2,1.2,28.3,0.3,27.6
3715.412,11.5,27.5,9.2,27.9,8.3,27.7,10.7,27.2
3716.412,11.0,27.2,10.9,27.4,8.8,27.5,9.7,26.9
3717.412,18.1,27.0,17.0,27.2,13.9,27.4,16.7,26.8
3718.412,17.8,27.0,17.5,27.2,13.7,27.3,16.4,26.7
3719.412,17.4,27.0,19.3,27.1,13.0,27.3,16.7,26.7
3720.412,19.7,27.0,18.7,27.2,14.8,27.3,18.2,26.7
3721.412,19.9,27.0,19.0,27.2,15.8,27.3,18.6,26.7
3722.412,19.8,27.0,18.9,27.2,15.3,27.4,18.1,26.7
3723.412,20.0,27.1,19.0,27.3,15.5,27.4,18.2,26.8
3724.412,19.8,27.1,18.8,27.4,15.3,27.5,18.1,26.8
3725.412,20.0,27.3,19.1,27.4,15.7,27.5,18.6,26.9
3726.412,19.7,27.3,18.8,27.5,15.3,27.6,18.2,26.9
3727.412,19.6,27.4,18.7,27.6,15.2,27.6,18.0,26.9
3728.412,19.7,27.5,18.8,27.7,15.2,27.7,18.1,27.0
3729.412,20.1,27.6,19.1,27.8,15.6,27.8,18.4,27.0
3730.412,20.2,27.7,19.1,27.9,15.6,27.9,18.4,27.1
3731.412,19.7,27.7,18.8,28.0,15.3,28.0,18.2,27.1
3732.412,20.2,27.8,19.1,28.1,15.5,28.1,18.4,27.2
3733.412,19.9,27.9,18.9,28.1,15.4,28.2,18.2,27.3
3734.412,20.0,27.9,18.9,28.2,15.3,28.3,18.1,27.3
3735.412,20.2,27.9,19.1,28.3,15.6,28.3,18.4,27.4
3736.412,20.2,28.0,19.2,28.3,15.8,28.4,18.7,27.5
3737.414,20.3,28.0,19.3,28.4,15.7,28.5,18.6,27.5
3738.414,20.1,28.1,19.0,28.5,15.4,28.6,18.2,27.6
3739.414,20.4,28.1,19.3,28.5,15.9,28.7,18.8,27.6
3740.415,19.1,28.2,17.8,28.6,14.8,28.8,17.8,27.7
3741.417,2.4,28.5,2.2,28.9,1.7,29.0,2.8,27.9
3742.417,-2.5,28.7,-0.2,29.1,-0.4,29.3,-2.0,28.1
3743.417,-6.8,28.4,-4.8,29.1,-4.3,29.2,-6.4,27.9
3744.417,-15.2,28.1,-15.6,28.6,-11.4,28.7,-13.2,27.7
3745.417,-20.7,28.0,-22.0,28.4,-16.7,28.5,-18.4,27.5
3746.417,-21.0,27.8,-22.1,28.2,-16.8,28.4,-18.5,27.4
3747.417,-21.0,27.7,-22.3,28.1,-16.9,28.2,-18.6,27.3
3748.417,-21.1,27.6,-22.3,28.0,-16.9,28.0,-18.5,27.2
3749.417,-20.9,27.4,-22.3,27.8,-16.9,27.9,-18.5,27.1
3750.417,-20.8,27.3,-22.1,27.7,-16.6,27.8,-18.3,27.0
3751.417,-20.8,27.3,-22.2,27.6,-16.7,27.7,-18.4,26.9
3752.417,-20.7,27.2,-22.1,27.5,-16.7,27.6,-18.5,26.9
3753.417,-20.9,27.2,-22.2,27.5,-16.8,27.6,-18.4,26.9
3754.417,-20.9,27.1,-22.2,27.4,-16.8,27.5,-18.4,26.8
3755.417,-21.0,27.1,-22.2,27.4,-16.7,27.5,-18.3,26.8
3756.417,-21.0,27.1,-22.3,27.3,-16.8,27.5,-18.5,26.8
3757.418,-20.9,27.1,-22.3,27.3,-16.8,27.4,-18.5,26.8
3758.418,-21.1,27.1,-22.3,27.3,-16.8,27.4,-18.4,26.8
3759.418,-21.2,27.0,-22.5,27.3,-17.1,27.4,-18.7,26.7
3760.418,-21.2,27.0,-22.4,27.3,-16.9,27.4,-18.5,26.7
3761.418,-21.2,27.0,-22.5,27.3,-17.1,27.4,-18.7,26.7
3762.418,-20.9,27.0,-22.1,27.3,-16.5,27.4,-18.2,26.7
3763.418,-21.3,27.0,-22.5,27.2,-17.0,27.4,-18.6,26.7
3764.418,-20.9,27.0,-22.2,27.2,-16.7,27.4,-18.3,26.7
3765.418,-19.4,27.0,-22.3,27.2,-13.4,27.4,-17.3,26.7
3766.418,-17.5,27.0,-20.8,27.2,-13.2,27.4,-15.9,26.7
3767.418,-19.2,27.0,-18.5,27.3,-15.7,27.4,-14.8,26.7
3768.418,-18.3,27.0,-20.6,27.2,-15.9,27.3,-17.7,26.7
3769.418,-6.0,27.2,-5.8,27.4,-4.8,27.5,-5.1,26.9
3770.418,0.1,27.7,-0.3,27.9,0.1,28.0,0.2,27.3
3771.418,2.5,27.9,2.2,28.1,3.9,28.0,3.4,27.4
3772.418,11.5,27.3,11.2,27.5,8.8,27.5,9.8,27.0
3773.418,14.4,27.1,14.1,27.3,10.7,27.5,12.9,26.9
3774.418,17.4,27.0,16.8,27.2,13.8,27.3,16.3,26.7
3775.418,17.1,27.0,18.3,27.2,13.3,27.3,16.8,26.7
3776.418,20.1,26.9,19.4,27.1,13.7,27.3,17.9,26.7
3777.418,19.2,27.0,18.4,27.2,15.3,27.3,18.0,26.7
3778.418,19.7,27.0,18.8,27.2,15.5,27.3,18.2,26.7
3779.418,20.3,27.0,19.2,27.2,15.8,27.4,18.5,26.7
3780.419,19.9,27.1,19.0,27.3,15.5,27.4,18.3,26.8
3781.419,19.7,27.2,18.8,27.4,15.2,27.5,18.0,26.8
3782.419,19.7,27.3,18.8,27.4,15.4,27.5,18.2,26.9
3783.419,19.8,27.4,18.9,27.5,15.5,27.6,18.4,26.9
3784.419,19.4,27.4,18.6,27.6,15.1,27.7,17.9,26.9
3785.419,19.8,27.5,18.9,27.7,15.4,27.7,18.2,27.0
3786.419,20.3,27.6,19.3,27.8,15.8,27.8,18.7,27.0
3787.419,20.0,27.7,19.0,27.9,15.6,27.9,18.5,27.1
3788.419,19.7,27.8,18.7,28.0,15.1,28.0,17.8,27.1
3789.419,19.8,27.8,18.8,28.1,15.2,28.1,17.9,27.2
3790.419,20.2,27.9,19.3,28.1,15.9,28.2,18.8,27.3
3791.419,20.0,27.9,19.1,28.2,15.6,28.3,18.7,27.3
3792.419,19.8,28.0,18.8,28.3,15.2,28.4,18.0,27.4
3793.419,20.3,28.0,19.3,28.4,15.8,28.5,18.7,27.5
3794.419,20.3,28.0,19.3,28.4,15.8,28.5,18.7,27.5
3795.419,20.0,28.1,18.9,28.5,15.4,28.6,18.2,27.6
3796.419,20.6,28.1,19.3,28.6,16.0,28.7,18.8,27.6
3797.419,14.4,28.2,13.0,28.7,10.7,28.8,13.7,27.7
3798.419,0.8,28.5,0.7,28.9,0.4,29.1,0.8,28.0
3799.419,-4.4,28.6,-0.2,29.2,-0.7,29.3,-3.2,28.1
3800.442,-7.7,28.3,-8.1,28.9,-6.4,29.0,-8.1,27.8
3801.442,-18.3,28.0,-18.7,28.5,-13.9,28.6,-15.2,27.6
3802.442,-20.8,27.9,-22.2,28.3,-16.8,28.5,-18.4,27.5
3803.442,-21.0,27.8,-22.2,28.2,-16.9,28.3,-18.6,27.4
3804.442,-21.0,27.7,-22.3,28.1,-17.0,28.2,-18.6,27.3
3805.443,-20.9,27.5,-22.3,27.9,-16.9,28.0,-18.6,27.2
3806.443,-20.8,27.4,-22.2,27.8,-16.7,27.8,-18.4,27.0
3807.443,-20.8,27.3,-22.2,27.6,-16.8,27.7,-18.4,27.0
3808.443,-20.7,27.2,-22.1,27.5,-16.7,27.6,-18.4,26.9
3809.443,-20.8,27.2,-22.2,27.5,-16.8,27.6,-18.5,26.9
3810.443,-20.9,27.1,-22.3,27.4,-16.8,27.6,-18.4,26.9
3811.445,-20.9,27.1,-22.2,27.4,-16.7,27.5,-18.3,26.8
3812.445,-20.9,27.1,-22.2,27.4,-16.8,27.5,-18.4,26.8
3813.445,-21.1,27.1,-22.3,27.3,-16.8,27.5,-18.4,26.8
3814.445,-20.9,27.0,-22.4,27.3,-17.0,27.5,-18.7,26.8
3815.445,-21.1,27.0,-22.4,27.3,-16.8,27.4,-18.4,26.7
3816.445,-21.1,27.0,-22.5,27.3,-17.1,27.4,-18.7,26.7
3817.445,-21.3,27.0,-22.5,27.3,-16.9,27.4,-18.5,26.7
3818.445,-21.0,27.0,-22.3,27.3,-16.9,27.4,-18.5,26.7
3819.445,-21.1,27.0,-22.0,27.2,-16.8,27.4,-18.4,26.7
3820.445,-21.1,27.0,-21.9,27.2,-16.8,27.4,-18.4,26.7
3821.445,-21.0,27.0,-22.3,27.2,-16.2,27.4,-18.5,26.7
3822.445,-18.6,27.0,-22.3,27.2,-13.2,27.4,-16.7,26.7
3823.445,-17.8,27.0,-20.3,27.2,-14.2,27.4,-15.7,26.7
3824.445,-18.7,27.0,-19.6,27.2,-15.4,27.4,-15.5,26.7
3825.445,-18.6,27.0,-18.6,27.2,-15.1,27.3,-16.3,26.7
3826.445,-1.0,27.3,-0.2,27.6,-0.1,27.7,-0.6,27.0
3827.445,0.7,27.8,-0.1,28.0,0.3,28.1,0.2,27.4
3828.445,6.7,27.6,4.7,28.0,5.0,27.9,4.9,27.4
3829.445,11.0,27.2,11.0,27.4,8.5,27.5,10.3,26.9
3830.445,16.1,27.1,16.1,27.2,12.9,27.4,14.8,26.8
3831.445,16.8,27.0,16.6,27.2,13.7,27.3,16.8,26.7
3832.445,18.7,26.9,18.6,27.1,13.0,27.3,16.4,26.7
3833.445,19.4,26.9,18.9,27.1,14.0,27.3,17.9,26.7
3834.445,19.8,26.9,19.0,27.2,15.8,27.3,18.7,26.7
3835.445,19.8,27.0,18.9,27.2,15.5,27.3,18.2,26.7
3836.445,19.8,27.0,18.9,27.2,15.4,27.4,18.1,26.7
3837.447,19.9,27.1,19.0,27.3,15.6,27.4,18.4,26.8
3838.447,19.8,27.2,18.9,27.4,15.4,27.5,18.2,26.8
3839.447,19.6,27.3,18.7,27.4,15.2,27.5,18.1,26.8
3840.447,19.8,27.4,18.9,27.5,15.4,27.6,18.2,26.9
3841.447,19.7,27.5,18.9,27.6,15.4,27.7,18.4,26.9
3842.447,19.9,27.5,18.9,27.7,15.4,27.8,18.2,26.9
3843.447,20.0,27.6,19.0,27.8,15.6,27.8,18.4,27.0
3844.447,20.2,27.7,19.1,27.9,15.5,27.9,18.3,27.1
3845.447,20.2,27.7,19.0,28.0,15.4,28.0,18.1,27.1
3846.447,19.8,27.8,18.8,28.1,15.2,28.1,18.0,27.2
3847.447,19.8,27.9,18.9,28.1,15.5,28.2,18.5,27.3
3848.447,20.4,27.9,19.3,28.2,15.9,28.3,18.9,27.3
3849.447,19.8,28.0,18.9,28.3,15.3,28.4,18.2,27.4
3850.447,20.3,28.0,19.2,28.3,15.8,28.5,18.7,27.5
3851.447,20.4,28.0,19.3,28.4,15.7,28.6,18.5,27.5
3852.447,20.0,28.1,19.0,28.5,15.5,28.6,18.5,27.6
3853.447,20.5,28.1,19.1,28.6,15.8,28.7,18.6,27.6
3854.447,8.6,28.3,7.9,28.7,6.1,28.9,8.3,27.8
3855.447,-1.1,28.6,-0.2,29.0,-0.3,29.2,-0.7,28.1
3856.447,-5.5,28.4,-1.8,29.2,-1.9,29.3,-4.3,28.0
3857.447,-11.7,28.2,-12.0,28.7,-8.8,28.8,-10.5,27.7
3858.448,-20.8,27.9,-21.0,28.4,-16.4,28.5,-17.9,27.5
3859.448,-20.9,27.8,-22.2,28.2,-16.8,28.4,-18.4,27.4
3860.448,-20.9,27.7,-22.2,28.1,-17.0,28.3,-18.6,27.3
3861.448,-21.0,27.6,-22.3,28.0,-17.0,28.1,-18.6,27.2
3862.448,-20.8,27.4,-22.2,27.8,-16.8,27.9,-18.4,27.1
3863.448,-20.8,27.3,-22.2,27.7,-16.8,27.8,-18.5,27.0
3864.448,-20.8,27.2,-22.1,27.6,-16.6,27.7,-18.3,26.9
3865.448,-20.7,27.2,-22.1,27.5,-16.7,27.6,-18.4,26.9
3866.448,-20.8,27.2,-22.1,27.4,-16.8,27.6,-18.5,26.8
3867.448,-20.9,27.1,-22.3,27.4,-16.7,27.5,-18.4,26.8
3868.448,-21.0,27.1,-22.3,27.4,-16.8,27.5,-18.4,26.8
3869.448,-20.8,27.1,-22.2,27.3,-16.8,27.5,-18.4,26.8
3870.448,-21.0,27.0,-22.3,27.3,-16.8,27.4,-18.4,26.7
3871.448,-21.1,27.0,-22.5,27.3,-16.9,27.4,-18.6,26.7
3872.448,-21.0,27.0,-22.4,27.2,-16.8,27.4,-18.4,26.7
3873.450,-21.1,27.0,-22.9,27.2,-17.0,27.4,-18.6,26.7
3874.450,-21.2,27.0,-22.5,27.2,-16.9,27.4,-18.5,26.7
3875.450,-20.9,27.0,-22.1,27.2,-16.6,27.4,-18.3,26.7
3876.450,-21.3,27.0,-22.5,27.2,-17.0,27.4,-18.6,26.7
3877.450,-20.9,27.0,-22.2,27.2,-16.6,27.4,-18.3,26.7
3878.450,-20.4,27.0,-22.3,27.2,-15.1,27.4,-18.4,26.7
3879.450,-17.6,27.0,-22.3,27.2,-13.0,27.4,-15.0,26.7
3880.450,-18.2,27.0,-18.7,27.2,-15.2,27.4,-15.9,26.7
3881.450,-18.0,27.0,-19.8,27.2,-15.4,27.3,-16.3,26.7
3882.450,-11.9,27.0,-11.3,27.3,-9.3,27.4,-10.4,26.7
3883.450,-0.6,27.5,-0.6,27.7,-0.2,27.8,-0.7,27.1
3884.450,0.3,27.8,-0.1,28.0,0.2,28.2,0.2,27.4
3885.450,5.9,27.8,6.8,27.9,6.1,27.9,6.8,27.3
3886.450,11.4,27.2,10.3,27.4,8.3,27.5,10.7,26.9
3887.450,16.5,27.1,15.5,27.3,12.5,27.4,14.6,26.8
3888.450,17.7,26.9,16.7,27.1,13.3,27.3,16.1,26.7
3889.450,17.6,26.9,18.6,27.1,13.1,27.3,15.9,26.7
3890.450,19.4,26.9,19.2,27.1,14.6,27.3,18.7,26.7
3891.450,19.5,26.9,18.6,27.2,15.3,27.3,18.0,26.7
3892.450,19.6,27.0,18.8,27.2,15.4,27.3,18.2,26.7
3893.451,20.2,27.0,19.2,27.2,15.8,27.4,18.6,26.7
3894.451,19.9,27.1,18.9,27.3,15.4,27.4,18.1,26.8
3895.452,19.8,27.2,18.8,27.3,15.3,27.5,18.0,26.8
3896.452,19.8,27.3,18.8,27.4,15.3,27.5,18.1,26.8
3897.452,19.8,27.4,18.9,27.5,15.5,27.6,18.4,26.9
3898.452,19.7,27.4,18.7,27.6,15.2,27.6,18.0,26.9
3899.452,19.8,27.5,18.9,27.7,15.4,27.7,18.3,26.9
3900.452,20.2,27.6,19.2,27.8,15.8,27.8,18.7,27.0
3901.452,19.8,27.7,18.8,27.9,15.2,27.9,18.0,27.1
3902.452,20.0,27.7,18.9,28.0,15.4,28.0,18.2,27.1
3903.452,20.1,27.8,19.0,28.1,15.6,28.1,18.1,27.2
3904.452,20.4,27.8,19.3,28.1,15.9,28.2,18.8,27.2
3905.452,19.7,27.9,18.8,28.2,15.2,28.3,18.1,27.3
3906.452,20.0,27.9,19.0,28.3,15.6,28.4,18.6,27.4
3907.452,20.4,28.0,19.3,28.3,15.8,28.5,18.7,27.4
3908.452,20.2,28.0,19.1,28.4,15.5,28.5,18.3,27.5
3909.452,20.1,28.1,19.1,28.5,15.5,28.6,18.4,27.5
3910.452,20.5,28.1,19.2,28.5,16.0,28.7,18.9,27.6
3911.452,9.1,28.3,8.4,28.7,6.8,28.9,9.0,27.8
3912.452,-0.9,28.6,-0.2,29.0,-0.3,29.2,-0.7,28.1
3913.454,-5.6,28.5,-1.8,29.2,-1.9,29.2,-4.5,28.0
3914.454,-11.3,28.2,-11.9,28.7,-8.7,28.8,-10.5,27.7
3915.454,-20.9,27.9,-21.8,28.3,-16.4,28.5,-17.9,27.5
3916.454,-20.9,27.8,-22.1,28.2,-16.8,28.4,-18.5,27.4
3917.454,-21.0,27.7,-22.2,28.1,-16.9,28.3,-18.6,27.3
3918.454,-21.0,27.6,-22.3,28.0,-16.9,28.1,-18.5,27.2
3919.454,-20.9,27.4,-22.3,27.8,-16.8,27.9,-18.5,27.1
3920.454,-20.7,27.3,-22.1,27.7,-16.7,27.7,-18.4,27.0
3921.454,-20.8,27.2,-22.1,27.6,-16.6,27.7,-18.3,26.9
3922.454,-20.8,27.2,-22.2,27.5,-16.7,27.6,-18.4,26.9
3923.454,-20.8,27.1,-22.3,27.4,-16.9,27.5,-18.6,26.8
3924.454,-21.0,27.1,-22.3,27.4,-16.8,27.5,-18.5,26.8
3925.454,-20.9,27.1,-22.2,27.4,-16.6,27.5,-18.3,26.8
3926.454,-20.8,27.0,-22.2,27.3,-16.7,27.5,-18.4,26.8
3927.454,-21.1,27.0,-22.3,27.3,-16.8,27.4,-18.5,26.7
3928.454,-21.1,27.0,-22.4,27.3,-16.9,27.4,-18.6,26.7
3929.454,-21.1,27.0,-22.4,27.3,-16.9,27.4,-18.5,26.7
3930.454,-21.1,27.0,-22.4,27.2,-16.9,27.4,-18.6,26.7
3931.454,-21.3,27.0,-22.5,27.2,-17.0,27.3,-18.5,26.7
3932.454,-20.8,27.0,-22.1,27.2,-16.7,27.4,-18.4,26.7
3933.454,-21.3,27.0,-22.5,27.2,-16.9,27.4,-18.5,26.7
3934.454,-21.0,27.0,-22.2,27.2,-16.8,27.4,-18.4,26.7
3935.454,-20.3,27.0,-22.2,27.2,-15.0,27.3,-18.3,26.6
3936.454,-17.7,27.0,-22.1,27.2,-13.7,27.4,-14.9,26.7
3937.454,-18.2,27.0,-18.4,27.2,-13.9,27.3,-15.9,26.7
3938.454,-18.3,27.0,-19.6,27.2,-15.7,27.3,-16.2,26.7
3939.454,-12.7,27.0,-12.2,27.3,-10.4,27.3,-11.6,26.7
3940.454,-1.4,27.4,-1.1,27.7,-0.4,27.8,-0.9,27.1
3941.454,-0.4,27.7,-0.2,27.9,-0.2,28.1,-0.1,27.4
3942.454,-0.2,27.9,-0.1,28.1,-0.0,28.3,-0.0,27.6
3943.454,-0.1,28.1,-0.0,28.3,-0.0,28.5,-0.0,27.7
3944.454,-0.1,28.2,-0.0,28.4,-0.0,28.6,-0.0,27.8
3945.454,-0.1,28.3,-0.0,28.5,0.0,28.7,-0.0,27.9
3946.454,0.1,28.4,0.0,28.5,0.1,28.8,0.1,28.0
3947.454,0.5,28.5,0.1,28.6,0.6,28.8,1.9,27.9
3948.454,9.4,27.8,9.0,28.1,8.1,27.9,10.3,27.1
3949.454,9.9,27.2,9.9,27.4,7.9,27.5,9.2,26.9
3950.454,19.1,27.0,17.2,27.2,14.1,27.3,16.4,26.7
3951.454,16.1,26.9,17.0,27.1,13.6,27.2,16.0,26.7
3952.454,19.1,26.9,19.1,27.0,13.1,27.2,16.5,26.7
3953.454,19.5,26.9,18.7,27.1,14.3,27.2,18.2,26.6
3954.454,20.0,26.9,19.0,27.1,15.8,27.2,18.6,26.7
3955.456,19.9,27.0,19.0,27.2,15.5,27.3,18.3,26.7
3956.456,19.6,27.1,18.7,27.3,15.1,27.4,17.9,26.7
3957.456,20.0,27.1,19.0,27.3,15.5,27.4,18.3,26.8
3958.456,20.0,27.2,19.0,27.4,15.6,27.5,18.5,26.8
3959.456,19.6,27.3,18.7,27.5,15.3,27.5,18.1,26.8
3960.456,19.7,27.4,18.7,27.5,15.2,27.6,18.1,26.9
3961.456,20.0,27.4,18.9,27.6,15.4,27.7,18.2,26.9
3962.456,19.9,27.5,18.9,27.7,15.4,27.8,18.3,27.0
3963.456,20.0,27.6,19.0,27.8,15.4,27.8,18.3,27.0
3964.456,20.0,27.7,18.9,27.9,15.4,28.0,18.2,27.1
3965.456,20.2,27.8,19.1,28.0,15.6,28.0,18.5,27.1
3966.456,19.9,27.8,18.9,28.1,15.3,28.1,18.1,27.2
3967.456,20.0,27.9,18.9,28.2,15.4,28.2,18.2,27.2
3968.456,20.3,27.9,19.2,28.2,15.7,28.3,18.5,27.3
3969.456,20.0,27.9,19.0,28.3,15.5,28.4,18.4,27.4
3970.456,20.2,28.0,19.1,28.3,15.6,28.5,18.4,27.4
3971.456,20.4,28.0,19.3,28.4,15.8,28.6,18.7,27.5
3972.456,20.2,28.1,19.1,28.5,15.7,28.6,18.6,27.6
3973.456,20.2,28.1,18.8,28.5,15.6,28.7,18.6,27.6
3974.456,3.6,28.4,3.4,28.8,2.8,28.9,3.8,27.8
3975.456,-2.6,28.6,-0.1,29.1,-0.3,29.3,-1.9,28.1
3976.456,-6.6,28.3,-4.4,29.1,-3.9,29.1,-6.2,27.9
3977.456,-15.9,28.1,-16.2,28.5,-11.9,28.7,-13.8,27.6
3978.456,-20.7,27.9,-22.0,28.3,-16.7,28.5,-18.4,27.5
3979.456,-20.9,27.8,-22.1,28.2,-16.8,28.3,-18.5,27.4
3980.456,-21.0,27.7,-22.3,28.1,-17.0,28.2,-18.7,27.3
3981.458,-20.9,27.5,-22.3,27.9,-16.8,28.0,-18.5,27.1
3982.458,-20.8,27.4,-22.2,27.7,-16.8,27.8,-18.4,27.0
3983.458,-20.7,27.2,-22.1,27.6,-16.6,27.7,-18.3,26.9
3984.458,-20.7,27.2,-22.1,27.5,-16.6,27.6,-18.3,26.9
3985.458,-20.8,27.1,-22.2,27.5,-16.8,27.6,-18.5,26.8
3986.458,-20.7,27.1,-22.1,27.4,-16.7,27.5,-18.4,26.8
3987.460,-20.9,27.0,-22.2,27.4,-16.7,27.5,-18.3,26.8
3988.460,-20.9,27.0,-22.3,27.3,-16.8,27.4,-18.4,26.7
3989.460,-21.0,27.0,-22.3,27.3,-16.8,27.4,-18.4,26.7
3990.460,-21.0,27.0,-22.3,27.3,-16.9,27.4,-18.6,26.7
3991.460,-21.0,27.0,-22.3,27.2,-16.7,27.4,-18.3,26.7
3992.460,-21.1,27.0,-22.5,27.2,-17.0,27.3,-18.6,26.7
3993.460,-21.1,27.0,-22.4,27.2,-16.9,27.3,-18.5,26.7
3994.460,-21.2,26.9,-22.5,27.2,-16.9,27.3,-18.5,26.6
3995.460,-20.8,27.0,-22.2,27.2,-16.7,27.3,-18.4,26.6
3996.460,-21.2,26.9,-22.4,27.2,-16.8,27.3,-18.4,26.6
3997.460,-21.0,27.0,-22.3,27.2,-16.8,27.3,-18.5,26.6
3998.460,-19.2,27.0,-22.3,27.2,-13.8,27.3,-17.4,26.6
3999.460,-18.3,27.0,-20.8,27.2,-13.4,27.3,-15.8,26.6
4000.460,-18.5,27.0,-18.2,27.2,-15.9,27.3,-14.9,26.6
4001.460,-18.6,26.9,-20.5,27.2,-15.5,27.3,-17.4,26.6
4002.460,-5.7,27.1,-5.6,27.4,-4.7,27.5,-4.9,26.8
4003.460,0.1,27.6,-0.1,27.8,0.1,27.9,0.2,27.2
4004.460,1.7,27.9,0.9,28.0,2.8,28.0,2.6,27.4
4005.460,11.8,27.3,11.0,27.6,8.8,27.5,11.4,26.9
4006.460,13.9,27.1,13.4,27.3,10.1,27.4,12.0,26.8
4007.460,18.5,26.9,17.0,27.1,14.3,27.2,16.9,26.7
4008.460,17.5,26.9,18.4,27.1,13.3,27.2,16.5,26.6
4009.460,18.4,26.9,18.7,27.1,12.9,27.2,17.0,26.6
4010.460,20.1,26.9,19.1,27.1,15.9,27.2,18.7,26.6
4011.460,19.7,26.9,18.9,27.1,15.5,27.3,18.4,26.6
4012.460,19.6,27.0,18.6,27.2,15.1,27.3,17.8,26.7
4013.460,19.8,27.0,18.9,27.2,15.4,27.3,18.3,26.7
4014.460,20.2,27.1,19.1,27.3,15.5,27.4,18.3,26.7
4015.460,19.9,27.2,18.9,27.3,15.5,27.4,18.4,26.8
4016.460,19.5,27.3,18.6,27.4,15.2,27.5,18.1,26.8
4017.460,20.0,27.4,19.0,27.5,15.6,27.6,18.5,26.8
4018.460,19.8,27.4,18.8,27.6,15.3,27.7,18.2,26.9
4019.460,20.1,27.5,18.9,27.7,15.3,27.7,18.0,26.9
4020.460,20.1,27.6,19.0,27.8,15.5,27.9,18.4,27.0
4021.460,20.1,27.6,19.1,27.9,15.6,27.9,18.5,27.1
4022.460,19.9,27.7,18.9,28.0,15.3,28.0,18.2,27.1
4023.462,19.9,27.8,18.8,28.1,15.2,28.1,18.0,27.2
4024.462,20.3,27.8,19.2,28.1,15.8,28.2,18.8,27.2
4025.462,20.0,27.9,19.0,28.2,15.5,28.3,18.4,27.3
4026.462,20.3,27.9,19.2,28.3,15.7,28.4,18.7,27.4
4027.462,20.1,28.0,19.1,28.3,15.5,28.5,18.4,27.4
4028.462,20.3,28.0,19.1,28.4,15.5,28.6,18.4,27.5
4029.462,20.6,28.1,19.3,28.5,15.9,28.6,18.8,27.6
4030.462,13.6,28.1,12.8,28.6,10.5,28.7,12.9,27.6
4031.462,-0.3,28.5,-0.3,28.9,-0.2,29.1,-0.2,28.0
4032.462,-4.9,28.5,-0.5,29.1,-1.0,29.3,-3.6,28.0
4033.462,-8.5,28.2,-8.8,28.8,-6.7,28.9,-8.6,27.7
4034.462,-20.5,27.9,-20.7,28.3,-15.6,28.5,-17.2,27.5
4035.462,-20.9,27.8,-22.3,28.2,-16.8,28.4,-18.4,27.4
4036.462,-20.9,27.7,-22.2,28.1,-16.9,28.3,-18.6,27.3
4037.462,-21.0,27.6,-22.3,28.0,-17.0,28.1,-18.6,27.2
4038.462,-20.9,27.4,-22.3,27.8,-16.8,27.9,-18.5,27.1
4039.462,-20.7,27.3,-22.2,27.6,-16.7,27.7,-18.4,26.9
4040.462,-20.7,27.2,-22.1,27.5,-16.5,27.6,-18.2,26.9
4041.462,-20.7,27.2,-22.1,27.5,-16.7,27.6,-18.4,26.8
4042.462,-20.8,27.1,-22.2,27.4,-16.8,27.5,-18.6,26.8
4043.462,-20.9,27.1,-22.2,27.4,-16.7,27.5,-18.4,26.8
4044.462,-20.9,27.1,-22.2,27.3,-16.8,27.4,-18.4,26.7
4045.462,-20.8,27.0,-22.2,27.3,-16.7,27.4,-18.4,26.7
4046.462,-21.1,27.0,-22.4,27.3,-16.9,27.4,-18.5,26.7
4047.462,-21.0,27.0,-22.4,27.2,-17.0,27.4,-18.7,26.7
4048.463,-21.0,27.0,-22.3,27.2,-16.7,27.3,-18.4,26.7
4049.463,-21.1,27.0,-22.5,27.2,-17.0,27.3,-18.7,26.7
4050.463,-21.3,27.0,-22.5,27.2,-17.0,27.3,-18.5,26.6
4051.463,-20.9,26.9,-22.2,27.2,-16.7,27.3,-18.3,26.6
4052.463,-21.2,26.9,-22.4,27.2,-16.9,27.3,-18.5,26.6
4053.463,-21.0,27.0,-22.2,27.1,-16.7,27.3,-18.3,26.6
4054.463,-20.9,26.9,-22.3,27.1,-15.8,27.3,-18.7,26.6
4055.463,-18.0,26.9,-22.3,27.1,-13.9,27.3,-15.2,26.6
4056.463,-18.7,26.9,-18.9,27.2,-13.8,27.3,-14.8,26.6
4057.463,-18.5,26.9,-19.6,27.2,-15.4,27.3,-16.5,26.6
4058.463,-14.3,26.9,-14.8,27.2,-12.0,27.3,-12.6,26.6
4059.463,0.5,27.4,-0.1,27.6,0.5,27.7,0.0,27.1
4060.463,2.4,27.7,0.6,27.9,1.0,28.0,0.3,27.4
4061.463,10.4,27.3,10.1,27.6,8.3,27.6,10.8,27.1
4062.463,10.8,27.1,9.6,27.3,7.9,27.4,9.4,26.8
4063.463,19.1,26.9,17.8,27.1,14.0,27.3,16.9,26.7
4064.463,18.0,26.9,17.0,27.1,13.6,27.2,16.1,26.6
4065.463,17.8,26.9,19.1,27.0,13.0,27.2,16.8,26.6
4066.463,19.9,26.9,19.0,27.1,15.3,27.2,19.1,26.6
4067.463,19.9,26.9,18.8,27.1,15.3,27.2,17.9,26.6
4068.463,19.9,27.0,18.9,27.2,15.6,27.3,18.1,26.6
4069.463,19.7,27.0,18.7,27.2,15.3,27.3,18.1,26.7
4070.463,20.5,27.1,19.3,27.2,15.8,27.4,18.7,26.7
4071.463,19.8,27.2,18.8,27.3,15.3,27.4,18.2,26.8
4072.463,19.7,27.3,18.7,27.4,15.3,27.5,18.2,26.8
4073.463,19.8,27.3,18.8,27.5,15.4,27.5,18.4,26.8
4074.463,19.9,27.4,18.8,27.6,15.2,27.6,18.0,26.9
4075.463,20.0,27.5,19.0,27.7,15.5,27.7,18.4,26.9
4076.463,20.0,27.6,18.9,27.8,15.3,27.8,18.1,27.0
4077.463,20.2,27.6,19.1,27.9,15.6,27.9,18.5,27.0
4078.463,20.0,27.7,18.9,28.0,15.4,28.0,18.3,27.1
4079.463,20.3,27.8,19.0,28.0,15.3,28.1,18.0,27.2
4080.463,20.0,27.8,19.0,28.1,15.5,28.2,18.5,27.2
4081.463,20.2,27.9,19.0,28.2,15.5,28.3,18.4,27.3
4082.463,20.0,27.9,19.0,28.2,15.6,28.4,18.7,27.3
4083.463,20.4,27.9,19.3,28.3,15.7,28.4,18.6,27.4
4084.463,20.3,28.0,19.2,28.4,15.6,28.5,18.5,27.5
4085.463,20.5,28.1,19.3,28.4,15.8,28.6,18.7,27.5
4086.465,18.7,28.1,17.3,28.5,14.3,28.7,17.1,27.6
4087.465,0.9,28.4,0.9,28.8,0.8,29.0,1.2,27.9
4088.465,-4.4,28.5,-0.2,29.1,-0.7,29.2,-3.1,28.0
4089.465,-7.6,28.2,-8.1,28.8,-6.3,28.9,-8.3,27.7
4090.465,-19.4,28.0,-19.4,28.4,-14.3,28.6,-15.9,27.5
4091.465,-20.8,27.8,-22.3,28.2,-16.8,28.4,-18.5,27.4
4092.465,-20.9,27.7,-22.2,28.1,-16.8,28.3,-18.5,27.3
4093.465,-21.0,27.6,-22.3,28.0,-16.9,28.1,-18.6,27.2
4094.465,-20.9,27.4,-22.3,27.8,-16.8,27.9,-18.5,27.1
4095.465,-20.7,27.3,-22.1,27.7,-16.7,27.7,-18.5,27.0
4096.465,-20.7,27.2,-22.1,27.6,-16.6,27.6,-18.3,26.9
4097.465,-20.7,27.1,-22.1,27.5,-16.7,27.6,-18.4,26.8
4098.465,-20.7,27.1,-22.2,27.4,-16.8,27.5,-18.5,26.8
4099.465,-20.9,27.1,-22.3,27.4,-16.9,27.5,-18.6,26.7
4100.465,-20.8,27.1,-22.1,27.3,-16.6,27.4,-18.3,26.7
4101.465,-20.9,27.0,-22.2,27.3,-16.6,27.4,-18.3,26.7
4102.465,-21.2,27.0,-22.4,27.3,-16.8,27.4,-18.4,26.7
4103.465,-21.0,27.0,-22.3,27.2,-16.8,27.4,-18.5,26.7
4104.465,-21.2,27.0,-22.4,27.2,-16.9,27.3,-18.4,26.7
4105.465,-21.1,27.0,-22.4,27.2,-17.0,27.3,-18.6,26.6
4106.465,-21.3,27.0,-22.5,27.2,-16.9,27.3,-18.5,26.6
4107.465,-21.0,26.9,-22.4,27.2,-16.9,27.3,-18.6,26.6
4108.465,-21.0,26.9,-22.2,27.2,-16.6,27.3,-18.3,26.6
4109.465,-21.2,26.9,-22.5,27.2,-17.0,27.3,-18.6,26.6
4110.465,-20.9,26.9,-22.2,27.2,-16.1,27.3,-18.3,26.6
4111.465,-18.5,27.0,-22.4,27.1,-13.7,27.3,-16.7,26.6
4112.465,-18.5,26.9,-19.8,27.1,-14.1,27.3,-14.6,26.6
4113.465,-18.7,26.9,-19.4,27.2,-15.4,27.3,-15.3,26.6
4114.467,-16.4,26.9,-16.9,27.2,-14.3,27.3,-15.7,26.6
4115.467,-0.6,27.3,0.2,27.5,-0.2,27.6,-0.2,27.0
4116.467,0.6,27.7,-0.0,27.9,0.5,28.0,0.3,27.3
4117.467,7.8,27.6,5.1,27.9,6.8,27.7,8.8,27.1
4118.467,10.4,27.1,12.1,27.3,7.6,27.4,9.7,26.8
4119.468,18.5,27.0,16.8,27.2,13.4,27.3,16.4,26.7
4120.468,17.8,26.9,16.7,27.1,13.7,27.2,15.9,26.6
4121.468,17.5,26.9,19.0,27.1,13.4,27.2,16.2,26.6
4122.468,19.6,26.9,18.9,27.1,14.6,27.2,18.5,26.6
4123.468,19.8,26.9,18.8,27.1,15.5,27.2,18.4,26.6
4124.468,19.8,26.9,18.9,27.1,15.4,27.3,18.2,26.7
4125.468,19.6,27.0,18.6,27.2,15.1,27.3,17.8,26.7
4126.468,20.2,27.0,19.1,27.2,15.6,27.4,18.5,26.7
4127.468,19.8,27.1,18.9,27.3,15.5,27.4,18.4,26.7
4128.468,19.8,27.2,18.8,27.4,15.3,27.5,18.2,26.8
4129.468,19.6,27.3,18.7,27.5,15.4,27.5,18.3,26.8
4130.468,19.8,27.4,18.8,27.6,15.3,27.6,18.1,26.8
4131.468,19.8,27.5,18.8,27.7,15.3,27.7,18.2,26.9
4132.468,20.0,27.5,18.9,27.8,15.4,27.8,18.2,27.0
4133.468,20.2,27.6,19.1,27.8,15.6,27.9,18.5,27.0
4134.468,19.9,27.7,18.9,27.9,15.3,28.0,18.1,27.1
4135.468,20.1,27.7,19.0,28.0,15.4,28.0,18.2,27.1
4136.468,20.0,27.8,19.0,28.1,15.6,28.1,18.5,27.2
4137.468,19.9,27.8,19.1,28.1,15.5,28.2,18.4,27.3
4138.468,20.0,27.9,19.2,28.2,15.6,28.3,18.5,27.3
4139.470,20.4,27.9,19.2,28.3,15.6,28.4,18.4,27.4
4140.470,20.4,28.0,19.4,28.3,15.9,28.5,18.9,27.4
4141.470,20.0,28.0,19.0,28.4,15.4,28.6,18.2,27.5
4142.470,20.6,28.1,19.1,28.5,16.0,28.6,19.0,27.6
4143.470,4.1,28.3,4.2,28.7,3.5,28.9,4.6,27.8
4144.470,-2.7,28.6,0.4,29.0,-0.3,29.2,-2.1,28.0
4145.470,-7.2,28.3,-5.6,28.9,-4.5,29.0,-6.8,27.8
4146.470,-16.5,28.0,-16.1,28.4,-12.2,28.6,-14.1,27.5
4147.470,-20.6,27.8,-21.8,28.2,-16.7,28.4,-18.4,27.4
4148.470,-20.9,27.7,-22.1,28.1,-16.8,28.3,-18.5,27.3
4149.470,-21.0,27.6,-22.3,28.0,-16.9,28.1,-18.6,27.2
4150.470,-20.9,27.5,-22.2,27.8,-16.8,27.9,-18.4,27.1
4151.470,-20.7,27.3,-22.2,27.7,-16.8,27.8,-18.5,27.0
4152.470,-20.7,27.2,-22.1,27.6,-16.7,27.7,-18.4,26.9
4153.470,-20.7,27.2,-22.0,27.5,-16.7,27.6,-18.4,26.8
4154.470,-20.8,27.1,-22.1,27.4,-16.8,27.5,-18.5,26.8
4155.470,-20.7,27.1,-22.1,27.4,-16.7,27.5,-18.4,26.8
4156.470,-20.9,27.0,-22.3,27.3,-16.7,27.4,-18.4,26.7
4157.470,-20.9,27.0,-22.2,27.3,-16.7,27.4,-18.3,26.7
4158.470,-21.1,27.0,-22.4,27.3,-16.8,27.4,-18.4,26.7
4159.470,-20.9,27.0,-22.4,27.2,-16.9,27.3,-18.6,26.7
4160.470,-21.0,27.0,-22.3,27.2,-16.7,27.3,-18.3,26.6
4161.470,-21.1,26.9,-22.8,27.2,-17.0,27.3,-18.7,26.6
4162.470,-21.2,26.9,-22.4,27.2,-16.9,27.3,-18.5,26.6
4163.470,-21.0,26.9,-22.3,27.2,-16.8,27.3,-18.5,26.6
4164.470,-21.0,26.9,-22.2,27.1,-16.7,27.3,-18.3,26.6
4165.470,-21.1,26.9,-22.3,27.1,-16.9,27.3,-18.5,26.6
4166.470,-21.0,26.9,-22.1,27.1,-16.6,27.3,-18.2,26.6
4167.470,-19.0,26.9,-22.2,27.1,-13.5,27.3,-17.3,26.6
4168.470,-18.4,26.9,-21.2,27.1,-13.7,27.3,-15.6,26.6
4169.470,-18.5,26.9,-18.6,27.1,-15.7,27.3,-14.8,26.6
4170.470,-18.6,26.9,-20.5,27.1,-15.6,27.2,-17.8,26.6
4171.470,-3.4,27.2,-3.0,27.4,-3.4,27.5,-2.6,26.8
4172.470,0.2,27.7,-0.0,27.8,0.1,28.0,0.1,27.3
4173.471,2.1,27.8,0.6,28.0,2.0,28.1,2.2,27.4
4174.471,12.0,27.3,11.1,27.6,10.3,27.5,12.4,26.9
4175.471,12.7,27.1,12.8,27.3,9.0,27.4,11.5,26.8
4176.471,19.0,26.9,16.4,27.1,14.2,27.2,16.4,26.6
4177.471,17.6,26.9,18.5,27.1,12.8,27.2,16.1,26.6
4178.471,18.5,26.9,18.8,27.0,13.6,27.2,17.3,26.6
4179.471,19.7,26.9,18.8,27.1,15.5,27.2,18.8,26.6
4180.471,19.7,26.9,18.8,27.1,15.4,27.2,18.2,26.6
4181.471,20.0,27.0,19.0,27.1,15.5,27.3,18.2,26.6
4182.471,20.3,27.0,19.3,27.2,15.9,27.3,18.8,26.7
4183.471,19.8,27.1,18.7,27.2,15.1,27.4,17.8,26.7
4184.471,19.8,27.2,18.8,27.3,15.3,27.4,18.2,26.8
4185.471,19.5,27.3,18.7,27.4,15.2,27.5,18.2,26.8
4186.471,19.7,27.3,18.8,27.5,15.3,27.5,18.1,26.8
4187.471,19.7,27.4,18.8,27.6,15.4,27.6,18.4,26.9
4188.471,20.4,27.5,19.2,27.7,15.7,27.7,18.5,26.9
4189.471,20.2,27.6,19.2,27.8,15.8,27.8,18.7,27.0
4190.471,19.6,27.6,18.6,27.9,15.0,27.9,17.7,27.0
4191.471,20.1,27.7,19.0,27.9,15.4,28.0,18.2,27.1
4192.471,19.9,27.8,18.9,28.0,15.3,28.1,18.2,27.1
4193.471,20.1,27.8,19.1,28.1,15.6,28.2,18.6,27.2
4194.471,19.8,27.9,18.8,28.2,15.2,28.3,18.1,27.3
4195.471,20.7,27.9,19.6,28.2,16.2,28.3,19.2,27.3
4196.471,20.1,27.9,19.1,28.3,15.6,28.4,18.5,27.4
4197.471,20.0,28.0,19.0,28.4,15.4,28.5,18.3,27.5
4198.471,20.6,28.0,19.4,28.4,15.9,28.6,18.8,27.5
4199.471,14.1,28.1,13.1,28.5,11.1,28.7,13.5,27.6
4200.471,-0.4,28.5,-0.4,28.9,-0.3,29.1,-0.4,27.9
4201.471,-4.7,28.5,-0.7,29.1,-1.1,29.2,-3.6,27.9
4202.471,-9.0,28.2,-9.6,28.7,-7.1,28.8,-9.1,27.7
4203.471,-20.6,27.9,-21.0,28.3,-15.5,28.5,-17.1,27.5
4204.471,-20.9,27.8,-22.3,28.2,-16.7,28.3,-18.4,27.4
4205.471,-21.0,27.7,-22.2,28.1,-16.9,28.2,-18.5,27.3
4206.471,-21.0,27.5,-22.3,27.9,-16.9,28.0,-18.6,27.1
4207.471,-20.9,27.4,-22.2,27.8,-16.8,27.8,-18.4,27.0
4208.471,-20.8,27.3,-22.2,27.6,-16.7,27.7,-18.4,26.9
4209.471,-20.8,27.2,-22.1,27.5,-16.6,27.6,-18.3,26.9
4210.471,-20.7,27.1,-22.1,27.4,-16.6,27.6,-18.3,26.8
4211.471,-20.9,27.1,-22.3,27.4,-16.8,27.5,-18.5,26.7
4212.471,-20.9,27.0,-22.2,27.3,-16.7,27.5,-18.4,26.7
4213.471,-21.1,27.0,-22.3,27.3,-16.8,27.4,-18.4,26.7
4214.471,-20.8,27.0,-22.2,27.3,-16.7,27.4,-18.4,26.7
4215.471,-21.1,27.0,-22.3,27.2,-16.7,27.4,-18.4,26.7
4216.471,-21.1,27.0,-22.4,27.2,-16.9,27.3,-18.6,26.6
4217.471,-21.0,26.9,-22.3,27.2,-16.8,27.3,-18.4,26.6
4218.471,-21.1,26.9,-22.4,27.2,-16.9,27.3,-18.6,26.6
4219.471,-21.4,26.9,-22.5,27.2,-16.9,27.3,-18.5,26.6
4220.471,-20.9,26.9,-22.2,27.1,-16.8,27.3,-18.5,26.6
4221.471,-21.2,26.9,-22.4,27.1,-16.8,27.3,-18.4,26.6
4222.471,-21.1,26.9,-22.3,27.1,-16.8,27.3,-18.4,26.6
4223.471,-21.0,26.9,-22.3,27.1,-16.0,27.3,-18.6,26.6
4224.471,-17.8,26.9,-22.2,27.1,-13.2,27.3,-15.1,26.6
4225.471,-17.7,27.0,-18.2,27.2,-15.0,27.3,-14.7,26.6
4226.471,-18.6,26.9,-20.2,27.1,-14.8,27.2,-16.7,26.6
4227.471,-14.4,26.9,-14.9,27.2,-12.4,27.2,-13.1,26.6
4228.471,-0.5,27.4,-0.6,27.6,-0.3,27.7,-0.5,27.0
4229.471,0.4,27.8,-0.0,27.9,0.2,28.0,0.2,27.3
4230.471,7.1,27.7,6.4,27.9,5.3,27.9,6.9,27.2
4231.473,10.1,27.1,10.6,27.3,7.6,27.4,10.6,26.8
4232.473,18.1,27.0,16.0,27.2,14.0,27.3,16.0,26.7
4233.473,16.8,26.9,17.0,27.1,13.5,27.2,16.1,26.6
4234.473,17.1,26.9,18.7,27.0,12.7,27.2,16.0,26.6
4235.473,20.5,26.9,19.0,27.0,14.4,27.2,18.2,26.6
4236.473,20.0,26.9,19.2,27.1,16.2,27.2,18.5,26.6
4237.473,19.7,26.9,18.8,27.1,15.5,27.2,18.3,26.6
4238.473,19.7,27.0,18.8,27.2,15.0,27.3,18.0,26.6
4239.473,20.0,27.0,19.0,27.2,15.5,27.3,18.3,26.7
4240.473,20.1,27.1,19.1,27.3,15.7,27.4,18.6,26.7
4241.473,19.5,27.2,18.7,27.3,15.3,27.4,18.3,26.7
4242.473,19.7,27.3,18.7,27.4,15.2,27.5,18.0,26.8
4243.474,20.0,27.4,19.0,27.5,15.4,27.6,18.3,26.8
4244.475,19.8,27.4,18.8,27.6,15.3,27.7,18.2,26.9
4245.475,19.9,27.5,18.9,27.7,15.4,27.8,18.2,26.9
4246.475,20.0,27.6,19.0,27.8,15.5,27.8,18.3,27.0
4247.475,20.1,27.6,19.1,27.9,15.6,27.9,18.6,27.0
4248.477,19.9,27.7,18.9,28.0,15.3,28.0,18.2,27.1
4249.477,19.9,27.8,18.8,28.0,15.2,28.1,18.0,27.2
4250.479,20.0,27.8,19.1,28.1,15.6,28.2,18.7,27.2
4251.479,20.0,27.9,19.0,28.2,15.5,28.3,18.5,27.3
4252.479,20.3,27.9,19.2,28.2,15.7,28.4,18.5,27.4
4253.479,20.3,27.9,19.3,28.3,15.8,28.5,18.8,27.4
4254.479,20.1,28.0,19.1,28.4,15.7,28.5,18.6,27.5
4255.479,20.3,28.0,18.9,28.5,15.9,28.6,18.8,27.5
4256.479,5.5,28.2,5.2,28.6,4.6,28.8,5.6,27.7
4257.479,-2.6,28.5,-0.0,29.0,-0.2,29.2,-1.9,28.0
4258.479,-6.6,28.3,-4.7,29.0,-4.1,29.0,-6.4,27.8
4259.479,-16.4,28.0,-16.1,28.4,-12.0,28.6,-14.1,27.5
4260.479,-20.7,27.8,-22.0,28.2,-16.6,28.4,-18.4,27.4
4261.479,-20.9,27.7,-22.0,28.1,-16.8,28.3,-18.5,27.3
4262.479,-20.9,27.6,-22.3,28.0,-17.0,28.1,-18.7,27.2
4263.479,-20.9,27.4,-22.2,27.8,-16.8,27.9,-18.4,27.1
4264.479,-20.7,27.3,-22.1,27.7,-16.8,27.7,-18.4,27.0
4265.479,-20.8,27.2,-22.1,27.6,-16.6,27.6,-18.2,26.9
4266.480,-20.7,27.1,-22.1,27.5,-16.6,27.5,-18.3,26.8
4267.480,-20.8,27.1,-22.1,27.4,-16.8,27.5,-18.5,26.8
4268.480,-20.7,27.0,-22.1,27.3,-16.7,27.4,-18.4,26.7
4269.482,-21.0,27.0,-22.2,27.3,-16.8,27.4,-18.4,26.7
4270.482,-20.8,27.0,-22.2,27.3,-16.6,27.4,-18.2,26.7
4271.482,-21.1,27.0,-22.4,27.2,-16.8,27.3,-18.4,26.7
4272.482,-20.9,27.0,-22.4,27.2,-17.0,27.3,-18.7,26.6
4273.482,-21.1,26.9,-22.4,27.2,-16.8,27.3,-18.3,26.6
4274.482,-21.2,26.9,-22.6,27.2,-17.1,27.3,-18.7,26.6
4275.492,-21.1,26.9,-22.3,27.1,-16.7,27.3,-18.2,26.6
4276.492,-21.2,26.9,-22.5,27.1,-17.0,27.3,-18.7,26.6
4277.492,-20.9,26.9,-22.2,27.1,-16.6,27.3,-18.2,26.6
4278.492,-21.2,26.9,-22.7,27.1,-16.9,27.3,-18.6,26.6
4279.492,-21.0,26.9,-22.3,27.1,-16.9,27.3,-18.5,26.6
4280.492,-19.1,26.9,-22.1,27.1,-13.9,27.3,-17.0,26.6
4281.492,-17.1,26.9,-21.0,27.1,-14.4,27.3,-15.9,26.6
4282.492,-19.4,26.9,-19.3,27.1,-13.5,27.3,-15.1,26.6
4283.494,-18.7,26.9,-19.7,27.1,-16.4,27.2,-16.6,26.6
4284.494,-3.8,27.1,-3.3,27.3,-3.6,27.4,-4.7,26.7
4285.495,1.7,27.5,-0.1,27.8,0.0,27.9,1.5,27.1
4286.495,8.3,27.4,6.1,27.7,3.2,28.1,7.1,27.0
4287.495,8.5,27.1,10.5,27.3,8.9,27.5,9.8,26.8
4288.495,16.5,27.0,15.4,27.2,12.2,27.3,15.0,26.7
4289.495,18.1,26.8,16.6,27.1,13.6,27.2,16.1,26.6
4290.495,17.7,26.9,18.8,27.0,13.3,27.2,16.2,26.6
4291.495,18.8,26.8,18.5,27.0,15.1,27.2,17.5,26.6
4292.495,20.2,26.9,19.2,27.0,15.7,27.2,18.7,26.6
4293.495,19.8,26.9,19.0,27.1,15.7,27.2,18.7,26.6
4294.495,19.5,27.0,18.6,27.2,15.0,27.3,18.0,26.6
4295.495,20.0,27.0,18.9,27.2,15.3,27.3,18.1,26.7
4296.495,19.8,27.1,18.9,27.2,15.4,27.4,18.3,26.7
4297.495,19.9,27.2,19.0,27.3,15.6,27.4,18.6,26.7
4298.495,19.4,27.3,18.5,27.4,15.0,27.5,17.8,26.8
4299.495,20.1,27.4,19.1,27.5,15.6,27.6,18.5,26.8
4300.495,19.8,27.4,18.8,27.6,15.3,27.6,18.2,26.9
4301.496,19.8,27.5,18.8,27.7,15.3,27.7,18.2,26.9
4302.496,20.2,27.6,19.1,27.8,15.5,27.8,18.3,27.0
4303.496,19.9,27.6,18.9,27.9,15.3,27.9,18.2,27.0
4304.496,20.0,27.7,19.0,27.9,15.6,28.0,18.5,27.1
4305.496,19.7,27.7,18.7,28.0,15.2,28.1,18.0,27.2
4306.496,20.3,27.8,19.2,28.1,15.7,28.2,18.6,27.2
4307.496,19.9,27.8,19.0,28.1,15.5,28.3,18.5,27.3
4308.496,20.1,27.9,19.1,28.2,15.5,28.4,18.3,27.3
4309.496,20.3,27.9,19.2,28.3,15.7,28.4,18.7,27.4
4310.496,20.3,28.0,19.3,28.4,15.8,28.5,18.8,27.5
4311.496,20.5,28.0,19.1,28.4,16.0,28.6,19.0,27.5
4312.496,8.7,28.2,8.0,28.6,6.3,28.8,8.2,27.6
4313.496,0.5,28.5,0.5,28.8,0.2,29.1,0.5,27.9
4314.496,-4.0,28.5,-0.1,29.0,-0.5,29.2,-2.8,28.0
4315.497,-7.5,28.2,-7.4,28.8,-5.8,28.9,-7.6,27.7
4316.497,-17.6,27.9,-17.8,28.3,-13.1,28.5,-14.9,27.5
4317.497,-20.7,27.8,-22.2,28.2,-16.7,28.3,-18.5,27.4
4318.497,-20.9,27.7,-22.1,28.1,-16.8,28.2,-18.5,27.3
4319.497,-21.0,27.6,-22.3,27.9,-17.0,28.1,-18.7,27.2
4320.497,-21.0,27.4,-22.3,27.8,-16.9,27.9,-18.5,27.0
4321.497,-20.8,27.3,-22.2,27.7,-16.7,27.7,-18.4,26.9
4322.497,-20.8,27.2,-22.2,27.5,-16.7,27.6,-18.3,26.9
4323.497,-20.8,27.1,-22.2,27.4,-16.7,27.5,-18.4,26.8
4324.497,-20.7,27.1,-22.1,27.4,-16.7,27.4,-18.4,26.8
4325.497,-20.8,27.0,-22.2,27.3,-16.8,27.4,-18.5,26.7
4326.497,-20.9,27.0,-22.2,27.3,-16.7,27.4,-18.3,26.7
4327.497,-21.0,27.0,-22.2,27.2,-16.7,27.3,-18.4,26.7
4328.497,-21.1,27.0,-22.4,27.2,-16.8,27.3,-18.4,26.7
4329.497,-20.9,26.9,-22.2,27.2,-16.8,27.3,-18.5,26.6
4330.497,-21.2,26.9,-22.4,27.2,-16.8,27.3,-18.4,26.6
4331.497,-21.1,26.9,-22.4,27.1,-16.9,27.3,-18.5,26.6
4332.497,-21.3,26.9,-22.5,27.1,-16.9,27.3,-18.5,26.6
4333.497,-21.2,26.9,-22.4,27.1,-16.9,27.3,-18.6,26.6
4334.497,-21.0,26.9,-22.2,27.1,-16.6,27.3,-18.3,26.6
4335.497,-21.2,26.9,-22.5,27.1,-17.0,27.2,-18.6,26.6
4336.497,-20.9,26.9,-22.1,27.1,-16.6,27.2,-18.2,26.6
4337.497,-18.9,26.9,-22.4,27.1,-13.2,27.3,-17.1,26.6
4338.497,-17.0,26.9,-20.1,27.1,-14.3,27.3,-15.3,26.6
4339.497,-19.6,26.9,-18.2,27.1,-14.2,27.3,-14.7,26.6
4340.497,-18.4,26.9,-20.6,27.1,-16.6,27.2,-17.3,26.5
4341.497,-2.9,27.2,-2.5,27.4,-2.0,27.5,-2.4,26.8
4342.497,0.2,27.7,-0.2,27.8,0.1,28.0,0.2,27.2
4343.497,3.6,27.8,3.4,27.9,4.4,27.9,4.0,27.3
4344.497,11.8,27.1,11.5,27.3,9.0,27.4,11.3,26.8
4345.497,15.7,27.0,14.5,27.2,11.3,27.3,14.0,26.7
4346.497,18.0,26.9,16.6,27.0,13.9,27.2,16.6,26.6
4347.497,17.2,26.8,18.7,27.0,13.1,27.2,16.0,26.6
4348.497,19.3,26.8,19.2,27.0,14.2,27.2,18.5,26.6
4349.497,19.5,26.9,18.6,27.0,15.3,27.2,18.1,26.6
4350.497,19.8,26.9,18.9,27.1,15.4,27.2,18.2,26.6
4351.497,19.6,26.9,18.7,27.1,15.1,27.3,17.9,26.6
4352.497,19.9,27.0,19.0,27.2,15.5,27.3,18.4,26.6
4353.497,20.1,27.1,19.1,27.2,15.6,27.3,18.4,26.7
4354.497,19.8,27.1,18.9,27.3,15.4,27.4,18.3,26.7
4355.499,19.6,27.2,18.8,27.4,15.5,27.4,18.5,26.7
4356.499,19.6,27.3,18.6,27.5,15.1,27.5,17.9,26.8
4357.499,19.8,27.4,18.8,27.6,15.3,27.6,18.2,26.8
4358.499,20.0,27.5,19.0,27.7,15.5,27.7,18.5,26.9
4359.499,20.1,27.5,19.0,27.8,15.4,27.8,18.2,27.0
4360.499,19.7,27.6,18.7,27.8,15.2,27.9,18.0,27.0
4361.499,19.8,27.7,18.9,27.9,15.4,28.0,18.3,27.1
4362.499,20.3,27.7,19.2,28.0,15.8,28.1,18.7,27.1
4363.499,19.9,27.8,18.9,28.1,15.3,28.1,18.2,27.2
4364.499,20.0,27.8,18.9,28.1,15.4,28.2,18.3,27.3
4365.499,20.1,27.9,19.2,28.2,15.7,28.3,18.7,27.3
4366.499,20.3,27.9,19.3,28.3,15.7,28.4,18.6,27.4
4367.499,19.9,28.0,18.9,28.3,15.3,28.5,18.1,27.4
4368.499,20.6,28.0,19.2,28.4,15.9,28.6,18.9,27.5
4369.499,10.6,28.1,9.9,28.5,8.3,28.7,10.7,27.6
4370.499,-0.8,28.5,-0.2,28.9,-0.3,29.1,-0.8,27.9
4371.499,-5.6,28.3,-1.7,29.0,-1.9,29.1,-4.5,27.8
4372.499,-10.7,28.1,-11.3,28.6,-8.3,28.7,-10.3,27.6
4373.499,-20.7,27.8,-21.6,28.2,-16.2,28.4,-17.9,27.4
4374.499,-20.9,27.7,-22.2,28.1,-16.7,28.3,-18.4,27.3
4375.499,-21.0,27.6,-22.2,28.0,-16.9,28.1,-18.6,27.2
4376.499,-21.0,27.5,-22.4,27.9,-17.0,27.9,-18.6,27.1
4377.501,-20.9,27.3,-22.2,27.7,-16.8,27.8,-18.4,27.0
4378.501,-20.7,27.2,-22.1,27.6,-16.7,27.6,-18.4,26.9
4379.501,-20.7,27.1,-22.1,27.5,-16.6,27.5,-18.3,26.8
4380.501,-20.7,27.1,-22.1,27.4,-16.6,27.5,-18.3,26.8
4381.501,-20.8,27.0,-22.2,27.3,-16.8,27.4,-18.6,26.7
4382.501,-20.9,27.0,-22.2,27.3,-16.7,27.4,-18.3,26.7
4383.501,-21.0,27.0,-22.3,27.2,-16.7,27.3,-18.4,26.7
4384.501,-20.7,27.0,-22.1,27.2,-16.6,27.3,-18.4,26.6
4385.501,-21.0,26.9,-22.3,27.2,-16.8,27.3,-18.4,26.6
4386.501,-21.1,26.9,-22.5,27.2,-17.0,27.3,-18.6,26.6
4387.501,-21.0,26.9,-22.3,27.1,-16.7,27.3,-18.4,26.6
4388.501,-21.1,26.9,-22.5,27.1,-17.0,27.3,-18.6,26.6
4389.501,-21.3,26.9,-22.5,27.1,-16.9,27.2,-18.4,26.6
4390.501,-20.8,26.9,-22.2,27.1,-16.8,27.3,-18.5,26.6
4391.501,-21.3,26.9,-22.5,27.1,-16.9,27.2,-18.5,26.6
4392.501,-20.9,26.9,-22.1,27.1,-16.6,27.2,-18.2,26.6
4393.501,-20.7,26.9,-22.3,27.1,-15.3,27.2,-18.4,26.5
4394.501,-17.6,26.9,-22.1,27.1,-13.0,27.3,-14.8,26.6
4395.501,-18.1,26.9,-18.4,27.1,-15.4,27.2,-15.9,26.6
4396.501,-18.4,26.9,-19.5,27.1,-15.0,27.2,-16.0,26.6
4397.501,-11.5,26.9,-11.8,27.2,-9.5,27.2,-10.6,26.6
4398.501,0.0,27.5,-0.1,27.6,0.2,27.7,0.1,27.1
4399.501,0.4,27.8,0.3,27.9,1.4,28.0,1.2,27.3
4400.501,9.3,27.4,9.7,27.6,8.5,27.5,10.7,26.9
4401.501,12.4,27.1,11.4,27.2,8.8,27.3,10.4,26.7
4402.501,18.5,26.8,16.4,27.1,14.1,27.2,16.5,26.6
4403.501,16.2,26.8,17.1,27.0,13.2,27.2,15.9,26.6
4404.502,19.5,26.8,19.1,27.0,12.9,27.2,17.3,26.6
4405.503,19.7,26.8,19.1,27.0,15.9,27.2,19.1,26.5
4406.503,19.6,26.8,18.7,27.1,15.3,27.2,18.0,26.6
4407.503,19.9,26.9,18.9,27.1,15.3,27.2,18.1,26.6
4408.503,19.8,26.9,19.0,27.1,15.5,27.3,18.4,26.6
4409.503,19.7,27.0,18.9,27.2,15.4,27.3,18.4,26.6
4410.503,19.8,27.1,18.8,27.2,15.2,27.3,18.0,26.7
4411.503,19.6,27.2,18.8,27.3,15.3,27.4,18.2,26.7
4412.503,19.9,27.3,19.0,27.4,15.7,27.5,18.8,26.7
4413.503,19.6,27.4,18.6,27.5,15.0,27.6,17.7,26.8
4414.503,19.9,27.4,18.9,27.6,15.4,27.7,18.3,26.8
4415.505,20.1,27.5,19.1,27.7,15.6,27.8,18.5,26.9
4416.506,20.1,27.6,19.0,27.8,15.4,27.8,18.2,27.0
4417.506,19.8,27.6,18.8,27.9,15.2,27.9,18.1,27.0
4418.507,19.9,27.7,18.8,27.9,15.3,28.0,18.2,27.1
4419.507,20.3,27.7,19.2,28.0,15.8,28.1,18.9,27.2
4420.507,20.0,27.8,18.9,28.1,15.3,28.2,18.1,27.2
4421.507,20.0,27.8,19.0,28.2,15.6,28.3,18.7,27.3
4422.507,20.2,27.9,19.1,28.2,15.6,28.4,18.5,27.3
4423.507,20.3,27.9,19.2,28.3,15.8,28.4,18.8,27.4
4424.507,20.4,28.0,19.3,28.3,15.7,28.5,18.6,27.5
4425.507,17.1,28.0,16.1,28.4,12.9,28.6,15.5,27.5
4426.507,-0.2,28.4,0.1,28.7,-0.2,28.9,-0.1,27.8
4427.507,-5.1,28.4,-0.5,29.0,-1.0,29.2,-3.5,27.9
4428.507,-8.8,28.1,-9.1,28.7,-7.0,28.7,-8.9,27.6
4429.507,-19.9,27.8,-19.1,28.3,-14.9,28.4,-16.4,27.4
4430.508,-20.8,27.7,-22.2,28.1,-16.8,28.3,-18.5,27.3
4431.508,-20.9,27.6,-21.8,28.0,-16.8,28.1,-18.5,27.2
4432.508,-21.0,27.5,-22.8,27.9,-17.0,28.0,-18.6,27.1
4433.508,-20.8,27.3,-22.2,27.7,-16.8,27.8,-18.4,27.0
4434.508,-20.6,27.2,-22.1,27.6,-16.7,27.6,-18.4,26.9
4435.508,-20.8,27.2,-22.0,27.5,-16.6,27.5,-18.2,26.8
4436.508,-20.7,27.1,-22.1,27.4,-16.6,27.5,-18.3,26.7
4437.508,-20.7,27.1,-22.1,27.3,-16.8,27.4,-18.5,26.7
4438.508,-20.9,27.0,-22.2,27.3,-16.7,27.4,-18.4,26.7
4439.508,-20.9,27.0,-22.3,27.3,-16.7,27.3,-18.4,26.7
4440.508,-20.7,27.0,-22.2,27.2,-16.7,27.3,-18.4,26.6
4441.508,-21.1,27.0,-22.3,27.2,-16.7,27.3,-18.2,26.6
4442.509,-21.0,26.9,-22.4,27.2,-16.9,27.3,-18.6,26.6
4443.509,-21.0,26.9,-22.3,27.2,-16.8,27.3,-18.4,26.6
4444.509,-21.1,26.9,-22.4,27.1,-16.9,27.2,-18.5,26.5
4445.509,-21.2,26.9,-22.5,27.1,-17.0,27.2,-18.6,26.6
4446.509,-20.9,26.9,-22.2,27.1,-16.7,27.2,-18.4,26.5
4447.509,-21.2,26.9,-22.4,27.1,-16.9,27.2,-18.5,26.5
4448.509,-20.9,26.9,-22.2,27.1,-16.7,27.2,-18.4,26.6
4449.509,-21.0,26.9,-22.2,27.1,-15.7,27.2,-18.4,26.5
4450.509,-18.0,26.9,-22.3,27.1,-13.4,27.3,-15.9,26.5
4451.509,-18.6,26.9,-19.8,27.1,-13.9,27.2,-14.7,26.6
4452.509,-17.6,26.9,-19.7,27.1,-15.5,27.2,-16.7,26.5
4453.509,-15.5,26.9,-15.7,27.1,-12.9,27.2,-13.7,26.5
4454.509,-0.1,27.3,0.2,27.5,0.2,27.6,0.0,26.9
4455.509,0.3,27.7,-0.0,27.9,0.3,28.0,0.2,27.3
4456.509,7.6,27.6,8.0,27.7,7.0,27.7,7.8,27.1
4457.509,9.9,27.1,9.8,27.2,8.1,27.3,10.9,26.7
4458.509,17.9,26.9,16.5,27.1,13.7,27.2,15.6,26.6
4459.509,17.9,26.8,16.7,27.0,13.0,27.1,15.7,26.6
4460.509,17.2,26.8,18.9,27.0,13.2,27.2,16.3,26.5
4461.509,20.1,26.8,19.2,27.0,15.0,27.1,19.1,26.5
4462.509,19.5,26.8,18.5,27.0,15.1,27.2,17.9,26.5
4463.509,19.9,26.9,18.8,27.1,15.3,27.2,18.0,26.6
4464.509,19.9,26.9,18.9,27.1,15.4,27.2,18.3,26.6
4465.509,19.9,27.0,19.0,27.2,15.5,27.3,18.4,26.6
4466.509,19.6,27.1,18.7,27.2,15.2,27.3,18.1,26.7
4467.509,19.9,27.1,18.9,27.3,15.4,27.4,18.2,26.7
4468.509,20.1,27.2,19.0,27.4,15.6,27.4,18.6,26.7
4469.509,19.5,27.3,18.6,27.5,15.2,27.5,18.1,26.8
4470.509,19.9,27.4,18.8,27.6,15.2,27.6,18.0,26.8
4471.509,20.1,27.5,19.0,27.7,15.6,27.7,18.5,26.9
4472.509,20.3,27.5,19.1,27.7,15.5,27.8,18.4,26.9
4473.509,19.8,27.6,18.7,27.8,15.1,27.9,17.9,27.0
4474.509,20.0,27.7,18.9,27.9,15.4,28.0,18.3,27.0
4475.509,20.2,27.7,19.2,28.0,15.8,28.0,18.9,27.1
4476.509,19.9,27.8,18.8,28.0,15.2,28.2,18.1,27.2
4477.509,20.1,27.8,19.0,28.1,15.5,28.2,18.5,27.3
4478.509,20.3,27.8,19.2,28.2,15.8,28.3,18.7,27.3
4479.509,20.4,27.9,19.2,28.3,15.7,28.4,18.6,27.4
4480.509,20.1,27.9,19.0,28.3,15.4,28.5,18.2,27.4
4481.509,20.6,28.0,19.1,28.4,16.1,28.5,19.1,27.5
4482.509,6.4,28.2,6.0,28.6,4.4,28.7,6.0,27.6
4483.509,0.2,28.4,0.2,28.8,0.1,29.0,0.2,27.9
4484.509,-4.8,28.4,-0.5,29.0,-0.8,29.2,-3.3,27.9
4485.509,-8.3,28.1,-8.6,28.7,-6.7,28.8,-8.5,27.6
4486.509,-18.4,27.8,-18.4,28.2,-13.7,28.4,-15.2,27.4
4487.509,-20.7,27.7,-22.3,28.1,-16.7,28.3,-18.5,27.3
4488.509,-20.9,27.6,-22.2,28.0,-16.8,28.1,-18.5,27.2
4489.509,-20.9,27.5,-22.3,27.9,-17.0,28.0,-18.7,27.1
4490.509,-20.9,27.3,-22.3,27.7,-16.9,27.8,-18.5,27.0
4491.509,-20.6,27.2,-22.1,27.6,-16.6,27.6,-18.3,26.9
4492.509,-20.7,27.1,-22.1,27.5,-16.6,27.6,-18.3,26.8
4493.509,-20.6,27.1,-22.1,27.4,-16.7,27.5,-18.4,26.7
4494.509,-20.6,27.0,-22.1,27.3,-16.7,27.4,-18.5,26.7
4495.509,-20.7,27.0,-22.2,27.3,-16.7,27.4,-18.5,26.7
4496.509,-20.8,26.9,-22.2,27.2,-16.6,27.3,-18.3,26.7
4497.509,-20.7,26.9,-22.2,27.2,-16.7,27.3,-18.4,26.6
4498.509,-21.0,26.9,-22.3,27.2,-16.8,27.3,-18.4,26.6
4499.509,-20.8,26.9,-22.3,27.1,-17.0,27.3,-18.7,26.6
4500.509,-21.0,26.9,-22.3,27.1,-16.8,27.2,-18.4,26.6
4501.509,-20.9,26.9,-22.4,27.1,-16.9,27.2,-18.6,26.6
4502.509,-21.2,26.8,-22.5,27.1,-16.9,27.2,-18.5,26.6
4503.509,-20.9,26.9,-22.3,27.1,-16.9,27.2,-18.6,26.5
4504.509,-21.0,26.8,-22.4,27.1,-16.9,27.2,-18.5,26.5
4505.509,-20.9,26.9,-22.1,27.1,-16.5,27.2,-18.1,26.5
4506.509,-20.9,26.8,-22.3,27.1,-16.5,27.2,-18.6,26.5
4507.509,-18.3,26.9,-22.2,27.1,-12.9,27.2,-16.4,26.5
4508.509,-17.4,26.9,-19.9,27.1,-14.1,27.2,-14.6,26.5
4509.509,-18.9,26.8,-18.2,27.1,-15.4,27.2,-16.0,26.5
4510.509,-18.1,26.8,-19.7,27.0,-15.3,27.1,-16.4,26.5
4511.509,-1.2,27.2,-0.7,27.4,-0.2,27.5,-0.6,26.8
4512.509,0.2,27.6,-0.0,27.8,0.2,27.9,0.2,27.2
4513.509,4.9,27.7,4.5,27.9,5.1,27.8,5.0,27.2
4514.509,9.6,27.1,10.8,27.3,8.2,27.3,11.3,26.7
4515.509,17.1,26.9,15.3,27.1,12.4,27.2,14.7,26.6
4516.509,17.8,26.8,16.9,27.0,14.0,27.1,16.4,26.5
4517.509,17.9,26.8,18.6,27.0,12.6,27.1,15.4,26.5
4518.509,19.5,26.8,19.0,27.0,14.2,27.1,18.3,26.5
4519.509,19.9,26.8,19.0,27.0,15.9,27.1,19.0,26.5
4520.509,19.5,26.8,18.6,27.0,15.0,27.2,17.8,26.5
4521.509,20.0,26.9,18.9,27.1,15.4,27.2,18.2,26.6
4522.509,20.0,26.9,19.0,27.1,15.5,27.2,18.3,26.6
4523.509,20.2,27.0,19.2,27.2,15.7,27.3,18.7,26.6
4524.509,19.5,27.1,18.5,27.3,15.0,27.3,17.8,26.7
4525.511,19.9,27.2,18.9,27.4,15.4,27.4,18.4,26.7
4526.511,19.7,27.3,18.8,27.4,15.5,27.5,18.6,26.7
4527.511,19.7,27.4,18.6,27.6,15.0,27.6,17.8,26.8
4528.511,20.1,27.4,19.0,27.6,15.5,27.7,18.4,26.8
4529.511,20.2,27.5,19.0,27.7,15.4,27.7,18.3,26.9
4530.511,20.1,27.6,19.0,27.8,15.5,27.9,18.5,27.0
4531.511,19.7,27.6,18.7,27.9,15.2,27.9,18.2,27.0
4532.511,20.4,27.7,19.1,28.0,15.4,28.0,18.2,27.1
4533.511,20.1,27.7,19.1,28.0,15.7,28.1,18.7,27.1
4534.511,19.8,27.8,18.8,28.1,15.2,28.2,18.2,27.2
4535.511,20.4,27.8,19.3,28.2,15.9,28.3,18.9,27.3
4536.511,20.3,27.8,19.1,28.2,15.5,28.4,18.4,27.3
4537.511,20.2,27.9,19.1,28.3,15.6,28.4,18.6,27.4
4538.511,20.4,28.0,19.0,28.4,15.6,28.5,18.5,27.5
4539.511,7.5,28.1,6.8,28.5,5.6,28.7,7.3,27.6
4540.511,-1.2,28.5,-0.1,28.9,-0.3,29.0,-1.0,27.9
4541.511,-5.7,28.2,-2.4,29.0,-2.4,29.1,-4.8,27.8
4542.511,-13.6,28.0,-14.0,28.5,-10.0,28.6,-11.7,27.5
4543.511,-20.7,27.8,-21.9,28.2,-16.6,28.3,-18.4,27.3
4544.511,-20.9,27.7,-22.1,28.1,-16.7,28.2,-18.4,27.2
4545.511,-21.0,27.5,-22.3,27.9,-16.9,28.0,-18.6,27.1
4546.513,-20.9,27.4,-22.3,27.8,-16.9,27.8,-18.6,27.0
4547.513,-20.7,27.3,-22.1,27.6,-16.7,27.7,-18.4,26.9
4548.513,-20.7,27.1,-22.2,27.5,-16.8,27.6,-18.5,26.8
4549.513,-20.7,27.1,-22.1,27.4,-16.7,27.5,-18.3,26.8
4550.513,-20.6,27.0,-22.1,27.3,-16.6,27.4,-18.3,26.7
4551.513,-20.7,27.0,-22.2,27.3,-16.8,27.4,-18.6,26.7
4552.513,-20.9,26.9,-22.2,27.2,-16.7,27.4,-18.3,26.6
4553.513,-20.9,26.9,-22.2,27.2,-16.7,27.3,-18.3,26.6
4554.513,-20.8,26.9,-22.2,27.2,-16.7,27.3,-18.4,26.6
4555.513,-20.9,26.9,-22.3,27.1,-16.8,27.3,-18.5,26.6
4556.513,-21.1,26.9,-22.4,27.1,-16.9,27.2,-18.5,26.6
4557.513,-21.0,26.9,-22.3,27.1,-16.9,27.2,-18.5,26.5
4558.513,-21.1,26.9,-22.4,27.1,-16.9,27.2,-18.6,26.5
4559.513,-21.2,26.8,-22.5,27.1,-16.9,27.2,-18.6,26.5
4560.513,-20.7,26.8,-22.1,27.1,-16.6,27.2,-18.4,26.5
4561.513,-21.3,26.8,-22.5,27.1,-17.0,27.2,-18.6,26.5
4562.513,-21.0,26.8,-22.3,27.1,-16.8,27.2,-18.5,26.5
4563.513,-19.6,26.8,-22.4,27.1,-14.6,27.2,-17.8,26.5
4564.513,-17.8,26.9,-21.0,27.0,-12.3,27.2,-14.9,26.5
4565.513,-18.6,26.8,-19.5,27.1,-16.1,27.2,-15.7,26.5
4566.513,-18.4,26.8,-19.1,27.0,-15.5,27.1,-16.3,26.5
4567.513,-9.6,26.9,-8.4,27.2,-6.8,27.3,-8.1,26.6
4568.513,0.0,27.4,-0.0,27.7,0.2,27.8,0.0,27.1
4569.513,3.5,27.5,0.9,27.9,2.6,27.9,2.1,27.3
4570.513,10.8,27.1,10.7,27.5,8.7,27.4,11.8,26.8
4571.513,13.3,27.0,13.1,27.1,9.5,27.3,11.5,26.7
4572.513,18.5,26.8,15.8,27.0,14.3,27.1,16.8,26.5
4573.513,17.0,26.8,18.5,27.0,13.3,27.1,16.2,26.5
4574.513,19.9,26.7,19.2,27.0,13.7,27.1,17.5,26.5
4575.513,19.4,26.8,18.7,27.0,15.5,27.1,18.4,26.5
4576.513,19.8,26.8,18.8,27.0,15.3,27.1,18.2,26.5
4577.513,19.7,26.8,18.7,27.0,15.2,27.2,18.0,26.5
4578.513,19.8,26.9,18.9,27.1,15.4,27.2,18.4,26.6
4579.513,20.3,27.0,19.2,27.1,15.7,27.3,18.6,26.6
4580.513,19.8,27.1,18.8,27.2,15.3,27.3,18.2,26.6
4581.513,19.8,27.1,18.8,27.3,15.4,27.4,18.3,26.7
4582.513,19.5,27.2,18.6,27.4,15.2,27.5,18.2,26.7
4583.513,19.8,27.3,18.8,27.5,15.2,27.5,18.0,26.8
4584.513,19.8,27.4,18.8,27.6,15.3,27.6,18.1,26.8
4585.513,20.1,27.5,19.0,27.7,15.5,27.7,18.3,26.9
4586.513,20.2,27.5,19.1,27.8,15.7,27.8,18.7,26.9
4587.513,19.8,27.6,18.8,27.8,15.3,27.9,18.1,27.0
4588.513,20.4,27.7,19.1,27.9,15.5,28.0,18.3,27.1
4589.513,19.9,27.7,18.9,28.0,15.4,28.1,18.2,27.1
4590.513,20.0,27.7,19.0,28.1,15.6,28.2,18.6,27.2
4591.513,19.9,27.8,18.9,28.1,15.4,28.2,18.3,27.2
4592.513,20.3,27.8,19.2,28.2,15.7,28.3,18.5,27.3
4593.513,20.1,27.9,19.0,28.3,15.7,28.4,18.7,27.4
4594.513,20.5,27.9,19.2,28.3,15.8,28.5,18.7,27.4
4595.513,15.1,28.0,14.5,28.4,11.7,28.6,14.6,27.5
4596.513,-0.4,28.4,-0.1,28.7,-0.3,28.9,-0.3,27.8
4597.513,-5.4,28.3,-1.3,29.0,-1.6,29.0,-4.3,27.8
4598.513,-10.2,28.0,-10.6,28.6,-8.1,28.7,-10.0,27.5
4599.514,-20.8,27.8,-21.1,28.2,-16.1,28.4,-17.7,27.4
4600.514,-20.8,27.7,-22.3,28.1,-16.8,28.2,-18.5,27.3
4601.514,-20.8,27.6,-22.2,27.9,-16.9,28.1,-18.6,27.2
4602.514,-20.9,27.4,-22.3,27.8,-16.9,27.9,-18.6,27.0
4603.514,-20.8,27.3,-22.2,27.7,-16.8,27.7,-18.5,26.9
4604.514,-20.7,27.2,-22.2,27.5,-16.7,27.6,-18.4,26.8
4605.514,-20.6,27.1,-22.0,27.4,-16.5,27.5,-18.2,26.7
4606.514,-20.7,27.0,-22.1,27.3,-16.7,27.4,-18.4,26.7
4607.514,-20.8,27.0,-22.2,27.3,-16.7,27.4,-18.5,26.6
4608.514,-20.9,26.9,-22.3,27.2,-16.8,27.3,-18.5,26.6
4609.514,-20.9,26.9,-22.2,27.2,-16.7,27.3,-18.3,26.6
4610.514,-20.7,26.9,-22.1,27.2,-16.6,27.3,-18.3,26.6
4611.514,-21.3,26.9,-22.5,27.1,-16.9,27.3,-18.5,26.6
4612.514,-20.9,26.9,-22.2,27.1,-16.8,27.2,-18.4,26.5
4613.514,-21.1,26.8,-22.4,27.1,-16.9,27.2,-18.5,26.5
4614.514,-21.1,26.8,-22.4,27.1,-16.9,27.2,-18.6,26.5
4615.514,-21.3,26.8,-22.5,27.1,-17.0,27.2,-18.7,26.5
4616.514,-20.9,26.8,-22.2,27.0,-16.7,27.2,-18.4,26.5
4617.514,-21.2,26.8,-22.3,27.0,-16.8,27.2,-18.4,26.5
4618.514,-20.9,26.8,-22.1,27.0,-16.5,27.2,-18.2,26.5
4619.514,-20.8,26.8,-22.2,27.0,-15.4,27.2,-18.4,26.5
4620.514,-17.8,26.8,-22.3,27.0,-13.6,27.2,-15.1,26.5
4621.514,-18.0,26.8,-19.0,27.0,-13.5,27.2,-15.9,26.5
4622.514,-18.4,26.8,-18.7,27.0,-15.6,27.1,-16.1,26.5
4623.514,-13.7,26.8,-14.5,27.0,-11.2,27.2,-12.5,26.5
4624.514,-0.8,27.3,-0.3,27.5,-0.1,27.6,-0.3,26.9
4625.514,0.2,27.7,-0.0,27.8,0.1,28.0,0.8,27.2
4626.514,2.8,27.8,3.7,27.9,4.4,27.9,6.5,27.0
4627.514,12.3,27.1,11.7,27.3,8.9,27.3,10.7,26.7
4628.514,15.1,26.9,13.9,27.1,11.0,27.2,12.9,26.6
4629.514,18.2,26.8,16.8,27.0,14.0,27.1,16.7,26.5
4630.514,17.4,26.8,18.2,26.9,13.1,27.1,16.0,26.5
4631.514,19.0,26.8,19.1,26.9,14.0,27.1,18.2,26.5
4632.514,19.3,26.8,18.4,27.0,15.0,27.1,17.8,26.5
4633.514,20.2,26.8,19.2,27.0,15.8,27.1,18.7,26.5
4634.514,19.8,26.9,18.8,27.0,15.4,27.2,18.6,26.5
4635.516,19.8,26.9,18.8,27.1,15.4,27.2,18.4,26.6
4636.516,19.9,27.0,18.7,27.1,15.1,27.3,17.7,26.6
4637.516,19.9,27.1,18.8,27.2,15.3,27.3,18.2,26.6
4638.516,19.9,27.2,19.0,27.3,15.7,27.4,18.9,26.7
4639.516,19.6,27.2,18.6,27.4,15.0,27.5,17.8,26.7
4640.516,19.8,27.3,18.8,27.5,15.2,27.5,18.2,26.7
4641.516,19.9,27.4,18.9,27.6,15.4,27.6,18.4,26.8
4642.516,20.2,27.5,19.1,27.7,15.6,27.7,18.6,26.9
4643.516,19.8,27.5,18.7,27.8,15.0,27.8,17.9,26.9
4644.516,20.1,27.6,19.0,27.8,15.5,27.9,18.4,27.0
4645.516,20.1,27.6,19.0,27.9,15.9,28.0,18.6,27.0
4646.516,19.8,27.7,18.7,28.0,15.2,28.1,18.0,27.1
4647.516,20.2,27.7,19.1,28.1,15.5,28.2,18.6,27.2
4648.516,20.2,27.8,19.1,28.1,15.7,28.2,18.7,27.2
4649.516,20.1,27.8,19.0,28.2,15.6,28.3,18.6,27.3
4650.516,20.0,27.9,18.9,28.3,15.3,28.4,18.2,27.4
4651.516,20.9,27.9,19.5,28.3,16.3,28.5,19.3,27.4
4652.516,11.7,28.0,10.4,28.4,8.6,28.6,10.5,27.5
4653.516,-0.6,28.4,-0.2,28.8,-0.3,29.0,-0.5,27.9
4654.516,-5.6,28.3,-1.4,29.0,-1.6,29.1,-4.3,27.8
4655.516,-11.0,28.0,-11.7,28.5,-8.6,28.6,-10.6,27.5
4656.516,-20.7,27.8,-21.4,28.2,-16.0,28.3,-17.7,27.3
4657.516,-21.0,27.6,-22.1,28.1,-16.7,28.2,-18.4,27.2
4658.516,-21.0,27.6,-22.2,27.9,-16.9,28.0,-18.6,27.1
4659.516,-21.0,27.4,-22.3,27.8,-16.9,27.9,-18.6,27.0
4660.516,-20.9,27.2,-22.2,27.6,-16.8,27.7,-18.4,26.9
4661.516,-20.7,27.1,-22.1,27.5,-16.7,27.5,-18.3,26.8
4662.516,-20.8,27.1,-22.1,27.4,-16.6,27.5,-18.3,26.7
4663.516,-20.7,27.0,-22.0,27.3,-16.6,27.4,-18.3,26.7
4664.516,-20.9,27.0,-22.2,27.3,-16.8,27.4,-18.5,26.7
4665.516,-20.8,26.9,-22.2,27.2,-16.7,27.3,-18.4,26.6
4666.516,-21.0,26.9,-22.3,27.2,-16.8,27.3,-18.5,26.6
4667.516,-20.9,26.9,-22.2,27.1,-16.7,27.3,-18.4,26.6
4668.516,-21.0,26.9,-22.2,27.1,-16.6,27.2,-18.2,26.5
4669.516,-21.0,26.8,-22.4,27.1,-16.9,27.2,-18.6,26.5
4670.516,-21.0,26.8,-22.3,27.1,-16.8,27.2,-18.4,26.5
4671.516,-21.1,26.8,-22.4,27.1,-17.0,27.2,-18.7,26.5
4672.516,-21.4,26.8,-22.5,27.0,-16.9,27.2,-18.5,26.5
4673.516,-20.9,26.8,-22.1,27.0,-16.7,27.2,-18.3,26.5
4674.518,-21.2,26.8,-22.4,27.0,-16.9,27.1,-18.5,26.5
4675.518,-21.0,26.8,-22.1,27.0,-16.6,27.2,-18.2,26.5
4676.518,-20.8,26.8,-22.3,27.0,-15.3,27.2,-18.4,26.5
4677.518,-17.9,26.8,-22.0,27.0,-13.3,27.2,-14.5,26.5
4678.518,-18.6,26.8,-18.5,27.0,-14.0,27.2,-15.6,26.5
4679.518,-18.8,26.8,-19.9,27.0,-15.7,27.1,-16.5,26.5
4680.518,-12.5,26.9,-13.0,27.1,-10.9,27.2,-11.4,26.5
4681.518,-0.1,27.3,-0.2,27.5,0.3,27.6,-0.0,27.0
4682.518,0.5,27.7,0.2,27.8,1.0,27.9,0.3,27.3
4683.518,9.5,27.4,9.3,27.6,8.2,27.5,9.9,27.0
4684.518,11.6,27.0,10.4,27.2,7.8,27.3,10.6,26.6
4685.518,18.6,26.8,17.1,27.0,14.2,27.1,16.7,26.5
4686.518,18.0,26.8,17.2,27.0,13.7,27.1,16.0,26.5
4687.518,17.8,26.8,19.0,26.9,12.9,27.1,17.1,26.5
4688.518,20.0,26.8,19.0,26.9,15.6,27.1,19.1,26.5
4689.518,19.7,26.8,18.6,27.0,15.1,27.1,17.8,26.5
4690.518,19.8,26.8,18.8,27.0,15.2,27.1,18.1,26.5
4691.518,19.9,26.9,18.9,27.1,15.5,27.2,18.4,26.6
4692.518,20.1,26.9,19.0,27.1,15.6,27.2,18.5,26.6
4693.518,19.6,27.0,18.6,27.2,15.0,27.3,17.8,26.6
4694.518,19.7,27.1,18.7,27.3,15.3,27.3,18.2,26.6
4695.518,20.0,27.2,19.0,27.3,15.6,27.4,18.6,26.7
4696.518,19.5,27.3,18.6,27.4,15.1,27.5,18.0,26.7
