time_s,s1_flow_ml_min,s1_temp_c,s2_flow_ml_min,s2_temp_c,s3_flow_ml_min,s3_temp_c,s4_flow_ml_min,s4_temp_c
0.006,-0.0,27.4,-0.0,26.9,-0.0,27.5,-0.0,26.7
1.006,-0.0,27.4,-0.0,26.8,-0.0,27.5,-0.0,26.7
2.006,1.8,27.3,0.0,26.8,0.4,27.4,0.2,26.7
3.006,14.6,25.4,12.2,25.8,11.8,25.8,13.2,25.6
4.006,23.8,24.2,21.5,24.0,20.4,24.1,23.5,24.0
5.006,25.9,24.0,25.1,23.7,22.2,23.8,25.6,23.7
6.006,31.9,24.2,25.5,24.0,24.7,24.0,33.8,23.8
7.006,28.1,24.5,25.6,24.2,24.8,24.3,27.6,24.0
8.006,28.3,24.6,25.8,24.4,25.0,24.4,27.8,24.0
9.006,28.0,24.8,25.6,24.6,24.7,24.5,27.3,24.0
10.006,28.4,24.9,25.8,24.8,25.1,24.7,27.8,24.1
11.006,28.4,25.0,25.9,24.9,25.1,25.0,27.6,24.2
12.006,28.4,25.1,25.8,25.1,25.0,25.2,27.8,24.3
13.006,28.4,25.1,25.8,25.2,28.0,25.3,27.6,24.4
14.006,28.6,25.2,26.0,25.3,25.6,25.5,27.9,24.5
15.006,28.5,25.2,25.9,25.4,25.2,25.6,27.8,24.6
16.006,13.8,25.3,13.6,25.6,12.5,25.8,14.3,24.7
17.006,-4.3,25.7,-0.7,26.0,-1.2,26.2,-3.6,25.1
18.006,-20.6,25.3,-20.7,25.7,-17.8,25.8,-19.4,24.8
19.006,-30.8,25.0,-32.3,25.2,-28.3,25.4,-28.1,24.5
20.006,-31.0,24.9,-32.9,25.0,-28.8,25.1,-28.4,24.3
21.006,-30.7,24.6,-32.9,24.7,-28.4,24.7,-28.1,24.0
22.006,-30.6,24.5,-32.7,24.5,-28.4,24.5,-28.1,23.9
23.006,-31.0,24.5,-32.9,24.4,-28.7,24.4,-28.3,23.9
24.006,-31.1,24.4,-32.9,24.3,-28.7,24.4,-28.3,23.8
25.007,-31.0,24.4,-32.9,24.3,-28.6,24.4,-28.3,23.8
26.007,-31.3,24.4,-33.0,24.2,-28.7,24.4,-28.2,23.8
27.007,-31.2,24.4,-32.9,24.2,-28.7,24.3,-28.3,23.8
28.007,-31.1,24.3,-32.9,24.2,-28.7,24.3,-28.3,23.8
29.007,-27.9,24.4,-32.4,24.2,-24.2,24.3,-25.4,23.8
30.007,-18.8,24.4,-19.5,24.3,-18.2,24.4,-17.2,23.9
31.007,2.2,24.9,-0.1,24.8,1.3,24.9,0.7,24.4
32.007,16.8,24.7,11.2,24.9,13.1,24.7,15.5,24.2
33.009,25.4,24.4,24.8,24.3,21.1,24.4,24.8,23.9
34.009,27.3,24.4,25.4,24.3,23.5,24.4,27.1,23.9
35.009,27.8,24.4,25.4,24.3,24.6,24.4,27.1,23.9
36.009,28.4,24.5,25.7,24.3,25.1,24.5,27.6,23.9
37.009,28.3,24.8,25.8,24.5,25.2,24.6,27.8,24.0
38.009,28.2,25.0,25.5,24.8,24.6,24.7,27.2,24.0
39.009,28.7,25.1,25.9,25.0,25.1,25.0,27.7,24.1
40.009,28.6,25.2,25.9,25.2,25.2,25.3,27.6,24.4
41.009,28.6,25.3,25.9,25.4,25.2,25.5,27.7,24.5
42.009,28.6,25.3,25.9,25.5,25.1,25.6,27.8,24.7
43.009,28.7,25.4,26.0,25.6,25.2,25.8,27.8,24.8
44.009,26.7,25.5,24.4,25.8,23.6,25.9,26.2,25.0
45.009,2.0,25.9,2.8,26.1,2.5,26.3,2.5,25.3
46.009,-7.2,26.0,-3.6,26.3,-3.7,26.5,-7.1,25.4
47.009,-26.9,25.5,-27.3,25.7,-23.1,25.9,-24.5,25.0
48.009,-30.9,25.3,-32.4,25.5,-28.5,25.6,-28.1,24.8
49.009,-30.9,25.0,-32.8,25.2,-28.6,25.3,-28.2,24.5
50.009,-30.7,24.8,-32.6,24.9,-28.2,25.0,-27.9,24.3
51.009,-30.9,24.7,-32.6,24.7,-29.4,24.8,-28.2,24.2
52.009,-31.1,24.7,-32.7,24.7,-29.2,24.7,-28.3,24.1
53.009,-31.1,24.7,-32.7,24.6,-28.5,24.7,-28.3,24.1
54.009,-31.3,24.7,-32.8,24.6,-29.4,24.7,-28.2,24.1
55.009,-31.4,24.6,-32.9,24.6,-28.8,24.7,-28.4,24.0
56.010,-31.2,24.6,-32.7,24.6,-28.6,24.7,-28.2,24.0
57.010,-30.9,24.6,-32.7,24.5,-28.2,24.6,-28.1,24.0
58.010,-27.3,24.6,-31.7,24.5,-23.8,24.7,-23.8,24.0
59.010,-11.6,24.7,-11.7,24.7,-11.8,24.8,-11.5,24.2
60.010,1.6,25.3,0.2,25.2,1.0,25.3,0.3,24.7
61.010,18.1,24.9,15.4,25.0,15.1,25.0,14.7,24.5
62.010,26.3,24.7,24.8,24.6,20.9,24.7,26.7,24.1
63.010,27.9,24.6,25.5,24.6,24.5,24.7,27.5,24.1
64.010,27.9,24.7,25.4,24.6,25.7,24.7,27.1,24.1
65.010,28.7,24.8,25.8,24.7,25.2,24.8,27.7,24.2
66.010,28.4,25.1,25.7,24.8,24.9,24.9,27.5,24.2
67.010,28.4,25.2,25.7,25.1,24.9,25.1,27.6,24.3
68.010,28.9,25.4,25.9,25.4,25.0,25.4,27.6,24.5
69.010,28.7,25.5,26.0,25.6,25.0,25.6,27.7,24.7
70.010,28.7,25.6,25.9,25.8,25.1,25.8,27.8,24.9
71.010,28.9,25.7,26.1,25.9,25.2,26.0,27.8,25.1
72.010,28.8,25.8,26.0,26.1,25.2,26.2,27.8,25.2
73.010,25.5,26.0,23.3,26.3,22.1,26.4,24.7,25.4
74.010,1.1,26.3,1.7,26.6,1.2,26.7,1.4,25.7
75.010,-8.6,26.3,-5.4,26.7,-5.0,26.8,-8.3,25.7
76.010,-30.2,25.8,-30.4,26.1,-26.1,26.2,-26.7,25.3
77.010,-31.1,25.6,-32.4,25.8,-28.4,26.0,-28.1,25.1
78.010,-30.8,25.3,-32.7,25.5,-28.5,25.5,-28.2,24.8
79.010,-30.7,25.1,-32.5,25.2,-28.3,25.3,-28.0,24.5
80.010,-30.9,25.0,-32.6,25.1,-28.6,25.1,-28.3,24.4
81.010,-31.1,25.0,-32.7,25.0,-28.6,25.1,-28.2,24.4
82.010,-31.1,24.9,-32.7,24.9,-28.6,25.0,-28.3,24.3
83.010,-31.4,24.9,-32.8,24.9,-28.6,25.0,-28.2,24.3
84.010,-31.4,24.9,-32.8,24.9,-28.8,25.0,-28.4,24.3
85.010,-31.3,24.9,-32.7,24.9,-28.6,25.0,-28.2,24.3
86.010,-30.2,24.8,-32.7,24.8,-27.4,25.0,-27.8,24.3
87.010,-28.0,24.9,-30.2,24.8,-24.6,25.0,-24.5,24.3
88.010,-7.4,25.1,-8.1,25.1,-7.1,25.2,-7.6,24.5
89.010,-0.3,25.6,-1.1,25.5,-0.3,25.7,-0.1,24.9
90.010,0.2,25.9,-0.5,25.7,0.0,26.0,0.1,25.2
91.010,12.0,25.6,8.8,25.6,7.7,25.8,10.8,25.0
92.010,25.3,25.0,22.2,25.0,21.0,25.1,23.4,24.5
93.010,26.9,24.9,25.7,24.9,23.5,25.0,26.3,24.4
94.010,28.0,24.9,25.4,24.9,24.7,25.0,27.3,24.4
95.010,28.5,25.0,25.8,25.0,25.2,25.1,27.8,24.4
96.010,28.5,25.2,25.7,25.1,25.0,25.2,27.6,24.5
97.010,28.5,25.5,25.7,25.4,24.9,25.3,27.5,24.5
98.010,28.7,25.6,25.8,25.6,25.0,25.5,27.6,24.7
99.010,29.0,25.8,26.0,25.9,25.3,25.8,27.8,24.9
100.010,28.7,25.9,25.9,26.1,25.0,26.1,27.6,25.1
101.011,28.8,26.1,25.9,26.3,25.1,26.3,27.8,25.3
102.011,29.0,26.2,26.1,26.5,25.3,26.5,27.9,25.5
103.011,28.7,26.3,25.7,26.6,25.0,26.7,27.7,25.7
104.011,7.5,26.6,7.7,26.8,7.0,26.9,8.1,25.9
105.011,-5.7,26.8,-2.5,27.1,-2.8,27.2,-5.8,26.1
106.011,-26.0,26.3,-26.1,26.6,-22.0,26.7,-22.8,25.7
107.011,-31.0,26.0,-32.3,26.3,-28.3,26.3,-28.1,25.4
108.011,-30.9,25.7,-32.7,26.0,-28.6,25.9,-28.2,25.1
109.012,-30.7,25.4,-32.6,25.6,-28.3,25.6,-28.1,24.9
110.012,-30.8,25.3,-32.5,25.4,-28.5,25.4,-28.2,24.7
111.012,-31.1,25.2,-32.7,25.3,-28.7,25.4,-28.3,24.6
112.012,-31.0,25.2,-32.6,25.3,-28.6,25.3,-28.2,24.6
113.012,-31.2,25.2,-32.6,25.2,-28.6,25.3,-28.2,24.6
114.012,-31.4,25.2,-32.8,25.2,-28.8,25.3,-28.3,24.6
115.012,-31.2,25.1,-32.6,25.2,-28.6,25.3,-28.3,24.5
116.012,-31.0,25.1,-32.6,25.2,-28.3,25.2,-28.4,24.5
117.012,-27.4,25.1,-31.5,25.1,-24.2,25.2,-24.6,24.5
118.012,-16.4,25.2,-16.3,25.3,-15.1,25.3,-15.9,24.6
119.012,0.3,25.8,-0.9,25.7,-0.3,25.8,-0.0,25.0
120.012,11.3,25.7,9.3,25.8,8.8,25.8,8.6,25.1
121.012,25.5,25.2,22.9,25.3,20.2,25.3,24.5,24.6
122.012,27.2,25.2,25.6,25.2,23.8,25.3,27.1,24.6
123.012,28.2,25.2,25.6,25.2,24.9,25.3,27.4,24.6
124.012,28.6,25.2,25.8,25.3,25.2,25.3,27.7,24.6
125.012,28.5,25.5,25.7,25.4,25.0,25.4,27.5,24.7
126.012,28.6,25.8,25.8,25.7,25.0,25.6,27.7,24.8
127.012,29.0,26.0,26.0,26.0,25.2,25.9,27.7,24.9
128.014,28.9,26.1,26.0,26.3,25.2,26.1,27.8,25.2
129.014,28.9,26.3,25.9,26.4,25.0,26.4,27.6,25.4
130.014,28.9,26.4,26.0,26.6,25.2,26.6,27.9,25.6
131.014,29.1,26.5,26.1,26.8,25.3,26.8,27.8,25.8
132.014,28.8,26.7,25.6,27.0,24.8,27.0,27.4,26.0
133.014,6.7,26.9,7.2,27.2,6.2,27.2,7.6,26.2
134.014,-7.3,27.0,-4.1,27.4,-4.1,27.4,-7.2,26.3
135.014,-28.7,26.5,-28.6,26.9,-24.5,26.9,-25.0,26.0
136.014,-31.0,26.3,-32.2,26.6,-28.5,26.6,-28.2,25.7
137.014,-30.7,25.9,-32.7,26.2,-28.5,26.2,-28.2,25.3
138.014,-30.7,25.7,-32.6,25.9,-28.3,25.9,-28.1,25.1
139.014,-30.9,25.5,-32.6,25.7,-28.5,25.7,-28.2,24.9
140.014,-31.0,25.5,-32.6,25.7,-28.6,25.6,-28.2,24.9
141.014,-31.1,25.4,-32.6,25.6,-28.6,25.6,-28.3,24.8
142.014,-31.3,25.4,-32.7,25.6,-28.6,25.6,-28.2,24.8
143.014,-31.4,25.4,-32.7,25.5,-28.8,25.5,-28.4,24.8
144.014,-31.3,25.4,-32.6,25.5,-28.6,25.5,-28.2,24.8
145.014,-30.3,25.4,-32.5,25.5,-27.3,25.5,-27.8,24.8
146.014,-27.2,25.4,-30.7,25.5,-24.1,25.5,-23.7,24.8
147.014,-10.1,25.5,-10.7,25.6,-10.5,25.6,-10.7,24.9
148.014,4.9,25.9,1.8,26.1,1.6,26.1,1.1,25.4
149.014,19.5,25.6,18.6,25.7,17.1,25.7,18.6,25.1
150.014,26.2,25.4,24.3,25.5,21.5,25.5,26.0,24.9
151.014,28.4,25.4,25.8,25.5,24.7,25.5,27.7,24.8
152.014,28.4,25.5,25.6,25.5,24.9,25.6,27.3,24.9
153.014,29.0,25.6,25.9,25.6,25.3,25.6,27.8,24.9
154.014,28.6,25.9,25.7,25.8,25.1,25.7,27.6,25.0
155.014,28.8,26.2,25.9,26.2,25.2,26.0,27.7,25.1
156.014,29.0,26.3,26.0,26.5,25.1,26.3,27.5,25.3
157.014,28.9,26.5,26.0,26.7,25.2,26.5,27.8,25.5
158.014,28.9,26.6,25.9,26.9,25.1,26.8,27.7,25.8
159.014,29.1,26.7,26.0,27.0,25.3,26.9,28.0,26.0
160.014,29.1,26.9,26.1,27.2,25.3,27.1,27.9,26.1
161.014,23.0,27.0,21.5,27.3,20.2,27.3,22.8,26.3
162.014,-1.8,27.3,0.4,27.6,0.1,27.6,-1.2,26.6
163.014,-17.2,27.1,-15.1,27.5,-12.7,27.5,-15.0,26.4
164.014,-31.0,26.7,-31.5,27.0,-28.0,27.0,-27.8,26.1
165.014,-31.1,26.4,-32.4,26.8,-28.6,26.7,-28.3,25.8
166.014,-30.8,26.0,-32.6,26.4,-28.5,26.3,-28.2,25.5
167.014,-30.8,25.8,-32.4,26.1,-28.3,26.0,-28.0,25.2
168.014,-31.1,25.8,-32.6,26.0,-28.7,25.9,-28.3,25.1
169.014,-31.1,25.8,-32.5,26.0,-28.6,25.8,-28.3,25.0
170.014,-31.2,25.7,-32.6,25.9,-28.6,25.8,-28.3,25.0
171.014,-31.5,25.7,-32.8,25.8,-28.7,25.8,-28.3,25.0
172.014,-31.3,25.7,-32.6,25.8,-28.7,25.8,-28.4,25.0
173.014,-31.3,25.7,-32.7,25.8,-28.7,25.8,-28.3,25.0
174.014,-29.2,25.6,-32.5,25.7,-25.0,25.8,-26.6,25.0
175.014,-26.6,25.6,-27.3,25.7,-24.8,25.7,-23.8,25.0
176.017,-2.2,26.0,-2.3,26.1,-2.9,26.0,-2.5,25.3
177.017,-0.1,26.4,-0.4,26.5,-0.0,26.5,-0.1,25.7
178.017,10.9,26.3,4.8,26.6,7.4,26.4,7.6,25.7
179.017,23.7,25.7,22.0,25.9,20.6,25.8,22.8,25.2
180.017,26.9,25.7,25.3,25.7,22.2,25.8,26.5,25.1
181.017,28.5,25.7,25.9,25.8,25.3,25.8,27.7,25.1
182.018,28.7,25.7,25.9,25.8,25.3,25.8,27.7,25.1
183.018,28.7,26.0,25.7,25.9,25.0,25.9,27.5,25.1
184.018,28.6,26.2,25.7,26.2,24.9,26.0,27.5,25.2
185.018,29.1,26.4,26.2,26.5,25.5,26.3,28.1,25.3
186.018,28.9,26.6,25.9,26.7,25.0,26.6,27.4,25.6
187.018,29.0,26.7,26.0,26.9,25.1,26.8,27.6,25.8
188.018,29.1,26.9,26.1,27.1,25.4,27.0,28.0,26.0
189.018,29.3,27.0,26.2,27.3,25.4,27.2,27.9,26.2
190.018,29.1,27.1,26.1,27.4,25.2,27.4,27.8,26.4
191.018,9.4,27.4,9.7,27.6,9.4,27.7,10.7,26.6
192.018,-6.3,27.5,-3.2,27.9,-3.7,27.8,-6.8,26.7
193.018,-28.7,27.0,-28.5,27.4,-22.3,27.4,-24.7,26.4
194.018,-31.1,26.8,-32.2,27.1,-28.8,27.1,-28.2,26.2
195.018,-30.8,26.4,-32.6,26.7,-28.8,26.7,-28.3,25.8
196.018,-30.8,26.1,-32.5,26.4,-28.2,26.4,-28.1,25.5
197.018,-31.0,26.0,-32.6,26.3,-29.0,26.2,-28.2,25.4
198.018,-31.1,26.0,-32.6,26.2,-29.4,26.1,-28.3,25.3
199.018,-31.1,25.9,-32.6,26.1,-30.5,26.1,-28.4,25.3
200.018,-31.4,25.9,-32.7,26.1,-28.7,26.1,-28.3,25.3
201.018,-31.4,25.9,-32.8,26.0,-29.4,26.0,-28.4,25.2
202.018,-31.2,25.9,-32.6,26.0,-28.8,26.0,-28.2,25.2
203.018,-30.4,25.8,-32.6,25.9,-30.2,25.9,-27.9,25.2
204.018,-27.3,25.9,-30.5,25.9,-26.8,25.9,-24.5,25.2
205.018,-12.4,26.0,-12.5,26.1,-11.2,26.0,-11.9,25.3
206.018,0.3,26.5,-0.4,26.6,-0.0,26.6,-0.5,25.7
207.018,13.1,26.4,10.1,26.5,9.8,26.5,11.7,25.7
208.018,26.3,25.9,23.5,26.0,21.5,26.0,24.1,25.3
209.018,27.0,25.8,25.8,25.9,26.6,26.0,27.0,25.2
210.018,28.5,25.8,25.6,26.0,26.6,26.0,27.5,25.3
211.018,28.9,25.9,26.0,26.0,25.5,26.0,28.1,25.3
212.018,28.8,26.2,25.9,26.2,25.2,26.1,27.8,25.4
213.018,28.6,26.5,25.8,26.5,27.4,26.3,27.7,25.4
214.018,29.1,26.7,26.0,26.8,25.3,26.6,27.6,25.6
215.018,29.1,26.8,26.1,27.0,25.3,26.8,27.9,25.8
216.018,28.9,27.0,25.8,27.2,24.9,27.1,27.4,26.1
217.018,29.1,27.1,26.1,27.4,25.4,27.3,28.0,26.3
218.018,29.3,27.2,26.2,27.5,25.5,27.5,28.1,26.5
219.018,28.4,27.4,25.4,27.7,24.7,27.7,27.4,26.7
220.018,3.6,27.6,4.4,27.9,3.9,27.9,4.5,26.9
221.018,-10.5,27.6,-7.3,28.0,-6.4,28.0,-9.6,26.9
222.018,-31.1,27.1,-30.9,27.5,-26.8,27.5,-27.0,26.6
223.018,-31.2,26.9,-32.3,27.3,-28.6,27.2,-28.2,26.3
224.018,-30.8,26.5,-32.5,26.9,-28.6,26.8,-28.2,26.0
225.018,-30.9,26.3,-32.5,26.6,-28.4,26.5,-28.1,25.7
226.018,-31.1,26.1,-32.6,26.4,-28.6,26.3,-28.3,25.6
227.018,-31.2,26.1,-32.6,26.4,-28.7,26.3,-28.3,25.5
228.018,-31.2,26.1,-32.6,26.3,-28.7,26.3,-28.4,25.5
229.018,-31.5,26.1,-32.7,26.3,-28.8,26.2,-28.4,25.5
230.018,-31.5,26.1,-32.7,26.2,-28.8,26.2,-28.5,25.4
231.018,-31.4,26.1,-32.5,26.2,-28.6,26.2,-28.2,25.4
232.018,-29.8,26.0,-32.6,26.2,-26.6,26.2,-27.6,25.3
233.018,-28.3,26.0,-29.6,26.1,-25.3,26.2,-25.3,25.3
234.018,-6.2,26.2,-6.7,26.4,-7.2,26.4,-6.9,25.6
235.018,6.4,26.5,0.2,26.8,2.6,26.8,3.6,26.0
236.018,21.3,26.2,18.5,26.5,18.0,26.3,20.2,25.5
237.018,25.5,26.0,24.7,26.2,20.9,26.2,25.7,25.4
238.018,28.5,26.0,25.8,26.1,25.2,26.2,27.8,25.4
239.018,28.5,26.1,25.6,26.2,25.2,26.2,27.5,25.4
240.018,28.9,26.2,25.9,26.3,25.4,26.3,27.8,25.5
241.018,28.7,26.6,25.7,26.5,25.0,26.4,27.5,25.6
242.018,29.0,26.8,25.9,26.8,25.3,26.6,27.9,25.7
243.018,29.1,26.9,25.9,27.1,25.2,26.9,27.7,25.9
244.018,29.1,27.1,25.9,27.3,25.2,27.2,27.6,26.2
245.018,29.1,27.2,26.0,27.5,25.4,27.4,27.9,26.4
246.018,29.2,27.3,26.0,27.6,25.5,27.6,27.9,26.6
247.018,29.3,27.4,26.1,27.8,25.4,27.7,27.9,26.7
248.018,19.6,27.6,18.8,27.9,17.4,27.9,19.7,26.9
249.018,-2.7,27.9,-0.1,28.2,-0.4,28.2,-1.9,27.2
250.018,-19.0,27.5,-17.7,28.0,-14.7,28.0,-16.4,26.9
251.018,-31.1,27.2,-31.6,27.6,-28.1,27.6,-28.1,26.6
252.018,-31.2,26.9,-32.5,27.3,-28.8,27.2,-28.4,26.3
253.018,-30.9,26.6,-32.6,26.9,-28.5,26.8,-28.2,25.9
254.018,-30.9,26.4,-32.5,26.7,-28.4,26.6,-28.1,25.7
255.018,-31.2,26.3,-32.6,26.6,-28.7,26.5,-28.4,25.7
256.018,-31.3,26.3,-32.6,26.5,-28.7,26.5,-28.3,25.6
257.019,-31.3,26.3,-32.6,26.4,-28.7,26.4,-28.3,25.6
258.019,-31.6,26.2,-32.8,26.4,-28.9,26.4,-28.4,25.6
259.019,-31.3,26.2,-32.6,26.4,-28.8,26.4,-28.4,25.5
260.019,-31.3,26.2,-32.5,26.4,-28.6,26.4,-28.3,25.5
261.021,-28.2,26.2,-32.2,26.3,-24.9,26.4,-28.2,25.6
262.021,-26.6,26.2,-27.1,26.3,-24.1,26.4,-24.1,25.6
263.021,0.4,26.6,-0.1,26.7,-0.7,26.7,-0.4,25.9
264.021,6.4,26.8,3.0,27.1,4.5,27.0,5.0,26.2
265.021,23.9,26.2,21.2,26.5,18.9,26.5,22.1,25.7
266.021,26.0,26.2,24.8,26.3,22.2,26.4,25.9,25.6
267.021,28.6,26.2,25.7,26.3,25.7,26.4,31.2,25.6
268.021,28.9,26.2,25.8,26.4,25.3,26.4,27.9,25.6
269.021,29.1,26.4,25.9,26.4,25.4,26.5,27.9,25.7
270.021,28.6,26.7,25.6,26.7,24.9,26.6,27.5,25.7
271.021,29.1,26.9,25.9,27.0,25.2,26.8,27.8,25.9
272.021,29.2,27.1,26.0,27.3,25.3,27.1,27.9,26.1
273.021,29.2,27.2,25.9,27.5,25.2,27.3,27.8,26.3
274.021,29.0,27.3,25.8,27.6,25.1,27.6,27.8,26.5
275.021,29.5,27.5,26.2,27.8,25.6,27.7,28.2,26.7
276.021,29.4,27.6,26.0,27.9,25.3,27.9,27.9,26.9
277.021,16.1,27.7,15.7,28.1,14.2,28.1,16.5,27.1
278.021,-3.8,28.0,-1.1,28.3,-1.5,28.4,-3.6,27.3
279.021,-21.3,27.6,-20.9,28.1,-17.8,28.0,-18.9,27.0
280.021,-31.0,27.3,-31.8,27.7,-28.3,27.7,-28.1,26.7
281.021,-31.2,27.0,-32.6,27.4,-28.8,27.3,-28.3,26.4
282.021,-30.8,26.6,-32.5,27.0,-28.5,27.0,-28.1,26.1
283.021,-30.9,26.5,-32.5,26.8,-28.6,26.8,-28.2,25.9
284.021,-31.3,26.4,-32.5,26.7,-28.8,26.7,-28.3,25.8
285.021,-31.3,26.4,-32.5,26.7,-28.7,26.6,-28.3,25.8
286.021,-31.3,26.4,-32.5,26.6,-28.7,26.6,-28.3,25.8
287.021,-31.7,26.4,-32.8,26.6,-28.9,26.6,-28.4,25.7
288.021,-31.4,26.3,-32.5,26.6,-28.7,26.5,-28.3,25.7
289.022,-31.3,26.3,-32.4,26.5,-28.7,26.5,-28.3,25.7
290.022,-27.8,26.3,-31.6,26.5,-24.4,26.5,-24.9,25.7
291.022,-22.2,26.3,-21.9,26.5,-20.6,26.5,-20.6,25.7
292.022,1.6,26.8,0.1,27.0,0.0,26.9,-0.0,26.1
293.022,11.5,26.7,6.8,27.1,8.2,27.0,8.9,26.2
294.022,24.6,26.4,22.9,26.6,20.9,26.6,24.2,25.8
295.022,26.7,26.3,25.4,26.5,22.7,26.5,25.9,25.7
296.022,28.7,26.3,25.6,26.5,25.1,26.5,27.6,25.7
297.023,29.0,26.4,25.9,26.5,25.7,26.5,27.9,25.8
298.023,28.9,26.6,25.7,26.6,25.2,26.6,27.7,25.8
299.023,28.8,26.9,25.7,26.9,25.1,26.8,27.7,25.9
300.023,29.2,27.1,26.0,27.2,25.4,27.0,27.9,26.0
301.023,29.3,27.2,26.1,27.4,25.4,27.3,27.9,26.3
302.023,29.0,27.3,25.8,27.6,25.0,27.5,27.5,26.5
303.023,29.2,27.4,26.0,27.8,25.3,27.7,27.9,26.7
304.023,29.6,27.5,26.2,27.9,25.7,27.9,28.2,26.9
305.023,29.4,27.7,25.9,28.1,25.2,28.1,27.7,27.1
306.023,10.4,27.9,10.6,28.2,9.1,28.3,11.3,27.3
307.023,-4.3,28.1,-1.0,28.5,-1.5,28.5,-3.8,27.4
308.023,-22.2,27.7,-21.8,28.1,-18.5,28.1,-19.3,27.1
309.023,-31.1,27.4,-31.9,27.8,-28.3,27.8,-28.0,26.8
310.023,-31.2,27.1,-32.5,27.5,-28.8,27.4,-28.3,26.5
311.023,-30.9,26.8,-32.5,27.1,-28.5,27.1,-28.1,26.2
312.023,-30.9,26.6,-32.4,26.9,-28.5,26.9,-28.2,26.0
313.023,-31.3,26.6,-32.5,26.8,-28.7,26.8,-28.3,26.0
314.023,-31.4,26.5,-32.5,26.8,-28.7,26.8,-28.3,25.9
315.023,-31.4,26.5,-32.5,26.8,-28.7,26.7,-28.3,25.9
316.023,-31.7,26.5,-32.7,26.7,-28.9,26.7,-28.4,25.9
317.023,-31.4,26.5,-32.5,26.7,-28.7,26.7,-28.3,25.8
318.023,-31.3,26.4,-32.5,26.6,-28.6,26.6,-28.4,25.8
319.023,-27.9,26.4,-31.7,26.6,-24.4,26.6,-27.4,25.8
320.023,-20.9,26.5,-22.4,26.6,-19.9,26.6,-22.3,25.8
321.023,-0.9,26.9,-0.0,27.0,-1.0,27.0,-0.7,26.2
322.023,5.9,27.1,5.9,27.2,5.0,27.3,6.2,26.4
323.023,24.7,26.5,22.0,26.7,20.6,26.7,22.5,26.0
324.023,26.2,26.4,25.0,26.6,21.7,26.6,26.7,25.8
325.023,28.7,26.4,25.8,26.6,25.4,26.6,30.2,25.8
326.023,29.1,26.4,26.0,26.7,25.6,26.7,28.9,25.9
327.023,29.1,26.7,26.0,26.7,25.3,26.7,28.6,25.9
328.023,28.8,27.0,25.7,27.0,24.9,26.9,28.1,26.0
329.023,29.3,27.2,26.0,27.3,25.3,27.1,28.6,26.2
330.023,29.3,27.3,26.1,27.5,25.5,27.4,29.0,26.4
331.023,29.0,27.4,25.9,27.7,25.0,27.6,28.1,26.6
332.023,29.4,27.5,26.1,27.9,25.3,27.8,28.4,26.8
333.023,29.5,27.6,26.2,28.0,25.7,28.0,28.8,27.0
334.025,29.3,27.8,26.0,28.1,25.3,28.2,28.4,27.2
335.025,12.2,27.9,12.2,28.3,10.8,28.4,13.2,27.4
336.025,-5.4,28.1,-2.6,28.5,-3.1,28.6,-6.0,27.5
337.025,-28.0,27.7,-27.5,28.1,-23.8,28.1,-24.0,27.1
338.025,-31.1,27.4,-32.1,27.8,-28.6,27.8,-28.2,26.9
339.025,-31.0,27.1,-32.6,27.5,-28.8,27.4,-28.4,26.6
340.025,-30.8,26.8,-32.5,27.2,-28.4,27.1,-28.1,26.3
341.025,-31.0,26.7,-32.5,27.0,-28.6,27.0,-28.3,26.2
342.025,-31.2,26.6,-32.5,26.9,-28.7,26.9,-28.3,26.1
343.025,-31.2,26.6,-32.5,26.9,-28.7,26.8,-28.3,26.1
344.025,-31.4,26.6,-32.6,26.8,-28.7,26.8,-28.3,26.0
345.025,-31.6,26.6,-32.7,26.8,-28.9,26.8,-28.5,26.0
346.025,-31.3,26.5,-32.5,26.8,-28.6,26.8,-28.3,26.0
347.025,-30.8,26.5,-32.4,26.7,-27.6,26.8,-28.1,25.9
348.025,-28.0,26.5,-30.7,26.7,-24.6,26.8,-24.8,25.9
349.025,-15.4,26.6,-16.4,26.8,-14.2,26.8,-14.5,26.0
350.025,-0.2,27.1,-0.0,27.3,-0.3,27.3,0.0,26.5
351.025,11.7,27.0,6.0,27.4,7.7,27.4,8.3,26.6
352.025,24.5,26.5,23.1,26.8,21.3,26.8,24.0,26.0
353.025,26.9,26.5,25.7,26.7,22.4,26.8,26.5,26.0
354.025,28.7,26.5,25.7,26.7,25.2,26.7,28.2,26.0
355.025,29.0,26.5,25.9,26.8,25.5,26.8,28.4,26.0
356.025,29.1,26.8,25.9,26.8,25.4,26.9,28.4,26.1
357.025,29.0,27.1,25.9,27.1,25.2,27.0,28.4,26.2
358.025,29.3,27.3,26.1,27.4,25.3,27.3,28.5,26.3
359.025,29.4,27.4,26.1,27.6,25.2,27.6,28.3,26.5
360.025,29.2,27.5,26.0,27.8,25.2,27.8,28.4,26.8
361.025,29.3,27.6,26.1,28.0,25.3,28.0,28.5,27.0
362.025,29.5,27.7,26.2,28.1,25.5,28.1,28.7,27.1
363.025,29.4,27.8,26.0,28.2,25.3,28.3,28.6,27.3
364.025,9.5,28.0,9.1,28.4,8.2,28.5,10.3,27.5
365.025,-9.1,28.1,-6.1,28.6,-5.6,28.6,-8.6,27.5
366.025,-30.3,27.7,-30.4,28.1,-26.6,28.2,-26.3,27.2
367.025,-31.1,27.4,-32.2,27.9,-28.6,27.9,-28.2,27.0
368.025,-30.9,27.1,-32.6,27.5,-28.7,27.5,-28.3,26.6
369.025,-30.8,26.9,-32.4,27.2,-28.5,27.2,-28.2,26.3
370.026,-31.0,26.7,-32.5,27.1,-28.6,27.1,-28.3,26.2
371.026,-31.1,26.7,-32.5,27.0,-28.6,27.0,-28.3,26.2
372.026,-31.2,26.7,-32.5,27.0,-28.7,27.0,-28.4,26.1
373.026,-31.5,26.7,-32.7,26.9,-28.8,26.9,-28.3,26.1
374.026,-31.5,26.6,-32.7,26.9,-28.9,26.9,-28.5,26.1
375.026,-31.3,26.6,-32.5,26.9,-28.7,26.9,-28.5,26.0
376.026,-30.2,26.6,-32.4,26.8,-26.4,26.9,-27.7,26.0
377.026,-27.8,26.6,-29.8,26.8,-24.7,26.8,-24.1,26.0
378.026,-11.5,26.7,-11.7,27.0,-10.0,27.0,-11.5,26.1
379.026,0.0,27.2,-0.2,27.4,-0.1,27.4,0.2,26.6
380.026,10.3,27.2,9.3,27.4,10.0,27.4,11.1,26.5
381.026,26.5,26.6,23.6,26.8,21.0,26.9,24.5,26.1
382.026,27.5,26.6,25.7,26.8,22.8,26.8,28.0,26.0
383.026,28.9,26.6,25.9,26.8,25.5,26.8,28.5,26.1
384.026,29.1,26.7,25.9,26.9,25.3,26.9,28.4,26.1
385.026,29.1,26.9,26.0,27.0,25.5,27.0,28.7,26.2
386.026,28.9,27.2,25.8,27.2,25.1,27.1,28.3,26.3
387.026,29.3,27.3,26.1,27.5,25.4,27.4,28.6,26.4
388.026,29.4,27.5,26.1,27.8,25.5,27.7,28.7,26.7
389.026,29.2,27.6,26.0,27.9,25.3,27.9,28.6,26.9
390.026,29.3,27.7,26.0,28.1,25.4,28.1,28.7,27.1
391.026,29.6,27.8,26.2,28.2,25.6,28.2,28.9,27.3
392.026,29.0,27.9,25.6,28.3,24.8,28.4,28.2,27.4
393.026,5.3,28.2,5.5,28.5,4.5,28.6,5.8,27.6
394.026,-10.2,28.1,-6.8,28.7,-6.6,28.7,-9.6,27.6
395.026,-30.3,27.7,-29.4,28.2,-26.5,28.3,-26.3,27.3
396.026,-31.1,27.5,-32.4,27.9,-28.7,28.0,-28.3,27.0
397.026,-30.9,27.1,-35.2,27.6,-28.7,27.6,-28.2,26.7
398.027,-30.9,26.9,-32.7,27.3,-28.5,27.3,-28.3,26.4
399.027,-31.1,26.8,-34.8,27.2,-28.5,27.1,-28.2,26.4
400.027,-31.3,26.8,-38.8,27.1,-28.7,27.0,-28.3,26.3
401.027,-31.3,26.7,-32.7,27.0,-28.7,27.0,-28.5,26.2
402.027,-31.5,26.7,-32.7,27.0,-28.8,27.0,-28.2,26.2
403.027,-31.6,26.7,-32.7,26.9,-28.9,27.0,-28.4,26.2
404.027,-31.4,26.7,-32.5,26.9,-28.6,27.0,-28.4,26.1
405.027,-30.3,26.7,-32.5,26.9,-26.3,26.9,-27.7,26.1
406.027,-32.5,26.7,-29.7,26.9,-25.4,26.9,-24.3,26.1
407.027,-10.7,26.8,-10.4,27.0,-10.4,27.1,-10.9,26.2
408.027,1.4,27.3,-0.2,27.5,0.4,27.6,0.2,26.7
409.027,17.2,26.9,11.0,27.4,14.4,27.3,13.6,26.5
410.027,28.3,26.6,24.6,26.9,21.6,27.0,26.9,26.2
411.027,31.0,26.6,25.7,26.9,23.7,26.9,28.0,26.1
412.027,29.1,26.6,25.8,26.9,25.3,26.9,28.4,26.2
413.027,29.4,26.7,26.0,26.9,25.6,27.0,28.9,26.2
414.027,29.1,27.0,25.8,27.0,25.1,27.1,28.4,26.3
415.027,29.2,27.3,25.9,27.3,25.2,27.3,28.6,26.4
416.027,29.7,27.5,26.2,27.6,25.6,27.6,28.9,26.6
417.027,29.3,27.6,26.0,27.8,25.2,27.8,28.5,26.8
418.027,29.2,27.7,25.9,28.0,25.1,28.0,28.5,27.0
419.027,29.7,27.8,26.2,28.2,25.6,28.2,29.0,27.2
420.027,29.5,27.9,26.1,28.3,25.4,28.3,28.8,27.4
421.027,27.1,28.0,24.2,28.4,23.4,28.5,26.8,27.5
422.027,-1.8,28.3,1.4,28.7,0.8,28.8,-0.6,27.8
423.027,-19.3,28.0,-16.3,28.6,-14.7,28.6,-16.6,27.6
424.027,-30.7,27.7,-31.3,28.2,-28.0,28.2,-27.9,27.3
425.027,-31.1,27.4,-32.6,27.9,-28.8,27.9,-28.4,27.0
426.027,-30.9,27.1,-36.3,27.6,-28.6,27.5,-28.3,26.7
427.027,-30.8,26.9,-32.4,27.3,-28.5,27.3,-28.2,26.4
428.027,-31.1,26.9,-32.7,27.2,-28.7,27.2,-28.4,26.4
429.027,-31.1,26.9,-33.2,27.1,-28.7,27.2,-28.4,26.3
430.027,-31.3,26.8,-34.7,27.1,-28.8,27.1,-28.4,26.3
431.027,-31.6,26.8,-35.1,27.0,-28.8,27.1,-28.3,26.3
432.027,-31.2,26.8,-35.7,27.0,-28.8,27.1,-28.4,26.2
433.027,-31.3,26.7,-32.6,27.0,-28.7,27.0,-28.3,26.2
434.027,-28.1,26.7,-32.5,26.9,-24.7,27.0,-25.7,26.2
435.027,-27.1,26.7,-27.4,26.9,-24.9,27.0,-24.5,26.2
436.027,0.2,27.1,-0.5,27.3,-0.8,27.4,-0.8,26.5
437.027,5.8,27.4,2.0,27.6,4.7,27.7,4.7,26.8
438.027,23.8,26.8,21.1,27.1,19.8,27.1,22.6,26.3
439.027,26.2,26.7,25.2,26.9,21.6,27.0,26.6,26.2
440.027,28.7,26.7,30.3,26.9,25.1,27.0,28.3,26.2
441.027,29.0,26.7,26.0,27.0,25.5,27.0,28.8,26.2
442.027,29.2,26.9,25.8,27.0,25.3,27.1,28.6,26.3
443.027,29.0,27.2,25.6,27.1,25.1,27.2,28.5,26.4
444.027,29.4,27.4,26.5,27.5,25.5,27.5,28.9,26.5
445.028,29.3,27.6,25.5,27.8,25.2,27.8,28.5,26.7
446.028,29.3,27.7,25.5,28.0,25.3,28.0,28.6,27.0
447.028,29.3,27.7,25.4,28.2,25.3,28.2,28.7,27.2
448.028,29.6,27.9,25.8,28.3,25.6,28.3,29.0,27.3
449.028,29.6,28.0,25.7,28.4,25.4,28.5,28.7,27.5
450.028,17.5,28.1,16.8,28.6,15.3,28.7,18.3,27.7
451.028,-4.4,28.3,-1.5,28.8,-2.0,28.9,-4.4,27.9
452.028,-23.2,28.0,-21.6,28.5,-19.8,28.6,-20.5,27.6
453.028,-31.0,27.7,-31.2,28.2,-28.3,28.2,-28.1,27.3
454.028,-31.2,27.4,-31.1,27.9,-28.9,27.9,-28.4,27.0
455.028,-30.9,27.1,-37.3,27.5,-28.7,27.5,-28.2,26.7
456.028,-30.9,27.0,-31.7,27.3,-28.5,27.4,-28.1,26.5
457.028,-31.3,26.9,-31.9,27.3,-28.8,27.3,-28.4,26.4
458.028,-31.3,26.9,-31.9,27.2,-28.7,27.2,-28.3,26.4
459.028,-31.3,26.8,-31.9,27.1,-28.8,27.2,-28.3,26.3
460.028,-31.6,26.8,-32.0,27.1,-28.9,27.2,-28.5,26.4
461.028,-31.3,26.8,-31.9,27.1,-28.7,27.1,-28.5,26.3
462.028,-31.2,26.8,-31.6,27.0,-28.5,27.1,-28.4,26.3
463.028,-28.1,26.8,-32.0,27.0,-23.9,27.1,-25.0,26.3
464.028,-19.4,26.8,-21.6,27.0,-20.1,27.1,-20.2,26.3
465.028,0.0,27.3,-0.2,27.5,0.3,27.6,0.1,26.7
466.028,12.0,27.3,8.3,27.5,9.8,27.6,8.4,26.8
467.028,25.1,26.8,23.5,27.0,21.1,27.1,26.1,26.3
468.028,27.1,26.7,25.3,26.9,22.2,27.1,27.1,26.3
469.028,28.9,26.7,25.7,27.0,25.8,27.1,28.6,26.3
470.028,29.1,26.8,25.4,27.1,25.5,27.1,28.7,26.4
471.028,29.3,27.1,25.4,27.1,25.3,27.2,28.6,26.4
472.028,29.1,27.4,27.0,27.4,25.2,27.4,28.6,26.5
473.028,29.4,27.5,25.7,27.8,25.4,27.7,28.7,26.7
474.028,29.4,27.6,25.5,28.0,25.2,27.9,28.5,26.9
475.030,29.4,27.7,25.5,28.1,25.3,28.1,28.6,27.1
476.030,29.3,27.8,25.6,28.3,25.5,28.3,29.0,27.3
477.030,29.6,27.9,25.7,28.4,25.4,28.4,28.8,27.5
478.030,29.4,28.0,25.4,28.5,25.2,28.6,28.6,27.6
479.030,7.1,28.2,6.8,28.7,6.1,28.8,7.9,27.8
480.030,-11.7,28.2,-8.4,28.8,-7.3,28.9,-9.8,27.8
481.030,-30.8,27.8,-29.9,28.3,-27.1,28.4,-26.6,27.5
482.032,-31.4,27.6,-31.2,28.1,-28.7,28.2,-28.5,27.2
483.032,-34.9,27.3,-31.5,27.8,-28.7,27.8,-31.0,26.9
484.032,-31.0,27.1,-31.3,27.5,-28.4,27.5,-30.1,26.7
485.032,-31.2,27.0,-31.3,27.4,-28.6,27.4,-29.3,26.6
486.032,-31.3,26.9,-31.3,27.3,-28.7,27.4,-28.7,26.5
487.032,-31.4,26.9,-31.4,27.2,-28.8,27.3,-31.2,26.5
488.032,-31.6,26.9,-31.5,27.2,-28.8,27.2,-28.3,26.4
489.032,-31.5,26.9,-31.5,27.2,-28.7,27.2,-28.4,26.4
490.032,-31.5,26.8,-31.4,27.1,-28.8,27.2,-28.2,26.3
491.032,-29.8,26.8,-31.4,27.1,-26.3,27.2,-27.6,26.3
492.032,-27.9,26.8,-28.6,27.1,-25.7,27.2,-25.4,26.3
493.032,-7.1,27.0,-7.2,27.3,-6.8,27.3,-6.0,26.5
494.032,6.9,27.3,0.8,27.7,2.1,27.8,1.9,26.9
495.032,21.2,26.9,19.7,27.3,19.4,27.3,21.9,26.5
496.032,26.1,26.8,24.2,27.0,21.2,27.2,26.0,26.4
497.033,28.8,26.8,25.6,27.0,25.5,27.1,29.3,26.3
498.033,32.7,26.8,25.5,27.1,25.2,27.2,28.3,26.4
499.033,29.5,27.0,25.6,27.2,25.6,27.2,28.7,26.4
500.033,28.9,27.3,25.4,27.4,25.0,27.4,34.4,26.5
501.033,29.3,27.5,25.6,27.7,25.3,27.6,28.7,26.6
502.033,29.6,27.6,25.7,27.9,25.4,27.9,28.6,26.8
503.033,29.4,27.7,25.7,28.1,25.4,28.1,28.6,27.0
504.033,29.4,27.8,25.6,28.2,25.3,28.3,33.1,27.3
505.033,29.7,27.9,25.8,28.4,25.6,28.4,29.1,27.5
506.033,29.7,28.0,25.8,28.5,25.7,28.6,29.1,27.7
507.033,20.7,28.2,19.2,28.6,17.9,28.7,20.8,27.8
508.033,-3.8,28.4,-0.9,28.9,-1.3,29.0,-3.5,28.0
509.033,-22.6,28.1,-21.6,28.6,-18.8,28.7,-19.2,27.7
510.033,-31.0,27.8,-30.7,28.3,-28.3,28.4,-27.4,27.5
511.033,-31.2,27.5,-31.5,28.0,-28.9,28.0,-28.5,27.2
512.033,-30.8,27.2,-31.4,27.7,-28.6,27.7,-30.9,26.9
513.033,-30.8,27.1,-31.2,27.5,-28.5,27.5,-29.8,26.7
514.033,-31.2,27.0,-31.4,27.4,-28.8,27.4,-29.6,26.6
515.033,-31.2,27.0,-31.4,27.3,-28.7,27.4,-31.7,26.5
516.033,-31.3,27.0,-31.4,27.3,-28.8,27.3,-28.2,26.5
517.033,-31.6,26.9,-31.6,27.2,-28.9,27.3,-28.2,26.5
518.033,-31.3,26.9,-31.4,27.2,-28.8,27.3,-28.8,26.4
519.033,-31.2,26.9,-31.3,27.2,-28.6,27.3,-28.2,26.4
520.035,-28.0,26.9,-30.7,27.1,-24.0,27.3,-25.5,26.4
521.035,-23.4,26.9,-23.4,27.1,-22.7,27.2,-21.3,26.4
522.035,0.5,27.3,-0.2,27.5,-0.4,27.6,-0.7,26.8
523.035,4.8,27.5,1.4,27.9,1.8,27.9,1.8,27.1
524.035,20.8,27.0,18.3,27.4,17.9,27.4,19.7,26.6
525.035,26.0,26.8,24.5,27.1,21.6,27.2,26.0,26.4
526.036,28.9,26.8,25.4,27.1,24.3,27.2,28.6,26.4
527.036,29.1,26.8,25.5,27.1,25.4,27.2,28.5,26.4
528.036,29.3,27.0,25.6,27.2,25.4,27.3,28.3,26.5
529.036,29.1,27.2,25.5,27.4,25.3,27.4,30.5,26.5
530.036,29.4,27.4,25.7,27.7,25.4,27.6,28.7,26.7
531.036,29.5,27.6,25.7,28.0,25.3,27.9,28.2,26.9
532.036,29.5,27.7,25.7,28.1,25.5,28.1,28.1,27.1
533.036,29.2,27.8,25.5,28.3,25.2,28.3,28.0,27.3
534.036,29.8,27.9,25.9,28.4,25.6,28.5,28.4,27.5
535.036,29.5,28.0,25.7,28.5,25.5,28.6,28.4,27.7
536.037,21.0,28.1,19.5,28.6,18.8,28.8,21.7,27.8
537.037,-4.4,28.4,-1.2,28.9,-1.5,29.0,-4.1,28.0
538.037,-23.1,28.0,-22.3,28.6,-17.9,28.7,-20.0,27.7
539.037,-31.0,27.8,-30.9,28.3,-28.3,28.4,-27.8,27.5
540.037,-31.1,27.5,-31.5,28.0,-32.4,28.1,-28.2,27.2
541.037,-30.8,27.2,-31.3,27.6,-29.0,27.7,-27.9,26.8
542.037,-30.9,27.1,-31.3,27.5,-28.4,27.5,-28.0,26.7
543.037,-31.3,27.0,-31.5,27.4,-29.2,27.5,-28.1,26.6
544.037,-31.4,27.0,-31.4,27.3,-29.8,27.4,-28.1,26.6
545.037,-31.4,26.9,-31.4,27.3,-28.7,27.4,-28.0,26.5
546.037,-31.7,26.9,-31.5,27.3,-29.0,27.4,-28.1,26.5
547.037,-31.3,26.9,-31.3,27.3,-28.8,27.3,-28.1,26.5
548.037,-31.3,26.9,-31.3,27.2,-28.8,27.3,-28.0,26.4
549.037,-27.7,26.9,-30.4,27.2,-25.7,27.3,-24.8,26.4
550.037,-22.1,26.9,-22.3,27.2,-22.7,27.3,-19.3,26.4
551.037,0.1,27.3,0.0,27.6,-0.1,27.7,-0.7,26.9
552.037,9.6,27.3,3.6,27.9,3.3,28.0,4.1,27.1
553.037,22.8,26.9,20.8,27.3,21.3,27.4,21.8,26.6
554.037,26.1,26.8,24.6,27.1,23.4,27.2,26.3,26.5
555.037,33.4,26.8,25.4,27.2,27.6,27.3,28.4,26.5
556.037,29.5,26.9,25.7,27.2,25.8,27.3,28.4,26.5
557.037,29.3,27.1,25.5,27.3,25.3,27.4,28.0,26.6
558.037,29.1,27.3,25.5,27.5,25.2,27.4,28.4,26.6
559.037,29.5,27.5,25.7,27.8,31.3,27.7,28.2,26.7
560.037,29.6,27.7,25.7,28.0,25.9,28.0,28.3,26.9
561.037,29.6,27.8,25.7,28.2,25.5,28.2,28.3,27.1
562.037,29.5,27.9,25.6,28.3,25.3,28.4,32.2,27.4
563.037,29.8,28.0,25.9,28.4,25.8,28.5,28.9,27.6
564.037,29.6,28.1,25.7,28.6,25.4,28.7,28.3,27.8
565.037,18.4,28.2,17.2,28.7,15.8,28.9,18.4,27.9
566.037,-5.3,28.4,-2.0,29.0,-2.3,29.1,-5.0,28.1
567.037,-24.0,28.0,-22.9,28.6,-20.2,28.7,-20.9,27.8
568.037,-31.1,27.8,-30.9,28.3,-28.4,28.4,-28.0,27.5
569.037,-31.2,27.5,-31.5,28.0,-29.0,28.1,-28.4,27.2
570.037,-30.9,27.2,-31.4,27.7,-28.6,27.7,-28.0,26.8
571.037,-31.0,27.1,-31.3,27.5,-28.5,27.6,-28.0,26.7
572.037,-31.3,27.0,-31.4,27.4,-28.8,27.5,-28.2,26.6
573.037,-31.3,27.0,-31.4,27.4,-28.8,27.5,-28.2,26.6
574.037,-31.3,27.0,-31.4,27.3,-28.8,27.4,-28.2,26.6
575.037,-31.6,26.9,-31.5,27.3,-28.9,27.4,-28.2,26.6
576.037,-31.4,26.9,-31.4,27.3,-28.8,27.4,-28.2,26.5
577.037,-31.1,26.9,-31.2,27.3,-28.2,27.3,-28.1,26.5
578.037,-27.1,26.9,-30.3,27.2,-24.3,27.3,-24.3,26.5
579.037,-22.1,26.9,-20.0,27.3,-19.6,27.3,-20.3,26.5
580.037,0.5,27.4,0.2,27.7,-0.3,27.7,0.2,26.9
581.037,11.3,27.4,7.7,27.8,7.7,27.9,11.3,26.9
582.037,25.9,26.9,23.1,27.2,22.5,27.3,23.9,26.5
583.037,26.8,26.8,25.3,27.2,22.2,27.3,27.2,26.5
584.037,29.0,26.8,25.4,27.2,25.4,27.3,28.1,26.5
585.037,29.3,26.9,25.7,27.2,25.8,27.3,28.6,26.6
586.037,29.2,27.2,25.5,27.4,25.4,27.4,28.2,26.6
587.037,29.0,27.4,25.5,27.6,25.3,27.6,28.2,26.7
588.037,29.6,27.6,25.7,27.9,25.6,27.8,28.4,26.9
589.037,29.5,27.7,25.7,28.1,25.5,28.1,28.5,27.1
590.037,29.3,27.8,25.5,28.2,25.2,28.3,28.1,27.4
591.037,29.6,27.9,25.7,28.4,25.5,28.5,28.5,27.5
592.037,29.7,28.0,25.9,28.5,25.8,28.6,28.7,27.7
593.037,29.4,28.1,25.5,28.6,25.4,28.7,28.4,27.8
594.037,9.1,28.3,9.1,28.8,8.1,29.0,9.8,28.0
595.037,-6.3,28.4,-3.3,29.0,-3.6,29.2,-6.4,28.1
596.037,-27.3,28.0,-26.4,28.5,-22.9,28.7,-23.5,27.7
597.037,-31.1,27.7,-31.0,28.3,-28.4,28.4,-28.0,27.5
598.037,-31.2,27.5,-31.5,28.0,-28.9,28.1,-28.3,27.2
599.037,-31.0,27.2,-31.3,27.7,-28.5,27.7,-28.1,26.9
600.037,-31.1,27.1,-31.3,27.5,-28.6,27.6,-28.1,26.7
601.037,-31.4,27.0,-31.4,27.5,-28.7,27.5,-28.2,26.7
602.037,-31.4,27.0,-31.3,27.4,-28.7,27.5,-28.2,26.6
603.037,-31.5,27.0,-31.4,27.4,-28.8,27.5,-28.1,26.6
604.037,-31.7,27.0,-31.5,27.4,-29.3,27.5,-28.3,26.6
605.037,-31.4,27.0,-31.3,27.4,-28.8,27.4,-28.2,26.6
606.037,-31.0,26.9,-31.2,27.3,-29.1,27.4,-28.1,26.6
607.037,-27.2,26.9,-29.4,27.3,-24.7,27.4,-23.8,26.6
608.037,-18.9,27.0,-18.6,27.3,-17.7,27.4,-17.6,26.6
609.037,0.2,27.5,-0.2,27.8,0.4,27.9,0.5,27.1
610.037,12.4,27.4,9.5,27.8,10.6,27.8,9.7,27.0
611.037,25.7,26.9,23.0,27.3,21.4,27.4,25.1,26.6
612.037,26.9,26.8,25.5,27.2,22.6,27.3,27.5,26.6
613.037,28.9,26.8,25.5,27.2,26.8,27.3,28.4,26.6
614.037,29.1,26.9,25.5,27.3,25.4,27.4,28.3,26.6
615.037,29.3,27.2,25.6,27.4,25.7,27.5,28.4,26.7
616.038,29.1,27.4,25.5,27.7,25.3,27.6,28.2,26.8
617.038,29.5,27.6,25.7,28.0,25.5,27.9,28.4,26.9
618.038,29.4,27.8,25.7,28.2,25.5,28.2,28.5,27.2
619.038,29.2,27.8,25.6,28.3,25.3,28.3,28.3,27.4
620.038,29.6,27.9,25.8,28.4,25.6,28.5,28.6,27.6
621.038,29.7,28.0,25.8,28.5,25.8,28.6,28.8,27.7
622.038,29.3,28.1,25.4,28.6,25.3,28.8,28.4,27.9
623.038,5.6,28.3,6.4,28.8,5.2,29.0,6.1,28.1
624.038,-9.3,28.4,-5.8,29.0,-5.7,29.1,-8.8,28.1
625.038,-31.0,27.9,-29.4,28.5,-26.5,28.6,-26.8,27.7
626.038,-31.4,27.7,-31.2,28.3,-28.7,28.4,-28.3,27.5
627.038,-31.1,27.3,-31.5,28.0,-28.7,28.0,-28.3,27.2
628.038,-31.0,27.1,-31.3,27.6,-28.5,27.7,-28.0,26.9
629.038,-31.2,27.0,-31.3,27.5,-28.8,27.6,-28.3,26.8
630.038,-31.4,27.0,-31.3,27.5,-29.0,27.6,-28.2,26.8
631.038,-31.5,27.0,-31.3,27.4,-28.8,27.5,-28.3,26.7
632.038,-31.7,27.0,-31.5,27.4,-28.8,27.5,-28.2,26.7
633.038,-31.6,26.9,-31.4,27.4,-29.6,27.5,-28.3,26.7
634.038,-31.6,27.0,-31.3,27.4,-28.7,27.5,-28.2,26.6
635.038,-29.5,26.9,-31.1,27.4,-26.2,27.4,-27.3,26.6
636.038,-28.1,26.9,-29.2,27.3,-25.4,27.4,-24.8,26.6
637.038,-8.6,27.1,-9.5,27.5,-9.6,27.5,-8.7,26.8
638.038,1.0,27.6,0.5,28.0,0.7,28.0,0.4,27.2
639.038,19.6,27.2,16.1,27.6,15.3,27.6,17.2,26.9
640.038,26.3,26.9,23.4,27.3,22.2,27.4,24.5,26.6
641.038,28.1,26.8,25.5,27.2,23.4,27.4,28.8,26.6
642.038,29.0,26.9,25.4,27.3,26.1,27.4,28.1,26.6
643.038,29.5,27.0,25.7,27.4,25.7,27.5,28.5,26.7
644.038,29.2,27.3,25.5,27.5,25.4,27.5,28.4,26.7
645.038,29.2,27.5,25.5,27.8,25.3,27.7,28.3,26.8
646.038,29.8,27.7,25.8,28.0,25.5,28.0,28.4,27.0
647.038,29.4,27.8,25.7,28.2,25.4,28.2,28.4,27.3
648.038,29.5,27.9,25.7,28.4,25.6,28.4,28.5,27.5
649.038,29.6,28.0,25.7,28.5,25.6,28.6,28.5,27.6
650.038,29.7,28.0,25.8,28.6,25.7,28.7,28.7,27.8
651.038,26.0,28.2,23.2,28.7,23.0,28.8,26.1,27.9
652.038,-2.4,28.4,0.7,28.9,0.7,29.1,-1.0,28.1
653.038,-19.2,28.2,-16.6,28.8,-13.1,29.0,-15.8,27.9
654.038,-31.0,27.8,-30.6,28.4,-27.9,28.6,-27.8,27.7
655.038,-31.3,27.6,-31.4,28.2,-28.9,28.3,-28.3,27.4
656.038,-31.0,27.3,-31.4,27.9,-30.7,27.9,-28.2,27.1
657.038,-31.0,27.2,-31.2,27.7,-28.4,27.7,-28.1,26.9
658.038,-31.3,27.1,-31.3,27.6,-28.9,27.6,-27.5,26.8
659.038,-31.4,27.1,-31.4,27.5,-30.5,27.5,-28.5,26.7
660.038,-31.4,27.0,-31.4,27.5,-29.5,27.5,-27.5,26.7
661.038,-31.7,27.0,-31.5,27.4,-29.5,27.5,-28.4,26.7
662.038,-31.4,27.0,-31.4,27.4,-29.2,27.5,-30.8,26.7
663.038,-31.3,26.9,-31.3,27.4,-28.6,27.5,-31.9,26.7
664.038,-27.6,27.0,-30.9,27.3,-25.4,27.4,-28.1,26.6
665.038,-27.2,26.9,-26.0,27.3,-24.2,27.4,-25.4,26.6
666.038,0.1,27.3,0.4,27.7,-1.1,27.8,-1.9,26.9
667.038,8.6,27.5,4.8,27.9,6.5,28.0,6.8,27.1
668.038,24.8,26.9,22.2,27.4,20.0,27.5,25.3,26.7
669.038,26.8,26.9,25.1,27.3,22.5,27.4,26.7,26.6
670.038,28.9,26.9,25.4,27.3,28.8,27.4,27.3,26.6
671.038,29.4,26.9,25.7,27.4,26.0,27.4,28.9,26.7
672.038,29.2,27.2,25.5,27.4,25.4,27.5,26.8,26.7
673.038,29.1,27.4,25.5,27.7,25.4,27.6,36.8,26.8
674.038,29.5,27.6,25.7,28.0,25.5,27.9,27.3,26.9
675.038,29.5,27.8,25.6,28.2,25.4,28.2,27.2,27.1
676.038,29.5,27.9,25.7,28.3,25.6,28.3,27.4,27.3
677.038,29.5,27.9,25.7,28.5,25.5,28.5,27.4,27.5
678.040,29.7,28.0,25.7,28.6,25.6,28.7,27.5,27.7
679.040,29.9,28.1,25.8,28.7,25.6,28.8,27.4,27.8
680.040,10.1,28.3,9.8,28.8,9.8,29.0,11.2,28.0
681.040,-9.1,28.4,-5.1,29.0,-5.1,29.2,-8.1,28.1
682.040,-28.9,28.0,-28.0,28.6,-24.5,28.8,-24.6,27.8
683.040,-31.2,27.7,-31.1,28.4,-28.6,28.5,-28.1,27.5
684.040,-31.0,27.4,-31.4,28.1,-28.8,28.1,-28.2,27.2
685.040,-31.0,27.2,-31.3,27.8,-28.6,27.8,-27.9,27.0
686.040,-31.1,27.1,-31.3,27.7,-28.6,27.7,-28.0,26.9
687.040,-31.3,27.1,-31.4,27.6,-28.8,27.6,-28.6,26.8
688.040,-31.3,27.0,-31.4,27.5,-28.8,27.6,-28.4,26.8
689.040,-31.6,27.0,-31.5,27.5,-28.8,27.6,-28.3,26.7
690.042,-31.6,27.0,-31.5,27.5,-28.9,27.5,-28.4,26.7
691.042,-31.4,27.0,-31.4,27.4,-28.7,27.5,-28.8,26.7
692.042,-29.8,27.0,-31.3,27.4,-26.9,27.5,-27.7,26.7
693.042,-27.6,27.0,-28.7,27.4,-24.9,27.5,-24.8,26.7
694.042,-13.5,27.1,-13.1,27.5,-12.7,27.6,-12.3,26.8
695.042,-0.1,27.5,0.0,27.9,0.3,28.0,0.4,27.2
696.042,11.8,27.5,9.2,28.0,9.8,27.9,11.2,27.1
697.042,25.7,26.9,22.5,27.3,21.6,27.5,24.2,26.7
698.042,27.3,26.9,25.4,27.3,22.2,27.4,26.4,26.7
699.042,29.2,26.9,25.5,27.3,25.6,27.4,27.6,26.7
700.042,29.1,27.0,25.5,27.4,25.4,27.5,27.4,26.7
701.042,29.3,27.2,25.6,27.5,25.7,27.5,27.5,26.8
702.042,29.2,27.5,25.5,27.7,25.4,27.7,27.4,26.9
703.042,29.5,27.6,25.7,28.0,25.5,28.0,27.5,27.0
704.042,29.5,27.8,25.7,28.2,25.3,28.2,27.3,27.2
705.042,29.3,27.9,25.6,28.4,25.3,28.4,27.3,27.4
706.042,29.8,28.0,25.9,28.5,25.8,28.6,27.8,27.6
707.042,29.7,28.0,25.8,28.6,25.5,28.7,27.4,27.7
708.042,29.4,28.1,25.5,28.7,25.5,28.8,27.6,27.9
709.043,7.2,28.3,7.8,28.9,7.1,29.0,8.3,28.1
710.043,-7.9,28.4,-5.0,29.1,-5.0,29.2,-8.0,28.1
711.043,-29.4,28.0,-28.0,28.6,-24.4,28.8,-25.1,27.8
712.043,-31.2,27.7,-31.1,28.4,-28.9,28.5,-28.3,27.6
713.043,-31.1,27.5,-31.5,28.1,-28.9,28.1,-28.4,27.3
714.043,-31.0,27.2,-31.4,27.8,-28.6,27.8,-28.4,27.0
715.043,-31.1,27.1,-31.3,27.6,-29.6,27.7,-28.4,26.9
716.043,-31.3,27.1,-31.4,27.6,-28.9,27.6,-28.4,26.8
717.043,-31.3,27.1,-31.4,27.5,-28.8,27.6,-28.4,26.8
718.043,-31.5,27.0,-31.4,27.5,-28.7,27.6,-28.7,26.8
719.043,-31.7,27.0,-31.5,27.5,-29.0,27.6,-28.5,26.8
720.043,-31.4,27.0,-31.3,27.4,-28.7,27.5,-28.3,26.7
721.043,-30.2,27.0,-31.3,27.4,-27.5,27.5,-28.0,26.7
722.043,-28.1,27.0,-29.2,27.4,-24.6,27.5,-24.0,26.7
723.043,-15.8,27.0,-15.2,27.5,-15.5,27.6,-15.3,26.8
724.043,0.3,27.5,-0.1,28.0,0.0,28.0,0.1,27.2
725.043,13.0,27.4,7.7,28.0,9.3,28.0,8.9,27.3
726.043,26.1,26.9,23.2,27.4,22.4,27.5,24.8,26.7
727.043,27.4,26.9,25.3,27.3,22.8,27.4,26.7,26.7
728.043,29.1,26.9,25.5,27.3,26.6,27.4,27.6,26.7
729.043,29.2,27.0,25.5,27.4,25.6,27.5,27.5,26.7
730.043,29.4,27.2,25.6,27.5,25.5,27.6,27.5,26.8
731.043,29.3,27.5,25.5,27.8,25.2,27.7,27.3,26.9
732.043,29.7,27.7,25.8,28.0,25.7,28.0,27.7,27.0
733.043,29.6,27.8,25.7,28.2,25.4,28.2,27.4,27.2
734.043,29.5,27.9,25.6,28.4,25.3,28.4,27.3,27.4
735.043,29.6,28.0,25.7,28.5,25.7,28.6,27.7,27.6
736.043,29.8,28.0,25.8,28.6,25.7,28.7,27.7,27.7
737.043,29.4,28.1,25.4,28.7,25.3,28.8,27.4,27.9
738.043,4.4,28.4,5.2,28.9,4.5,29.1,5.1,28.1
739.043,-13.4,28.3,-9.6,29.0,-8.4,29.1,-11.2,28.1
740.043,-30.9,27.9,-29.8,28.5,-27.0,28.7,-26.5,27.8
741.043,-31.2,27.7,-31.2,28.3,-28.7,28.4,-28.5,27.5
742.043,-31.0,27.4,-31.5,28.0,-28.8,28.0,-28.4,27.2
743.043,-31.0,27.2,-31.3,27.7,-28.4,27.8,-30.8,27.0
744.043,-31.2,27.1,-31.3,27.6,-28.7,27.7,-29.9,26.9
745.043,-31.3,27.1,-31.3,27.6,-28.8,27.7,-33.8,26.8
746.043,-31.4,27.0,-31.4,27.6,-28.9,27.6,-28.4,26.8
747.043,-31.6,27.0,-31.5,27.5,-29.0,27.6,-31.3,26.8
748.043,-31.5,27.0,-31.4,27.5,-29.0,27.6,-28.4,26.8
749.043,-31.5,27.0,-31.4,27.5,-28.8,27.5,-28.3,26.7
750.043,-29.4,27.0,-31.3,27.4,-25.4,27.5,-27.0,26.7
751.043,-28.0,27.0,-28.4,27.4,-25.9,27.5,-24.6,26.7
752.043,-8.3,27.2,-8.1,27.6,-8.0,27.7,-8.4,26.9
753.043,3.0,27.6,0.1,28.1,0.4,28.2,0.4,27.3
754.043,19.2,27.2,14.4,27.8,14.9,27.8,15.6,27.0
755.043,26.3,26.9,23.4,27.4,22.1,27.5,25.4,26.7
756.043,27.9,26.9,25.6,27.3,23.9,27.4,27.4,26.7
757.043,29.1,26.9,25.5,27.4,25.4,27.5,27.4,26.7
758.043,29.5,27.0,25.6,27.5,25.7,27.5,27.6,26.7
759.043,29.3,27.3,25.5,27.6,25.4,27.6,27.2,26.8
760.043,29.4,27.5,25.6,27.9,25.5,27.8,36.6,26.9
761.043,29.5,27.7,25.6,28.1,25.4,28.1,27.7,27.1
762.043,29.6,27.8,25.7,28.3,25.6,28.3,27.6,27.3
763.043,29.5,27.9,25.6,28.4,25.4,28.5,27.4,27.5
764.043,29.8,28.0,25.8,28.5,25.6,28.6,27.6,27.7
765.043,29.8,28.1,25.8,28.7,25.7,28.8,27.6,27.8
766.043,26.6,28.2,23.5,28.7,22.8,28.9,25.0,27.9
767.043,-1.8,28.4,1.1,29.0,0.5,29.2,-0.8,28.2
768.043,-18.6,28.2,-15.9,28.9,-13.8,29.0,-15.9,28.0
769.043,-31.0,27.9,-30.5,28.5,-28.6,28.6,-28.1,27.7
770.043,-31.3,27.6,-31.4,28.3,-29.7,28.3,-28.5,27.4
771.043,-31.0,27.3,-31.4,27.9,-28.8,28.0,-28.4,27.1
772.043,-31.0,27.2,-31.2,27.7,-28.5,27.8,-28.2,27.0
773.043,-31.3,27.1,-31.3,27.6,-28.8,27.7,-28.4,26.9
774.043,-31.4,27.1,-31.3,27.6,-28.8,27.7,-28.4,26.9
775.043,-31.5,27.1,-31.4,27.5,-28.8,27.6,-28.5,26.8
776.043,-31.8,27.0,-31.5,27.5,-29.0,27.6,-28.5,26.8
777.044,-31.5,27.0,-31.3,27.5,-28.8,27.6,-28.4,26.8
778.044,-31.4,27.0,-31.3,27.5,-28.7,27.6,-28.4,26.7
779.044,-28.9,27.0,-31.0,27.4,-25.0,27.6,-25.9,26.7
780.044,-26.1,27.0,-27.1,27.4,-23.8,27.5,-24.7,26.7
781.044,-3.0,27.3,-1.0,27.7,-2.8,27.8,-2.3,27.0
782.044,3.0,27.7,3.7,28.1,2.3,28.2,3.0,27.4
783.044,23.2,27.1,19.4,27.5,18.9,27.7,22.2,26.9
784.044,26.1,26.9,24.5,27.3,21.7,27.5,24.7,26.7
785.044,29.3,26.9,25.5,27.3,24.9,27.4,27.5,26.7
786.044,29.3,26.9,25.5,27.4,25.4,27.5,27.4,26.7
787.044,29.5,27.1,25.6,27.5,25.6,27.6,27.7,26.8
788.044,29.3,27.4,25.5,27.7,25.4,27.7,27.5,26.9
789.045,29.4,27.6,25.6,28.0,25.4,27.9,27.4,27.0
790.045,29.7,27.8,25.8,28.2,25.6,28.2,27.5,27.1
791.045,29.6,27.8,25.7,28.3,25.4,28.4,32.9,27.4
792.045,29.5,27.9,25.6,28.5,25.5,28.5,27.8,27.6
793.045,29.8,28.0,25.8,28.6,25.7,28.7,27.7,27.7
794.045,29.7,28.1,25.8,28.7,25.7,28.8,27.8,27.9
795.045,18.0,28.2,16.6,28.8,16.1,29.0,17.9,28.0
796.045,-6.6,28.4,-2.6,29.1,-2.9,29.2,-5.5,28.2
797.045,-26.1,28.1,-25.2,28.7,-21.9,28.9,-22.6,27.9
798.045,-31.2,27.8,-31.0,28.4,-28.4,28.6,-28.3,27.7
799.045,-31.3,27.5,-31.4,28.2,-28.9,28.2,-28.6,27.4
800.045,-31.1,27.3,-31.2,27.9,-28.5,27.9,-28.3,27.1
801.045,-31.3,27.1,-31.3,27.7,-28.7,27.8,-28.4,26.9
802.045,-31.4,27.1,-31.3,27.6,-29.1,27.7,-28.5,26.9
803.045,-31.4,27.1,-31.3,27.6,-28.7,27.7,-28.3,26.8
804.045,-31.7,27.1,-31.4,27.5,-28.7,27.6,-28.4,26.8
805.045,-31.8,27.1,-31.5,27.5,-29.3,27.6,-28.5,26.8
806.045,-31.5,27.0,-31.3,27.5,-28.8,27.6,-28.4,26.8
807.045,-31.1,27.0,-31.3,27.4,-28.1,27.6,-28.3,26.8
808.045,-27.5,27.0,-29.5,27.4,-24.7,27.6,-25.2,26.8
809.045,-18.8,27.0,-18.2,27.5,-17.4,27.6,-17.5,26.8
810.045,-0.7,27.5,-0.3,27.9,-0.2,28.0,-0.0,27.2
811.045,5.8,27.7,2.9,28.2,5.0,28.2,7.6,27.3
812.045,24.5,27.0,21.1,27.5,19.4,27.6,21.9,26.8
813.045,26.2,26.9,24.8,27.3,22.1,27.5,24.7,26.8
814.045,29.1,26.9,25.4,27.3,25.7,27.5,27.7,26.7
815.045,29.4,27.0,25.6,27.4,25.6,27.5,27.4,26.8
816.045,29.3,27.2,25.5,27.5,26.3,27.6,27.5,26.8
817.045,29.3,27.4,25.5,27.7,25.3,27.7,27.2,26.9
818.045,29.6,27.6,25.6,28.0,25.5,28.0,27.5,27.0
819.045,29.6,27.8,25.6,28.2,25.5,28.2,27.4,27.2
820.045,29.5,27.9,25.6,28.4,25.5,28.4,27.4,27.4
821.045,29.6,28.0,25.7,28.5,25.7,28.6,27.7,27.6
822.045,29.8,28.0,25.7,28.6,25.6,28.7,27.5,27.7
823.045,29.9,28.1,25.8,28.7,25.7,28.9,27.6,27.9
824.045,16.2,28.2,15.3,28.8,13.8,29.0,16.0,28.0
825.045,-4.4,28.5,-0.7,29.1,-1.1,29.3,-3.2,28.2
826.045,-21.4,28.1,-19.6,28.8,-17.1,29.0,-18.2,28.0
827.045,-31.1,27.9,-30.8,28.4,-28.3,28.6,-28.0,27.7
828.045,-31.4,27.6,-31.5,28.2,-29.0,28.3,-28.6,27.5
829.045,-31.1,27.3,-31.5,27.9,-28.7,27.9,-28.4,27.1
830.045,-31.1,27.2,-31.3,27.7,-28.5,27.8,-28.4,27.0
831.045,-31.5,27.2,-31.5,27.6,-28.9,27.7,-28.5,26.9
832.045,-31.5,27.1,-32.0,27.6,-28.8,27.6,-28.7,26.9
833.045,-31.6,27.1,-31.8,27.5,-28.8,27.6,-28.5,26.9
834.045,-31.8,27.1,-31.9,27.5,-28.9,27.6,-30.1,26.9
835.045,-31.5,27.0,-31.4,27.5,-28.7,27.6,-29.9,26.8
836.045,-31.4,27.0,-31.4,27.5,-28.6,27.6,-28.4,26.8
837.045,-27.5,27.0,-30.8,27.4,-24.2,27.6,-25.2,26.7
838.045,-27.3,27.0,-26.1,27.4,-24.5,27.6,-24.3,26.7
839.045,-0.3,27.4,-0.3,27.8,-0.8,27.9,-0.7,27.1
840.045,1.7,27.8,1.9,28.1,2.5,28.3,5.9,27.3
841.045,24.2,27.1,20.1,27.6,20.0,27.7,20.4,26.9
842.045,25.9,26.9,24.3,27.4,21.2,27.5,24.7,26.8
843.045,28.5,26.9,25.4,27.4,24.8,27.5,27.3,26.7
844.045,29.4,27.0,25.6,27.4,25.8,27.5,27.6,26.8
845.045,29.4,27.1,25.5,27.5,25.4,27.6,29.8,26.8
846.045,29.5,27.4,25.5,27.7,25.4,27.7,27.5,26.9
847.045,29.6,27.6,25.7,27.9,25.7,27.9,27.6,27.0
848.045,29.6,27.8,25.7,28.2,25.4,28.2,27.2,27.2
849.045,29.7,27.9,25.7,28.3,25.5,28.4,27.4,27.4
850.045,29.4,27.9,25.6,28.5,25.4,28.6,27.4,27.6
851.045,29.9,28.0,25.8,28.6,25.8,28.7,27.9,27.7
852.045,29.8,28.1,25.8,28.7,25.6,28.8,27.5,27.9
853.045,20.1,28.2,18.5,28.8,17.7,29.0,20.1,28.0
854.045,-5.9,28.4,-2.1,29.0,-2.5,29.2,-5.2,28.2
855.045,-25.3,28.1,-23.7,28.7,-21.6,28.9,-22.1,27.9
856.045,-31.2,27.8,-30.8,28.4,-28.4,28.6,-28.2,27.7
857.045,-31.4,27.5,-31.4,28.2,-29.0,28.3,-28.6,27.4
858.048,-31.1,27.3,-31.4,27.9,-28.7,28.0,-28.4,27.1
859.048,-31.2,27.2,-31.4,27.7,-28.5,27.8,-28.2,27.0
860.048,-31.5,27.1,-32.0,27.6,-28.9,27.7,-28.5,26.9
861.048,-31.5,27.1,-32.1,27.6,-28.7,27.7,-28.4,26.9
862.048,-31.6,27.1,-31.5,27.5,-28.8,27.7,-28.4,26.8
863.048,-31.9,27.1,-31.8,27.5,-29.0,27.7,-28.5,26.8
864.048,-31.6,27.0,-31.5,27.5,-28.8,27.6,-28.4,26.8
865.075,-31.2,27.0,-40.4,27.5,-27.9,27.6,-28.4,26.8
866.075,-27.2,27.0,-30.5,27.4,-24.0,27.6,-24.7,26.8
867.075,-20.4,27.0,-19.2,27.5,-18.4,27.6,-18.3,26.8
868.075,-0.3,27.5,-0.1,27.9,-0.3,28.0,-0.5,27.2
869.075,4.7,27.8,4.7,28.1,3.9,28.3,5.4,27.4
870.075,25.2,27.0,20.7,27.5,20.5,27.6,23.0,26.9
871.075,26.0,26.9,24.0,27.4,21.6,27.5,24.2,26.8
872.075,29.1,26.9,30.2,27.4,25.2,27.5,27.9,26.8
873.075,29.4,27.0,29.7,27.4,25.8,27.6,27.4,26.8
874.075,29.5,27.2,25.7,27.5,25.6,27.6,27.4,26.9
875.075,29.3,27.4,25.5,27.7,25.4,27.7,27.5,26.9
876.075,29.5,27.6,25.6,28.0,25.4,28.0,27.3,27.0
877.075,29.7,27.8,25.7,28.2,25.6,28.2,27.5,27.2
878.075,29.5,27.9,25.6,28.3,25.3,28.4,27.2,27.4
879.075,29.7,27.9,25.7,28.5,25.6,28.6,27.5,27.6
880.075,29.8,28.0,25.8,28.6,25.7,28.7,27.7,27.7
881.075,29.9,28.1,25.8,28.7,25.7,28.8,27.6,27.9
882.075,17.9,28.2,17.3,28.8,16.2,29.0,17.9,28.0
883.075,2.9,28.5,2.4,29.0,1.5,29.2,2.3,28.3
884.075,-4.0,28.5,-0.6,29.1,-1.0,29.4,-2.9,28.3
885.075,-19.9,28.1,-18.7,28.8,-15.7,28.9,-17.4,28.0
886.075,-31.2,27.8,-30.5,28.4,-28.3,28.6,-28.3,27.7
887.075,-31.4,27.6,-31.5,28.2,-29.1,28.3,-28.6,27.5
888.075,-31.1,27.3,-31.5,27.9,-28.7,28.0,-28.4,27.2
889.075,-31.2,27.2,-31.4,27.7,-28.6,27.8,-28.4,27.0
890.075,-31.5,27.1,-31.5,27.6,-28.8,27.7,-28.5,26.9
891.075,-31.5,27.1,-31.4,27.6,-28.8,27.7,-28.5,26.9
892.075,-31.5,27.1,-31.4,27.5,-28.8,27.7,-28.5,26.9
893.075,-31.8,27.0,-31.5,27.5,-28.9,27.7,-28.5,26.9
894.075,-31.5,27.0,-31.4,27.5,-28.8,27.7,-28.5,26.9
895.075,-31.4,27.0,-31.4,27.5,-28.6,27.6,-28.3,26.8
896.077,-27.9,27.0,-31.1,27.5,-24.9,27.6,-25.4,26.8
897.077,-28.0,27.0,-27.5,27.5,-25.0,27.6,-24.7,26.8
898.077,-0.3,27.4,-0.2,27.8,-1.4,27.9,-2.0,27.1
899.077,7.9,27.6,3.8,28.1,5.0,28.2,5.0,27.4
900.098,24.5,27.0,21.5,27.5,20.3,27.6,23.4,26.9
901.098,26.1,26.9,24.5,27.4,21.5,27.5,24.8,26.8
902.098,29.2,26.9,25.6,27.4,25.8,27.5,27.5,26.8
903.098,29.3,27.0,25.5,27.4,25.4,27.6,27.2,26.8
904.098,29.5,27.2,25.6,27.5,25.7,27.7,27.5,26.9
905.098,29.2,27.5,25.4,27.7,25.2,27.8,27.1,26.9
906.098,29.6,27.6,25.7,28.0,25.7,28.0,27.6,27.0
907.098,29.6,27.8,25.7,28.2,25.5,28.2,27.4,27.2
908.098,29.5,27.9,25.6,28.4,25.3,28.4,27.2,27.4
909.098,29.6,27.9,25.7,28.5,25.6,28.6,27.6,27.6
910.098,29.7,28.0,25.8,28.6,25.8,28.8,27.7,27.8
911.098,29.9,28.1,25.8,28.7,25.9,28.9,27.7,27.9
912.098,14.5,28.3,14.4,28.8,13.4,29.0,15.4,28.1
913.098,-4.3,28.5,-1.2,29.1,-1.6,29.3,-4.0,28.3
914.098,-22.5,28.1,-22.1,28.8,-18.6,28.9,-19.8,28.0
915.098,-31.2,27.8,-30.9,28.4,-28.3,28.6,-28.2,27.7
916.098,-31.6,27.6,-31.5,28.2,-29.4,28.3,-28.6,27.5
917.098,-33.9,27.3,-31.5,27.9,-28.7,28.0,-28.3,27.2
918.098,-35.7,27.2,-31.3,27.7,-28.6,27.8,-28.3,27.0
919.098,-34.7,27.1,-31.5,27.6,-28.9,27.8,-28.6,27.0
920.098,-31.7,27.1,-31.4,27.6,-29.1,27.7,-28.4,26.9
921.100,-31.9,27.1,-31.4,27.6,-28.8,27.7,-28.4,26.9
922.100,-31.9,27.1,-31.5,27.5,-28.9,27.7,-28.5,26.9
923.100,-31.6,27.1,-31.4,27.5,-28.8,27.6,-28.4,26.8
924.100,-31.8,27.0,-31.4,27.5,-28.5,27.6,-28.4,26.8
925.100,-27.3,27.0,-30.5,27.5,-24.8,27.6,-25.0,26.8
926.102,-23.7,27.0,-21.9,27.5,-21.0,27.6,-21.7,26.8
927.102,0.1,27.5,0.2,27.9,0.2,28.0,0.2,27.2
928.102,7.7,27.7,6.0,28.1,7.2,28.1,8.6,27.3
929.102,25.3,27.0,22.0,27.5,21.4,27.6,23.0,26.9
930.102,26.9,26.9,24.9,27.4,22.1,27.5,26.0,26.8
931.102,29.9,26.9,25.5,27.4,25.5,27.5,27.5,26.8
932.102,32.1,27.0,25.5,27.5,25.5,27.6,27.4,26.8
933.102,29.4,27.2,25.5,27.5,25.6,27.7,27.5,26.9
934.102,29.0,27.4,25.5,27.7,25.4,27.8,27.4,27.0
935.127,34.8,27.6,25.6,28.0,25.4,28.1,27.4,27.1
936.127,29.9,27.8,25.7,28.2,25.4,28.3,27.4,27.3
937.127,29.5,27.9,25.7,28.4,25.7,28.5,27.6,27.5
938.127,29.5,28.0,25.5,28.5,25.3,28.6,27.3,27.6
939.127,29.9,28.0,25.8,28.6,25.8,28.8,27.7,27.8
940.127,29.9,28.1,25.7,28.7,25.7,28.9,27.7,27.9
941.128,9.4,28.3,9.7,28.8,9.1,29.1,10.5,28.1
942.128,-9.2,28.4,-5.4,29.0,-5.4,29.2,-8.6,28.2
943.128,-30.2,28.0,-28.6,28.6,-25.5,28.8,-25.9,27.9
944.128,-31.4,27.8,-31.2,28.4,-29.1,28.5,-28.4,27.7
945.128,-31.2,27.5,-31.5,28.1,-28.9,28.1,-28.6,27.3
946.128,-31.2,27.3,-31.4,27.8,-28.6,27.9,-28.4,27.1
947.128,-31.4,27.2,-31.4,27.7,-29.3,27.7,-28.5,27.0
948.128,-31.5,27.1,-31.5,27.6,-28.8,27.7,-28.4,27.0
949.128,-31.5,27.1,-31.4,27.6,-28.8,27.7,-28.5,26.9
950.128,-31.8,27.1,-31.4,27.5,-28.8,27.7,-28.6,26.9
951.129,-31.8,27.1,-31.5,27.5,-28.9,27.7,-28.5,26.9
952.129,-31.6,27.0,-31.4,27.5,-28.7,27.7,-28.3,26.8
953.129,-29.9,27.0,-31.3,27.5,-26.4,27.7,-27.9,26.8
954.129,-27.7,27.0,-29.6,27.5,-25.5,27.6,-24.8,26.8
955.129,-14.1,27.1,-12.8,27.6,-13.3,27.7,-13.4,26.9
956.129,0.9,27.6,-0.1,28.1,0.1,28.2,0.2,27.4
957.129,14.2,27.3,8.7,28.1,9.7,28.1,13.3,27.2
958.129,26.5,27.0,23.1,27.4,22.5,27.6,23.8,26.9
959.129,26.9,26.9,25.3,27.4,22.6,27.6,25.9,26.8
960.129,29.3,26.9,25.5,27.4,25.7,27.6,27.6,26.8
961.129,29.4,27.0,25.5,27.5,25.5,27.6,27.4,26.8
962.129,29.5,27.3,25.6,27.6,25.6,27.7,27.6,26.9
963.129,29.4,27.5,25.5,27.8,25.4,27.9,27.4,27.0
964.129,29.6,27.7,25.6,28.1,25.5,28.1,27.4,27.1
965.129,29.8,27.8,25.7,28.3,25.6,28.3,27.5,27.3
966.129,29.5,27.8,25.5,28.4,25.3,28.5,27.2,27.5
967.129,29.7,27.9,25.7,28.5,25.7,28.7,27.6,27.7
968.129,29.9,28.0,25.8,28.6,25.8,28.8,27.7,27.8
969.129,29.5,28.1,25.4,28.7,25.5,28.9,27.5,28.0
970.129,5.5,28.3,5.7,28.9,5.1,29.1,6.1,28.2
971.129,-10.4,28.3,-6.4,29.1,-5.9,29.2,-9.0,28.2
972.129,-30.4,27.9,-29.2,28.6,-25.8,28.8,-25.6,27.9
973.129,-31.4,27.7,-31.2,28.3,-28.8,28.5,-28.5,27.6
974.129,-31.2,27.4,-31.5,28.1,-28.4,28.2,-28.2,27.3
975.129,-31.2,27.2,-31.4,27.8,-28.3,27.9,-28.3,27.1
976.129,-31.4,27.1,-31.4,27.7,-28.7,27.8,-32.0,27.0
977.129,-31.5,27.1,-31.5,27.6,-29.0,27.7,-30.8,27.0
978.129,-31.5,27.1,-31.4,27.6,-29.4,27.7,-29.0,26.9
979.129,-31.8,27.1,-31.5,27.5,-29.7,27.7,-32.9,26.9
980.129,-31.7,27.0,-31.5,27.5,-32.4,27.7,-28.6,26.9
981.129,-31.6,27.0,-31.4,27.5,-28.6,27.7,-28.5,26.8
982.129,-29.8,27.0,-31.4,27.5,-26.7,27.6,-28.1,26.8
983.129,-27.8,27.0,-29.1,27.5,-25.4,27.6,-25.1,26.8
984.129,-11.1,27.2,-10.3,27.6,-9.8,27.7,-10.4,26.9
985.129,0.7,27.6,-0.2,28.1,0.1,28.2,0.8,27.4
986.129,15.7,27.3,11.0,27.9,11.4,28.1,14.7,27.1
987.129,26.1,27.0,23.5,27.4,22.3,27.6,24.2,26.8
988.129,28.0,26.9,25.4,27.4,23.5,27.6,27.3,26.8
989.129,29.4,26.9,25.3,27.4,29.1,27.6,27.1,26.8
990.129,29.4,27.1,25.7,27.5,25.9,27.6,27.7,26.9
991.129,29.2,27.3,25.4,27.6,25.3,27.7,27.2,26.9
992.129,29.3,27.5,25.4,27.8,25.3,27.9,29.7,27.0
993.129,29.6,27.7,25.7,28.1,25.7,28.1,27.8,27.1
994.129,29.4,27.8,25.6,28.3,25.4,28.4,27.4,27.3
995.129,29.6,27.9,25.7,28.4,25.5,28.5,27.4,27.5
996.129,29.6,27.9,25.6,28.5,25.5,28.7,27.4,27.7
997.129,29.9,28.0,25.8,28.6,25.9,28.8,36.8,27.9
998.129,28.2,28.1,24.6,28.7,24.4,28.9,26.8,28.0
999.129,4.5,28.3,4.9,28.9,4.1,29.1,5.1,28.2
1000.129,-11.0,28.3,-7.4,29.0,-6.8,29.2,-9.3,28.2
1001.129,-30.8,27.9,-29.3,28.5,-26.2,28.8,-26.8,27.9
1002.129,-31.5,27.7,-31.3,28.3,-28.8,28.5,-28.6,27.7
1003.129,-31.1,27.4,-31.4,28.1,-28.6,28.1,-36.3,27.3
1004.129,-31.2,27.3,-31.4,27.8,-28.7,27.9,-28.2,27.1
1005.129,-31.3,27.1,-31.4,27.7,-28.9,27.8,-28.5,27.0
1006.129,-31.5,27.1,-31.4,27.7,-29.2,27.8,-28.5,26.9
1007.129,-31.6,27.1,-31.5,27.6,-29.4,27.7,-28.5,26.9
1008.129,-31.8,27.1,-31.6,27.5,-28.9,27.7,-28.4,26.9
1009.129,-31.8,27.0,-31.6,27.5,-28.9,27.7,-28.5,26.9
1010.129,-31.6,27.0,-31.4,27.5,-28.7,27.6,-28.3,26.8
1011.129,-30.0,27.0,-31.4,27.5,-26.7,27.6,-28.0,26.8
1012.129,-28.5,27.0,-28.9,27.5,-25.1,27.6,-24.5,26.8
1013.129,-10.4,27.2,-11.6,27.6,-10.6,27.7,-11.1,26.9
1014.129,0.4,27.7,0.1,28.1,0.1,28.2,2.0,27.3
1015.129,17.0,27.4,13.2,27.9,12.8,28.0,15.8,27.0
1016.129,26.8,26.9,24.0,27.4,22.8,27.6,24.6,26.8
1017.129,28.2,26.9,25.5,27.4,23.6,27.6,27.4,26.8
1018.129,29.2,27.0,25.5,27.4,25.6,27.6,27.4,26.8
1019.129,29.5,27.1,25.6,27.5,25.6,27.6,27.5,26.9
1020.129,29.3,27.3,25.4,27.6,25.4,27.7,27.2,26.9
1021.129,29.6,27.6,25.6,27.8,25.6,27.9,27.6,27.0
1022.129,29.7,27.7,25.7,28.1,25.5,28.1,27.2,27.1
1023.129,29.5,27.8,25.6,28.3,25.4,28.3,27.8,27.3
1024.129,29.5,27.9,25.6,28.4,25.5,28.5,22.1,27.6
1025.129,29.8,28.0,25.7,28.6,25.6,28.7,21.5,27.7
1026.129,29.9,28.0,25.8,28.6,25.8,28.8,21.7,27.9
1027.129,26.1,28.1,23.1,28.7,22.6,28.9,19.6,28.0
1028.129,3.2,28.3,3.2,28.9,2.5,29.2,2.3,28.2
1029.129,-13.2,28.3,-9.7,29.0,-8.4,29.1,-11.7,28.1
1030.129,-31.1,27.9,-29.7,28.5,-26.8,28.7,-29.0,27.8
1031.129,-31.5,27.7,-31.3,28.3,-28.8,28.5,-30.6,27.6
1032.129,-31.2,27.4,-31.5,28.1,-29.0,28.1,-30.4,27.3
1033.129,-31.2,27.2,-31.3,27.8,-28.5,27.9,-30.1,27.1
1034.129,-31.5,27.1,-31.4,27.7,-28.8,27.8,-30.3,27.0
1035.129,-31.5,27.1,-31.4,27.6,-29.0,27.7,-30.1,27.0
1036.129,-31.6,27.1,-31.4,27.6,-28.9,27.7,-30.1,26.9
1037.129,-31.9,27.1,-31.6,27.6,-28.9,27.7,-30.0,26.9
1038.129,-31.8,27.0,-31.5,27.5,-29.4,27.7,-30.0,26.8
1039.129,-31.7,27.0,-31.4,27.5,-28.8,27.7,-29.7,26.8
1040.130,-29.5,27.0,-31.3,27.5,-25.5,27.6,-27.7,26.8
1041.130,-27.4,27.0,-28.6,27.5,-25.4,27.6,-25.6,26.8
1042.130,-10.4,27.2,-9.0,27.6,-9.2,27.8,-9.3,27.0
1043.130,0.9,27.7,0.7,28.1,0.6,28.3,0.3,27.4
1044.130,19.1,27.3,18.3,27.7,17.0,27.8,15.9,27.1
1045.130,27.5,26.9,23.4,27.4,22.1,27.6,21.7,26.8
1046.130,28.6,26.9,25.5,27.4,24.3,27.5,23.6,26.8
1047.130,29.3,27.0,25.5,27.4,26.6,27.6,24.4,26.8
1048.130,29.5,27.1,25.5,27.5,25.5,27.6,24.3,26.9
1049.130,29.2,27.4,25.4,27.6,25.4,27.7,24.6,26.9
1050.130,29.6,27.6,25.6,27.9,25.6,27.9,24.9,27.0
1051.130,29.6,27.7,25.6,28.1,25.5,28.1,24.9,27.2
1052.130,29.6,27.8,25.6,28.3,25.5,28.4,25.2,27.4
1053.132,29.8,27.9,25.7,28.4,25.5,28.5,25.3,27.6
1054.132,29.6,28.0,25.7,28.5,25.7,28.7,25.7,27.7
1055.132,29.8,28.0,25.7,28.6,25.5,28.8,25.8,27.9
1056.132,23.8,28.1,21.7,28.7,20.8,28.9,21.9,28.0
1057.132,-4.9,28.4,-0.8,29.0,-1.2,29.2,-3.6,28.2
1058.132,-22.0,28.1,-20.2,28.8,-17.6,29.0,-18.3,28.0
1059.132,-31.3,27.8,-30.7,28.4,-28.6,28.6,-28.5,27.8
1060.132,-31.6,27.6,-31.5,28.2,-29.0,28.3,-28.7,27.5
1061.132,-31.3,27.3,-31.5,27.9,-28.7,28.0,-28.4,27.2
1062.132,-31.3,27.2,-31.4,27.7,-28.7,27.8,-29.2,27.0
1063.132,-31.7,27.1,-31.5,27.6,-28.9,27.7,-28.8,27.0
1064.132,-31.7,27.1,-31.4,27.6,-28.8,27.7,-28.8,26.9
1065.132,-31.6,27.1,-31.4,27.5,-28.7,27.7,-28.7,26.9
1066.132,-32.0,27.0,-31.6,27.5,-29.0,27.7,-32.5,26.9
1067.132,-31.6,27.0,-31.2,27.5,-28.8,27.6,-28.7,26.9
1068.132,-31.6,27.0,-31.3,27.5,-28.6,27.6,-28.4,26.8
1069.132,-28.2,27.0,-31.0,27.5,-24.7,27.6,-25.1,26.8
1070.136,-20.8,27.0,-23.2,27.5,-21.5,27.6,-21.8,26.8
1071.136,-1.2,27.5,0.3,27.9,-0.2,28.0,0.0,27.2
1072.136,4.9,27.7,4.2,28.1,6.1,28.2,7.2,27.4
1073.136,25.4,27.1,21.5,27.5,20.5,27.7,22.6,26.9
1074.136,26.2,26.9,25.0,27.4,22.3,27.5,25.3,26.8
1075.137,29.3,26.9,25.4,27.4,28.7,27.5,26.9,26.8
1076.137,29.5,27.0,25.5,27.4,25.7,27.6,26.8,26.8
1077.137,29.5,27.2,25.4,27.5,25.4,27.7,24.7,26.9
1078.137,29.3,27.4,25.4,27.7,25.3,27.8,23.6,27.0
1079.137,29.8,27.6,25.7,28.0,25.8,28.0,23.8,27.1
1080.137,29.6,27.7,25.6,28.2,25.3,28.3,23.6,27.3
1081.137,29.7,27.8,25.6,28.4,25.5,28.5,23.9,27.5
1082.137,29.8,27.9,25.7,28.5,25.8,28.6,24.4,27.6
1083.137,29.8,28.0,25.7,28.6,25.7,28.7,24.4,27.8
1084.137,30.0,28.0,25.7,28.7,25.7,28.9,24.6,27.9
1085.137,12.6,28.2,12.2,28.8,11.2,29.0,11.6,28.1
1086.137,-7.0,28.4,-2.8,29.1,-3.2,29.2,-6.1,28.2
1087.137,-28.2,28.0,-26.9,28.6,-24.1,28.8,-24.8,27.9
1088.137,-31.5,27.7,-31.1,28.4,-28.7,28.6,-28.9,27.7
1089.137,-31.4,27.5,-31.5,28.1,-28.9,28.2,-29.0,27.4
1090.137,-31.2,27.3,-31.4,27.9,-28.7,27.9,-28.8,27.1
1091.137,-31.3,27.2,-31.3,27.7,-28.7,27.8,-28.7,27.0
1092.137,-31.6,27.1,-31.5,27.7,-28.8,27.8,-28.7,27.0
1093.137,-31.6,27.1,-31.3,27.6,-28.8,27.7,-28.6,26.9
1094.137,-31.8,27.1,-31.5,27.6,-28.8,27.7,-28.5,26.9
1095.137,-31.9,27.0,-31.6,27.5,-29.0,27.7,-28.6,26.9
1096.137,-31.6,27.0,-31.3,27.5,-28.6,27.7,-28.2,26.9
1097.137,-30.6,27.0,-31.4,27.5,-27.2,27.6,-28.0,26.8
1098.137,-28.0,27.0,-29.6,27.5,-24.6,27.6,-25.1,26.8
1099.137,-16.7,27.0,-16.2,27.5,-15.9,27.7,-15.3,26.9
1100.137,1.1,27.5,-0.6,28.0,0.3,28.2,0.2,27.3
1101.137,14.1,27.3,10.2,28.0,11.2,28.0,13.9,27.2
1102.137,26.3,26.9,23.6,27.4,22.5,27.6,23.7,26.8
1103.137,28.0,26.9,25.2,27.4,23.1,27.6,26.3,26.8
1104.137,29.8,26.9,25.6,27.4,25.6,27.6,27.0,26.8
1105.137,29.4,27.0,25.5,27.5,25.5,27.6,27.0,26.9
1106.137,29.5,27.3,25.5,27.6,25.6,27.7,27.1,26.9
1107.139,29.5,27.5,25.5,27.8,25.5,27.9,27.0,27.0
1108.139,29.7,27.7,25.6,28.1,25.5,28.1,26.9,27.2
1109.139,29.7,27.8,25.6,28.2,25.5,28.3,27.0,27.3
1110.139,29.5,27.9,25.5,28.4,25.4,28.5,27.0,27.5
1111.139,29.8,27.9,25.6,28.5,25.6,28.7,27.0,27.7
1112.139,30.0,28.0,25.8,28.6,25.8,28.8,27.2,27.8
1113.139,28.8,28.1,24.9,28.7,24.8,28.9,26.5,27.9
1114.139,1.5,28.3,3.4,28.9,2.8,29.1,2.8,28.1
1115.139,-17.9,28.2,-14.4,28.9,-12.5,29.1,-14.9,28.1
1116.139,-31.2,27.9,-30.4,28.5,-27.9,28.7,-27.7,27.8
1117.139,-31.5,27.6,-31.3,28.3,-28.9,28.4,-27.5,27.6
1118.139,-31.2,27.4,-31.4,28.0,-28.6,28.1,-28.1,27.3
1119.139,-31.2,27.2,-31.3,27.8,-28.6,27.9,-28.2,27.1
1120.139,-31.5,27.1,-31.5,27.7,-29.0,27.8,-34.0,27.0
1121.139,-31.5,27.1,-31.4,27.6,-28.9,27.7,-29.7,26.9
1122.139,-31.6,27.1,-31.4,27.6,-28.9,27.7,-29.1,26.9
1123.139,-31.9,27.0,-31.6,27.5,-29.4,27.7,-28.5,26.9
1124.139,-31.6,27.0,-31.4,27.5,-29.3,27.7,-28.5,26.9
1125.141,-31.7,27.0,-31.4,27.5,-28.6,27.6,-28.3,26.9
1126.141,-28.9,27.0,-31.3,27.4,-24.6,27.6,-27.1,26.8
1127.141,-28.4,27.0,-28.0,27.4,-26.4,27.6,-25.0,26.8
1128.141,-3.1,27.2,-4.3,27.7,-4.4,27.8,-4.6,27.1
1129.141,5.8,27.5,2.4,28.1,4.7,28.2,2.9,27.4
1130.141,24.1,27.0,21.1,27.5,19.6,27.7,22.0,26.9
1131.141,25.8,26.9,24.6,27.4,21.1,27.6,24.9,26.8
1132.141,29.1,26.9,25.4,27.4,25.4,27.5,26.8,26.8
1133.141,29.4,27.0,25.5,27.4,25.6,27.6,26.9,26.8
1134.141,29.7,27.2,25.5,27.5,25.5,27.7,26.9,26.9
1135.145,29.4,27.4,25.5,27.7,25.5,27.8,26.9,26.9
1136.145,29.7,27.6,25.6,28.0,25.5,28.0,27.1,27.1
1137.145,29.7,27.7,25.6,28.2,25.5,28.3,26.9,27.2
1138.145,29.6,27.8,25.6,28.3,25.6,28.4,26.9,27.4
1139.145,29.6,27.9,25.5,28.5,25.4,28.6,26.8,27.6
1140.145,30.0,27.9,25.8,28.6,25.8,28.7,27.3,27.7
1141.145,30.0,28.0,25.8,28.7,25.9,28.9,27.3,27.9
1142.145,14.4,28.2,13.5,28.8,13.5,29.0,14.6,28.0
1143.151,-7.8,28.3,-3.8,29.0,-4.2,29.2,-7.2,28.2
1144.151,-28.9,28.0,-27.8,28.6,-23.1,28.8,-24.8,27.9
1145.151,-31.5,27.7,-31.2,28.3,-28.6,28.6,-28.3,27.7
1146.167,-31.3,27.4,-31.5,28.1,-31.4,28.2,-28.5,27.4
1147.167,-31.3,27.3,-31.4,27.8,-29.9,27.9,-28.3,27.1
1148.167,-31.4,27.1,-31.3,27.7,-30.3,27.8,-28.3,27.0
1149.167,-31.5,27.1,-31.4,27.6,-31.9,27.7,-28.4,26.9
1150.167,-31.5,27.1,-31.4,27.6,-28.9,27.7,-28.4,26.9
1151.167,-31.8,27.1,-31.5,27.5,-28.7,27.7,-28.4,26.9
1152.167,-31.8,27.0,-31.5,27.5,-29.1,27.7,-28.5,26.9
1153.167,-31.7,27.0,-31.3,27.5,-28.7,27.7,-28.2,26.9
1154.167,-29.9,27.0,-31.3,27.5,-27.3,27.6,-27.8,26.8
1155.167,-27.8,27.0,-28.9,27.4,-24.9,27.6,-25.3,26.8
1156.167,-13.8,27.1,-13.2,27.6,-12.7,27.7,-12.0,26.9
1157.167,0.5,27.6,-0.2,28.0,0.5,28.2,1.3,27.4
1158.183,17.6,27.4,15.0,27.8,14.7,27.9,15.9,27.1
1159.185,26.1,26.9,23.6,27.4,21.6,27.6,25.3,26.8
1160.185,27.7,26.9,25.4,27.3,24.3,27.5,26.3,26.8
1161.185,29.2,26.9,25.4,27.4,25.5,27.6,26.8,26.8
1162.185,29.6,27.0,25.6,27.5,25.8,27.6,27.1,26.9
1163.185,29.6,27.3,25.5,27.6,27.5,27.7,27.0,26.9
1164.185,29.3,27.5,25.4,27.8,25.8,27.8,26.8,27.0
1165.212,29.8,27.7,25.7,28.1,33.0,28.2,27.1,27.2
1166.212,29.8,27.8,25.7,28.3,25.9,28.4,27.1,27.4
1167.212,29.4,27.8,25.4,28.4,25.1,28.6,26.7,27.6
1168.212,29.8,27.9,25.8,28.5,25.8,28.7,27.2,27.7
1169.213,29.9,28.0,25.8,28.6,25.8,28.8,27.3,27.9
1170.213,26.0,28.1,23.0,28.7,22.4,28.9,24.0,28.0
1171.213,5.1,28.3,4.9,28.9,3.6,29.1,4.2,28.2
1172.213,-2.0,28.4,0.1,29.1,-0.4,29.3,-1.5,28.3
1173.213,-16.8,28.1,-14.7,28.8,-12.4,29.0,-14.5,28.0
1174.213,-31.4,27.8,-30.4,28.4,-28.0,28.6,-27.9,27.7
1175.213,-31.5,27.6,-31.3,28.2,-28.9,28.4,-28.5,27.5
1176.213,-31.2,27.3,-31.4,27.9,-28.9,28.0,-28.5,27.2
1177.213,-31.3,27.2,-31.3,27.7,-28.6,27.9,-28.2,27.1
1178.213,-31.5,27.1,-31.4,27.6,-28.8,27.8,-28.5,27.0
1179.213,-31.5,27.1,-31.4,27.6,-28.8,27.8,-28.4,27.0
1180.213,-31.6,27.1,-31.4,27.6,-28.8,27.7,-28.4,26.9
1181.213,-31.9,27.0,-31.6,27.5,-28.9,27.7,-28.4,26.9
1182.213,-31.6,27.0,-31.4,27.5,-28.9,27.7,-28.5,26.9
1183.213,-31.6,27.0,-31.4,27.5,-28.8,27.6,-28.4,26.9
1184.213,-28.5,27.0,-31.3,27.4,-24.7,27.6,-25.7,26.9
1185.213,-29.0,27.0,-28.1,27.4,-26.1,27.6,-26.1,26.8
1186.213,-3.1,27.2,-3.5,27.7,-4.3,27.8,-3.6,27.1
1187.213,2.0,27.6,0.2,28.1,0.7,28.3,3.7,27.4
1188.213,20.5,27.2,17.9,27.7,17.2,27.8,18.5,27.0
1189.213,26.5,26.9,23.6,27.4,22.4,27.6,24.0,26.8
1190.213,28.1,26.9,25.4,27.3,23.9,27.6,26.7,26.8
1191.213,29.3,26.9,25.4,27.4,25.5,27.6,26.9,26.9
1192.213,29.6,27.1,25.6,27.5,25.8,27.7,27.2,26.9
1193.213,29.2,27.3,25.3,27.6,25.3,27.8,26.8,27.0
1194.213,29.6,27.5,25.6,27.9,25.5,27.9,27.0,27.0
1195.213,29.5,27.7,25.6,28.1,25.5,28.2,27.0,27.2
1196.213,29.5,27.8,25.6,28.2,25.5,28.4,27.0,27.4
1197.213,29.7,27.8,25.5,28.4,25.4,28.6,26.9,27.6
1198.213,29.8,27.9,25.8,28.5,26.0,28.7,27.5,27.7
1199.213,29.7,28.0,25.6,28.6,25.4,28.8,26.8,27.8
1200.213,24.7,28.1,22.0,28.7,21.4,28.9,23.1,28.0
1201.213,-2.3,28.3,0.5,28.9,-0.0,29.2,-1.5,28.2
1202.213,-19.4,28.1,-17.5,28.8,-14.9,29.0,-16.0,28.0
1203.213,-31.0,27.8,-30.7,28.4,-28.2,28.6,-27.7,27.8
1204.213,-31.3,27.6,-31.4,28.2,-28.9,28.4,-28.6,27.5
1205.213,-31.0,27.3,-31.4,27.9,-28.8,28.0,-36.3,27.3
1206.213,-31.1,27.2,-31.3,27.7,-28.6,27.9,-28.3,27.1
1207.213,-31.3,27.1,-31.4,27.7,-28.9,27.8,-30.2,27.0
1208.213,-31.4,27.1,-31.4,27.6,-28.8,27.7,-28.6,27.0
1209.213,-31.5,27.1,-31.4,27.6,-28.8,27.7,-28.5,26.9
1210.213,-31.8,27.0,-31.6,27.5,-29.0,27.7,-28.6,26.9
1211.213,-31.4,27.0,-31.4,27.5,-28.9,27.7,-28.6,26.9
1212.213,-31.4,27.0,-31.4,27.5,-28.7,27.7,-28.5,26.8
1213.213,-27.5,27.0,-31.0,27.5,-24.2,27.6,-29.2,26.8
1214.213,-28.2,27.0,-26.6,27.4,-25.4,27.6,-24.5,26.8
1215.213,-2.0,27.3,-1.3,27.8,-1.3,28.0,-2.0,27.1
1216.213,1.9,27.7,0.8,28.1,1.5,28.4,1.7,27.5
1217.213,22.8,27.2,18.9,27.6,18.1,27.8,20.1,27.0
1218.213,25.6,26.9,23.5,27.4,21.8,27.6,24.7,26.8
1219.213,28.7,26.9,25.4,27.3,24.8,27.6,30.9,26.8
1220.213,29.2,27.0,25.4,27.4,25.5,27.6,27.1,26.8
1221.213,29.5,27.1,25.5,27.5,25.5,27.7,27.1,26.9
1222.213,29.2,27.4,25.4,27.6,25.4,27.7,27.0,26.9
1223.213,29.4,27.5,25.5,27.9,25.6,28.0,26.9,27.0
1224.213,29.5,27.7,25.6,28.1,25.5,28.2,33.9,27.2
1225.213,29.7,27.8,25.7,28.3,25.8,28.4,23.3,27.4
1226.213,29.3,27.9,25.5,28.4,25.4,28.6,23.2,27.6
1227.213,29.7,27.9,25.7,28.5,25.8,28.7,23.4,27.7
1228.213,29.8,28.0,25.7,28.6,25.8,28.8,23.7,27.9
1229.213,22.3,28.1,20.4,28.7,19.6,28.9,18.7,28.0
1230.213,-5.0,28.3,-0.8,29.0,-1.4,29.2,-3.6,28.2
1231.213,-23.0,28.0,-22.0,28.7,-18.6,28.9,-20.2,28.0
1232.213,-31.1,27.8,-30.8,28.4,-28.1,28.6,-28.6,27.7
1233.213,-31.4,27.5,-31.5,28.2,-29.4,28.3,-29.0,27.5
1234.213,-31.1,27.3,-31.4,27.9,-28.8,27.9,-28.8,27.2
1235.213,-31.1,27.1,-31.3,27.7,-29.4,27.8,-28.7,27.0
1236.214,-31.5,27.1,-31.4,27.6,-30.2,27.8,-28.8,27.0
1237.214,-31.6,27.0,-31.4,27.6,-28.8,27.7,-28.7,26.9
1238.214,-31.5,27.0,-31.3,27.5,-28.7,27.7,-28.5,26.9
1239.214,-31.8,27.0,-31.6,27.5,-29.0,27.7,-28.6,26.9
1240.214,-31.5,27.0,-31.3,27.5,-28.8,27.7,-28.5,26.9
1241.214,-31.4,27.0,-31.3,27.5,-28.6,27.6,-28.5,26.9
1242.214,-27.1,27.0,-30.5,27.4,-24.6,27.7,-24.7,26.8
1243.214,-24.4,27.0,-22.9,27.5,-22.0,27.6,-22.2,26.8
1244.214,-0.2,27.4,0.4,27.9,-0.3,28.0,-0.6,27.2
1245.214,2.2,27.8,1.6,28.2,2.8,28.3,1.8,27.5
1246.214,23.7,27.1,19.7,27.6,19.4,27.7,21.3,27.0
1247.214,26.3,26.9,24.3,27.4,21.5,27.6,23.6,26.8
1248.214,28.5,26.9,25.3,27.3,25.9,27.5,26.8,26.8
1249.214,29.4,26.9,25.6,27.4,26.6,27.6,26.7,26.9
1250.214,29.3,27.1,25.4,27.5,25.4,27.7,26.3,26.9
1251.214,29.2,27.4,25.4,27.6,25.4,27.8,26.4,27.0
1252.214,29.7,27.6,25.6,27.9,25.7,28.0,26.7,27.1
1253.214,29.5,27.7,25.6,28.1,25.5,28.2,26.5,27.2
1254.214,29.6,27.8,25.6,28.3,25.4,28.4,26.4,27.4
1255.214,29.5,27.9,25.6,28.4,25.6,28.5,26.7,27.6
1256.214,29.7,27.9,25.7,28.5,25.7,28.7,26.7,27.7
1257.214,29.7,28.0,25.7,28.6,25.6,28.8,26.6,27.9
1258.214,21.5,28.1,19.9,28.7,19.3,28.9,20.8,28.0
1259.214,-5.7,28.3,-1.6,29.0,-1.8,29.2,-4.6,28.2
1260.214,-24.0,28.0,-23.0,28.7,-19.8,28.9,-20.6,27.9
1261.214,-31.2,27.7,-31.0,28.4,-28.5,28.6,-28.2,27.7
1262.214,-31.4,27.5,-31.5,28.1,-29.0,28.3,-28.5,27.5
1263.214,-31.1,27.3,-31.4,27.8,-28.6,27.9,-28.3,27.2
1264.214,-31.2,27.1,-31.3,27.7,-28.8,27.8,-28.3,27.1
1265.214,-31.6,27.1,-31.4,27.6,-28.9,27.7,-28.5,27.0
1266.214,-31.6,27.1,-31.4,27.6,-28.8,27.7,-28.4,27.0
1267.214,-31.6,27.0,-31.4,27.5,-29.3,27.7,-28.3,26.9
1268.214,-31.9,27.0,-31.5,27.5,-29.5,27.7,-28.5,26.9
1269.214,-31.6,27.0,-31.3,27.5,-28.8,27.7,-28.4,26.9
1270.214,-31.3,27.0,-31.3,27.5,-28.4,27.7,-28.3,26.8
1271.214,-27.2,27.0,-30.2,27.4,-24.4,27.7,-25.0,26.8
1272.214,-22.6,27.0,-21.4,27.5,-20.9,27.7,-20.6,26.8
1273.214,0.4,27.4,0.0,27.9,0.0,28.1,-0.0,27.2
1274.214,8.0,27.6,3.9,28.2,6.5,28.2,8.2,27.3
1275.214,24.0,27.0,21.8,27.5,20.1,27.7,21.6,26.9
1276.214,26.4,26.9,24.9,27.4,21.4,27.6,24.7,26.8
1277.214,29.1,26.9,25.3,27.4,26.3,27.5,26.4,26.8
1278.214,29.5,27.0,25.5,27.4,25.9,27.6,26.6,26.8
1279.214,29.4,27.2,25.5,27.5,25.6,27.7,26.7,26.9
1280.214,29.2,27.4,25.3,27.7,25.1,27.8,26.2,27.0
1281.214,29.6,27.6,25.6,28.0,25.5,28.0,26.6,27.1
1282.214,29.7,27.7,25.7,28.2,25.7,28.3,26.7,27.3
1283.214,29.5,27.8,25.5,28.3,25.3,28.4,26.3,27.5
1284.214,29.6,27.9,25.6,28.4,25.5,28.6,26.5,27.6
1285.214,30.0,27.9,25.8,28.5,25.9,28.7,26.9,27.8
1286.214,29.8,28.0,25.7,28.6,25.7,28.8,26.7,27.9
1287.214,13.0,28.1,12.3,28.8,12.1,29.0,12.7,28.0
1288.214,-6.5,28.3,-2.3,29.0,-2.9,29.2,-5.9,28.2
1289.214,-27.2,27.9,-26.2,28.6,-21.3,28.8,-23.7,27.9
1290.214,-31.4,27.7,-31.1,28.3,-28.6,28.6,-28.4,27.7
1291.214,-31.3,27.4,-31.4,28.1,-33.3,28.3,-28.4,27.4
1292.214,-31.1,27.2,-31.3,27.8,-29.1,27.9,-28.4,27.1
1293.214,-31.3,27.1,-31.3,27.7,-28.9,27.8,-28.4,27.0
1294.214,-31.5,27.1,-31.4,27.6,-31.4,27.7,-28.4,26.9
1295.214,-31.5,27.1,-31.4,27.6,-28.9,27.7,-28.4,26.9
1296.214,-31.7,27.0,-31.4,27.5,-28.9,27.7,-28.3,26.9
1297.214,-31.8,27.0,-31.5,27.5,-29.0,27.7,-28.4,26.9
1298.214,-31.6,27.0,-31.4,27.5,-28.8,27.6,-28.2,26.9
1299.214,-30.6,27.0,-31.3,27.4,-28.1,27.6,-28.0,26.9
1300.214,-27.8,27.0,-29.4,27.4,-24.3,27.6,-24.8,26.9
1301.214,-16.6,27.0,-16.0,27.5,-16.0,27.7,-15.1,26.9
1302.214,-0.1,27.5,-0.2,27.9,-0.1,28.1,-0.1,27.4
1303.214,10.2,27.6,8.2,28.0,9.2,28.1,10.8,27.3
1304.214,26.0,26.9,22.5,27.4,21.4,27.6,22.6,26.9
1305.214,26.8,26.9,24.9,27.3,22.3,27.5,24.9,26.8
1306.214,29.2,26.9,25.5,27.3,25.7,27.5,26.6,26.8
1307.214,29.4,27.0,25.5,27.4,25.6,27.6,26.4,26.9
1308.214,29.3,27.2,25.4,27.5,25.4,27.7,26.5,26.9
1309.214,29.3,27.4,25.4,27.7,28.8,27.7,26.4,27.0
1310.214,29.6,27.6,25.6,28.0,27.7,28.0,26.6,27.1
1311.214,29.7,27.7,25.6,28.2,26.8,28.3,26.4,27.3
1312.214,29.4,27.8,25.5,28.3,25.3,28.5,26.3,27.5
1313.214,29.7,27.9,25.7,28.4,25.8,28.6,26.9,27.6
1314.214,29.8,27.9,25.7,28.5,25.6,28.7,26.6,27.8
1315.214,29.7,28.0,25.5,28.6,25.6,28.8,26.6,27.9
1316.214,8.4,28.2,8.2,28.8,7.2,29.0,8.0,28.1
1317.214,-8.5,28.3,-4.4,29.0,-4.5,29.2,-7.4,28.1
1318.214,-29.1,27.9,-28.0,28.5,-24.7,28.7,-24.1,27.8
1319.214,-31.3,27.7,-31.1,28.3,-28.7,28.5,-27.9,27.6
1320.214,-31.2,27.4,-31.5,28.0,-29.1,28.1,-28.4,27.4
1321.214,-31.3,27.2,-31.4,27.8,-28.8,27.8,-28.3,27.1
1322.214,-31.5,27.1,-31.3,27.6,-28.7,27.7,-28.4,27.0
1323.214,-31.5,27.1,-31.4,27.6,-28.9,27.7,-28.9,26.9
1324.214,-31.4,27.0,-31.3,27.5,-29.2,27.7,-29.0,26.9
1325.214,-33.7,27.0,-31.4,27.5,-28.8,27.7,-31.6,26.9
1326.214,-31.8,27.0,-31.5,27.5,-29.0,27.7,-28.3,26.9
1327.214,-31.6,27.0,-31.3,27.5,-28.7,27.7,-28.0,26.9
1328.214,-30.0,27.0,-31.3,27.5,-27.0,27.6,-28.0,26.9
1329.214,-28.3,27.0,-29.2,27.4,-25.0,27.6,-24.3,26.8
1330.215,-13.5,27.1,-13.6,27.5,-13.2,27.7,-13.5,26.9
1331.215,0.3,27.5,-0.4,28.0,-0.1,28.1,-0.1,27.4
1332.215,13.1,27.4,11.5,27.9,8.7,28.1,11.4,27.4
1333.215,26.2,26.9,22.1,27.4,22.8,27.6,22.6,26.9
1334.215,27.5,26.9,25.2,27.3,22.7,27.5,26.7,26.8
1335.215,31.7,26.9,25.3,27.4,25.2,27.6,26.5,26.8
1336.215,29.8,27.0,25.5,27.4,25.7,27.6,26.5,26.9
1337.215,29.4,27.2,25.5,27.5,25.4,27.7,30.6,26.9
1338.215,29.5,27.5,25.4,27.8,25.4,27.8,27.3,27.0
1339.215,29.8,27.6,25.6,28.0,25.5,28.0,26.9,27.1
1340.215,29.7,27.7,25.6,28.2,25.5,28.3,26.9,27.3
1341.215,29.6,27.8,25.5,28.3,25.5,28.4,27.0,27.5
1342.215,29.7,27.8,25.5,28.4,25.5,28.6,27.0,27.6
1343.215,30.0,27.9,25.9,28.5,25.9,28.7,27.4,27.8
1344.215,29.8,28.0,25.4,28.6,25.7,28.8,26.9,27.9
1345.215,5.5,28.2,6.1,28.8,5.3,29.1,5.1,28.1
1346.215,-11.4,28.2,-6.3,29.0,-5.7,29.2,-9.8,28.1
1347.215,-30.4,27.8,-29.3,28.5,-26.9,28.7,-27.0,27.8
1348.215,-31.4,27.6,-31.5,28.3,-28.9,28.5,-28.5,27.6
1349.215,-31.0,27.4,-30.7,28.0,-28.9,28.1,-28.4,27.3
1350.215,-30.9,27.2,-33.0,27.8,-28.9,27.8,-28.2,27.1
1351.215,-31.2,27.1,-32.0,27.7,-28.9,27.7,-28.4,27.0
1352.215,-31.3,27.1,-31.4,27.6,-30.7,27.7,-28.3,26.9
1353.215,-31.9,27.0,-31.4,27.5,-28.8,27.7,-28.4,26.9
1354.215,-31.7,27.0,-31.9,27.5,-28.9,27.7,-28.3,26.9
1355.215,-31.5,27.0,-31.4,27.5,-28.9,27.6,-28.4,26.9
1356.215,-31.5,26.9,-31.3,27.4,-28.8,27.6,-28.3,26.9
1357.215,-29.5,26.9,-31.5,27.4,-25.7,27.6,-26.8,26.8
1358.215,-28.5,26.9,-29.0,27.4,-25.0,27.6,-25.3,26.8
1359.217,-8.6,27.1,-8.7,27.6,-9.8,27.7,-8.6,27.0
1360.217,0.5,27.6,-0.0,28.0,0.3,28.2,0.7,27.4
1361.217,15.4,27.3,12.5,27.8,12.3,27.9,15.2,27.2
1362.217,27.5,26.9,22.8,27.3,22.6,27.5,23.9,26.9
1363.217,27.3,26.8,25.3,27.3,23.4,27.5,26.6,26.8
1364.218,29.2,26.9,25.2,27.3,26.7,27.5,26.8,26.8
1365.218,29.5,27.0,25.5,27.4,27.6,27.6,27.3,26.8
1366.218,29.4,27.2,25.4,27.5,25.5,27.7,27.0,26.9
1367.218,29.4,27.5,25.3,27.8,25.5,27.8,26.9,27.0
1368.218,29.8,27.6,25.5,28.0,25.8,28.1,27.2,27.1
1369.218,29.5,27.7,25.4,28.2,25.5,28.3,26.9,27.3
1370.218,29.7,27.8,25.5,28.3,25.7,28.5,27.2,27.5
1371.218,29.5,27.8,25.5,28.4,25.6,28.6,27.1,27.6
1372.218,29.9,27.9,25.6,28.5,25.7,28.7,27.2,27.8
1373.218,28.2,28.0,24.3,28.6,24.2,28.8,25.9,27.9
1374.218,1.9,28.3,3.4,28.8,2.4,29.1,2.6,28.1
1375.218,-15.3,28.1,-11.1,28.9,-9.7,29.0,-12.6,28.0
1376.218,-31.1,27.8,-28.6,28.4,-27.6,28.6,-27.5,27.8
1377.218,-31.3,27.6,-31.3,28.2,-28.8,28.4,-28.6,27.6
1378.218,-31.1,27.3,-37.2,28.0,-28.9,28.0,-28.5,27.3
1379.218,-31.0,27.1,-31.3,27.7,-28.6,27.8,-28.2,27.1
1380.218,-31.3,27.1,-37.1,27.6,-28.7,27.7,-28.4,27.0
1381.218,-31.4,27.0,-31.9,27.6,-28.8,27.7,-29.1,26.9
1382.218,-31.4,27.0,-34.8,27.5,-28.8,27.7,-28.4,26.9
1383.218,-31.7,27.0,-31.8,27.5,-29.0,27.6,-28.5,26.9
1384.218,-31.5,27.0,-31.9,27.5,-28.9,27.6,-28.5,26.9
1385.218,-31.5,26.9,-31.6,27.4,-28.8,27.6,-28.4,26.8
1386.218,-29.2,26.9,-31.4,27.4,-25.2,27.6,-26.5,26.8
1387.218,-28.5,26.9,-29.1,27.4,-26.1,27.6,-26.0,26.8
1388.218,-5.4,27.1,-5.2,27.6,-6.3,27.8,-5.9,27.0
1389.218,2.8,27.5,-0.4,28.0,0.7,28.2,0.9,27.4
1390.218,18.8,27.1,13.9,27.8,15.5,27.8,16.6,27.1
1391.218,25.8,26.8,23.5,27.3,22.1,27.5,24.7,26.8
1392.218,28.3,26.8,25.2,27.3,23.5,27.5,26.4,26.8
1393.218,29.3,26.8,25.4,27.3,25.6,27.5,27.0,26.8
1394.218,29.5,27.0,25.1,27.4,25.6,27.6,27.1,26.8
1395.218,29.4,27.2,22.3,27.5,25.4,27.7,27.0,26.9
1396.218,29.5,27.4,25.4,27.8,25.4,27.8,27.0,27.0
1397.218,29.7,27.6,25.4,28.0,25.5,28.1,27.0,27.1
1398.218,29.7,27.7,25.0,28.2,25.5,28.3,27.0,27.3
1399.218,29.5,27.8,25.1,28.3,25.5,28.4,27.1,27.5
1400.218,29.7,27.8,25.2,28.4,25.5,28.6,27.1,27.7
1401.218,30.0,27.9,25.3,28.5,25.7,28.7,27.2,27.8
1402.218,27.4,28.0,23.6,28.6,23.7,28.8,25.5,27.9
1403.218,0.6,28.2,2.3,28.8,1.8,29.1,1.6,28.1
1404.218,-17.0,28.1,-13.4,28.8,-11.4,29.0,-14.0,28.0
1405.218,-31.1,27.7,-29.4,28.4,-27.9,28.6,-27.2,27.7
1406.218,-31.4,27.5,-30.2,28.2,-29.0,28.3,-28.9,27.5
1407.218,-31.1,27.2,-30.2,27.9,-28.8,28.0,-35.3,27.2
1408.218,-31.1,27.1,-30.1,27.7,-28.5,27.8,-28.3,27.1
1409.218,-31.2,27.0,-30.2,27.6,-28.8,27.7,-29.1,27.0
1410.218,-31.3,27.0,-30.2,27.5,-28.8,27.7,-32.3,26.9
1411.218,-31.5,27.0,-30.2,27.5,-28.8,27.6,-33.8,26.9
1412.218,-31.7,26.9,-30.4,27.5,-28.9,27.6,-28.5,26.9
1413.218,-31.4,27.0,-30.2,27.5,-28.9,27.6,-28.6,26.9
1414.218,-31.5,26.9,-30.2,27.4,-28.7,27.6,-28.5,26.8
1415.218,-28.2,26.9,-30.1,27.4,-25.1,27.6,-26.7,26.8
1416.218,-28.9,26.9,-27.0,27.4,-26.1,27.6,-25.7,26.8
1417.218,-3.3,27.2,-3.2,27.7,-3.3,27.8,-2.4,27.1
1418.218,1.5,27.6,1.4,28.1,1.6,28.2,2.9,27.4
1419.218,23.1,27.1,18.5,27.6,18.3,27.7,20.3,26.9
1420.218,25.7,26.8,24.1,27.3,21.7,27.5,24.2,26.8
1421.218,28.9,26.8,25.1,27.3,24.6,27.5,27.1,26.7
1422.218,29.3,26.9,25.1,27.4,25.7,27.5,27.0,26.8
1423.218,29.5,27.0,25.1,27.4,25.5,27.6,26.7,26.9
1424.218,29.3,27.3,25.1,27.6,25.4,27.7,33.8,26.9
1425.218,29.6,27.5,25.3,27.9,25.7,27.9,27.2,27.0
1426.218,29.7,27.6,25.3,28.1,25.5,28.1,26.7,27.1
1427.218,29.6,27.7,25.2,28.2,25.5,28.3,34.3,27.4
1428.218,29.8,27.8,25.4,28.4,25.7,28.5,27.4,27.6
1429.218,29.8,27.8,25.4,28.4,25.7,28.6,27.1,27.7
1430.218,29.7,27.9,25.3,28.6,25.6,28.7,27.1,27.8
1431.218,22.5,28.0,20.3,28.6,19.2,28.8,21.1,27.9
1432.218,-3.3,28.3,-0.2,28.9,-0.6,29.1,-2.3,28.2
1433.218,-20.0,28.0,-17.6,28.7,-15.4,28.9,-16.8,27.9
1434.218,-31.0,27.7,-29.5,28.4,-28.4,28.5,-28.2,27.7
1435.218,-31.4,27.5,-30.2,28.1,-29.1,28.3,-28.7,27.5
1436.218,-30.9,27.2,-30.2,27.8,-28.8,27.9,-28.5,27.2
1437.218,-31.0,27.1,-30.1,27.7,-28.5,27.8,-28.3,27.0
1438.218,-31.3,27.0,-30.2,27.6,-28.8,27.7,-28.6,26.9
1439.218,-31.4,27.0,-30.2,27.6,-28.8,27.7,-28.5,26.9
1440.218,-31.5,27.0,-30.3,27.5,-28.8,27.7,-28.5,26.9
1441.218,-31.7,27.0,-30.4,27.5,-29.0,27.6,-28.6,26.8
1442.218,-31.5,26.9,-30.2,27.4,-28.8,27.6,-28.5,26.8
1443.218,-31.5,26.9,-30.3,27.4,-28.9,27.6,-28.5,26.8
1444.218,-27.4,26.9,-29.9,27.4,-23.8,27.6,-26.0,26.8
1445.218,-28.0,26.9,-26.4,27.4,-25.4,27.5,-24.8,26.8
1446.218,-2.2,27.2,-0.6,27.7,-2.4,27.8,-1.7,27.1
1447.218,1.0,27.6,0.4,28.1,0.7,28.2,2.0,27.4
1448.218,20.1,27.1,17.1,27.6,16.3,27.8,18.2,27.0
1449.218,26.6,26.8,23.4,27.3,22.3,27.5,24.6,26.8
1450.218,28.0,26.8,25.1,27.3,23.9,27.5,26.5,26.8
1451.218,29.6,26.9,25.3,27.3,25.8,27.5,27.3,26.8
1452.218,29.7,27.0,25.2,27.4,25.5,27.6,26.9,26.8
1453.218,29.3,27.3,25.1,27.6,25.3,27.7,26.8,26.9
1454.218,29.6,27.5,25.3,27.8,25.5,27.8,27.1,27.0
1455.218,29.6,27.6,25.4,28.0,25.6,28.1,27.1,27.1
1456.218,29.7,27.7,25.2,28.2,25.2,28.3,26.5,27.3
1457.218,29.5,27.8,25.2,28.3,25.4,28.4,27.0,27.5
1458.218,29.9,27.8,25.5,28.4,25.9,28.6,27.4,27.6
1459.218,29.8,27.9,25.3,28.5,25.4,28.7,26.8,27.8
1460.218,25.3,28.0,22.1,28.6,22.0,28.8,23.4,27.9
1461.218,-3.8,28.2,-0.3,28.9,-0.6,29.1,-3.0,28.1
1462.218,-21.2,28.0,-19.5,28.7,-16.9,28.9,-18.9,27.9
1463.218,-31.1,27.7,-29.7,28.3,-28.3,28.5,-28.3,27.7
1464.218,-31.4,27.4,-30.3,28.1,-29.0,28.3,-28.7,27.4
1465.218,-31.1,27.2,-30.3,27.8,-28.7,27.9,-28.6,27.1
1466.218,-31.1,27.0,-30.1,27.6,-28.5,27.8,-28.5,27.0
1467.218,-31.4,27.0,-30.3,27.6,-29.7,27.7,-28.7,26.9
1468.218,-31.5,27.0,-30.3,27.5,-28.6,27.7,-28.5,26.9
1469.218,-31.6,27.0,-30.3,27.5,-29.9,27.6,-28.5,26.9
1470.218,-31.9,27.0,-30.4,27.5,-29.0,27.6,-28.6,26.8
1471.218,-31.6,26.9,-30.2,27.4,-28.9,27.6,-28.6,26.8
1472.218,-31.4,26.9,-30.1,27.4,-28.7,27.5,-28.4,26.8
1473.218,-27.2,26.9,-29.5,27.4,-24.0,27.5,-25.3,26.8
1474.218,-26.7,26.9,-24.1,27.4,-23.7,27.5,-23.3,26.8
1475.218,-0.4,27.3,0.6,27.8,-0.8,27.9,-0.3,27.1
1476.218,6.6,27.6,3.4,28.1,4.5,28.2,6.1,27.3
1477.218,23.4,27.0,21.0,27.4,20.0,27.6,22.0,26.9
1478.218,26.4,26.8,24.2,27.3,21.7,27.5,24.8,26.8
1479.218,29.1,26.8,25.0,27.3,26.3,27.5,26.8,26.8
1480.218,29.4,26.9,25.2,27.4,25.7,27.5,27.0,26.8
1481.218,29.5,27.1,25.2,27.5,25.5,27.6,27.0,26.9
1482.218,29.4,27.3,25.2,27.6,25.5,27.7,27.1,26.9
1483.218,29.7,27.5,25.3,27.9,25.5,27.9,26.9,27.0
1484.218,29.7,27.6,25.3,28.1,25.6,28.1,27.0,27.2
1485.218,29.7,27.7,25.3,28.2,25.6,28.3,27.1,27.4
1486.218,29.6,27.8,25.3,28.4,25.5,28.5,27.0,27.5
1487.218,29.8,27.8,25.3,28.4,25.6,28.6,27.1,27.7
1488.218,30.1,27.9,25.5,28.5,25.8,28.7,27.2,27.8
1489.218,15.6,28.1,14.8,28.6,14.6,28.9,15.9,28.0
1490.218,-5.9,28.3,-1.8,29.0,-2.3,29.2,-5.1,28.1
1491.218,-25.0,27.9,-23.5,28.6,-20.5,28.8,-21.7,27.8
1492.218,-31.1,27.7,-29.9,28.3,-28.2,28.5,-28.4,27.6
1493.218,-31.3,27.4,-30.3,28.1,-30.9,28.2,-28.7,27.4
1494.218,-31.1,27.2,-30.2,27.8,-28.8,27.9,-28.4,27.1
1495.218,-31.2,27.0,-30.2,27.6,-28.6,27.7,-28.5,27.0
1496.218,-31.5,27.0,-30.3,27.6,-30.0,27.7,-28.6,26.9
1497.218,-31.5,27.0,-30.3,27.5,-28.8,27.6,-28.5,26.9
1498.218,-31.5,27.0,-30.3,27.5,-28.7,27.6,-28.5,26.8
1499.218,-31.8,27.0,-30.5,27.5,-29.0,27.6,-28.6,26.8
1500.218,-31.5,26.9,-30.2,27.4,-28.8,27.6,-28.5,26.8
1501.218,-31.1,26.9,-30.2,27.4,-28.4,27.6,-28.5,26.8
1502.218,-27.2,26.9,-29.2,27.4,-24.0,27.6,-25.1,26.8
1503.218,-21.4,26.9,-20.1,27.4,-20.0,27.6,-19.6,26.8
1504.218,-0.2,27.3,-0.3,27.8,-0.3,28.0,-0.2,27.2
1505.218,5.9,27.6,2.5,28.1,4.3,28.2,5.5,27.4
1506.218,23.5,27.0,20.3,27.5,19.5,27.6,21.2,26.9
1507.218,26.0,26.8,24.4,27.3,21.3,27.5,25.0,26.8
1508.218,29.1,26.8,25.1,27.3,28.4,27.5,27.0,26.7
1509.218,29.4,26.9,25.2,27.4,25.9,27.5,27.1,26.8
1510.218,29.4,27.0,25.2,27.4,25.6,27.6,26.9,26.8
1511.218,29.4,27.3,25.1,27.6,25.3,27.7,26.8,26.9
1512.218,29.6,27.5,25.3,27.9,25.7,27.9,27.2,27.0
1513.218,29.6,27.6,25.3,28.0,25.4,28.1,26.9,27.1
1514.218,29.8,27.7,25.4,28.2,25.6,28.3,27.1,27.4
1515.218,29.5,27.8,25.3,28.3,25.5,28.5,27.0,27.5
1516.218,29.8,27.8,25.4,28.4,25.8,28.6,27.2,27.7
1517.218,30.1,27.9,25.5,28.5,25.7,28.7,27.2,27.8
1518.218,18.0,28.0,16.7,28.6,15.9,28.8,17.3,27.9
1519.218,-1.8,28.3,0.5,28.9,-0.1,29.1,-1.3,28.1
1520.218,-17.7,28.0,-15.2,28.7,-12.8,28.9,-15.1,27.9
1521.218,-31.2,27.7,-29.4,28.3,-27.7,28.5,-28.1,27.7
1522.218,-31.4,27.5,-30.2,28.1,-28.8,28.3,-28.7,27.4
1523.218,-31.0,27.2,-30.2,27.9,-28.6,27.9,-28.5,27.1
1524.218,-31.1,27.1,-30.2,27.6,-28.5,27.8,-28.4,27.0
1525.218,-31.4,27.0,-30.3,27.6,-29.0,27.7,-28.7,26.9
1526.218,-31.4,27.0,-30.3,27.5,-29.1,27.6,-28.5,26.9
1527.218,-31.6,27.0,-30.3,27.5,-28.8,27.6,-28.5,26.9
1528.218,-31.8,26.9,-30.4,27.4,-30.1,27.6,-28.6,26.8
1529.218,-31.5,26.9,-30.3,27.4,-28.9,27.6,-28.5,26.8
1530.218,-31.5,26.9,-30.2,27.4,-28.7,27.5,-28.4,26.8
1531.218,-28.4,26.9,-30.2,27.4,-24.5,27.5,-26.0,26.8
1532.218,-29.0,26.9,-27.5,27.4,-26.5,27.5,-26.1,26.8
1533.218,-2.2,27.1,-2.0,27.6,-3.0,27.8,-2.3,27.0
1534.218,4.8,27.5,3.3,28.0,4.1,28.1,3.6,27.4
1535.218,23.4,26.9,19.8,27.4,18.9,27.6,21.2,26.9
1536.218,25.3,26.8,23.7,27.3,21.4,27.5,24.8,26.8
1537.218,29.5,26.8,25.1,27.3,26.4,27.4,27.0,26.8
1538.218,29.3,26.8,25.1,27.3,25.5,27.5,26.9,26.8
1539.218,29.6,27.0,25.3,27.4,25.7,27.6,27.3,26.8
1540.218,29.3,27.3,25.3,27.6,25.4,27.7,27.0,26.9
1541.218,29.7,27.5,25.3,27.8,25.5,27.9,27.0,27.0
1542.218,29.6,27.6,25.3,28.0,25.5,28.1,26.9,27.1
1543.218,29.7,27.7,25.3,28.2,25.6,28.3,27.0,27.3
1544.218,29.5,27.7,25.2,28.3,25.3,28.5,26.9,27.5
1545.218,29.8,27.8,25.4,28.4,25.8,28.6,27.2,27.6
1546.218,30.1,27.9,25.5,28.5,25.9,28.7,27.3,27.8
1547.218,19.3,28.0,18.2,28.6,17.1,28.8,18.9,27.9
1548.218,-5.7,28.2,-1.6,28.9,-2.0,29.1,-4.6,28.1
1549.218,-23.8,27.9,-21.2,28.6,-19.6,28.8,-20.6,27.8
1550.218,-31.2,27.6,-29.7,28.3,-28.5,28.5,-28.3,27.6
1551.218,-31.4,27.4,-30.4,28.1,-29.0,28.2,-28.7,27.4
1552.218,-31.1,27.1,-30.2,27.8,-28.7,27.9,-28.5,27.1
1553.218,-31.2,27.0,-32.2,27.6,-28.6,27.7,-28.4,26.9
1554.218,-31.5,27.0,-30.4,27.6,-28.9,27.7,-28.6,26.9
1555.218,-31.5,27.0,-30.3,27.5,-28.8,27.6,-28.5,26.9
1556.218,-31.5,26.9,-30.2,27.4,-28.8,27.6,-28.5,26.9
1557.218,-31.9,26.9,-30.6,27.4,-29.1,27.6,-28.8,26.8
1558.218,-31.4,26.9,-32.4,27.4,-28.7,27.5,-28.5,26.8
1559.218,-31.3,26.9,-30.2,27.4,-28.4,27.5,-28.4,26.8
1560.218,-28.1,26.9,-29.9,27.4,-24.7,27.5,-25.1,26.8
1561.218,-22.9,26.9,-26.1,27.4,-20.6,27.5,-21.9,26.8
1562.218,1.1,27.3,-0.1,27.8,-0.5,27.9,-0.3,27.2
1563.218,8.5,27.4,0.5,28.2,4.1,28.2,6.2,27.4
1564.218,22.2,26.9,15.9,27.6,20.4,27.6,21.6,26.8
1565.218,26.5,26.8,24.5,27.3,21.5,27.5,25.5,26.7
1566.218,28.9,26.8,25.1,27.3,25.2,27.4,26.9,26.7
1567.218,29.5,26.8,25.2,27.3,25.8,27.5,26.9,26.8
1568.218,29.5,27.1,25.2,27.4,25.6,27.6,27.1,26.8
1569.218,29.3,27.3,25.1,27.6,25.4,27.7,27.0,26.9
1570.218,29.5,27.5,25.2,27.8,25.5,27.9,27.0,27.0
1571.218,29.7,27.6,25.4,28.0,25.6,28.1,27.0,27.2
1572.218,29.6,27.7,25.3,28.2,25.6,28.3,27.1,27.3
1573.218,29.5,27.7,25.2,28.3,25.5,28.5,27.0,27.5
1574.218,29.7,27.8,25.3,28.4,25.6,28.6,27.0,27.6
1575.218,30.0,27.9,25.5,28.5,25.9,28.7,27.3,27.8
1576.218,15.5,28.0,13.9,28.6,13.6,28.8,14.9,27.9
1577.218,-6.7,28.2,-2.3,28.9,-2.6,29.1,-5.3,28.1
1578.218,-25.6,27.8,-24.5,28.5,-21.2,28.7,-22.3,27.8
1579.218,-31.2,27.6,-30.8,28.2,-28.4,28.4,-28.4,27.6
1580.218,-31.3,27.3,-31.2,28.0,-28.8,28.1,-28.6,27.3
1581.218,-31.1,27.1,-31.1,27.7,-29.1,27.8,-28.5,27.1
1582.218,-31.1,27.0,-30.9,27.6,-28.7,27.7,-28.4,27.0
1583.218,-31.5,27.0,-31.1,27.5,-29.2,27.6,-28.6,26.9
1584.218,-31.5,27.0,-31.1,27.5,-29.2,27.6,-28.5,26.9
1585.218,-31.6,26.9,-31.1,27.4,-28.8,27.6,-28.5,26.8
1586.218,-31.8,26.9,-31.3,27.4,-29.1,27.6,-28.7,26.8
1587.218,-31.5,26.9,-31.1,27.4,-28.8,27.5,-28.6,26.8
1588.218,-31.1,26.9,-31.0,27.4,-28.1,27.5,-28.5,26.7
1589.218,-27.1,26.9,-29.9,27.4,-24.0,27.5,-25.1,26.8
1590.218,-20.6,26.9,-19.8,27.4,-18.8,27.5,-18.3,26.8
1591.218,-0.5,27.4,-0.5,27.8,-0.1,28.0,-0.3,27.2
1592.218,4.7,27.6,3.9,28.0,5.1,28.2,3.4,27.4
1593.218,24.3,26.9,20.8,27.4,19.7,27.6,23.2,26.9
1594.218,26.0,26.8,24.1,27.3,21.1,27.5,24.3,26.7
1595.218,29.5,26.8,25.2,27.3,25.6,27.5,27.1,26.7
1596.218,29.3,26.9,25.2,27.3,26.3,27.5,26.9,26.8
1597.218,29.5,27.0,25.2,27.4,25.7,27.6,27.0,26.8
1598.218,29.3,27.3,25.1,27.6,25.5,27.7,27.0,26.9
1599.218,29.5,27.5,25.2,27.8,25.5,27.9,26.9,27.0
1600.218,29.8,27.6,25.4,28.0,25.7,28.1,27.0,27.1
1601.218,29.4,27.7,25.1,28.2,25.3,28.3,26.7,27.3
1602.218,29.6,27.7,25.3,28.3,25.7,28.4,27.2,27.5
1603.218,29.8,27.8,25.4,28.4,25.7,28.6,27.1,27.6
1604.218,29.9,27.8,25.4,28.5,25.7,28.7,27.0,27.7
1605.218,18.1,28.0,16.3,28.6,15.5,28.8,17.5,27.9
1606.218,-4.4,28.2,-0.6,28.9,-1.0,29.1,-3.0,28.1
1607.218,-21.7,27.9,-20.2,28.6,-16.8,28.8,-18.3,27.8
1608.218,-31.0,27.6,-30.5,28.2,-28.2,28.5,-28.2,27.6
1609.218,-31.4,27.4,-31.2,28.0,-29.3,28.2,-28.7,27.4
1610.218,-31.1,27.1,-31.1,27.8,-28.8,27.8,-28.5,27.1
1611.218,-31.1,27.0,-31.0,27.6,-30.0,27.7,-28.4,26.9
1612.218,-31.4,27.0,-31.2,27.5,-29.0,27.6,-28.7,26.9
1613.218,-31.4,26.9,-31.0,27.5,-28.7,27.6,-28.5,26.8
1614.218,-31.5,26.9,-31.1,27.4,-28.8,27.6,-28.5,26.8
1615.218,-31.8,26.9,-31.3,27.4,-29.0,27.6,-28.6,26.8
1616.218,-31.5,26.9,-31.0,27.4,-28.8,27.6,-28.5,26.8
1617.218,-31.4,26.8,-31.0,27.3,-28.7,27.5,-28.4,26.7
1618.218,-27.7,26.8,-30.6,27.3,-24.3,27.5,-25.9,26.7
1619.218,-25.3,26.8,-24.8,27.3,-24.0,27.5,-24.1,26.7
1620.218,0.0,27.3,-1.0,27.7,-0.7,27.9,0.7,27.1
1621.218,3.3,27.6,1.4,28.0,5.3,28.1,8.1,27.1
1622.218,24.3,26.9,21.1,27.5,19.3,27.6,20.5,26.8
1623.218,25.9,26.8,24.0,27.2,21.3,27.4,24.6,26.7
1624.218,29.0,26.8,25.1,27.2,26.6,27.4,27.0,26.7
1625.218,29.4,26.8,25.2,27.3,25.9,27.5,27.0,26.7
1626.218,29.4,27.0,25.1,27.4,25.7,27.5,26.9,26.8
1627.218,29.3,27.3,25.0,27.5,25.3,27.6,26.8,26.9
1628.218,29.7,27.4,25.3,27.8,25.7,27.8,27.1,27.0
1629.218,29.5,27.6,25.3,28.0,25.5,28.1,26.9,27.1
1630.218,29.6,27.6,25.2,28.1,25.5,28.3,26.9,27.3
1631.218,29.5,27.7,25.2,28.3,25.6,28.4,27.1,27.5
1632.218,29.8,27.8,25.4,28.4,25.8,28.6,27.1,27.6
1633.218,29.8,27.8,25.4,28.4,25.7,28.6,27.0,27.7
1634.218,17.3,27.9,15.7,28.5,15.4,28.8,16.2,27.9
1635.218,-6.0,28.2,-1.8,28.8,-2.2,29.1,-4.9,28.1
1636.218,-24.5,27.8,-23.4,28.5,-20.3,28.7,-21.8,27.8
1637.218,-31.1,27.6,-30.6,28.2,-28.4,28.4,-28.4,27.6
1638.218,-31.3,27.3,-31.1,27.9,-29.0,28.1,-28.7,27.3
1639.218,-31.0,27.1,-30.9,27.7,-28.6,27.8,-28.4,27.0
1640.218,-31.1,27.0,-30.9,27.6,-28.7,27.7,-28.5,26.9
1641.218,-31.4,26.9,-31.0,27.5,-28.8,27.6,-28.6,26.8
1642.218,-31.3,26.9,-31.0,27.4,-28.7,27.6,-28.5,26.8
1643.218,-31.5,26.9,-31.1,27.4,-28.7,27.6,-28.5,26.8
1644.218,-31.7,26.9,-31.2,27.4,-28.8,27.6,-28.6,26.8
1645.218,-31.4,26.9,-31.0,27.3,-28.7,27.5,-28.4,26.8
1646.218,-31.1,26.9,-31.0,27.3,-28.4,27.5,-28.4,26.7
1647.218,-28.0,26.9,-30.0,27.3,-25.1,27.5,-24.5,26.8
1648.219,-18.7,26.9,-18.7,27.3,-18.7,27.5,-18.7,26.7
1649.219,-0.5,27.4,-0.3,27.7,0.0,28.0,0.1,27.2
1650.219,8.1,27.5,6.8,27.9,5.3,28.1,5.8,27.4
1651.219,24.2,26.9,20.9,27.3,21.3,27.5,23.1,26.8
1652.219,25.9,26.8,24.3,27.2,21.7,27.4,25.5,26.7
1653.219,29.0,26.8,25.2,27.2,25.8,27.4,26.9,26.7
1654.219,29.6,26.8,25.2,27.3,25.6,27.5,26.9,26.8
1655.219,29.4,27.0,25.4,27.4,25.7,27.5,27.1,26.8
1656.219,29.2,27.3,25.1,27.6,25.4,27.7,26.8,26.9
1657.219,29.5,27.4,25.2,27.8,25.4,27.9,26.8,27.0
1658.219,29.7,27.6,25.3,28.0,25.7,28.1,27.0,27.1
1659.219,29.6,27.6,25.2,28.2,25.5,28.3,26.8,27.3
1660.219,29.5,27.7,25.2,28.3,25.5,28.4,27.0,27.5
1661.219,29.8,27.8,25.4,28.4,25.8,28.5,27.1,27.6
1662.219,29.9,27.8,25.3,28.5,25.8,28.7,27.2,27.7
1663.219,12.4,28.0,10.9,28.6,10.7,28.8,11.9,27.9
1664.219,-7.3,28.1,-3.0,28.9,-3.3,29.1,-6.2,28.0
1665.219,-27.1,27.8,-26.1,28.4,-22.2,28.6,-23.9,27.7
1666.219,-31.2,27.5,-30.8,28.2,-28.3,28.4,-28.4,27.5
1667.219,-31.2,27.3,-31.1,27.9,-29.3,28.1,-28.6,27.2
1668.219,-31.1,27.1,-31.0,27.6,-34.3,27.8,-28.4,27.0
1669.219,-31.2,27.0,-31.0,27.5,-29.4,27.6,-28.5,26.9
1670.219,-31.4,26.9,-31.1,27.4,-31.1,27.6,-28.6,26.8
1671.219,-31.3,26.9,-31.0,27.4,-29.0,27.6,-28.5,26.8
1672.219,-31.5,26.9,-31.1,27.4,-28.9,27.5,-28.5,26.8
1673.219,-31.7,26.9,-31.2,27.4,-29.0,27.5,-28.6,26.8
1674.219,-31.4,26.9,-30.9,27.3,-28.6,27.5,-28.4,26.7
1675.219,-30.8,26.8,-30.9,27.3,-28.0,27.5,-28.3,26.7
1676.219,-27.5,26.8,-29.4,27.3,-24.7,27.5,-25.2,26.7
1677.219,-16.6,26.9,-15.9,27.4,-15.9,27.5,-15.7,26.8
1678.219,-0.7,27.4,-0.9,27.8,-0.5,28.0,-0.5,27.2
1679.219,0.2,27.7,0.5,28.1,0.8,28.3,2.2,27.4
1680.219,17.7,27.2,17.3,27.5,16.8,27.7,17.8,26.9
1681.219,27.1,26.7,23.2,27.2,21.9,27.4,24.4,26.7
1682.219,28.1,26.7,25.1,27.2,24.0,27.4,26.5,26.7
1683.219,29.6,26.8,25.2,27.2,25.8,27.4,26.9,26.7
1684.219,29.4,26.9,25.2,27.3,27.8,27.5,27.0,26.8
1685.219,29.2,27.1,25.1,27.4,25.4,27.6,26.9,26.8
1686.219,29.5,27.3,25.2,27.7,29.5,27.7,27.0,26.9
1687.219,29.6,27.5,25.3,27.9,30.8,28.0,27.0,27.0
1688.219,29.6,27.6,25.3,28.1,25.9,28.3,27.0,27.2
1689.219,29.4,27.6,25.2,28.2,25.2,28.4,26.9,27.4
1690.219,29.7,27.7,25.3,28.3,25.7,28.5,27.1,27.5
1691.219,29.8,27.8,25.4,28.4,25.8,28.6,27.2,27.7
1692.219,25.6,27.9,22.5,28.5,22.2,28.7,24.0,27.8
1693.219,-0.7,28.1,1.8,28.7,1.0,29.0,0.3,28.0
1694.219,-18.0,27.9,-13.0,28.7,-12.8,28.9,-14.9,27.9
1695.219,-31.1,27.6,-29.7,28.2,-27.6,28.5,-28.0,27.6
1696.219,-31.3,27.4,-31.1,28.1,-29.3,28.2,-28.7,27.4
1697.219,-31.0,27.1,-36.6,27.8,-28.8,27.9,-28.5,27.1
1698.219,-31.0,27.0,-30.8,27.5,-28.7,27.7,-28.4,26.9
1699.219,-31.3,26.9,-31.6,27.5,-29.0,27.6,-28.6,26.9
1700.219,-31.3,26.9,-31.2,27.4,-28.7,27.6,-28.4,26.8
1701.219,-31.4,26.9,-34.7,27.3,-28.9,27.6,-28.5,26.8
1702.219,-31.7,26.8,-31.2,27.3,-29.0,27.5,-28.5,26.7
1703.219,-31.4,26.8,-32.1,27.3,-28.9,27.5,-28.5,26.7
1704.219,-31.4,26.8,-31.4,27.3,-28.8,27.5,-28.5,26.7
1705.219,-28.9,26.8,-31.5,27.3,-24.8,27.5,-26.4,26.7
1706.219,-27.8,26.8,-29.1,27.3,-26.2,27.4,-25.8,26.7
1707.219,-2.5,27.1,-2.0,27.5,-2.4,27.7,-2.1,27.0
1708.219,1.7,27.6,1.2,27.9,0.6,28.2,0.8,27.4
1709.219,21.4,27.0,17.7,27.4,18.2,27.7,20.2,26.9
1710.219,26.8,26.7,23.9,27.2,22.3,27.4,24.1,26.7
1711.219,28.3,26.7,30.3,27.2,24.2,27.4,26.8,26.7
1712.219,29.4,26.8,25.3,27.2,25.6,27.4,26.8,26.7
1713.219,29.4,26.9,25.3,27.3,25.8,27.5,27.0,26.7
1714.219,29.2,27.2,25.0,27.4,25.5,27.6,27.0,26.8
1715.219,29.4,27.4,30.1,27.6,25.4,27.8,26.8,26.9
1716.219,29.8,27.5,25.6,27.9,25.8,28.0,27.2,27.0
1717.219,29.4,27.6,25.4,28.1,25.4,28.2,27.0,27.2
1718.219,29.4,27.6,25.2,28.2,25.5,28.4,26.9,27.4
1719.219,29.7,27.7,25.4,28.3,25.8,28.5,27.2,27.5
1720.219,29.6,27.8,25.4,28.4,25.8,28.6,27.2,27.7
1721.220,23.8,27.9,21.4,28.5,20.4,28.7,22.3,27.8
1722.220,-0.3,28.2,1.0,28.7,0.4,29.0,0.2,28.0
1723.220,-15.7,27.9,-10.7,28.7,-10.3,28.9,-12.8,27.9
1724.220,-31.0,27.6,-30.0,28.2,-27.6,28.5,-27.7,27.6
1725.220,-31.3,27.4,-31.2,28.1,-29.0,28.2,-28.7,27.4
1726.220,-31.1,27.2,-32.9,27.8,-28.8,27.9,-28.5,27.1
1727.220,-31.1,27.0,-30.0,27.6,-28.7,27.7,-28.3,26.9
1728.220,-31.3,26.9,-30.4,27.5,-29.1,27.6,-28.6,26.8
1729.220,-31.3,26.9,-30.7,27.4,-28.8,27.5,-28.5,26.8
1730.220,-31.4,26.9,-30.8,27.3,-29.5,27.5,-28.5,26.8
1731.220,-31.7,26.8,-31.0,27.3,-29.0,27.5,-28.5,26.8
1732.220,-31.5,26.8,-31.0,27.3,-28.7,27.5,-28.6,26.7
1733.220,-31.5,26.8,-31.0,27.3,-28.7,27.5,-28.4,26.7
1734.220,-29.2,26.8,-31.1,27.2,-25.1,27.5,-26.9,26.7
1735.220,-28.3,26.8,-28.1,27.2,-26.1,27.4,-26.0,26.7
1736.220,-4.2,27.1,-5.8,27.5,-5.4,27.7,-4.5,26.9
1737.220,1.0,27.5,1.2,27.9,1.7,28.1,5.4,27.2
1738.220,21.7,27.0,18.2,27.4,18.9,27.6,19.0,26.8
1739.220,25.8,26.7,23.9,27.2,21.6,27.4,24.3,26.7
1740.220,28.9,26.7,25.2,27.2,24.2,27.4,27.1,26.7
1741.220,29.3,26.8,25.2,27.2,25.7,27.4,26.8,26.7
1742.220,29.4,26.9,25.2,27.3,25.8,27.5,27.0,26.7
1743.220,29.2,27.2,25.2,27.5,25.5,27.6,26.9,26.8
1744.220,29.5,27.4,25.3,27.7,25.6,27.8,27.0,26.9
1745.220,29.6,27.5,25.3,27.9,25.6,28.0,27.0,27.0
1746.220,29.6,27.6,25.4,28.1,25.5,28.2,26.9,27.2
1747.220,29.5,27.6,25.3,28.2,25.6,28.4,27.0,27.4
1748.220,29.8,27.7,25.4,28.3,25.7,28.5,27.1,27.5
1749.220,29.7,27.8,25.4,28.4,25.7,28.6,27.2,27.7
1750.220,22.4,27.9,20.0,28.5,19.2,28.7,20.6,27.8
1751.220,-1.8,28.2,0.4,28.8,0.0,29.0,-1.3,28.0
1752.220,-17.8,27.9,-15.5,28.6,-13.3,28.8,-15.5,27.8
1753.220,-30.9,27.6,-30.1,28.2,-28.1,28.5,-28.3,27.6
1754.220,-31.2,27.4,-31.1,28.0,-28.9,28.2,-28.7,27.3
1755.220,-30.9,27.1,-31.1,27.7,-28.7,27.9,-28.5,27.0
1756.220,-30.8,27.0,-30.9,27.6,-28.5,27.7,-28.4,26.9
1757.220,-31.2,26.9,-31.1,27.5,-28.9,27.6,-28.6,26.8
1758.220,-31.2,26.9,-31.1,27.4,-28.8,27.6,-28.5,26.8
1759.220,-31.3,26.9,-31.1,27.4,-28.8,27.5,-28.5,26.7
1760.220,-31.6,26.9,-31.3,27.3,-28.9,27.5,-28.6,26.7
1761.220,-31.4,26.8,-31.1,27.3,-29.2,27.5,-28.6,26.7
1762.220,-31.4,26.8,-31.1,27.3,-28.9,27.5,-28.6,26.7
1763.220,-28.7,26.8,-31.1,27.2,-25.9,27.5,-25.8,26.7
1764.220,-27.2,26.8,-27.6,27.3,-24.9,27.5,-25.3,26.7
1765.220,-0.8,27.2,-1.3,27.6,-1.8,27.8,-2.0,27.0
1766.220,4.2,27.5,5.0,27.9,6.5,28.0,5.9,27.3
1767.220,24.5,26.9,20.5,27.3,20.4,27.5,22.6,26.8
1768.220,26.1,26.7,24.6,27.2,21.5,27.4,24.9,26.7
1769.220,29.1,26.7,25.0,27.2,25.1,27.4,27.1,26.7
1770.220,29.6,26.8,25.2,27.2,25.5,27.4,26.8,26.7
1771.220,29.4,27.0,25.2,27.3,25.6,27.5,27.0,26.8
1772.220,29.2,27.2,25.1,27.5,26.6,27.6,26.8,26.8
1773.220,29.7,27.4,25.3,27.7,25.9,27.9,27.2,26.9
1774.220,29.6,27.5,29.4,27.9,25.4,28.1,26.7,27.1
1775.220,29.6,27.6,25.6,28.1,25.8,28.3,27.2,27.3
1776.220,29.4,27.7,25.3,28.2,25.4,28.4,26.8,27.4
1777.220,29.8,27.7,25.4,28.3,25.8,28.5,27.1,27.6
1778.220,29.8,27.8,25.5,28.4,25.9,28.6,27.3,27.7
1779.220,15.8,27.9,14.4,28.5,13.6,28.8,14.9,27.8
1780.220,-6.9,28.1,-2.6,28.8,-2.9,29.0,-5.5,28.0
1781.220,-25.3,27.8,-24.3,28.4,-21.5,28.6,-22.4,27.7
1782.220,-31.1,27.5,-30.7,28.1,-28.6,28.4,-28.4,27.5
1783.220,-31.2,27.3,-31.2,27.9,-29.0,28.1,-28.7,27.2
1784.220,-31.0,27.0,-31.0,27.7,-28.7,27.8,-28.5,27.0
1785.220,-31.0,26.9,-30.9,27.5,-28.6,27.6,-28.5,26.8
1786.220,-31.2,26.9,-31.1,27.4,-28.9,27.6,-28.6,26.8
1787.220,-31.3,26.9,-31.1,27.4,-28.8,27.6,-28.5,26.8
1788.220,-31.5,26.9,-31.2,27.4,-28.9,27.6,-28.5,26.7
1789.220,-31.6,26.8,-31.3,27.3,-29.0,27.5,-28.6,26.7
1790.220,-31.3,26.8,-31.1,27.3,-28.8,27.5,-28.5,26.7
1791.220,-31.1,26.8,-31.1,27.2,-28.0,27.5,-28.4,26.7
1792.220,-27.3,26.8,-30.3,27.2,-24.6,27.5,-25.0,26.7
1793.220,-21.5,26.8,-19.2,27.3,-19.0,27.5,-18.8,26.7
1794.220,-0.2,27.3,-0.4,27.7,0.1,28.0,-0.1,27.1
1795.220,8.5,27.4,5.5,27.9,6.5,28.0,9.1,27.2
1796.220,25.4,26.8,21.5,27.3,21.8,27.5,22.1,26.7
1797.220,26.1,26.7,24.9,27.2,21.9,27.4,25.1,26.7
1798.220,29.1,26.7,25.1,27.2,25.5,27.4,26.8,26.6
1799.220,29.5,26.8,25.2,27.2,25.8,27.5,27.1,26.7
1800.220,29.4,27.0,25.2,27.3,25.4,27.5,26.9,26.8
1801.220,29.4,27.3,25.2,27.6,25.6,27.7,27.1,26.8
1802.220,29.6,27.4,25.3,27.8,25.5,27.9,26.9,26.9
1803.220,29.7,27.5,25.4,28.0,25.7,28.1,27.1,27.1
1804.220,29.6,27.6,25.3,28.1,25.5,28.3,26.9,27.3
1805.220,29.7,27.6,25.3,28.2,25.6,28.4,27.1,27.4
1806.220,29.9,27.7,25.5,28.3,25.9,28.5,27.3,27.6
1807.220,29.7,27.8,25.3,28.4,25.6,28.6,27.1,27.7
1808.220,13.8,27.9,12.9,28.5,11.3,28.8,13.5,27.8
1809.220,-5.0,28.1,-0.9,28.8,-1.4,29.0,-3.7,28.0
1810.220,-22.4,27.8,-21.2,28.5,-18.5,28.7,-18.5,27.7
1811.220,-30.9,27.5,-30.5,28.1,-28.5,28.4,-27.7,27.5
1812.220,-31.2,27.3,-31.2,27.9,-29.0,28.1,-28.9,27.3
1813.220,-30.9,27.1,-31.1,27.6,-28.7,27.8,-33.6,27.0
1814.220,-30.9,26.9,-30.9,27.5,-28.6,27.7,-29.3,26.9
1815.220,-31.2,26.9,-31.1,27.4,-28.8,27.6,-29.5,26.8
1816.220,-31.3,26.9,-31.1,27.4,-28.8,27.6,-29.9,26.8
1817.220,-31.3,26.9,-31.1,27.3,-28.8,27.5,-28.6,26.7
1818.220,-31.7,26.8,-31.3,27.3,-29.1,27.5,-28.7,26.7
1819.220,-31.2,26.8,-31.0,27.3,-28.7,27.5,-28.5,26.7
1820.220,-31.2,26.8,-31.0,27.3,-28.5,27.5,-28.6,26.7
1821.220,-28.3,26.8,-30.8,27.2,-23.9,27.5,-26.6,26.6
1822.220,-25.6,26.8,-25.8,27.3,-24.4,27.5,-24.3,26.6
1823.220,-0.2,27.2,-0.0,27.6,-0.9,27.8,-0.4,27.0
1824.220,4.2,27.5,2.1,27.9,2.3,28.1,2.4,27.3
1825.220,23.2,26.9,19.8,27.4,20.7,27.5,22.5,26.8
1826.220,26.2,26.7,24.4,27.2,21.4,27.4,24.5,26.7
1827.220,29.1,26.7,25.1,27.2,25.1,27.4,27.0,26.6
1828.220,29.4,26.8,25.2,27.2,25.7,27.4,27.2,26.7
1829.220,29.4,26.9,25.2,27.3,25.6,27.5,27.0,26.7
1830.220,29.4,27.2,25.2,27.5,25.5,27.6,27.0,26.8
1831.220,29.6,27.3,25.3,27.7,25.6,27.8,27.0,26.8
1832.220,29.7,27.5,25.3,27.9,25.4,28.0,28.7,27.0
1833.220,29.6,27.6,25.3,28.1,25.7,28.2,28.6,27.2
1834.220,29.6,27.6,25.3,28.2,25.6,28.3,27.1,27.4
1835.220,29.9,27.7,25.4,28.3,25.7,28.5,26.9,27.5
1836.220,29.7,27.8,25.4,28.4,25.7,28.6,27.1,27.6
1837.220,19.4,27.9,17.5,28.5,16.8,28.7,18.0,27.8
1838.220,-5.4,28.1,-1.5,28.8,-1.8,29.0,-4.5,28.0
1839.220,-22.9,27.8,-22.0,28.4,-19.1,28.6,-20.6,27.7
1840.220,-31.0,27.5,-30.5,28.2,-28.4,28.4,-28.4,27.5
1841.220,-31.3,27.3,-31.3,27.9,-29.0,28.1,-28.7,27.3
1842.220,-30.9,27.0,-31.1,27.6,-28.9,27.8,-28.5,27.0
1843.220,-31.0,26.9,-31.0,27.5,-28.7,27.6,-28.5,26.8
1844.220,-31.3,26.9,-31.1,27.4,-28.8,27.6,-28.6,26.8
1845.220,-31.3,26.8,-31.1,27.4,-29.3,27.5,-28.5,26.7
1846.220,-31.4,26.8,-31.1,27.3,-28.7,27.5,-28.5,26.7
1847.220,-31.7,26.8,-31.3,27.3,-28.9,27.5,-28.6,26.7
1848.220,-31.4,26.8,-31.1,27.3,-29.1,27.5,-28.5,26.7
1849.220,-31.3,26.8,-31.1,27.2,-28.5,27.4,-28.7,26.7
1850.220,-27.0,26.8,-30.6,27.2,-24.5,27.5,-24.9,26.7
1851.220,-24.2,26.8,-22.0,27.2,-21.3,27.4,-21.5,26.7
1852.220,0.0,27.3,-0.1,27.7,-0.3,27.9,-0.3,27.1
1853.220,5.9,27.5,2.7,27.9,2.8,28.1,5.6,27.3
1854.220,24.3,26.8,20.6,27.3,22.3,27.5,21.9,26.7
1855.220,26.3,26.7,24.9,27.1,21.4,27.4,25.3,26.7
1856.220,29.0,26.7,25.0,27.2,25.2,27.4,27.0,26.6
1857.220,29.4,26.8,25.2,27.2,25.7,27.4,27.0,26.7
1858.220,29.5,27.0,25.2,27.3,25.6,27.5,27.0,26.7
1859.220,29.2,27.2,25.1,27.5,25.3,27.6,26.8,26.8
1860.220,29.7,27.4,25.5,27.7,25.8,27.8,27.2,26.9
1861.220,29.6,27.5,25.3,27.9,25.5,28.0,26.9,27.1
1862.220,29.7,27.6,25.4,28.1,25.6,28.2,27.0,27.2
1863.220,29.6,27.6,25.4,28.2,25.7,28.4,27.1,27.4
1864.220,29.9,27.7,25.4,28.3,25.9,28.5,27.3,27.5
1865.220,29.8,27.7,25.3,28.4,25.5,28.6,26.8,27.6
1866.220,15.1,27.9,13.9,28.5,13.5,28.7,14.9,27.8
1867.220,-5.3,28.1,-1.9,28.8,-2.5,29.0,-5.2,28.0
1868.220,-25.2,27.7,-24.3,28.4,-20.9,28.6,-22.2,27.7
1869.220,-31.1,27.5,-30.8,28.1,-28.4,28.3,-28.4,27.5
1870.220,-31.1,27.2,-31.2,27.9,-28.9,28.0,-28.7,27.2
1871.220,-30.9,27.0,-31.0,27.6,-28.7,27.7,-28.5,27.0
1872.220,-31.1,26.9,-31.0,27.5,-28.7,27.6,-28.5,26.8
1873.220,-31.3,26.9,-31.1,27.4,-29.2,27.5,-28.6,26.8
1874.220,-31.4,26.8,-31.1,27.4,-29.0,27.5,-28.6,26.7
1875.220,-31.5,26.8,-31.1,27.3,-30.6,27.5,-28.6,26.7
1876.220,-31.7,26.8,-31.3,27.3,-29.1,27.5,-28.6,26.7
1877.220,-31.4,26.8,-31.0,27.3,-28.7,27.5,-28.4,26.7
1878.220,-30.6,26.8,-31.0,27.2,-28.1,27.4,-28.5,26.6
1879.220,-27.1,26.8,-30.2,27.2,-24.2,27.4,-24.8,26.6
1880.220,-20.7,26.8,-17.8,27.3,-18.9,27.5,-18.2,26.6
1881.220,-0.3,27.3,-0.1,27.7,-0.1,27.9,-0.1,27.1
1882.220,9.7,27.3,5.9,27.8,7.1,28.0,9.1,27.2
1883.220,25.2,26.8,21.1,27.2,21.0,27.4,22.4,26.7
1884.220,26.2,26.7,25.0,27.1,21.9,27.4,25.2,26.6
1885.220,29.3,26.7,25.2,27.2,25.9,27.4,27.1,26.6
1886.220,29.4,26.8,25.2,27.2,25.6,27.4,27.0,26.7
1887.220,29.6,27.0,25.3,27.3,25.7,27.5,27.1,26.7
1888.220,29.3,27.2,25.2,27.5,25.4,27.6,26.9,26.8
1889.220,29.6,27.4,25.4,27.8,25.7,27.8,27.2,26.9
1890.220,29.6,27.5,25.3,28.0,25.5,28.0,26.9,27.1
1891.220,29.5,27.6,25.2,28.1,25.4,28.2,26.9,27.3
1892.220,29.9,27.6,25.5,28.2,25.9,28.4,27.4,27.4
1893.220,30.0,27.7,25.4,28.3,25.7,28.5,27.1,27.5
1894.220,29.8,27.7,25.3,28.4,25.8,28.6,27.2,27.6
1895.220,8.5,27.9,8.3,28.5,8.5,28.8,9.3,27.8
1896.220,-10.9,28.0,-7.1,28.7,-5.3,28.9,-9.5,27.9
1897.220,-30.6,27.6,-29.5,28.2,-25.2,28.5,-26.4,27.6
1898.220,-31.3,27.4,-31.0,28.0,-29.5,28.3,-28.9,27.4
1899.220,-31.0,27.1,-31.2,27.7,-30.8,27.9,-32.2,27.1
1900.220,-30.9,27.0,-31.0,27.5,-31.1,27.7,-28.5,26.9
1901.220,-31.2,26.9,-31.1,27.4,-35.9,27.6,-28.6,26.8
1902.220,-31.2,26.9,-31.1,27.4,-28.8,27.5,-30.7,26.7
1903.220,-31.3,26.8,-31.1,27.3,-28.9,27.5,-28.8,26.7
1904.220,-31.5,26.8,-31.1,27.3,-28.9,27.5,-28.3,26.7
1905.220,-31.4,26.8,-31.1,27.3,-29.3,27.5,-28.8,26.7
1906.220,-31.4,26.8,-31.1,27.3,-28.8,27.4,-28.5,26.7
1907.220,-29.4,26.8,-31.0,27.2,-26.3,27.4,-27.9,26.6
1908.220,-28.1,26.8,-28.6,27.2,-25.1,27.4,-24.9,26.6
1909.220,-8.0,26.9,-7.6,27.4,-8.9,27.6,-7.9,26.8
1910.220,1.0,27.4,0.7,27.8,0.8,28.1,0.9,27.3
1911.220,18.9,27.0,16.1,27.5,15.1,27.6,16.9,26.9
1912.220,26.7,26.7,23.2,27.2,22.4,27.4,24.4,26.6
1913.220,28.2,26.7,25.4,27.1,24.6,27.4,27.1,26.6
1914.220,29.2,26.7,25.1,27.2,26.5,27.4,26.8,26.6
1915.220,29.6,26.8,25.3,27.2,25.7,27.4,26.9,26.7
1916.220,29.5,27.1,25.3,27.4,25.7,27.5,30.4,26.8
1917.220,29.3,27.3,25.1,27.6,25.3,27.7,26.8,26.8
1918.220,29.7,27.4,25.3,27.9,25.6,27.9,26.9,27.0
1919.220,29.7,27.5,25.3,28.0,25.5,28.1,26.7,27.1
1920.220,29.4,27.6,25.3,28.1,25.6,28.3,27.0,27.3
1921.220,29.7,27.7,25.4,28.2,25.7,28.4,31.6,27.4
1922.220,29.8,27.7,25.4,28.3,25.7,28.5,25.8,27.6
1923.220,26.2,27.8,22.8,28.4,22.5,28.6,23.0,27.8
1924.220,-0.7,28.1,1.3,28.7,0.7,28.9,1.4,28.0
1925.220,-17.0,27.9,-14.3,28.6,-12.3,28.8,-15.1,27.9
1926.220,-30.9,27.6,-29.9,28.2,-28.0,28.4,-27.4,27.6
1927.220,-31.3,27.3,-31.1,28.0,-29.0,28.2,-28.8,27.4
1928.220,-31.1,27.1,-31.2,27.7,-28.9,27.8,-30.2,27.1
1929.220,-31.0,26.9,-31.0,27.5,-28.6,27.6,-31.9,26.8
1930.220,-31.2,26.9,-31.0,27.4,-28.8,27.6,-31.6,26.7
1931.220,-31.3,26.9,-31.0,27.4,-28.8,27.5,-28.8,26.7
1932.220,-31.4,26.8,-31.0,27.3,-28.8,27.5,-30.7,26.7
1933.220,-31.7,26.8,-31.2,27.3,-29.0,27.5,-31.0,26.7
1934.220,-31.4,26.8,-31.0,27.3,-28.9,27.5,-28.8,26.7
1935.220,-31.5,26.8,-31.1,27.3,-28.8,27.4,-28.5,26.6
1936.220,-29.2,26.8,-31.0,27.2,-25.4,27.4,-27.0,26.6
1937.220,-28.0,26.8,-27.9,27.2,-25.6,27.4,-25.5,26.6
1938.220,-3.5,27.0,-3.4,27.5,-3.7,27.7,-2.6,26.9
1939.220,2.4,27.4,0.7,27.9,1.2,28.1,2.6,27.3
1940.220,21.2,26.9,17.2,27.5,17.5,27.6,17.7,26.8
1941.220,26.5,26.7,24.2,27.2,22.0,27.4,24.8,26.6
1942.220,28.3,26.7,25.0,27.1,24.5,27.3,26.8,26.6
1943.220,29.2,26.7,25.1,27.2,25.6,27.4,26.8,26.6
1944.220,29.5,26.9,25.2,27.3,25.6,27.5,33.2,26.7
1945.220,29.3,27.1,25.1,27.4,25.5,27.5,27.0,26.7
1946.220,29.6,27.3,25.3,27.6,25.7,27.7,27.1,26.8
1947.220,29.6,27.4,25.3,27.9,25.6,28.0,26.9,27.0
1948.220,29.6,27.5,25.3,28.0,25.6,28.2,27.0,27.2
1949.220,29.8,27.6,25.3,28.1,25.6,28.3,26.9,27.3
1950.220,29.6,27.6,25.4,28.2,25.8,28.4,27.0,27.5
1951.220,29.6,27.7,25.3,28.3,25.6,28.5,32.1,27.6
1952.220,24.1,27.8,21.2,28.4,21.0,28.6,22.7,27.8
1953.220,-2.3,28.1,0.2,28.7,-0.1,28.9,-1.3,28.0
1954.220,-18.5,27.8,-16.4,28.5,-13.2,28.8,-15.8,27.8
1955.220,-31.0,27.5,-30.2,28.2,-26.8,28.4,-28.6,27.5
1956.220,-31.4,27.3,-31.1,27.9,-29.4,28.1,-28.9,27.3
1957.220,-31.1,27.0,-31.1,27.7,-31.0,27.8,-28.5,27.0
1958.220,-31.0,26.9,-30.9,27.5,-28.9,27.6,-28.4,26.8
1959.220,-31.3,26.9,-31.0,27.4,-30.6,27.5,-28.6,26.8
1960.220,-31.4,26.9,-31.0,27.4,-28.9,27.5,-28.5,26.7
1961.220,-31.5,26.8,-31.1,27.3,-28.8,27.5,-28.5,26.7
1962.220,-31.7,26.8,-31.2,27.3,-28.9,27.5,-28.6,26.7
1963.220,-31.4,26.8,-31.0,27.3,-28.8,27.4,-28.5,26.7
1964.220,-31.4,26.8,-31.1,27.3,-28.8,27.4,-28.5,26.6
1965.220,-27.9,26.8,-30.9,27.2,-25.7,27.4,-26.2,26.6
1966.220,-28.6,26.8,-27.4,27.2,-25.6,27.4,-25.6,26.6
1967.220,-2.4,27.1,-1.3,27.5,-2.6,27.7,-1.2,26.9
1968.220,0.5,27.5,0.3,27.9,1.1,28.1,1.3,27.3
1969.220,20.2,27.1,16.2,27.5,16.2,27.6,17.8,26.8
1970.220,26.5,26.7,24.0,27.1,22.2,27.4,24.3,26.6
1971.220,28.4,26.7,25.2,27.1,26.5,27.3,27.0,26.6
1972.220,29.3,26.7,25.1,27.2,25.8,27.4,26.8,26.6
1973.220,29.6,26.9,25.2,27.2,26.0,27.4,26.8,26.7
1974.220,29.4,27.1,25.2,27.4,25.6,27.5,26.9,26.7
1975.220,29.5,27.3,25.2,27.6,25.5,27.7,26.7,26.8
1976.220,29.8,27.4,25.3,27.8,25.6,27.9,27.9,26.9
1977.220,29.6,27.5,25.3,28.0,25.6,28.1,21.1,27.2
1978.220,29.6,27.6,25.3,28.1,25.6,28.3,20.3,27.3
1979.220,29.8,27.6,25.4,28.2,25.8,28.4,20.6,27.5
1980.220,29.8,27.7,25.4,28.3,25.8,28.5,20.9,27.6
1981.220,24.8,27.8,22.0,28.4,21.6,28.6,18.3,27.7
1982.220,-4.3,28.0,-0.3,28.7,-0.9,28.9,-3.1,27.9
1983.220,-21.6,27.8,-19.9,28.5,-17.5,28.7,-19.8,27.7
1984.220,-30.9,27.5,-30.4,28.1,-28.5,28.4,-30.3,27.5
1985.220,-31.3,27.3,-31.2,27.9,-29.1,28.1,-30.7,27.2
1986.220,-31.0,27.0,-31.1,27.6,-28.8,27.8,-30.4,27.0
1987.220,-31.0,26.9,-30.9,27.4,-28.6,27.6,-30.1,26.8
1988.220,-31.3,26.9,-31.1,27.4,-28.9,27.5,-30.4,26.7
1989.220,-31.4,26.8,-31.1,27.4,-28.8,27.5,-30.1,26.7
1990.220,-31.4,26.8,-31.1,27.3,-28.9,27.5,-30.0,26.7
1991.220,-31.7,26.8,-31.2,27.3,-29.0,27.4,-29.9,26.7
1992.220,-31.3,26.8,-31.0,27.3,-28.8,27.4,-29.8,26.6
1993.220,-31.2,26.8,-31.0,27.2,-28.7,27.4,-29.6,26.6
1994.220,-27.1,26.8,-30.7,27.2,-24.0,27.4,-26.2,26.6
1995.220,-24.7,26.8,-24.3,27.2,-23.5,27.4,-24.1,26.6
1996.220,-1.0,27.2,0.7,27.6,-0.5,27.8,0.2,27.0
1997.220,3.5,27.5,4.3,27.9,5.0,28.0,4.0,27.2
1998.220,24.5,26.9,20.6,27.3,19.3,27.5,20.0,26.7
1999.220,26.4,26.7,24.4,27.1,21.8,27.3,21.8,26.6
2000.220,29.0,26.7,25.1,27.1,25.4,27.3,23.7,26.6
2001.220,29.4,26.7,25.2,27.2,25.7,27.4,24.0,26.6
2002.220,29.5,26.9,25.2,27.3,25.8,27.5,24.3,26.7
2003.220,29.4,27.2,25.2,27.5,25.5,27.6,24.4,26.7
2004.220,29.7,27.3,25.3,27.7,25.6,27.8,24.6,26.8
2005.220,29.6,27.4,25.3,27.9,25.5,28.0,24.7,27.0
2006.220,29.7,27.5,25.4,28.0,25.6,28.2,25.1,27.2
2007.220,29.5,27.6,25.3,28.1,25.5,28.3,25.2,27.4
2008.220,29.9,27.7,25.5,28.3,25.8,28.4,25.5,27.5
2009.220,29.9,27.7,25.4,28.3,25.7,28.6,25.7,27.6
2010.220,16.8,27.9,15.6,28.4,15.0,28.7,16.0,27.7
2011.220,-6.0,28.1,-1.9,28.7,-2.3,29.0,-5.0,27.9
2012.220,-24.2,27.7,-22.5,28.4,-20.1,28.6,-21.3,27.6
2013.220,-31.1,27.5,-30.6,28.1,-28.4,28.3,-28.4,27.4
2014.220,-31.3,27.2,-31.2,27.9,-29.0,28.0,-28.7,27.2
2015.229,-31.0,27.0,-34.1,27.6,-28.7,27.7,-28.4,26.9
2016.229,-31.0,26.9,-33.7,27.4,-29.0,27.6,-28.4,26.8
2017.229,-31.4,26.8,-31.2,27.4,-28.9,27.5,-28.4,26.7
2018.229,-31.3,26.8,-31.2,27.3,-28.8,27.5,-28.4,26.7
2019.229,-31.5,26.8,-31.1,27.3,-29.9,27.5,-28.3,26.7
2020.229,-31.7,26.8,-31.6,27.2,-29.0,27.4,-28.6,26.7
2021.229,-31.5,26.8,-31.4,27.2,-28.2,27.4,-28.4,26.6
2022.229,-31.1,26.8,-31.9,27.2,-28.5,27.4,-28.4,26.6
2023.229,-27.2,26.8,-33.2,27.2,-24.9,27.4,-25.4,26.6
2024.229,-21.8,26.8,-20.3,27.2,-19.9,27.4,-20.2,26.6
2025.230,-0.4,27.2,-0.6,27.7,-0.5,27.8,-0.1,27.0
2026.230,1.5,27.5,0.3,28.0,0.8,28.2,1.1,27.3
2027.230,21.0,27.0,15.7,27.6,16.3,27.6,18.9,26.9
2028.230,25.6,26.7,23.9,27.1,22.3,27.3,24.1,26.6
2029.231,28.2,26.7,25.2,27.1,25.7,27.3,26.7,26.6
2030.231,29.3,26.7,25.2,27.2,25.6,27.4,26.7,26.6
2031.231,29.6,26.8,25.4,27.2,25.8,27.4,26.9,26.7
2032.231,29.1,27.1,25.1,27.3,25.3,27.5,26.6,26.7
2033.231,29.5,27.3,25.3,27.6,25.5,27.7,26.7,26.8
2034.231,29.6,27.4,25.3,27.8,25.6,27.9,26.7,27.0
2035.231,29.7,27.5,25.4,28.0,25.7,28.1,26.9,27.1
2036.231,29.4,27.6,25.2,28.1,25.4,28.2,26.6,27.3
2037.231,29.7,27.6,25.5,28.2,25.9,28.4,27.1,27.4
2038.231,29.7,27.7,25.4,28.3,25.7,28.5,26.8,27.6
2039.231,24.0,27.8,21.6,28.4,21.1,28.6,22.4,27.7
2040.231,-4.3,28.0,-0.5,28.6,-1.0,28.9,-3.3,27.9
2041.231,-21.0,27.8,-19.1,28.4,-16.6,28.7,-18.3,27.7
2042.231,-31.0,27.5,-30.3,28.1,-28.2,28.3,-28.4,27.5
2043.231,-31.4,27.3,-31.1,27.9,-29.1,28.0,-28.7,27.2
2044.231,-31.0,27.0,-31.1,27.6,-28.7,27.7,-28.0,26.9
2045.231,-31.0,26.9,-30.9,27.4,-28.6,27.5,-28.3,26.8
2046.231,-31.3,26.8,-31.1,27.4,-29.2,27.5,-28.6,26.7
2047.231,-31.4,26.8,-31.9,27.3,-29.1,27.5,-28.6,26.7
2048.231,-31.4,26.8,-31.0,27.3,-28.8,27.4,-29.5,26.6
2049.231,-31.8,26.8,-31.3,27.2,-29.1,27.4,-32.1,26.6
2050.231,-31.4,26.8,-31.0,27.2,-28.8,27.4,-30.4,26.6
2051.231,-31.4,26.7,-31.0,27.2,-28.8,27.4,-28.7,26.6
2052.231,-27.0,26.7,-30.8,27.2,-24.0,27.4,-25.3,26.6
2053.231,-25.6,26.7,-24.5,27.2,-23.4,27.4,-23.2,26.6
2054.231,-0.3,27.2,0.9,27.6,-0.3,27.8,0.4,27.0
2055.231,8.9,27.3,4.6,27.8,4.4,28.0,6.4,27.2
2056.231,22.3,26.8,20.0,27.2,19.7,27.4,21.0,26.7
2057.231,25.9,26.7,24.5,27.1,21.5,27.3,24.8,26.6
2058.231,29.0,26.7,25.1,27.1,25.8,27.3,26.8,26.6
2059.231,29.4,26.7,25.2,27.2,25.7,27.4,32.5,26.6
2060.231,29.3,26.9,25.2,27.2,25.5,27.4,26.8,26.7
2061.231,29.2,27.1,25.2,27.4,25.5,27.5,26.9,26.7
2062.231,29.4,27.3,25.3,27.6,25.5,27.7,26.7,26.8
2063.231,29.6,27.4,25.4,27.8,25.6,28.0,30.4,27.0
2064.231,29.4,27.5,25.3,28.0,25.4,28.1,27.2,27.2
2065.231,29.5,27.6,25.3,28.1,25.7,28.3,27.1,27.3
2066.231,29.7,27.6,25.4,28.2,25.7,28.4,27.0,27.5
2067.231,29.7,27.7,25.4,28.3,25.6,28.5,26.8,27.6
2068.231,15.8,27.8,15.1,28.4,14.1,28.7,15.5,27.7
2069.231,-5.5,28.1,-1.3,28.7,-1.7,28.9,-4.2,27.9
2070.231,-23.6,27.7,-22.2,28.4,-19.4,28.6,-20.0,27.6
2071.231,-31.0,27.4,-30.5,28.1,-28.5,28.3,-28.4,27.4
2072.231,-31.3,27.2,-31.1,27.8,-29.0,28.0,-28.6,27.2
2073.231,-31.0,27.0,-31.0,27.6,-28.7,27.7,-28.4,26.9
2074.231,-31.1,26.9,-30.9,27.4,-28.7,27.5,-28.5,26.8
2075.231,-31.4,26.9,-31.1,27.4,-28.9,27.5,-28.5,26.7
2076.231,-31.4,26.8,-31.1,27.3,-28.8,27.5,-29.0,26.7
2077.231,-31.4,26.8,-31.0,27.2,-28.8,27.4,-31.4,26.7
2078.231,-31.7,26.8,-31.2,27.2,-29.0,27.4,-28.8,26.6
2079.231,-31.4,26.8,-31.0,27.2,-28.8,27.4,-28.5,26.6
2080.231,-31.2,26.7,-31.0,27.2,-28.7,27.4,-28.5,26.6
2081.231,-26.9,26.8,-30.6,27.2,-24.8,27.4,-25.1,26.6
2082.231,-23.0,26.7,-21.2,27.2,-20.1,27.4,-21.0,26.6
2083.231,0.3,27.1,-0.3,27.6,-0.5,27.8,-0.5,27.0
2084.231,7.2,27.3,2.2,27.9,3.4,28.0,3.7,27.2
2085.231,22.0,26.8,19.9,27.3,19.4,27.4,20.9,26.7
2086.231,25.7,26.7,24.0,27.1,21.2,27.3,24.7,26.6
2087.231,28.5,26.7,25.3,27.1,25.2,27.3,26.6,26.6
2088.231,29.1,26.7,25.3,27.1,26.0,27.3,30.7,26.6
2089.231,29.4,26.9,25.3,27.2,25.6,27.4,27.0,26.7
2090.231,28.9,27.1,25.0,27.4,25.2,27.5,26.7,26.7
2091.231,29.5,27.3,25.3,27.6,25.6,27.7,27.0,26.8
2092.231,29.5,27.4,25.4,27.8,25.6,27.9,26.9,27.0
2093.231,29.4,27.5,25.3,28.0,25.5,28.1,26.8,27.2
2094.231,29.4,27.6,25.3,28.1,25.6,28.3,26.9,27.3
2095.231,29.6,27.6,25.4,28.2,25.7,28.4,26.9,27.4
2096.231,29.4,27.7,25.4,28.3,25.7,28.5,27.0,27.6
2097.231,18.6,27.8,17.4,28.4,16.7,28.6,18.1,27.7
2098.231,-6.5,28.0,-2.3,28.6,-2.7,28.9,-5.6,27.9
2099.231,-25.4,27.7,-23.1,28.3,-21.3,28.5,-22.4,27.6
2100.231,-31.2,27.4,-30.6,28.1,-28.6,28.3,-28.4,27.4
2101.231,-31.2,27.2,-31.2,27.8,-28.9,28.0,-28.6,27.1
2102.231,-31.0,27.0,-31.1,27.6,-28.7,27.7,-28.5,26.9
2103.231,-31.1,26.9,-33.4,27.4,-28.7,27.5,-28.5,26.8
2104.231,-31.4,26.8,-32.7,27.3,-28.8,27.5,-28.5,26.7
2105.231,-31.3,26.8,-36.4,27.3,-28.8,27.5,-28.5,26.7
2106.231,-31.4,26.8,-31.1,27.2,-28.7,27.4,-28.4,26.6
2107.231,-31.7,26.8,-31.2,27.2,-29.0,27.4,-28.6,26.6
2108.231,-31.4,26.7,-31.0,27.2,-28.7,27.4,-28.5,26.6
2109.231,-30.9,26.7,-31.0,27.2,-28.4,27.4,-28.5,26.6
2110.231,-27.5,26.7,-30.5,27.2,-24.1,27.4,-24.8,26.6
2111.231,-19.3,26.8,-18.1,27.2,-18.4,27.4,-18.6,26.6
2112.231,-0.2,27.3,-0.3,27.7,0.1,27.9,0.2,27.1
2113.231,10.7,27.2,7.3,27.7,8.7,27.9,10.0,27.1
2114.231,25.7,26.7,22.1,27.2,20.9,27.4,22.5,26.6
2115.231,26.5,26.7,25.0,27.1,22.3,27.3,25.2,26.6
2116.231,29.0,26.7,25.1,27.1,25.7,27.3,26.9,26.6
2117.231,29.2,26.7,25.2,27.2,25.6,27.4,26.8,26.6
2118.231,29.2,27.0,25.2,27.2,25.6,27.4,26.9,26.7
2119.231,29.2,27.2,25.1,27.4,25.5,27.6,26.9,26.7
2120.231,29.5,27.3,25.3,27.7,25.7,27.8,26.9,26.9
2121.231,29.5,27.4,25.3,27.9,25.4,28.0,26.6,27.0
2122.231,29.3,27.5,25.3,28.0,25.5,28.2,26.8,27.2
2123.231,29.5,27.6,25.4,28.1,25.8,28.3,27.1,27.4
2124.231,29.7,27.6,25.4,28.2,25.7,28.4,26.9,27.5
2125.231,29.7,27.7,25.2,28.3,25.7,28.5,26.9,27.6
2126.231,10.8,27.9,10.5,28.4,9.1,28.7,10.9,27.7
2127.231,-6.5,28.0,-2.1,28.7,-2.6,28.9,-5.2,27.9
2128.231,-25.2,27.6,-23.7,28.3,-21.0,28.5,-20.7,27.6
2129.231,-31.2,27.4,-30.5,28.0,-28.6,28.2,-28.6,27.4
2130.231,-31.4,27.2,-31.2,27.8,-29.0,28.0,-28.8,27.2
2131.231,-31.0,27.0,-31.0,27.5,-28.4,27.7,-28.5,26.9
2132.231,-31.1,26.9,-30.9,27.4,-28.9,27.5,-28.2,26.8
2133.231,-31.4,26.8,-31.1,27.3,-29.0,27.5,-28.7,26.7
2134.231,-31.4,26.8,-31.1,27.3,-28.8,27.5,-32.9,26.7
2135.231,-31.6,26.8,-31.1,27.2,-28.8,27.4,-28.8,26.7
2136.231,-31.8,26.8,-31.2,27.2,-29.6,27.4,-28.8,26.6
2137.231,-31.4,26.8,-31.1,27.2,-28.8,27.4,-28.5,26.6
2138.231,-31.1,26.7,-31.1,27.1,-28.5,27.4,-29.8,26.6
2139.231,-27.5,26.7,-30.6,27.1,-24.7,27.4,-28.1,26.5
2140.231,-21.1,26.7,-20.4,27.2,-19.5,27.4,-18.7,26.6
2141.231,1.3,27.2,0.0,27.6,0.3,27.8,1.7,27.0
2142.231,11.9,27.2,8.9,27.7,10.3,27.8,12.1,26.8
2143.231,25.8,26.7,22.5,27.1,21.3,27.3,23.4,26.6
2144.231,26.7,26.7,25.1,27.1,22.9,27.3,25.5,26.5
2145.231,29.2,26.7,27.7,27.1,25.7,27.3,26.8,26.5
2146.231,29.3,26.7,25.3,27.2,25.7,27.4,31.9,26.6
2147.231,29.3,27.0,25.3,27.3,25.6,27.5,27.0,26.7
2148.231,29.2,27.2,25.1,27.5,25.3,27.6,26.7,26.7
2149.231,29.5,27.3,25.4,27.7,25.7,27.8,26.9,26.9
2150.231,29.4,27.4,25.3,27.9,25.5,28.0,26.7,27.0
2151.231,29.4,27.5,25.3,28.0,25.6,28.2,26.9,27.2
2152.231,29.5,27.6,25.4,28.1,25.7,28.3,27.0,27.4
2153.231,29.6,27.6,25.4,28.2,25.7,28.4,26.9,27.5
2154.231,29.3,27.7,25.1,28.3,25.6,28.5,26.9,27.6
2155.231,5.8,27.9,6.0,28.5,5.1,28.7,5.8,27.8
2156.231,-11.0,27.9,-7.1,28.6,-6.5,28.9,-9.6,27.8
2157.231,-29.7,27.6,-28.3,28.1,-25.4,28.4,-26.1,27.5
2158.231,-31.3,27.3,-30.9,28.0,-28.6,28.2,-28.6,27.3
2159.231,-31.1,27.1,-31.1,27.7,-28.8,27.9,-28.6,27.0
2160.231,-31.0,26.9,-30.9,27.5,-28.6,27.6,-28.3,26.8
2161.231,-31.3,26.9,-31.1,27.4,-29.2,27.5,-28.6,26.7
2162.231,-31.3,26.8,-31.0,27.3,-28.8,27.4,-28.5,26.7
2163.231,-31.3,26.8,-31.1,27.3,-28.6,27.4,-28.5,26.6
2164.231,-31.6,26.8,-31.1,27.2,-29.3,27.4,-28.4,26.6
2165.231,-31.6,26.8,-31.2,27.2,-29.1,27.4,-28.6,26.6
2166.231,-31.4,26.7,-31.0,27.2,-29.7,27.4,-28.3,26.6
2167.231,-29.8,26.7,-31.0,27.2,-26.9,27.4,-27.7,26.6
2168.231,-28.3,26.7,-29.2,27.1,-24.7,27.4,-24.5,26.6
2169.231,-11.4,26.9,-11.1,27.3,-11.7,27.5,-11.4,26.7
2170.231,0.1,27.3,0.2,27.7,0.2,27.9,0.2,27.1
2171.231,11.5,27.2,10.2,27.6,10.1,27.8,13.2,27.0
2172.231,27.0,26.7,23.3,27.1,22.3,27.3,23.1,26.6
2173.231,27.2,26.6,25.1,27.0,23.0,27.3,26.3,26.5
2174.231,29.1,26.6,25.0,27.1,26.9,27.3,26.6,26.6
2175.231,29.5,26.7,25.3,27.1,25.9,27.3,27.0,26.6
2176.231,29.1,27.0,25.1,27.3,25.4,27.4,26.7,26.7
2177.231,29.3,27.2,25.2,27.5,25.5,27.6,26.8,26.7
2178.231,29.5,27.3,25.3,27.7,25.7,27.8,27.1,26.8
2179.231,29.5,27.4,25.4,27.9,25.7,28.0,26.8,27.0
2180.231,29.5,27.5,25.3,28.0,25.5,28.2,30.2,27.2
2181.231,29.3,27.6,25.3,28.1,25.6,28.3,27.9,27.4
2182.231,29.8,27.6,25.5,28.2,26.0,28.4,27.2,27.5
2183.231,29.1,27.7,24.8,28.3,25.2,28.5,26.4,27.6
2184.231,6.3,27.9,6.2,28.5,5.9,28.7,6.3,27.8
2185.231,-8.7,28.0,-4.7,28.7,-3.5,28.9,-7.7,27.9
2186.231,-28.4,27.6,-25.8,28.2,-22.7,28.4,-24.8,27.5
2187.231,-31.2,27.4,-30.8,28.0,-29.1,28.2,-28.5,27.3
2188.231,-31.2,27.1,-30.4,27.8,-34.6,27.9,-28.6,27.1
2189.231,-31.1,26.9,-33.1,27.5,-28.7,27.6,-28.4,26.9
2190.231,-31.2,26.8,-33.3,27.3,-29.4,27.5,-28.6,26.8
2191.231,-31.3,26.8,-30.7,27.3,-30.0,27.5,-28.6,26.7
2192.231,-31.3,26.8,-30.7,27.2,-29.8,27.4,-28.5,26.7
2193.231,-31.6,26.7,-30.9,27.2,-29.6,27.4,-28.4,26.6
2194.231,-31.7,26.7,-31.4,27.2,-29.2,27.4,-28.6,26.6
2195.231,-31.4,26.7,-31.1,27.2,-28.8,27.4,-28.5,26.6
2196.231,-30.3,26.7,-31.0,27.2,-28.4,27.3,-28.2,26.5
2197.231,-27.4,26.7,-31.2,27.1,-24.1,27.3,-24.9,26.6
2198.231,-15.3,26.8,-16.6,27.2,-14.4,27.4,-13.7,26.6
2199.231,0.1,27.3,-0.5,27.7,0.1,27.9,-0.0,27.1
2200.231,11.6,27.2,9.2,27.7,8.6,27.8,10.7,27.0
2201.231,25.6,26.7,21.6,27.1,21.4,27.3,23.2,26.6
2202.231,26.9,26.6,27.1,27.0,24.7,27.2,25.4,26.5
2203.231,29.1,26.6,26.4,27.1,27.4,27.3,26.7,26.5
2204.231,29.3,26.7,25.3,27.1,25.8,27.3,27.0,26.6
2205.231,29.2,26.9,25.0,27.2,25.4,27.4,26.7,26.6
2206.231,29.2,27.2,26.9,27.4,25.4,27.5,26.8,26.7
2207.231,29.6,27.3,25.7,27.7,25.8,27.7,27.1,26.8
2208.231,29.3,27.4,25.4,27.9,27.3,27.9,26.7,27.0
2209.231,29.4,27.5,25.2,28.0,25.6,28.1,26.7,27.2
2210.231,29.6,27.5,25.5,28.1,25.9,28.3,27.1,27.3
2211.231,29.6,27.6,25.4,28.2,25.7,28.4,26.9,27.4
2212.231,29.4,27.7,25.1,28.3,25.5,28.5,26.8,27.6
2213.231,7.6,27.9,7.6,28.4,7.1,28.7,8.2,27.7
2214.231,-8.3,28.0,-4.1,28.7,-3.1,28.9,-7.2,27.8
2215.231,-28.9,27.5,-27.0,28.2,-24.5,28.4,-24.7,27.5
2216.231,-31.3,27.3,-30.6,28.0,-28.3,28.2,-28.5,27.3
2217.231,-31.2,27.1,-30.9,27.7,-28.9,27.9,-28.6,27.1
2218.231,-31.1,26.9,-30.8,27.5,-28.9,27.6,-28.4,26.8
2219.231,-31.3,26.8,-30.9,27.4,-29.0,27.5,-28.5,26.7
2220.231,-31.4,26.8,-30.9,27.3,-28.9,27.4,-28.5,26.7
2221.231,-31.4,26.7,-30.9,27.2,-32.3,27.4,-28.6,26.6
2222.231,-31.6,26.7,-30.9,27.2,-28.8,27.4,-28.4,26.6
2223.231,-31.7,26.7,-30.9,27.2,-28.9,27.3,-28.5,26.6
2224.231,-31.5,26.7,-30.8,27.2,-28.8,27.4,-28.4,26.6
2225.231,-30.2,26.7,-30.9,27.2,-27.9,27.3,-28.1,26.5
2226.231,-27.8,26.7,-30.0,27.1,-24.2,27.3,-24.9,26.6
2227.231,-13.8,26.8,-13.7,27.2,-13.6,27.4,-13.8,26.6
2228.231,-0.3,27.2,-0.1,27.7,0.1,27.9,0.0,27.1
2229.231,12.1,27.2,9.2,27.7,9.6,27.8,10.3,27.1
2230.231,25.4,26.7,22.0,27.1,21.0,27.3,23.2,26.6
2231.231,26.9,26.6,25.1,27.0,22.9,27.2,25.6,26.5
2232.231,29.0,26.6,25.1,27.1,25.7,27.2,26.9,26.5
2233.231,29.3,26.7,25.2,27.1,25.8,27.3,26.8,26.6
2234.231,29.4,26.9,25.2,27.2,27.8,27.4,27.0,26.6
2235.231,29.4,27.1,25.1,27.5,26.6,27.5,26.6,26.7
2236.231,29.4,27.3,25.2,27.7,25.5,27.7,26.8,26.8
2237.231,29.7,27.4,25.4,27.9,30.2,28.0,26.8,27.0
2238.231,29.2,27.5,25.2,28.0,25.7,28.2,26.5,27.2
2239.231,29.5,27.5,25.3,28.1,25.5,28.3,26.8,27.3
2240.231,29.6,27.6,25.4,28.2,25.8,28.4,26.9,27.4
2241.231,29.3,27.6,25.1,28.3,25.7,28.5,26.9,27.6
2242.231,5.6,27.9,5.7,28.5,5.0,28.7,5.2,27.8
2243.231,-11.0,27.9,-6.9,28.6,-6.4,28.8,-9.5,27.8
2244.231,-30.4,27.5,-28.7,28.1,-26.4,28.4,-27.0,27.5
2245.231,-31.4,27.3,-30.8,27.9,-28.8,28.1,-28.7,27.3
2246.231,-31.1,27.0,-31.0,27.6,-28.8,27.8,-28.5,27.0
2247.231,-31.1,26.9,-30.8,27.4,-28.6,27.5,-28.4,26.8
2248.231,-31.3,26.8,-30.9,27.3,-28.8,27.5,-28.5,26.7
2249.231,-31.4,26.8,-30.9,27.3,-28.8,27.4,-28.5,26.6
2250.231,-31.4,26.7,-30.9,27.2,-28.8,27.4,-28.6,26.6
2251.231,-31.7,26.7,-31.0,27.2,-28.9,27.4,-28.5,26.6
2252.231,-31.6,26.7,-31.0,27.2,-28.9,27.4,-28.6,26.6
2253.231,-31.5,26.7,-30.8,27.2,-28.7,27.3,-28.4,26.6
2254.231,-29.5,26.7,-30.8,27.2,-26.5,27.3,-27.3,26.5
2255.231,-28.3,26.7,-29.0,27.1,-24.8,27.3,-24.9,26.5
2256.231,-10.4,26.8,-10.1,27.3,-10.1,27.5,-10.0,26.7
2257.231,0.4,27.3,-0.1,27.7,0.2,27.9,0.2,27.1
2258.231,15.4,27.1,11.5,27.6,12.8,27.7,15.1,26.9
2259.231,26.8,26.6,23.5,27.1,22.6,27.3,23.4,26.6
2260.231,27.8,26.6,25.2,27.0,23.8,27.3,26.4,26.5
2261.231,29.1,26.6,25.1,27.1,25.5,27.3,26.6,26.5
2262.231,29.4,26.7,25.2,27.2,25.7,27.3,26.8,26.6
2263.231,29.3,27.0,25.1,27.3,25.5,27.4,26.6,26.6
2264.231,29.3,27.2,25.2,27.5,25.6,27.6,26.9,26.7
2265.231,29.5,27.3,25.3,27.7,25.5,27.8,26.7,26.8
2266.231,29.6,27.4,25.3,27.9,25.6,28.0,26.8,27.0
2267.231,29.3,27.5,25.2,28.0,25.5,28.2,26.7,27.2
2268.231,29.6,27.5,25.4,28.1,25.8,28.3,27.0,27.3
2269.231,29.7,27.6,25.4,28.2,25.7,28.4,26.8,27.4
2270.231,27.3,27.7,23.7,28.3,23.7,28.5,25.3,27.6
2271.231,1.0,28.0,2.0,28.5,1.1,28.8,1.5,27.8
2272.231,-12.9,27.8,-8.9,28.6,-7.7,28.8,-10.5,27.8
2273.231,-30.9,27.5,-29.2,28.1,-27.3,28.3,-27.2,27.4
2274.231,-31.4,27.3,-30.9,27.9,-29.0,28.1,-28.7,27.2
2275.231,-31.0,27.0,-30.9,27.6,-28.8,27.7,-28.6,27.0
2276.231,-31.1,26.9,-30.8,27.4,-28.6,27.5,-28.4,26.8
2277.231,-31.4,26.8,-31.0,27.3,-28.9,27.5,-28.7,26.7
2278.231,-31.3,26.7,-30.9,27.3,-28.7,27.4,-28.5,26.6
2279.231,-31.4,26.7,-31.0,27.2,-28.8,27.4,-28.6,26.6
2280.231,-31.7,26.7,-31.1,27.2,-28.9,27.4,-28.6,26.6
2281.231,-31.5,26.7,-31.0,27.2,-28.9,27.3,-28.6,26.6
2282.231,-31.5,26.7,-30.9,27.1,-28.7,27.3,-28.4,26.6
2283.231,-29.3,26.7,-30.8,27.1,-25.4,27.3,-27.3,26.5
2284.231,-28.3,26.7,-28.6,27.1,-25.4,27.3,-25.6,26.6
2285.231,-6.8,26.9,-6.7,27.4,-7.1,27.5,-6.4,26.7
2286.231,1.1,27.4,0.3,27.8,0.3,28.0,0.9,27.2
2287.231,19.6,26.9,14.9,27.5,15.9,27.6,18.4,26.8
2288.231,26.1,26.6,24.3,27.1,21.8,27.3,23.3,26.6
2289.231,28.3,26.6,25.2,27.0,24.5,27.3,27.0,26.5
2290.231,29.1,26.6,25.0,27.1,25.4,27.3,26.4,26.5
2291.231,29.7,26.8,25.3,27.1,25.8,27.3,26.9,26.6
2292.231,29.1,27.0,25.1,27.3,25.5,27.4,26.7,26.6
2293.231,29.3,27.2,25.2,27.5,25.5,27.6,26.7,26.7
2294.231,29.7,27.3,25.4,27.7,25.7,27.8,26.7,26.9
2295.231,29.6,27.4,25.3,27.9,25.6,28.0,26.7,27.0
2296.231,29.2,27.5,25.2,28.0,25.6,28.2,26.8,27.2
2297.231,29.7,27.5,25.3,28.1,25.7,28.3,26.8,27.3
2298.231,29.6,27.6,25.4,28.2,25.7,28.4,26.9,27.5
2299.231,25.3,27.7,22.3,28.3,22.3,28.5,23.6,27.6
2300.231,-0.9,28.0,1.0,28.6,0.7,28.8,-0.5,27.8
2301.231,-16.4,27.8,-13.1,28.5,-11.2,28.7,-13.9,27.7
2302.231,-30.9,27.5,-29.7,28.1,-27.7,28.3,-28.0,27.4
2303.231,-31.3,27.2,-31.0,27.9,-29.0,28.0,-28.8,27.2
2304.231,-30.9,27.0,-30.9,27.6,-28.7,27.7,-28.5,26.9
2305.231,-30.9,26.8,-30.8,27.4,-28.6,27.5,-28.4,26.8
2306.231,-31.1,26.8,-30.9,27.3,-28.8,27.4,-28.5,26.7
2307.231,-31.2,26.7,-30.9,27.3,-28.8,27.4,-28.6,26.7
2308.231,-31.3,26.7,-31.0,27.2,-28.8,27.4,-28.6,26.6
2309.231,-31.6,26.7,-31.1,27.2,-28.8,27.4,-28.6,26.6
2310.231,-31.3,26.7,-30.9,27.2,-29.3,27.4,-28.6,26.6
2311.231,-31.3,26.7,-30.9,27.1,-28.7,27.3,-28.5,26.5
2312.231,-28.8,26.7,-30.8,27.1,-25.1,27.3,-26.1,26.5
2313.231,-28.1,26.7,-28.2,27.1,-26.7,27.3,-25.9,26.5
2314.231,-2.8,27.0,-3.8,27.4,-3.6,27.6,-3.9,26.8
2315.231,0.6,27.4,0.6,27.8,1.0,28.0,1.5,27.2
2316.231,20.4,27.0,17.1,27.3,17.6,27.5,19.4,26.7
2317.231,26.7,26.6,24.4,27.0,21.6,27.3,23.8,26.5
2318.231,28.2,26.6,25.1,27.0,25.0,27.2,26.6,26.5
2319.231,29.2,26.7,25.1,27.1,25.5,27.3,26.7,26.5
2320.231,29.4,26.8,25.2,27.2,25.7,27.3,26.8,26.6
2321.231,29.1,27.0,25.1,27.3,25.5,27.4,26.7,26.6
2322.231,29.4,27.2,25.2,27.5,25.6,27.6,26.8,26.7
2323.231,29.6,27.3,25.3,27.8,25.7,27.8,26.8,26.9
2324.231,29.6,27.4,25.3,27.9,25.5,28.0,26.6,27.1
2325.231,29.4,27.5,25.2,28.0,25.6,28.2,26.8,27.2
2326.231,29.7,27.5,25.4,28.1,25.8,28.3,26.9,27.4
2327.231,29.7,27.6,25.4,28.2,25.9,28.4,27.0,27.5
2328.231,24.0,27.7,21.2,28.3,20.5,28.5,22.3,27.6
2329.231,-2.7,28.0,0.3,28.6,-0.3,28.8,-1.9,27.8
2330.231,-19.1,27.7,-17.1,28.4,-14.9,28.6,-16.4,27.6
2331.231,-30.9,27.4,-30.0,28.0,-28.4,28.3,-28.1,27.4
2332.231,-31.2,27.2,-30.9,27.8,-29.1,28.0,-28.7,27.2
2333.231,-30.8,27.0,-30.9,27.6,-28.8,27.7,-28.5,26.9
2334.231,-31.0,26.9,-30.8,27.4,-28.6,27.5,-28.4,26.7
2335.231,-31.2,26.8,-31.0,27.3,-29.0,27.4,-28.7,26.7
2336.231,-31.2,26.8,-30.9,27.3,-28.9,27.4,-28.2,26.6
2337.231,-31.3,26.7,-31.0,27.2,-28.9,27.4,-28.9,26.6
2338.231,-31.6,26.7,-31.1,27.2,-29.0,27.4,-28.5,26.6
2339.231,-31.3,26.7,-30.9,27.2,-28.9,27.3,-28.5,26.6
2340.231,-31.4,26.7,-30.9,27.1,-28.8,27.3,-28.5,26.5
2341.231,-28.6,26.7,-30.9,27.1,-24.2,27.3,-26.2,26.5
2342.231,-27.2,26.7,-26.5,27.1,-25.4,27.3,-25.1,26.5
2343.231,-0.6,27.0,-1.7,27.4,-1.4,27.6,-0.7,26.9
2344.231,3.8,27.4,1.1,27.8,2.8,28.0,3.2,27.2
2345.231,22.3,26.8,19.2,27.3,19.2,27.4,20.4,26.7
2346.231,26.0,26.6,24.6,27.0,21.8,27.3,24.8,26.5
2347.231,29.3,26.6,25.1,27.0,25.4,27.2,26.9,26.5
2348.231,29.2,26.6,25.1,27.1,25.6,27.3,26.7,26.5
2349.231,29.4,26.8,25.2,27.2,25.6,27.3,26.8,26.6
2350.231,29.3,27.0,25.1,27.3,25.6,27.4,26.9,26.6
2351.231,29.4,27.2,25.2,27.6,25.5,27.6,26.6,26.7
2352.231,29.6,27.3,25.3,27.8,25.5,27.9,26.6,26.9
2353.231,29.5,27.4,25.3,27.9,25.6,28.1,26.7,27.1
2354.231,29.4,27.5,25.2,28.0,25.6,28.2,26.8,27.2
2355.231,29.8,27.5,25.4,28.1,25.9,28.3,26.9,27.4
2356.231,29.7,27.6,25.3,28.2,25.7,28.4,26.9,27.5
2357.231,20.6,27.7,17.8,28.3,17.0,28.5,18.7,27.6
2358.231,-2.0,28.0,0.2,28.6,-0.1,28.8,-1.4,27.9
2359.231,-17.6,27.7,-15.6,28.4,-13.3,28.6,-15.2,27.6
2360.231,-30.9,27.4,-30.0,28.0,-28.3,28.3,-28.2,27.4
2361.231,-31.3,27.2,-31.0,27.8,-29.1,28.0,-28.8,27.2
2362.231,-31.0,27.0,-30.9,27.5,-28.8,27.6,-28.5,26.9
2363.231,-31.1,26.8,-30.8,27.4,-28.6,27.5,-28.4,26.8
2364.231,-31.2,26.7,-30.9,27.3,-28.9,27.4,-28.6,26.7
2365.231,-31.2,26.7,-30.9,27.2,-28.8,27.4,-28.6,26.6
2366.231,-31.4,26.7,-31.0,27.2,-28.9,27.4,-28.6,26.6
2367.231,-31.6,26.7,-31.0,27.2,-29.0,27.3,-28.6,26.6
2368.231,-31.4,26.7,-30.9,27.2,-28.8,27.3,-28.5,26.6
2369.231,-31.4,26.7,-30.9,27.1,-28.8,27.3,-28.5,26.6
2370.231,-29.1,26.7,-30.8,27.1,-25.0,27.3,-26.1,26.5
2371.231,-28.3,26.7,-28.3,27.1,-25.8,27.3,-26.0,26.5
2372.231,-2.5,27.0,-1.1,27.4,-3.0,27.6,-2.7,26.8
2373.231,6.6,27.3,4.4,27.7,4.4,27.9,2.9,27.1
2374.231,22.9,26.7,19.2,27.2,19.0,27.3,22.1,26.7
2375.231,26.3,26.6,24.6,27.0,22.0,27.2,24.4,26.5
2376.231,28.9,26.6,25.0,27.0,25.2,27.2,26.6,26.5
2377.231,29.4,26.6,25.2,27.1,25.8,27.3,26.9,26.5
2378.231,29.4,26.8,25.1,27.2,25.5,27.3,26.6,26.6
2379.231,29.2,27.1,25.1,27.3,25.5,27.4,26.7,26.7
2380.231,29.8,27.2,25.4,27.6,25.9,27.6,26.9,26.7
2381.231,29.5,27.3,25.2,27.8,25.5,27.9,26.6,26.9
2382.231,29.6,27.4,25.3,27.9,25.6,28.0,26.8,27.1
2383.231,29.6,27.5,25.2,28.0,25.6,28.2,26.8,27.2
2384.231,29.8,27.5,25.4,28.1,25.8,28.3,26.9,27.4
2385.231,29.9,27.6,25.4,28.2,25.9,28.4,26.9,27.5
2386.231,16.7,27.7,15.3,28.3,15.1,28.5,16.8,27.6
2387.231,-6.4,27.9,-2.2,28.6,-2.5,28.8,-5.2,27.8
2388.231,-24.7,27.6,-23.6,28.2,-20.6,28.5,-21.4,27.5
2389.231,-31.1,27.4,-30.5,28.0,-28.5,28.2,-27.8,27.3
2390.231,-31.2,27.1,-31.0,27.7,-29.0,27.9,-28.8,27.1
2391.231,-31.0,26.9,-30.9,27.5,-28.7,27.6,-33.2,26.8
2392.231,-31.2,26.8,-30.8,27.3,-28.8,27.5,-28.7,26.7
2393.231,-31.3,26.8,-30.9,27.3,-28.9,27.4,-30.4,26.6
2394.231,-31.3,26.7,-30.9,27.2,-28.8,27.4,-31.4,26.6
2395.231,-31.4,26.7,-30.9,27.2,-28.8,27.3,-28.7,26.6
2396.231,-31.6,26.7,-31.1,27.2,-29.0,27.3,-31.4,26.6
2397.231,-31.3,26.7,-30.8,27.2,-28.8,27.3,-28.5,26.6
2398.231,-31.1,26.7,-30.9,27.1,-28.6,27.3,-28.6,26.5
2399.231,-27.8,26.7,-30.3,27.1,-24.0,27.3,-25.0,26.5
2400.231,-20.5,26.7,-20.4,27.1,-20.0,27.3,-19.9,26.5
2401.231,-0.1,27.2,-0.0,27.6,-0.1,27.8,0.0,27.0
2402.231,8.5,27.3,6.0,27.8,7.5,27.9,7.6,27.1
2403.231,24.5,26.7,21.1,27.1,19.9,27.3,21.7,26.6
2404.231,26.8,26.6,25.0,27.0,22.1,27.2,25.3,26.5
2405.231,29.0,26.6,25.0,27.0,25.5,27.2,26.8,26.5
2406.231,29.4,26.7,25.2,27.1,25.7,27.3,30.2,26.5
2407.231,29.4,26.8,25.1,27.2,25.5,27.3,29.9,26.6
2408.231,29.2,27.1,25.1,27.4,25.5,27.5,27.0,26.7
2409.231,29.7,27.2,25.3,27.6,25.8,27.7,26.9,26.7
2410.231,29.5,27.4,25.2,27.8,25.6,27.9,26.7,26.9
2411.231,29.6,27.4,25.2,27.9,25.5,28.1,26.5,27.1
2412.231,29.5,27.5,25.3,28.0,25.7,28.2,30.4,27.3
2413.231,29.9,27.5,25.4,28.1,25.9,28.3,27.8,27.4
2414.231,29.7,27.6,25.2,28.2,25.6,28.4,26.8,27.5
2415.231,11.9,27.8,11.0,28.4,11.0,28.6,11.9,27.7
2416.231,-6.7,27.9,-2.5,28.6,-3.0,28.8,-5.8,27.8
2417.231,-26.5,27.6,-25.2,28.2,-21.8,28.4,-22.9,27.5
2418.231,-31.2,27.3,-30.6,27.9,-28.4,28.1,-28.5,27.3
2419.231,-31.2,27.1,-31.0,27.7,-28.9,27.8,-28.5,27.0
2420.231,-31.0,26.9,-30.8,27.4,-28.7,27.6,-28.4,26.8
2421.231,-31.2,26.8,-30.9,27.3,-28.9,27.5,-28.4,26.7
2422.231,-31.4,26.7,-30.9,27.3,-29.2,27.4,-28.9,26.6
2423.231,-31.3,26.7,-30.9,27.2,-29.1,27.4,-28.7,26.6
2424.231,-31.5,26.7,-30.9,27.2,-33.4,27.4,-28.5,26.6
2425.231,-31.8,26.7,-31.1,27.1,-29.1,27.3,-28.7,26.6
2426.231,-31.5,26.7,-30.9,27.1,-28.9,27.3,-28.5,26.5
2427.231,-31.0,26.7,-30.8,27.1,-28.3,27.3,-28.5,26.5
2428.231,-27.2,26.6,-30.1,27.1,-23.9,27.3,-24.5,26.5
2429.231,-19.1,26.7,-17.4,27.2,-17.0,27.3,-17.1,26.5
2430.231,-0.5,27.2,-0.2,27.6,-0.4,27.8,-0.2,27.0
2431.231,9.8,27.3,7.6,27.7,8.3,27.8,7.4,27.1
2432.231,24.3,26.7,20.8,27.1,20.2,27.3,22.1,26.6
2433.231,26.7,26.6,25.1,27.0,22.5,27.2,25.8,26.5
2434.231,29.3,26.6,25.1,27.0,25.6,27.2,26.9,26.5
2435.231,29.4,26.6,25.2,27.1,30.7,27.3,27.0,26.5
2436.231,29.2,26.9,25.0,27.2,25.6,27.4,26.7,26.6
2437.231,29.3,27.1,25.1,27.4,25.5,27.5,26.9,26.6
2438.231,29.5,27.2,25.3,27.6,25.7,27.7,26.9,26.8
2439.231,29.5,27.3,25.2,27.8,25.4,27.9,26.6,26.9
2440.231,29.4,27.4,25.2,27.9,25.6,28.1,26.9,27.1
2441.231,29.6,27.5,25.3,28.1,25.8,28.2,26.9,27.3
2442.231,29.6,27.5,25.3,28.1,25.7,28.3,26.9,27.4
2443.231,29.9,27.6,25.3,28.2,25.9,28.4,27.0,27.5
2444.231,8.9,27.8,8.4,28.4,7.8,28.6,9.0,27.7
2445.231,-8.8,27.9,-4.6,28.6,-4.6,28.8,-7.5,27.8
2446.231,-29.2,27.5,-27.5,28.1,-25.1,28.3,-25.4,27.5
2447.231,-31.3,27.3,-30.8,27.9,-28.8,28.1,-28.5,27.2
2448.231,-31.3,27.0,-31.0,27.7,-29.0,27.7,-28.6,27.0
2449.231,-31.1,26.8,-30.9,27.4,-28.7,27.5,-28.4,26.8
2450.231,-31.3,26.8,-30.9,27.3,-28.8,27.4,-28.6,26.7
2451.231,-31.4,26.7,-30.9,27.2,-28.8,27.3,-28.5,26.6
2452.231,-31.4,26.7,-30.9,27.2,-28.9,27.3,-28.5,26.6
2453.231,-31.7,26.7,-31.0,27.2,-28.9,27.3,-28.5,26.5
2454.231,-31.7,26.7,-31.0,27.2,-28.9,27.3,-28.5,26.5
2455.231,-31.5,26.6,-30.8,27.1,-28.7,27.3,-28.4,26.5
2456.231,-30.2,26.6,-30.8,27.1,-27.1,27.3,-27.9,26.5
2457.231,-27.9,26.6,-29.1,27.1,-24.6,27.3,-24.7,26.5
2458.231,-14.2,26.7,-13.7,27.2,-13.3,27.4,-13.1,26.6
2459.231,-0.0,27.2,0.1,27.7,0.1,27.9,0.5,27.0
2460.231,11.5,27.2,9.1,27.6,9.7,27.8,11.5,26.9
2461.231,25.5,26.6,22.4,27.1,21.7,27.3,23.1,26.6
2462.231,27.5,26.6,25.0,27.0,22.8,27.2,25.6,26.5
2463.231,29.3,26.6,24.9,27.0,25.3,27.2,26.6,26.5
2464.231,29.4,26.6,25.3,27.1,26.0,27.3,27.2,26.5
2465.231,29.2,26.9,25.0,27.2,25.3,27.3,26.5,26.6
2466.231,29.3,27.1,25.1,27.4,25.5,27.5,26.8,26.6
2467.231,29.7,27.2,25.3,27.6,25.8,27.7,27.0,26.8
2468.231,29.5,27.3,25.2,27.8,25.5,27.9,26.7,26.9
2469.231,29.4,27.4,25.1,27.9,25.3,28.0,26.5,27.1
2470.231,29.6,27.5,25.3,28.0,25.8,28.2,27.0,27.3
2471.231,29.6,27.5,25.4,28.1,25.9,28.3,27.1,27.4
2472.231,29.4,27.6,24.9,28.2,25.4,28.4,26.6,27.5
2473.231,6.3,27.8,6.5,28.4,6.1,28.6,6.7,27.7
2474.231,-10.8,27.8,-6.8,28.5,-6.3,28.7,-9.4,27.7
2475.231,-30.3,27.5,-28.7,28.1,-26.0,28.3,-25.5,27.4
2476.231,-31.3,27.3,-30.8,27.9,-28.8,28.1,-28.8,27.2
2477.231,-31.1,27.0,-31.0,27.6,-29.2,27.8,-29.4,27.0
2478.231,-31.0,26.8,-30.8,27.4,-28.6,27.5,-29.2,26.7
2479.231,-31.3,26.8,-30.9,27.3,-28.9,27.4,-28.9,26.6
2480.231,-31.3,26.7,-30.9,27.2,-28.8,27.4,-34.1,26.6
2481.231,-31.3,26.7,-30.9,27.2,-28.8,27.4,-28.8,26.6
2482.231,-31.5,26.7,-31.0,27.2,-28.9,27.3,-28.5,26.5
2483.231,-31.5,26.7,-31.0,27.2,-29.0,27.3,-28.7,26.5
2484.231,-31.3,26.6,-30.9,27.1,-28.7,27.3,-28.4,26.5
2485.231,-29.4,26.6,-30.8,27.1,-26.9,27.3,-28.2,26.5
2486.231,-28.2,26.6,-28.8,27.1,-25.1,27.3,-24.5,26.5
2487.231,-11.4,26.8,-10.4,27.2,-10.6,27.4,-10.9,26.6
2488.231,0.2,27.3,0.2,27.7,0.3,27.9,0.7,27.1
2489.231,16.1,27.0,13.9,27.4,13.3,27.6,15.1,26.8
2490.231,26.5,26.6,23.2,27.0,22.0,27.2,23.5,26.5
2491.231,27.9,26.5,24.9,27.0,24.1,27.2,26.3,26.5
2492.231,29.3,26.6,25.1,27.0,25.7,27.2,26.8,26.5
2493.231,29.4,26.7,25.2,27.1,25.7,27.3,26.8,26.5
2494.231,29.3,26.9,25.1,27.2,25.5,27.3,26.6,26.6
2495.231,29.3,27.1,25.2,27.4,25.7,27.5,26.5,26.6
2496.231,29.6,27.2,25.2,27.7,25.5,27.7,21.0,26.8
2497.231,29.6,27.4,25.2,27.8,25.6,27.9,20.9,26.9
2498.231,29.3,27.4,25.1,27.9,25.5,28.1,20.9,27.1
2499.231,29.7,27.5,25.3,28.1,25.9,28.2,21.4,27.3
2500.231,29.7,27.5,25.3,28.1,25.6,28.3,21.4,27.4
2501.231,28.2,27.6,24.1,28.2,24.4,28.4,20.8,27.5
2502.231,3.9,27.9,4.2,28.4,3.0,28.6,3.6,27.7
2503.231,-10.2,27.8,-6.0,28.6,-5.7,28.7,-8.9,27.7
2504.231,-29.2,27.5,-27.5,28.1,-25.2,28.3,-26.4,27.4
2505.231,-31.1,27.3,-30.7,27.9,-28.9,28.1,-30.0,27.2
2506.231,-31.0,27.0,-31.0,27.6,-28.9,27.7,-30.0,26.9
2507.231,-31.0,26.8,-30.9,27.4,-28.7,27.5,-29.8,26.8
2508.231,-31.3,26.7,-30.9,27.3,-28.9,27.4,-30.5,26.7
2509.231,-31.3,26.7,-30.9,27.2,-28.8,27.4,-29.8,26.6
2510.231,-31.3,26.7,-30.9,27.2,-28.9,27.3,-29.8,26.6
2511.231,-31.5,26.7,-30.9,27.1,-28.9,27.3,-29.6,26.5
2512.231,-31.6,26.7,-31.0,27.1,-29.0,27.3,-29.8,26.5
2513.231,-31.4,26.7,-30.8,27.1,-28.8,27.3,-29.5,26.5
2514.231,-30.0,26.6,-30.8,27.1,-26.8,27.3,-29.3,26.5
2515.231,-27.9,26.6,-29.2,27.1,-25.3,27.3,-25.9,26.5
2516.231,-12.7,26.8,-12.4,27.2,-12.0,27.4,-12.6,26.6
2517.231,0.2,27.3,-0.3,27.7,0.3,27.8,0.9,27.0
2518.231,15.5,27.0,13.3,27.5,13.8,27.6,13.4,26.8
2519.231,27.0,26.6,23.7,27.1,22.4,27.2,20.6,26.5
2520.231,27.5,26.5,25.0,27.0,23.6,27.2,22.9,26.5
2521.231,29.2,26.6,25.0,27.0,25.5,27.2,23.2,26.5
2522.231,29.3,26.7,25.1,27.1,25.6,27.3,23.4,26.5
2523.231,29.2,26.9,25.1,27.2,25.6,27.3,23.5,26.6
2524.231,29.4,27.1,25.2,27.4,25.6,27.5,23.6,26.7
2525.231,29.5,27.3,25.2,27.7,25.5,27.7,23.7,26.8
2526.231,29.5,27.3,25.2,27.8,25.6,27.9,23.9,27.0
2527.231,29.4,27.4,25.2,28.0,25.5,28.1,24.0,27.1
2528.231,29.5,27.5,25.3,28.1,25.7,28.2,24.2,27.3
2529.231,29.7,27.5,25.3,28.1,25.7,28.3,24.3,27.4
2530.231,27.5,27.6,23.7,28.2,23.9,28.4,23.1,27.5
2531.231,0.6,27.9,1.9,28.4,1.4,28.7,1.1,27.8
2532.231,-15.5,27.7,-12.0,28.5,-10.4,28.6,-13.4,27.6
2533.231,-30.8,27.4,-29.5,28.0,-27.5,28.2,-28.2,27.4
2534.231,-31.3,27.2,-30.9,27.8,-28.9,28.0,-29.2,27.2
2535.231,-30.9,27.0,-31.0,27.6,-29.2,27.7,-29.1,26.9
2536.231,-31.0,26.8,-30.8,27.4,-28.6,27.5,-28.9,26.7
2537.231,-31.2,26.8,-30.9,27.3,-28.9,27.4,-29.1,26.6
2538.231,-31.2,26.7,-30.9,27.2,-29.5,27.4,-29.0,26.6
2539.231,-31.4,26.7,-30.9,27.2,-28.9,27.3,-28.9,26.6
2540.231,-31.8,26.7,-31.0,27.1,-29.0,27.3,-29.0,26.5
2541.231,-31.4,26.7,-30.9,27.1,-28.9,27.3,-29.0,26.5
2542.231,-33.0,26.6,-30.9,27.1,-28.7,27.3,-28.7,26.5
2543.231,-28.6,26.6,-30.8,27.1,-25.5,27.2,-27.3,26.5
2544.231,-28.7,26.6,-28.5,27.1,-25.8,27.2,-25.8,26.5
2545.231,-4.3,26.9,-4.1,27.4,-4.7,27.5,-3.6,26.7
2546.231,0.5,27.3,0.2,27.8,0.4,27.9,1.1,27.1
2547.231,17.2,27.0,13.9,27.4,14.9,27.5,15.8,26.8
2548.231,26.5,26.6,23.6,27.0,22.2,27.2,23.2,26.5
2549.231,28.1,26.5,25.0,27.0,23.7,27.2,26.0,26.5
2550.231,29.0,26.6,25.0,27.0,25.4,27.2,26.2,26.5
2551.231,29.4,26.7,25.2,27.1,25.8,27.3,26.7,26.5
2552.231,29.1,26.9,25.0,27.2,25.3,27.3,26.4,26.6
2553.231,29.2,27.1,25.1,27.5,25.6,27.5,26.8,26.7
2554.231,32.7,27.3,25.2,27.7,25.6,27.7,26.5,26.8
2555.231,29.6,27.4,25.2,27.8,25.6,27.9,26.6,27.0
2556.231,29.4,27.4,25.1,27.9,25.5,28.1,26.6,27.1
2557.231,29.7,27.5,25.3,28.1,25.7,28.2,26.8,27.3
2558.231,29.8,27.5,25.3,28.1,25.8,28.3,26.8,27.4
2559.231,26.5,27.6,22.9,28.2,22.7,28.4,24.2,27.5
2560.231,1.7,27.9,2.0,28.5,1.1,28.7,1.6,27.8
2561.231,-12.0,27.8,-8.2,28.5,-7.3,28.7,-10.2,27.7
2562.231,-30.2,27.4,-28.7,28.0,-26.3,28.3,-26.7,27.4
2563.231,-31.1,27.2,-30.9,27.8,-28.7,28.0,-28.7,27.2
2564.231,-30.8,27.0,-30.9,27.6,-28.9,27.7,-28.5,26.9
2565.231,-30.8,26.8,-30.8,27.3,-28.7,27.5,-28.4,26.7
2566.231,-31.1,26.7,-30.9,27.3,-29.1,27.4,-28.8,26.6
2567.231,-31.1,26.7,-30.8,27.2,-29.1,27.3,-28.5,26.6
2568.231,-31.2,26.7,-30.9,27.2,-28.9,27.3,-28.6,26.6
2569.231,-31.5,26.7,-31.0,27.1,-28.9,27.3,-28.6,26.5
2570.231,-31.4,26.7,-30.8,27.1,-28.9,27.3,-28.8,26.5
2571.231,-31.4,26.6,-30.8,27.1,-28.7,27.3,-28.6,26.5
2572.231,-29.3,26.6,-30.9,27.1,-26.0,27.3,-28.0,26.5
2573.231,-28.2,26.6,-29.1,27.1,-25.8,27.3,-25.2,26.5
2574.231,-8.3,26.8,-8.4,27.3,-8.3,27.4,-8.1,26.7
2575.231,0.2,27.3,-0.5,27.7,0.3,27.9,0.6,27.1
2576.231,16.0,27.1,12.4,27.5,13.3,27.6,15.2,26.8
2577.231,26.5,26.6,23.8,27.0,22.3,27.2,23.1,26.5
2578.231,28.2,26.6,25.1,27.0,24.0,27.2,26.7,26.5
2579.231,29.1,26.6,24.9,27.0,25.3,27.2,26.4,26.5
2580.231,29.5,26.7,25.2,27.1,25.7,27.3,26.7,26.5
2581.231,29.3,26.9,25.0,27.2,25.5,27.3,26.6,26.6
2582.231,29.7,27.1,25.1,27.4,25.5,27.5,26.6,26.6
2583.231,29.7,27.2,25.2,27.6,25.6,27.7,26.6,26.8
2584.231,29.4,27.3,25.1,27.8,25.4,27.9,26.5,27.0
2585.231,29.6,27.4,25.3,27.9,25.7,28.1,26.8,27.1
2586.231,29.7,27.5,25.2,28.0,25.6,28.2,26.6,27.3
2587.231,29.6,27.5,25.3,28.1,25.8,28.3,26.9,27.4
2588.231,27.4,27.6,23.6,28.2,23.9,28.4,25.1,27.5
2589.231,1.3,27.9,2.3,28.4,2.1,28.6,1.9,27.7
2590.231,-14.9,27.8,-11.2,28.5,-9.4,28.6,-12.3,27.6
2591.231,-31.0,27.4,-29.5,28.0,-27.2,28.2,-27.5,27.4
2592.231,-31.4,27.2,-30.9,27.8,-29.0,28.0,-28.8,27.2
2593.231,-31.0,27.0,-30.9,27.5,-28.8,27.7,-28.6,26.9
2594.231,-31.1,26.8,-30.8,27.3,-28.6,27.5,-28.5,26.7
2595.231,-31.3,26.8,-30.9,27.3,-28.9,27.4,-28.7,26.6
2596.231,-31.3,26.7,-30.8,27.2,-28.8,27.3,-28.6,26.6
2597.231,-31.4,26.7,-30.9,27.2,-28.8,27.3,-28.6,26.6
2598.231,-31.7,26.7,-31.0,27.1,-28.9,27.3,-28.6,26.5
2599.231,-31.5,26.7,-30.9,27.1,-28.9,27.3,-28.7,26.5
2600.231,-31.5,26.6,-30.9,27.1,-28.8,27.3,-28.5,26.5
2601.231,-28.8,26.6,-30.8,27.1,-26.1,27.2,-27.6,26.5
2602.231,-27.5,26.6,-28.3,27.1,-26.0,27.3,-25.5,26.5
2603.231,-8.4,26.8,-7.1,27.3,-6.7,27.5,-5.6,26.7
2604.231,1.3,27.3,0.0,27.7,0.2,27.9,-0.2,27.1
2605.231,15.7,27.0,11.3,27.6,12.4,27.7,12.4,27.0
2606.231,26.0,26.6,22.9,27.0,21.5,27.2,23.7,26.5
2607.231,27.6,26.5,25.0,27.0,23.3,27.2,25.9,26.5
2608.231,29.4,26.6,25.1,27.0,25.6,27.2,26.8,26.5
2609.231,29.2,26.7,25.0,27.1,25.5,27.2,26.6,26.5
2610.231,29.5,26.9,25.2,27.2,25.7,27.3,26.8,26.6
2611.231,29.3,27.1,25.0,27.4,25.6,27.5,26.4,26.6
2612.231,29.5,27.2,25.2,27.7,25.7,27.7,26.7,26.8
2613.231,29.5,27.3,25.2,27.8,25.5,27.9,26.6,26.9
2614.231,29.3,27.4,25.1,27.9,25.4,28.0,26.5,27.1
2615.231,29.8,27.5,25.3,28.0,25.7,28.2,26.7,27.3
2616.231,29.6,27.5,25.3,28.1,25.8,28.3,26.9,27.4
2617.231,28.5,27.6,24.3,28.2,24.6,28.4,25.8,27.5
2618.231,5.4,27.8,5.6,28.4,4.8,28.6,5.6,27.7
2619.231,-8.2,27.9,-4.0,28.6,-4.1,28.8,-7.2,27.8
2620.231,-27.5,27.4,-26.1,28.1,-23.1,28.3,-24.1,27.4
2621.231,-31.0,27.3,-30.6,27.9,-28.8,28.1,-28.5,27.2
2622.231,-31.1,27.0,-31.0,27.6,-28.9,27.8,-29.0,27.0
2623.231,-30.9,26.9,-30.8,27.4,-27.1,27.5,-28.5,26.8
2624.231,-31.1,26.8,-30.8,27.3,-29.5,27.4,-28.5,26.7
2625.231,-31.2,26.7,-30.9,27.2,-33.4,27.3,-29.3,26.6
2626.231,-31.2,26.7,-30.9,27.2,-31.7,27.3,-28.6,26.6
2627.231,-31.4,26.7,-30.9,27.1,-29.3,27.3,-28.6,26.5
2628.231,-31.5,26.7,-31.0,27.1,-31.2,27.3,-29.6,26.5
2629.231,-31.4,26.6,-30.9,27.1,-28.9,27.3,-29.2,26.5
2630.231,-30.3,26.6,-30.8,27.0,-28.5,27.2,-28.6,26.5
2631.231,-27.8,26.6,-30.2,27.0,-24.2,27.3,-25.1,26.5
2632.231,-15.6,26.7,-16.0,27.1,-15.2,27.3,-14.6,26.6
2633.231,-0.5,27.2,-0.7,27.5,-0.1,27.8,0.1,27.0
2634.231,8.6,27.2,5.6,27.7,8.0,27.8,9.6,27.0
2635.231,25.5,26.6,21.1,27.1,19.9,27.3,21.4,26.5
2636.231,26.6,26.5,24.8,26.9,22.2,27.2,25.2,26.5
2637.231,29.1,26.6,25.0,27.0,26.5,27.2,26.6,26.5
2638.231,29.3,26.6,25.1,27.0,27.0,27.2,30.5,26.5
2639.231,29.3,26.8,25.0,27.1,25.4,27.3,26.6,26.5
2640.231,29.3,27.0,25.0,27.3,29.7,27.4,26.6,26.6
2641.231,29.6,27.2,25.3,27.6,26.1,27.6,26.9,26.7
2642.231,29.5,27.3,25.2,27.7,25.6,27.8,26.5,26.9
2643.231,29.4,27.4,25.1,27.9,25.3,28.0,26.4,27.1
2644.231,29.7,27.4,25.3,28.0,25.8,28.1,26.9,27.2
2645.231,29.7,27.5,25.3,28.1,27.9,28.3,26.8,27.3
2646.231,29.6,27.6,25.1,28.1,26.5,28.4,26.7,27.4
2647.231,11.0,27.7,10.4,28.3,9.8,28.6,10.5,27.6
2648.231,-7.6,27.9,-3.1,28.6,-1.8,28.9,-6.3,27.7
2649.231,-27.4,27.5,-25.7,28.1,-24.2,28.4,-23.8,27.4
2650.231,-31.3,27.3,-30.6,27.9,-28.8,28.1,-28.5,27.2
2651.231,-31.1,27.0,-30.9,27.6,-31.3,27.8,-28.7,27.0
2652.231,-31.1,26.8,-30.9,27.4,-28.8,27.5,-28.5,26.7
2653.231,-31.1,26.7,-30.8,27.2,-28.8,27.4,-28.6,26.6
2654.231,-31.3,26.7,-30.9,27.2,-28.9,27.3,-28.6,26.6
2655.231,-31.3,26.7,-30.8,27.1,-28.8,27.3,-28.6,26.5
2656.231,-31.5,26.7,-30.9,27.1,-28.9,27.3,-28.5,26.5
2657.231,-31.7,26.6,-31.0,27.1,-29.2,27.3,-28.8,26.5
2658.231,-31.4,26.6,-30.8,27.1,-28.8,27.3,-28.4,26.5
2659.231,-30.4,26.6,-30.7,27.1,-28.2,27.2,-28.4,26.5
2660.231,-27.2,26.6,-29.8,27.0,-24.8,27.2,-25.0,26.5
2661.231,-18.9,26.7,-17.6,27.1,-16.7,27.3,-17.0,26.5
2662.231,-0.6,27.1,-0.2,27.6,-0.2,27.7,-0.3,26.9
2663.231,5.8,27.3,5.6,27.7,7.0,27.8,9.0,27.0
2664.231,25.4,26.6,20.6,27.1,20.2,27.2,21.0,26.6
2665.231,27.2,26.5,24.8,26.9,21.9,27.2,25.3,26.5
2666.231,29.2,26.5,24.9,27.0,25.3,27.1,26.4,26.4
2667.231,29.5,26.6,25.1,27.0,26.7,27.2,26.6,26.5
2668.231,29.4,26.8,25.1,27.1,25.6,27.3,26.6,26.5
2669.231,29.2,27.0,24.9,27.3,25.3,27.4,26.4,26.6
2670.231,29.7,27.2,25.3,27.5,25.8,27.6,26.8,26.7
2671.231,29.7,27.3,25.2,27.7,25.7,27.8,26.6,26.9
2672.231,29.4,27.3,25.1,27.9,25.4,28.0,26.5,27.0
2673.231,29.6,27.4,25.1,27.9,25.5,28.1,26.6,27.2
2674.231,30.0,27.5,25.4,28.0,26.0,28.2,26.9,27.3
2675.231,29.8,27.5,25.1,28.1,25.7,28.3,26.7,27.4
2676.231,14.3,27.7,13.2,28.3,12.2,28.5,13.2,27.6
2677.231,-4.4,27.9,-0.5,28.6,-1.0,28.8,-3.1,27.8
2678.231,-21.0,27.6,-19.5,28.2,-16.3,28.4,-18.2,27.5
2679.231,-31.1,27.3,-30.0,27.9,-28.7,28.1,-28.4,27.3
2680.231,-31.4,27.1,-30.9,27.7,-29.1,27.9,-28.8,27.0
2681.231,-31.1,26.9,-30.8,27.4,-28.8,27.5,-28.5,26.8
2682.231,-31.1,26.7,-30.7,27.3,-28.7,27.4,-28.5,26.6
2683.231,-31.5,26.7,-30.9,27.2,-29.4,27.3,-28.6,26.6
2684.231,-31.4,26.6,-30.8,27.1,-28.9,27.3,-28.6,26.6
2685.231,-31.5,26.6,-30.8,27.1,-28.9,27.3,-28.5,26.5
2686.231,-31.8,26.6,-30.9,27.1,-29.0,27.3,-28.6,26.5
2687.231,-31.5,26.6,-30.8,27.1,-28.8,27.2,-28.5,26.5
2688.231,-31.4,26.6,-30.9,27.1,-28.8,27.2,-28.5,26.5
2689.231,-27.3,26.6,-30.8,27.0,-25.0,27.2,-26.0,26.5
2690.231,-27.0,26.6,-24.6,27.0,-23.5,27.2,-23.8,26.5
2691.231,0.3,27.0,-0.4,27.4,0.0,27.6,1.4,26.8
2692.231,6.3,27.3,2.8,27.7,6.2,27.7,8.3,26.8
2693.231,25.1,26.6,21.0,27.1,19.9,27.2,20.0,26.5
2694.231,26.5,26.5,24.7,26.9,21.9,27.2,25.3,26.4
2695.231,29.2,26.5,24.9,27.0,25.8,27.1,26.6,26.4
2696.231,29.4,26.6,25.0,27.0,25.5,27.2,26.5,26.5
2697.231,29.5,26.8,25.1,27.1,25.7,27.3,26.7,26.5
2698.231,29.3,27.0,25.0,27.3,25.5,27.4,26.6,26.6
2699.231,29.6,27.2,25.1,27.5,25.6,27.6,26.6,26.7
2700.231,29.6,27.3,25.1,27.7,25.5,27.8,26.6,26.8
2701.231,29.7,27.3,25.2,27.8,25.5,28.0,26.5,27.0
2702.231,29.6,27.4,25.2,27.9,25.8,28.1,26.8,27.2
2703.231,29.7,27.5,25.2,28.0,25.7,28.2,26.7,27.3
2704.231,29.8,27.5,25.2,28.1,25.8,28.3,26.8,27.4
2705.231,12.5,27.7,12.0,28.2,11.3,28.5,12.9,27.6
2706.231,-6.7,27.9,-2.3,28.5,-3.0,28.7,-5.8,27.7
2707.231,-26.5,27.5,-25.0,28.1,-22.4,28.3,-22.9,27.4
2708.231,-31.2,27.3,-30.5,27.8,-28.7,28.1,-28.6,27.2
2709.231,-31.2,27.0,-30.9,27.6,-29.0,27.8,-28.7,27.0
2710.231,-31.0,26.8,-30.8,27.4,-28.8,27.5,-28.6,26.7
2711.231,-31.2,26.7,-30.8,27.3,-28.7,27.4,-29.4,26.6
2712.231,-31.3,26.7,-30.9,27.2,-28.8,27.3,-28.7,26.6
2713.231,-31.4,26.6,-30.9,27.1,-28.8,27.3,-28.7,26.5
2714.231,-31.5,26.6,-30.9,27.1,-28.8,27.3,-28.6,26.5
2715.231,-31.7,26.6,-31.0,27.1,-29.1,27.2,-28.8,26.5
2716.231,-31.4,26.6,-30.8,27.0,-28.8,27.2,-28.6,26.5
2717.231,-30.6,26.6,-30.8,27.0,-28.1,27.2,-28.6,26.4
2718.231,-27.7,26.6,-29.9,27.0,-23.9,27.2,-24.9,26.4
2719.231,-17.5,26.6,-17.1,27.1,-17.0,27.2,-16.1,26.5
2720.231,-0.5,27.1,-0.2,27.5,0.0,27.7,0.3,26.9
2721.231,10.4,27.1,7.8,27.6,8.6,27.7,11.1,26.8
2722.231,25.6,26.6,22.1,27.0,20.9,27.2,21.9,26.5
2723.231,27.0,26.5,24.8,26.9,22.4,27.1,25.5,26.4
2724.231,29.4,26.5,24.9,26.9,25.5,27.1,26.5,26.4
2725.231,29.7,26.6,25.2,27.0,25.9,27.2,26.8,26.5
2726.231,29.3,26.8,25.0,27.1,25.5,27.3,26.5,26.5
2727.231,29.2,27.0,24.9,27.3,25.3,27.4,26.5,26.6
2728.231,29.7,27.1,25.2,27.6,25.7,27.6,26.7,26.7
2729.231,29.7,27.3,25.2,27.7,25.6,27.8,26.6,26.9
2730.231,29.4,27.3,25.0,27.8,25.3,28.0,26.3,27.0
2731.231,29.6,27.4,25.2,28.0,25.7,28.1,26.7,27.2
2732.231,30.0,27.5,25.4,28.0,26.1,28.2,27.1,27.3
2733.231,29.7,27.5,25.0,28.1,25.5,28.3,26.5,27.4
2734.231,9.4,27.7,9.0,28.3,7.9,28.5,8.9,27.6
2735.231,-6.0,27.9,-1.6,28.5,-2.0,28.8,-4.4,27.8
2736.231,-24.4,27.5,-22.8,28.1,-19.8,28.3,-21.0,27.4
2737.231,-31.1,27.2,-30.3,27.8,-28.6,28.1,-28.4,27.2
2738.231,-31.4,27.0,-30.9,27.6,-29.1,27.8,-28.7,27.0
2739.231,-31.1,26.8,-30.8,27.4,-28.7,27.5,-28.5,26.8
2740.231,-31.2,26.7,-30.7,27.2,-28.8,27.3,-28.6,26.6
2741.231,-31.4,26.6,-30.8,27.2,-28.9,27.3,-28.7,26.6
2742.231,-31.4,26.6,-30.8,27.1,-29.4,27.3,-28.6,26.5
2743.231,-31.5,26.6,-30.8,27.1,-28.8,27.3,-28.6,26.5
2744.231,-31.8,26.6,-31.0,27.1,-29.0,27.2,-28.8,26.5
2745.231,-31.5,26.6,-30.8,27.1,-28.7,27.2,-28.6,26.5
2746.231,-31.3,26.6,-30.8,27.0,-28.8,27.2,-28.6,26.4
2747.231,-27.3,26.6,-30.3,27.0,-24.3,27.2,-25.6,26.4
2748.231,-21.7,26.6,-19.2,27.0,-19.4,27.2,-19.1,26.4
2749.231,-0.1,27.1,-0.3,27.4,-0.3,27.6,0.1,26.9
2750.231,6.9,27.2,5.0,27.7,5.1,27.8,5.7,27.0
2751.231,23.4,26.6,19.6,27.1,19.4,27.2,20.5,26.5
2752.231,26.4,26.5,24.7,26.9,21.9,27.1,24.9,26.4
2753.231,29.2,26.5,25.0,26.9,25.7,27.1,26.7,26.4
2754.231,29.4,26.5,25.1,27.0,26.2,27.2,26.5,26.4
2755.231,29.4,26.7,25.1,27.1,25.7,27.2,26.7,26.5
2756.231,29.3,27.0,24.9,27.3,25.3,27.3,26.4,26.6
2757.231,29.8,27.1,25.3,27.5,25.9,27.5,26.9,26.6
2758.231,29.6,27.2,25.1,27.7,25.4,27.8,26.4,26.8
2759.231,29.5,27.3,25.2,27.8,25.7,27.9,26.9,27.0
2760.231,29.7,27.4,25.2,27.9,25.7,28.1,26.7,27.1
2761.231,29.7,27.4,25.2,28.0,25.7,28.2,26.7,27.3
2762.231,29.9,27.5,25.3,28.1,25.8,28.3,26.7,27.4
2763.231,15.1,27.6,13.9,28.2,13.4,28.4,15.3,27.5
2764.231,-5.9,27.9,-1.7,28.5,-2.2,28.7,-4.9,27.7
2765.231,-24.7,27.5,-23.4,28.1,-20.9,28.3,-21.6,27.4
2766.231,-31.2,27.3,-30.4,27.8,-28.5,28.1,-28.4,27.2
2767.231,-31.4,27.0,-30.9,27.6,-29.0,27.8,-28.8,27.0
2768.231,-31.1,26.8,-30.8,27.4,-28.7,27.5,-28.6,26.7
2769.231,-31.2,26.7,-30.7,27.2,-28.7,27.4,-28.6,26.6
2770.231,-31.5,26.7,-30.9,27.1,-29.0,27.3,-28.8,26.5
2771.231,-31.4,26.6,-30.8,27.1,-28.7,27.3,-28.6,26.5
2772.231,-31.5,26.6,-30.8,27.1,-28.9,27.2,-28.6,26.5
2773.231,-31.8,26.6,-31.0,27.1,-29.1,27.2,-28.8,26.5
2774.231,-31.5,26.6,-30.7,27.1,-28.8,27.2,-28.6,26.5
2775.231,-31.1,26.6,-30.7,27.0,-28.5,27.2,-28.6,26.4
2776.231,-27.5,26.6,-30.2,27.0,-24.5,27.2,-25.5,26.4
2777.231,-18.9,26.6,-18.8,27.1,-18.2,27.2,-18.4,26.5
2778.231,-0.5,27.1,-0.3,27.5,0.1,27.7,0.6,26.9
2779.231,8.5,27.2,6.2,27.7,7.6,27.8,9.7,26.9
2780.231,24.5,26.6,21.0,27.0,19.9,27.2,21.3,26.5
2781.231,26.6,26.5,25.1,26.9,22.4,27.1,25.1,26.4
2782.231,29.1,26.5,24.9,26.9,25.6,27.1,26.5,26.4
2783.231,29.4,26.6,25.1,27.0,25.8,27.2,26.7,26.5
2784.231,29.5,26.8,25.0,27.1,25.5,27.2,26.4,26.5
2785.231,29.1,27.0,24.9,27.3,25.3,27.3,26.4,26.6
2786.231,29.7,27.1,25.2,27.5,25.7,27.6,26.7,26.7
2787.231,29.7,27.3,25.2,27.7,25.5,27.8,26.4,26.8
2788.231,29.6,27.3,25.2,27.8,25.6,27.9,26.6,27.0
2789.231,29.4,27.4,25.1,27.9,27.0,28.1,26.5,27.2
2790.231,29.9,27.4,25.4,28.0,26.1,28.2,26.9,27.3
2791.231,29.7,27.5,25.1,28.1,25.6,28.3,26.6,27.4
2792.231,10.3,27.7,9.7,28.3,9.1,28.5,9.8,27.6
2793.231,-7.0,27.9,-2.8,28.5,-3.1,28.7,-6.0,27.7
2794.231,-26.3,27.5,-24.9,28.1,-22.2,28.3,-23.2,27.4
2795.231,-31.3,27.2,-30.5,27.8,-28.7,28.0,-28.6,27.2
2796.231,-31.3,27.0,-30.9,27.6,-29.0,27.7,-28.9,26.9
2797.231,-31.1,26.8,-30.7,27.3,-28.6,27.5,-28.4,26.7
2798.231,-31.2,26.7,-30.7,27.2,-28.8,27.3,-28.7,26.6
2799.231,-31.5,26.7,-30.9,27.2,-28.9,27.3,-28.7,26.5
2800.231,-31.4,26.6,-30.8,27.1,-28.8,27.3,-28.6,26.5
2801.231,-31.6,26.6,-30.8,27.1,-28.8,27.2,-28.6,26.5
2802.231,-31.8,26.6,-30.9,27.1,-29.0,27.2,-28.7,26.5
2803.231,-31.5,26.6,-30.7,27.0,-28.8,27.2,-28.5,26.5
2804.231,-30.7,26.6,-30.7,27.0,-28.0,27.2,-28.5,26.4
2805.231,-27.6,26.6,-29.9,27.0,-24.2,27.2,-24.9,26.4
2806.231,-19.2,26.6,-16.6,27.1,-17.6,27.2,-17.0,26.5
2807.231,0.2,27.1,-0.2,27.5,0.1,27.7,0.5,26.9
2808.231,12.3,27.1,7.8,27.6,9.5,27.6,12.6,26.8
2809.231,25.3,26.6,22.2,27.0,20.9,27.2,22.3,26.5
2810.231,27.3,26.5,24.9,26.9,22.9,27.1,25.6,26.4
2811.231,29.3,26.5,25.0,26.9,25.8,27.1,26.6,26.4
2812.231,29.4,26.6,25.1,27.0,25.6,27.2,26.5,26.5
2813.231,29.4,26.8,25.1,27.1,25.6,27.2,26.7,26.5
2814.231,29.4,27.0,25.0,27.3,25.4,27.4,26.5,26.6
2815.231,29.6,27.2,25.2,27.5,25.7,27.6,26.7,26.7
2816.231,29.7,27.2,25.2,27.7,25.5,27.8,26.5,26.9
2817.231,29.4,27.3,25.1,27.8,25.4,28.0,26.4,27.0
2818.231,29.7,27.4,25.3,27.9,26.0,28.1,27.0,27.2
2819.231,29.7,27.4,25.3,28.0,25.7,28.2,26.7,27.3
2820.231,29.6,27.5,25.0,28.1,25.6,28.3,26.6,27.4
2821.231,5.5,27.8,5.7,28.3,5.1,28.5,5.8,27.6
2822.231,-8.5,27.8,-4.3,28.5,-4.3,28.7,-7.4,27.7
2823.231,-28.8,27.4,-27.0,28.0,-24.5,28.2,-24.9,27.4
2824.231,-31.5,27.2,-30.7,27.8,-28.8,28.0,-28.6,27.2
2825.231,-31.3,26.9,-30.9,27.6,-28.9,27.6,-28.8,26.9
2826.231,-31.1,26.8,-30.7,27.3,-28.7,27.4,-28.5,26.7
2827.231,-31.4,26.7,-30.8,27.2,-28.8,27.3,-28.7,26.6
2828.231,-31.5,26.7,-30.8,27.2,-28.9,27.3,-28.7,26.5
2829.231,-31.5,26.6,-30.8,27.1,-28.9,27.2,-28.7,26.5
2830.231,-31.7,26.6,-30.9,27.1,-28.9,27.2,-28.6,26.5
2831.231,-31.8,26.6,-30.9,27.0,-29.0,27.2,-28.7,26.5
2832.231,-31.6,26.6,-30.7,27.0,-28.7,27.2,-28.5,26.5
2833.231,-30.0,26.6,-30.7,27.0,-27.2,27.2,-28.3,26.4
2834.231,-28.1,26.6,-29.2,27.0,-24.2,27.2,-25.4,26.4
2835.231,-13.5,26.6,-12.4,27.1,-13.2,27.3,-12.7,26.5
2836.231,0.4,27.1,-0.2,27.5,0.1,27.8,0.4,27.0
2837.231,14.4,26.9,11.3,27.4,10.9,27.6,13.5,26.8
2838.231,26.5,26.5,22.2,27.0,21.1,27.2,22.5,26.5
2839.231,26.8,26.5,25.0,26.9,23.1,27.1,25.8,26.4
2840.231,29.3,26.5,25.0,27.0,25.8,27.1,26.6,26.4
2841.231,29.4,26.6,25.1,27.0,25.6,27.2,26.5,26.4
2842.231,29.3,26.8,25.0,27.1,25.6,27.2,26.5,26.5
2843.231,29.3,27.0,25.0,27.4,25.5,27.4,26.5,26.6
2844.231,29.5,27.2,25.2,27.6,25.6,27.6,26.5,26.7
2845.231,29.8,27.3,25.2,27.7,25.6,27.8,26.5,26.9
2846.231,29.3,27.3,25.0,27.9,25.4,28.0,26.4,27.0
2847.231,29.6,27.4,25.2,27.9,25.9,28.1,26.7,27.2
2848.231,29.8,27.5,25.3,28.0,25.9,28.2,26.8,27.3
2849.231,29.2,27.5,24.7,28.1,25.2,28.3,26.2,27.4
2850.231,4.2,27.8,4.8,28.3,4.1,28.5,4.2,27.7
2851.231,-11.6,27.8,-7.3,28.4,-6.5,28.6,-9.6,27.7
2852.231,-30.5,27.4,-28.2,28.0,-26.0,28.2,-26.7,27.3
2853.231,-31.5,27.2,-30.5,27.8,-28.8,27.9,-28.2,27.1
2854.231,-31.3,26.9,-31.0,27.5,-28.8,27.6,-28.4,26.9
2855.231,-31.2,26.8,-30.7,27.3,-28.5,27.4,-28.6,26.7
2856.231,-31.5,26.7,-30.8,27.2,-28.9,27.3,-32.6,26.6
2857.231,-31.5,26.7,-30.8,27.1,-28.7,27.3,-28.6,26.5
2858.231,-31.5,26.6,-33.6,27.1,-29.0,27.2,-28.7,26.5
2859.231,-31.8,26.6,-30.8,27.1,-29.1,27.2,-28.6,26.5
2860.231,-31.7,26.6,-31.0,27.0,-28.9,27.2,-28.7,26.5
2861.231,-31.7,26.6,-30.8,27.0,-29.7,27.2,-28.6,26.4
2862.231,-29.5,26.6,-30.7,27.0,-26.3,27.2,-28.3,26.4
2863.231,-28.4,26.6,-28.8,27.0,-25.1,27.2,-25.3,26.4
2864.231,-8.7,26.7,-9.0,27.2,-9.2,27.3,-7.5,26.6
2865.231,0.5,27.2,0.1,27.6,0.3,27.8,0.4,27.0
2866.231,16.5,26.9,13.4,27.4,13.3,27.5,14.3,26.8
2867.231,25.8,26.5,23.1,27.0,21.9,27.1,23.4,26.5
2868.231,28.1,26.5,25.0,26.9,23.6,27.1,26.5,26.4
2869.231,29.3,26.5,25.0,27.0,25.8,27.1,26.7,26.4
2870.231,29.5,26.6,25.2,27.0,25.7,27.2,26.7,26.5
2871.231,29.2,26.9,25.0,27.1,25.4,27.3,26.5,26.5
2872.231,29.3,27.0,25.1,27.3,25.4,27.4,26.5,26.6
2873.231,29.7,27.2,25.3,27.6,25.9,27.6,27.0,26.7
2874.231,29.3,27.3,25.0,27.7,25.3,27.8,26.3,26.9
2875.231,29.4,27.3,25.1,27.8,25.5,28.0,26.6,27.1
2876.231,29.8,27.4,25.4,27.9,26.0,28.1,27.1,27.2
2877.231,29.6,27.5,25.2,28.0,25.7,28.2,26.7,27.3
2878.231,27.8,27.5,23.8,28.1,24.0,28.3,25.2,27.4
2879.231,1.1,27.8,2.7,28.3,1.8,28.6,1.5,27.7
2880.231,-15.4,27.7,-11.5,28.4,-9.8,28.6,-12.6,27.6
2881.231,-31.2,27.3,-29.5,27.9,-27.7,28.1,-28.0,27.3
2882.231,-31.5,27.1,-30.8,27.7,-29.0,27.9,-28.8,27.1
2883.231,-31.2,26.9,-30.9,27.5,-28.8,27.6,-28.6,26.8
2884.231,-31.1,26.7,-30.7,27.2,-28.6,27.4,-28.5,26.6
2885.231,-31.4,26.7,-30.8,27.2,-28.9,27.3,-28.8,26.6
2886.231,-31.4,26.7,-30.7,27.1,-28.7,27.3,-28.5,26.5
2887.231,-31.6,26.6,-30.8,27.1,-28.8,27.2,-28.6,26.5
2888.231,-31.8,26.6,-30.9,27.0,-28.9,27.2,-28.6,26.5
2889.231,-31.6,26.6,-30.8,27.0,-28.9,27.2,-28.7,26.5
2890.231,-31.6,26.6,-30.7,27.0,-28.8,27.2,-28.6,26.4
2891.231,-29.1,26.6,-30.7,27.0,-25.6,27.2,-27.2,26.4
2892.231,-28.3,26.6,-28.4,27.0,-25.7,27.2,-25.5,26.4
2893.231,-5.5,26.8,-5.9,27.2,-6.2,27.4,-5.9,26.6
2894.231,0.2,27.3,-0.1,27.7,0.0,27.8,0.1,27.0
2895.231,10.0,27.2,8.5,27.6,8.9,27.8,11.0,26.9
2896.231,25.4,26.6,20.9,27.0,20.3,27.2,22.2,26.5
2897.231,26.5,26.5,25.1,26.9,22.1,27.1,25.4,26.4
2898.231,29.0,26.5,24.9,26.9,25.7,27.1,26.6,26.4
2899.231,29.3,26.6,25.0,27.0,25.8,27.2,26.7,26.4
2900.231,29.4,26.8,25.1,27.1,25.6,27.2,26.7,26.5
2901.231,29.2,27.0,25.0,27.3,25.5,27.3,26.7,26.6
2902.231,29.6,27.1,25.2,27.5,25.6,27.6,26.7,26.6
2903.231,29.6,27.2,25.2,27.7,25.5,27.8,26.4,26.8
2904.231,29.4,27.3,25.2,27.8,25.7,27.9,32.8,27.0
2905.231,29.5,27.4,25.1,27.9,25.5,28.1,26.8,27.2
2906.231,29.7,27.4,25.3,28.0,25.8,28.2,26.8,27.3
2907.231,29.8,27.5,25.2,28.1,25.9,28.3,27.1,27.4
2908.231,8.0,27.7,8.0,28.2,7.7,28.5,8.3,27.6
2909.231,-10.3,27.7,-6.3,28.4,-5.9,28.6,-9.4,27.6
2910.231,-30.1,27.4,-28.0,28.0,-23.8,28.2,-26.3,27.3
2911.231,-31.3,27.2,-30.6,27.8,-28.7,28.0,-28.6,27.1
2912.231,-31.2,26.9,-30.9,27.5,-32.4,27.7,-28.7,26.9
2913.231,-31.2,26.8,-30.8,27.3,-29.1,27.4,-28.5,26.7
2914.231,-31.4,26.7,-30.8,27.2,-28.8,27.3,-28.6,26.6
2915.231,-31.4,26.7,-30.8,27.1,-29.1,27.3,-28.6,26.5
2916.231,-31.5,26.6,-30.8,27.1,-28.9,27.2,-28.7,26.5
2917.231,-31.7,26.6,-30.9,27.1,-28.9,27.2,-28.6,26.5
2918.231,-31.6,26.6,-30.9,27.0,-29.0,27.2,-28.7,26.5
2919.231,-31.6,26.6,-30.8,27.0,-28.9,27.2,-28.6,26.4
2920.231,-29.6,26.6,-30.7,27.0,-27.7,27.1,-28.0,26.4
2921.231,-28.4,26.5,-28.8,27.0,-25.6,27.1,-25.4,26.4
2922.231,-10.2,26.7,-10.2,27.2,-10.0,27.3,-9.0,26.6
2923.231,0.8,27.2,0.0,27.6,0.5,27.8,1.8,27.0
2924.231,15.6,26.9,12.5,27.4,12.6,27.5,15.2,26.6
2925.231,26.6,26.5,23.3,27.0,22.1,27.1,22.9,26.4
2926.231,27.8,26.5,25.0,26.9,25.3,27.1,26.8,26.4
2927.231,29.2,26.5,25.0,27.0,26.5,27.1,26.4,26.4
2928.231,29.4,26.6,25.1,27.0,25.8,27.1,26.8,26.4
2929.231,29.3,26.8,25.0,27.1,25.5,27.2,26.6,26.5
2930.231,29.3,27.0,25.1,27.4,25.5,27.4,26.7,26.6
2931.231,29.6,27.2,25.2,27.6,25.5,27.6,26.6,26.7
2932.231,29.6,27.3,25.2,27.7,27.7,27.8,26.6,26.9
2933.231,29.4,27.3,25.1,27.8,25.8,28.0,26.7,27.0
2934.231,29.7,27.4,25.2,27.9,25.8,28.1,26.8,27.2
2935.231,29.7,27.4,25.3,28.0,25.7,28.2,26.8,27.3
2936.232,27.9,27.5,23.8,28.1,24.1,28.3,25.3,27.4
2937.232,1.8,27.8,3.0,28.4,2.2,28.6,2.2,27.7
2938.232,-14.2,27.7,-10.3,28.4,-8.6,28.6,-11.6,27.6
2939.232,-30.9,27.3,-28.8,27.9,-26.2,28.2,-27.3,27.3
2940.232,-31.4,27.2,-30.7,27.8,-28.8,27.9,-28.7,27.1
2941.232,-31.2,26.9,-30.8,27.5,-29.3,27.6,-28.6,26.8
2942.232,-31.1,26.8,-30.7,27.3,-34.1,27.4,-28.4,26.6
2943.232,-31.3,26.7,-30.8,27.2,-29.2,27.3,-28.6,26.5
2944.232,-31.5,26.7,-30.8,27.1,-28.8,27.2,-28.6,26.5
2945.232,-31.6,26.6,-30.9,27.1,-29.0,27.2,-28.7,26.5
2946.232,-31.7,26.6,-30.9,27.1,-28.9,27.2,-28.5,26.4
2947.232,-31.6,26.6,-30.9,27.0,-29.0,27.2,-28.7,26.5
2948.232,-31.6,26.6,-30.9,27.0,-28.8,27.2,-28.5,26.4
2949.232,-29.3,26.5,-30.8,27.0,-26.3,27.2,-27.5,26.4
2950.232,-28.4,26.5,-29.4,27.0,-25.5,27.2,-25.7,26.4
2951.232,-7.1,26.8,-6.9,27.2,-6.8,27.4,-5.2,26.6
2952.232,0.6,27.2,-0.1,27.7,0.5,27.8,1.6,27.0
2953.232,18.9,26.8,14.1,27.4,15.2,27.4,17.4,26.6
2954.232,26.5,26.5,24.3,26.9,22.4,27.1,23.5,26.4
2955.232,27.9,26.5,24.9,26.9,24.0,27.1,26.7,26.4
2956.232,29.2,26.5,25.5,27.0,25.5,27.1,26.7,26.4
2957.232,29.4,26.6,25.1,27.0,25.6,27.2,26.6,26.4
2958.232,29.2,26.9,25.0,27.1,25.5,27.2,26.6,26.5
2959.232,29.4,27.1,25.1,27.4,25.4,27.3,26.7,26.6
2960.232,29.6,27.2,25.2,27.6,29.7,27.6,26.6,26.7
2961.232,29.6,27.3,25.2,27.7,26.0,27.8,26.7,26.9
2962.232,29.4,27.4,25.1,27.9,25.7,28.0,26.7,27.1
2963.232,29.6,27.4,25.2,27.9,25.7,28.1,26.9,27.2
2964.232,29.6,27.5,25.2,28.0,28.8,28.3,26.8,27.3
2965.232,25.8,27.5,22.4,28.1,22.5,28.4,23.6,27.4
2966.232,4.0,27.8,3.9,28.4,2.9,28.6,3.4,27.6
2967.232,-1.4,28.0,0.0,28.5,-0.2,28.8,-0.9,27.8
2968.232,-14.8,27.6,-11.6,28.4,-9.4,28.6,-12.6,27.5
2969.232,-30.8,27.3,-29.4,27.9,-27.3,28.1,-27.7,27.2
2970.232,-31.4,27.1,-30.8,27.7,-28.8,27.9,-28.7,27.0
2971.232,-31.1,26.9,-30.9,27.4,-29.1,27.5,-28.7,26.8
2972.232,-31.1,26.7,-30.7,27.2,-29.0,27.4,-28.5,26.6
2973.232,-31.2,26.6,-30.7,27.2,-28.8,27.3,-28.6,26.5
2974.232,-31.2,26.6,-30.7,27.1,-29.3,27.2,-28.6,26.5
2975.232,-31.5,26.6,-30.8,27.1,-29.9,27.2,-28.6,26.5
2976.232,-31.7,26.6,-30.9,27.0,-29.0,27.2,-28.6,26.5
2977.232,-31.6,26.6,-30.8,27.0,-29.0,27.2,-28.7,26.4
2978.232,-31.5,26.6,-30.7,27.0,-28.8,27.2,-28.5,26.4
2979.232,-29.1,26.5,-30.7,27.0,-25.7,27.2,-27.1,26.4
2980.232,-28.4,26.5,-28.1,27.0,-25.9,27.1,-25.3,26.4
2981.232,-5.7,26.8,-5.8,27.2,-5.5,27.4,-5.3,26.6
2982.232,1.9,27.3,0.7,27.7,2.3,27.8,1.1,27.0
2983.232,23.0,26.7,18.6,27.2,18.8,27.2,20.3,26.6
2984.232,25.2,26.5,24.3,26.9,21.4,27.1,23.8,26.4
2985.232,29.0,26.5,24.9,26.9,24.6,27.1,26.7,26.4
2986.232,29.1,26.5,25.0,27.0,27.1,27.1,26.7,26.4
2987.232,29.4,26.6,25.1,27.1,25.8,27.2,26.7,26.5
2988.232,29.0,26.9,24.9,27.2,25.4,27.2,26.6,26.5
2989.232,29.4,27.1,25.1,27.4,25.7,27.5,26.7,26.6
2990.232,29.5,27.2,25.2,27.6,25.6,27.6,26.5,26.7
2991.232,29.3,27.3,25.1,27.8,25.6,27.8,26.7,26.9
2992.232,29.4,27.3,25.1,27.9,25.6,28.0,26.7,27.1
2993.232,29.7,27.4,25.3,28.0,25.9,28.1,26.9,27.2
2994.232,29.6,27.5,25.2,28.0,25.8,28.2,26.8,27.3
2995.232,21.6,27.6,19.2,28.2,18.8,28.3,20.0,27.4
2996.232,-3.8,27.8,-0.6,28.4,-1.0,28.6,-3.0,27.7
2997.232,-20.4,27.6,-18.9,28.2,-15.8,28.4,-17.7,27.5
2998.232,-31.1,27.3,-30.0,27.8,-28.3,28.1,-28.4,27.2
2999.232,-31.4,27.1,-30.8,27.7,-28.8,27.8,-28.7,27.0
3000.232,-31.2,26.8,-30.8,27.4,-28.9,27.5,-28.6,26.8
3001.232,-31.1,26.7,-30.7,27.2,-28.7,27.4,-28.5,26.6
3002.232,-31.4,26.7,-30.8,27.2,-29.2,27.3,-28.7,26.5
3003.232,-31.5,26.6,-30.8,27.1,-28.9,27.3,-28.6,26.5
3004.232,-31.5,26.6,-30.8,27.1,-28.8,27.2,-28.6,26.5
3005.232,-31.9,26.6,-31.0,27.0,-29.0,27.2,-28.7,26.5
3006.232,-31.6,26.6,-30.8,27.0,-28.9,27.2,-28.7,26.4
3007.232,-31.0,26.6,-30.7,27.0,-28.8,27.1,-28.6,26.4
3008.232,-28.7,26.6,-30.6,27.0,-25.1,27.1,-25.6,26.4
3009.232,-26.6,26.6,-25.5,27.0,-23.5,27.1,-24.2,26.4
3010.232,-0.6,27.0,0.4,27.4,-0.6,27.5,-0.9,26.7
3011.232,2.1,27.3,1.1,27.7,1.7,27.9,3.6,27.0
3012.232,21.6,26.7,18.2,27.2,18.1,27.3,18.7,26.6
3013.232,26.3,26.5,23.9,26.9,21.7,27.1,24.3,26.4
3014.232,28.6,26.5,25.1,26.9,25.2,27.1,26.8,26.4
3015.232,28.9,26.5,24.9,27.0,25.4,27.1,26.6,26.4
3016.232,29.2,26.7,25.1,27.0,25.7,27.2,26.7,26.5
3017.232,29.0,26.9,24.9,27.2,25.4,27.3,26.4,26.5
3018.232,29.4,27.1,25.2,27.4,25.8,27.4,26.8,26.6
3019.232,29.5,27.2,25.2,27.6,25.5,27.7,26.7,26.7
3020.232,29.3,27.3,25.1,27.8,25.5,27.8,26.6,26.9
3021.232,29.5,27.3,25.2,27.9,25.8,28.0,26.9,27.1
3022.232,29.5,27.4,25.2,28.0,25.7,28.1,26.7,27.2
3023.232,29.6,27.5,25.3,28.0,25.7,28.2,26.7,27.3
3024.232,22.3,27.5,19.6,28.1,19.1,28.3,20.1,27.4
3025.232,3.2,27.8,2.6,28.4,1.7,28.6,2.4,27.7
3026.232,0.6,28.0,0.8,28.5,0.4,28.8,0.7,27.8
3027.232,-2.1,28.1,-0.2,28.6,-0.5,28.8,-1.5,27.9
3028.232,-15.2,27.6,-12.9,28.3,-10.7,28.4,-13.2,27.5
3029.232,-31.3,27.2,-29.7,27.8,-27.9,28.0,-28.0,27.2
3030.232,-31.5,27.0,-30.8,27.6,-29.0,27.8,-28.8,27.0
3031.232,-31.2,26.8,-30.8,27.4,-28.8,27.5,-28.6,26.7
3032.232,-31.2,26.7,-30.7,27.2,-28.7,27.3,-28.5,26.6
3033.232,-31.4,26.7,-30.8,27.1,-28.9,27.3,-28.7,26.5
3034.232,-31.5,26.6,-30.8,27.1,-28.8,27.2,-28.6,26.5
3035.232,-31.6,26.6,-30.8,27.1,-28.9,27.2,-28.7,26.5
3036.232,-31.8,26.6,-30.9,27.0,-28.9,27.2,-28.6,26.5
3037.232,-31.5,26.6,-30.8,27.0,-28.9,27.2,-28.7,26.4
3038.232,-31.6,26.6,-30.8,27.0,-28.8,27.2,-28.5,26.4
3039.232,-29.4,26.5,-30.7,27.0,-25.4,27.2,-26.9,26.4
3040.232,-28.7,26.5,-28.4,27.0,-26.0,27.1,-25.8,26.4
3041.232,-3.3,26.8,-3.7,27.3,-3.8,27.4,-3.8,26.7
3042.232,2.7,27.2,0.1,27.7,0.4,27.9,0.9,27.1
3043.232,18.9,26.7,14.4,27.4,15.3,27.4,17.0,26.7
3044.232,26.1,26.5,23.7,26.9,22.2,27.1,23.6,26.4
3045.232,27.9,26.5,25.1,26.9,24.2,27.1,26.4,26.4
3046.232,29.0,26.5,24.9,27.0,25.4,27.1,26.5,26.4
3047.232,29.3,26.6,25.1,27.0,25.7,27.1,26.7,26.4
3048.232,29.3,26.9,25.0,27.2,25.6,27.2,26.6,26.5
3049.232,29.2,27.0,25.0,27.4,25.6,27.4,26.7,26.6
3050.232,29.5,27.2,25.1,27.6,25.5,27.6,26.5,26.7
3051.232,29.6,27.3,25.2,27.7,25.6,27.8,26.5,26.9
3052.232,29.4,27.3,25.1,27.8,25.6,27.9,26.6,27.0
3053.232,29.5,27.4,25.1,27.9,25.6,28.1,26.7,27.2
3054.232,29.8,27.4,25.3,28.0,25.9,28.2,26.8,27.3
3055.232,25.9,27.5,22.6,28.1,22.7,28.3,24.1,27.4
3056.232,-0.8,27.8,1.2,28.4,0.5,28.6,0.0,27.6
3057.232,-16.3,27.6,-13.2,28.3,-10.9,28.5,-13.4,27.5
3058.232,-31.2,27.3,-29.6,27.9,-27.6,28.1,-27.7,27.2
3059.232,-31.5,27.1,-30.8,27.7,-29.3,27.8,-28.7,27.0
3060.232,-31.2,26.9,-30.8,27.4,-28.9,27.5,-28.8,26.8
3061.232,-31.2,26.7,-30.6,27.2,-28.6,27.3,-28.4,26.6
3062.232,-31.4,26.7,-30.8,27.2,-29.7,27.3,-28.7,26.5
3063.232,-31.4,26.7,-30.7,27.1,-29.2,27.2,-28.6,26.5
3064.232,-31.6,26.6,-30.8,27.1,-28.9,27.2,-28.6,26.5
3065.232,-31.8,26.6,-30.9,27.0,-28.9,27.2,-28.6,26.4
3066.232,-31.5,26.6,-30.7,27.0,-28.8,27.2,-28.6,26.4
3067.232,-31.6,26.6,-30.7,27.0,-28.7,27.2,-28.5,26.4
3068.232,-28.9,26.5,-30.6,27.0,-25.1,27.2,-27.1,26.4
3069.232,-28.5,26.5,-27.7,27.0,-26.2,27.1,-25.9,26.4
3070.232,-4.2,26.8,-4.3,27.2,-4.1,27.4,-3.3,26.7
3071.232,0.1,27.2,-0.2,27.6,0.1,27.8,0.3,27.1
3072.232,11.4,27.1,6.9,27.7,9.3,27.7,11.9,26.9
3073.232,25.3,26.5,22.7,27.0,21.6,27.1,21.9,26.5
3074.232,27.6,26.5,24.9,26.9,23.0,27.1,25.9,26.4
3075.232,28.9,26.5,24.8,26.9,26.4,27.1,26.3,26.4
3076.232,29.3,26.6,25.1,27.0,25.9,27.2,26.8,26.4
3077.232,29.2,26.8,25.0,27.1,25.4,27.2,26.5,26.5
3078.232,29.2,27.0,25.0,27.3,25.6,27.3,26.7,26.5
3079.232,29.4,27.1,25.1,27.5,25.5,27.6,26.5,26.6
3080.232,29.6,27.2,25.2,27.7,25.7,27.8,26.6,26.8
3081.232,29.3,27.3,25.0,27.8,25.4,27.9,26.5,27.0
3082.232,29.3,27.4,25.1,27.9,25.7,28.0,26.8,27.1
3083.232,29.8,27.4,25.3,28.0,26.0,28.1,26.9,27.2
3084.232,29.5,27.5,25.0,28.1,25.6,28.2,26.6,27.3
3085.232,6.6,27.7,6.4,28.2,5.8,28.5,6.7,27.5
3086.232,-11.0,27.7,-6.9,28.4,-6.3,28.6,-9.2,27.6
3087.232,-30.0,27.4,-28.2,27.9,-26.0,28.1,-26.2,27.3
3088.232,-31.4,27.2,-30.6,27.7,-28.9,27.9,-28.6,27.1
3089.232,-31.3,26.9,-30.8,27.5,-28.9,27.6,-28.6,26.8
3090.232,-31.2,26.7,-30.7,27.3,-28.7,27.3,-28.5,26.6
3091.232,-31.3,26.7,-30.7,27.1,-28.8,27.3,-28.6,26.5
3092.232,-31.4,26.6,-30.7,27.1,-28.8,27.2,-28.6,26.5
3093.232,-31.5,26.6,-30.8,27.1,-28.9,27.2,-28.6,26.5
3094.232,-31.7,26.6,-30.8,27.0,-28.9,27.2,-28.6,26.4
3095.232,-31.8,26.6,-30.9,27.0,-29.0,27.2,-28.7,26.4
3096.232,-31.6,26.6,-30.7,27.0,-28.7,27.2,-28.4,26.4
3097.232,-29.8,26.6,-30.6,27.0,-26.1,27.1,-27.9,26.4
3098.232,-28.2,26.6,-28.4,27.0,-25.2,27.2,-24.7,26.4
3099.232,-10.6,26.7,-10.6,27.1,-10.3,27.3,-10.3,26.5
3100.232,0.5,27.2,0.1,27.6,0.3,27.8,1.4,27.0
3101.232,16.0,26.9,13.4,27.4,13.5,27.4,15.8,26.6
3102.232,27.0,26.5,23.2,26.9,22.4,27.1,23.2,26.4
3103.232,27.3,26.5,24.9,26.9,23.2,27.1,26.3,26.4
3104.232,29.0,26.5,24.9,26.9,25.6,27.1,26.7,26.4
3105.232,29.3,26.6,25.0,27.0,25.7,27.1,26.6,26.4
3106.232,29.4,26.8,25.0,27.1,25.6,27.2,26.6,26.5
3107.232,29.2,27.0,25.0,27.3,25.5,27.4,26.6,26.6
3108.232,29.5,27.2,25.2,27.6,25.8,27.6,26.8,26.7
3109.232,29.6,27.3,25.1,27.7,25.5,27.8,26.3,26.8
3110.232,29.1,27.3,25.0,27.8,25.6,27.9,26.7,27.0
3111.232,29.6,27.4,25.2,27.9,25.9,28.1,26.8,27.1
3112.232,29.6,27.4,25.2,28.0,25.8,28.2,26.7,27.3
3113.232,27.3,27.5,23.5,28.1,23.8,28.3,24.9,27.4
3114.232,0.8,27.8,1.9,28.4,1.5,28.5,1.1,27.6
3115.232,-13.7,27.7,-9.8,28.4,-8.2,28.6,-11.2,27.6
3116.232,-30.9,27.3,-29.2,27.9,-26.8,28.1,-25.9,27.3
3117.232,-31.4,27.1,-30.7,27.7,-28.9,27.9,-28.9,27.1
3118.232,-31.1,26.9,-30.8,27.4,-28.7,27.6,-28.6,26.8
3119.232,-31.1,26.7,-30.6,27.2,-28.7,27.3,-28.4,26.6
3120.232,-31.3,26.7,-30.7,27.2,-29.4,27.2,-29.8,26.5
3121.232,-31.4,26.7,-30.7,27.1,-29.6,27.2,-29.0,26.5
3122.232,-31.5,26.6,-30.8,27.1,-31.5,27.2,-28.8,26.5
3123.232,-31.7,26.6,-30.8,27.0,-29.1,27.2,-29.1,26.4
3124.232,-31.6,26.6,-30.8,27.0,-28.9,27.2,-30.9,26.4
3125.232,-31.5,26.6,-30.7,27.0,-28.7,27.2,-28.9,26.4
3126.232,-29.3,26.6,-30.6,27.0,-25.5,27.1,-27.6,26.4
3127.232,-27.9,26.6,-28.4,27.0,-25.9,27.1,-25.3,26.4
3128.232,-6.4,26.8,-5.6,27.2,-6.2,27.3,-5.3,26.6
3129.232,0.7,27.2,0.3,27.7,0.5,27.8,0.5,27.0
3130.232,18.8,26.8,15.7,27.3,15.5,27.4,16.2,26.7
3131.232,26.6,26.5,23.4,26.9,22.1,27.1,24.0,26.4
3132.232,27.7,26.5,25.2,26.9,25.3,27.1,26.3,26.4
3133.232,29.2,26.5,24.9,26.9,27.6,27.1,28.9,26.4
3134.232,29.3,26.6,25.0,27.0,25.8,27.1,28.3,26.4
3135.232,29.1,26.9,25.0,27.1,25.5,27.2,26.8,26.5
3136.232,29.3,27.0,25.0,27.4,25.6,27.4,26.6,26.6
3137.232,29.5,27.2,25.1,27.6,25.6,27.6,26.7,26.7
3138.232,29.6,27.3,25.2,27.7,25.6,27.8,26.7,26.9
3139.232,29.3,27.3,25.1,27.8,25.7,27.9,26.9,27.0
3140.232,29.5,27.4,25.2,27.9,25.8,28.1,26.8,27.2
3141.232,29.7,27.4,25.2,28.0,25.9,28.2,26.9,27.3
3142.232,25.4,27.5,21.9,28.1,21.9,28.3,23.2,27.4
3143.232,-1.8,27.8,0.4,28.4,0.1,28.6,-1.0,27.7
3144.232,-17.3,27.6,-14.5,28.3,-12.2,28.5,-14.3,27.5
3145.232,-30.9,27.3,-29.8,27.9,-28.1,28.1,-27.9,27.2
3146.232,-31.3,27.1,-30.7,27.7,-29.0,27.8,-28.3,27.0
3147.232,-31.0,26.9,-30.7,27.4,-28.8,27.5,-28.1,26.8
3148.232,-31.0,26.7,-30.6,27.2,-28.6,27.3,-28.0,26.6
3149.232,-31.2,26.7,-30.7,27.1,-28.8,27.3,-28.3,26.5
3150.232,-31.3,26.6,-30.7,27.1,-28.9,27.2,-28.3,26.5
3151.232,-31.3,26.6,-30.7,27.1,-28.8,27.2,-28.2,26.5
3152.232,-31.7,26.6,-30.9,27.0,-29.0,27.2,-28.3,26.4
3153.232,-31.3,26.6,-30.7,27.0,-28.9,27.2,-28.3,26.4
3154.232,-31.4,26.6,-30.7,27.0,-28.8,27.1,-28.2,26.4
3155.258,-28.8,26.6,-30.6,27.0,-24.9,27.2,-25.9,26.4
3156.258,-28.0,26.6,-27.1,27.0,-26.0,27.1,-24.6,26.4
3157.258,-1.8,26.9,-2.7,27.3,-2.1,27.5,-3.5,26.6
3158.258,3.1,27.3,1.3,27.7,2.6,27.8,5.0,26.9
3159.258,21.4,26.7,18.0,27.2,17.9,27.2,19.1,26.5
3160.258,26.4,26.5,24.5,26.9,22.0,27.1,24.2,26.4
3161.258,28.8,26.5,24.9,26.9,24.8,27.1,26.8,26.4
3162.258,29.2,26.5,25.0,26.9,25.7,27.1,26.8,26.4
3163.258,29.3,26.7,24.9,27.0,25.5,27.2,26.6,26.4
3164.258,29.3,26.9,24.9,27.2,25.4,27.2,26.6,26.5
3165.258,29.5,27.1,25.2,27.4,25.8,27.4,27.0,26.6
3166.258,29.5,27.2,25.1,27.6,25.6,27.6,26.7,26.7
3167.258,29.5,27.3,25.1,27.7,25.5,27.8,26.6,26.9
3168.258,29.6,27.3,25.1,27.9,25.7,28.0,26.9,27.1
3169.258,29.7,27.4,25.3,27.9,25.9,28.1,27.1,27.2
3170.258,29.6,27.5,25.1,28.0,25.5,28.2,26.7,27.3
3171.258,21.1,27.6,18.6,28.1,18.5,28.3,19.6,27.4
3172.258,-3.8,27.9,-0.6,28.4,-0.9,28.6,-2.2,27.7
3173.258,-19.8,27.6,-18.1,28.2,-14.9,28.4,-16.4,27.5
3174.258,-31.0,27.3,-30.0,27.8,-28.2,28.0,-28.4,27.2
3175.258,-31.3,27.1,-30.8,27.6,-29.1,27.8,-28.5,27.0
3176.258,-31.0,26.9,-30.7,27.4,-29.3,27.5,-28.1,26.7
3177.258,-31.0,26.7,-30.6,27.2,-28.8,27.3,-28.4,26.6
3178.258,-31.3,26.7,-30.7,27.1,-31.1,27.3,-28.4,26.5
3179.258,-31.4,26.6,-30.7,27.1,-28.7,27.2,-29.1,26.5
3180.258,-31.3,26.6,-30.7,27.1,-29.0,27.2,-29.1,26.5
3181.258,-31.7,26.6,-30.9,27.0,-29.1,27.2,-28.3,26.4
3182.258,-31.4,26.6,-30.7,27.0,-28.8,27.1,-28.3,26.4
3183.258,-31.3,26.6,-30.7,27.0,-28.8,27.1,-28.3,26.4
3184.258,-28.5,26.6,-30.6,27.0,-24.4,27.1,-25.6,26.4
3185.258,-25.6,26.6,-25.3,27.0,-23.6,27.1,-23.3,26.4
3186.258,-0.9,27.0,-0.1,27.4,-0.7,27.5,0.3,26.8
3187.258,4.6,27.2,2.6,27.7,3.0,27.8,4.6,27.0
3188.258,22.4,26.7,19.0,27.1,19.0,27.2,19.5,26.5
3189.258,26.4,26.5,24.3,26.9,21.6,27.1,25.1,26.4
3190.258,28.8,26.5,24.9,26.9,25.2,27.1,26.7,26.4
3191.258,29.5,26.5,25.0,27.0,25.6,27.1,26.7,26.4
3192.258,29.4,26.7,25.0,27.0,25.7,27.2,26.7,26.4
3193.258,29.3,26.9,25.0,27.2,25.6,27.2,26.9,26.5
3194.258,29.4,27.1,25.0,27.4,29.4,27.4,26.5,26.6
3195.258,29.7,27.2,25.2,27.6,26.1,27.7,26.8,26.7
3196.258,29.4,27.3,25.0,27.7,25.6,27.9,26.6,26.9
3197.258,29.5,27.4,25.1,27.8,25.6,28.0,26.7,27.1
3198.258,29.8,27.4,25.3,28.0,25.9,28.1,30.0,27.2
3199.258,29.6,27.5,25.1,28.0,25.7,28.2,26.9,27.3
3200.258,19.6,27.6,17.5,28.1,17.1,28.3,17.8,27.4
3201.258,-5.3,27.8,-1.3,28.4,-1.5,28.6,-3.9,27.7
3202.258,-22.6,27.5,-21.3,28.1,-18.3,28.3,-19.6,27.4
3203.258,-31.0,27.2,-30.1,27.8,-28.3,28.0,-28.2,27.2
3204.258,-31.4,27.0,-30.8,27.6,-29.0,27.7,-31.2,26.9
3205.258,-31.1,26.8,-30.7,27.4,-28.7,27.4,-28.4,26.7
3206.258,-31.0,26.7,-30.5,27.2,-28.5,27.3,-28.2,26.6
3207.258,-31.4,26.6,-30.8,27.1,-28.9,27.2,-28.5,26.5
3208.258,-31.4,26.6,-30.7,27.1,-29.1,27.2,-28.4,26.5
3209.258,-31.4,26.6,-30.7,27.1,-28.8,27.2,-28.3,26.4
3210.258,-31.7,26.6,-30.9,27.0,-30.1,27.2,-28.4,26.4
3211.258,-31.4,26.6,-30.7,27.0,-29.3,27.2,-28.3,26.4
3212.258,-31.3,26.6,-30.7,27.0,-28.8,27.2,-28.4,26.4
3213.258,-27.1,26.6,-30.4,27.0,-24.3,27.2,-25.2,26.4
3214.258,-24.1,26.6,-22.5,27.0,-21.7,27.1,-21.2,26.4
3215.258,0.9,27.0,-0.0,27.4,-0.5,27.5,0.2,26.8
3216.258,8.6,27.2,4.4,27.6,6.5,27.7,7.0,26.9
3217.258,23.9,26.6,21.3,27.0,19.5,27.2,22.3,26.5
3218.258,26.2,26.5,24.8,26.9,22.5,27.1,25.2,26.4
3219.258,29.1,26.5,24.9,26.9,27.0,27.1,26.8,26.4
3220.258,29.2,26.5,25.0,27.0,25.7,27.1,26.6,26.4
3221.258,29.4,26.8,25.1,27.0,25.7,27.2,29.8,26.5
3222.258,28.9,27.0,24.8,27.2,25.4,27.3,26.8,26.5
3223.258,29.5,27.1,25.1,27.5,25.6,27.5,26.7,26.6
3224.258,29.6,27.2,25.2,27.6,25.7,27.7,26.8,26.8
3225.258,29.3,27.3,25.1,27.8,25.7,27.9,26.9,26.9
3226.258,29.4,27.4,25.1,27.9,25.6,28.0,26.8,27.1
3227.258,29.6,27.4,25.2,28.0,25.8,28.1,26.9,27.2
3228.258,29.6,27.5,25.2,28.0,25.8,28.2,26.9,27.3
3229.258,14.5,27.6,13.3,28.2,12.7,28.4,13.5,27.5
3230.258,-6.8,27.8,-2.5,28.5,-2.8,28.6,-5.5,27.7
3231.258,-25.3,27.4,-24.1,28.0,-21.3,28.2,-22.3,27.3
3232.258,-30.9,27.2,-30.2,27.8,-28.5,28.0,-28.3,27.1
3233.258,-31.2,27.0,-30.9,27.6,-29.1,27.7,-28.5,26.9
3234.258,-30.9,26.8,-30.7,27.3,-28.7,27.4,-28.2,26.7
3235.258,-31.0,26.7,-30.6,27.2,-28.7,27.3,-28.3,26.6
3236.258,-31.3,26.6,-30.8,27.1,-28.9,27.3,-28.4,26.5
3237.260,-31.3,26.6,-30.8,27.1,-28.9,27.2,-28.4,26.5
3238.260,-31.3,26.6,-30.7,27.0,-28.8,27.2,-28.3,26.5
3239.260,-31.6,26.6,-30.9,27.0,-29.0,27.2,-28.4,26.4
3240.260,-31.3,26.6,-30.7,27.0,-28.8,27.2,-28.3,26.4
3241.260,-30.9,26.5,-30.7,27.0,-28.4,27.1,-28.3,26.4
3242.260,-27.0,26.6,-30.1,27.0,-24.6,27.1,-25.4,26.4
3243.260,-19.7,26.6,-17.7,27.0,-17.7,27.2,-17.0,26.4
3244.260,-1.0,27.0,-0.5,27.4,-0.6,27.6,-0.8,26.8
3245.260,1.1,27.4,0.5,27.7,0.5,27.9,0.9,27.1
3246.260,20.4,26.8,16.9,27.2,16.7,27.4,18.0,26.7
3247.260,26.2,26.5,23.9,26.9,22.0,27.1,24.7,26.4
3248.260,28.1,26.5,25.0,26.9,24.4,27.1,26.3,26.4
3249.260,29.2,26.5,25.0,27.0,25.5,27.1,26.7,26.4
3250.260,29.2,26.6,25.0,27.0,25.5,27.1,26.7,26.4
3251.260,29.3,26.9,25.0,27.1,25.6,27.2,26.8,26.5
3252.260,29.3,27.1,25.0,27.4,25.5,27.4,26.7,26.6
3253.260,29.6,27.2,25.2,27.6,25.7,27.6,26.8,26.7
3254.260,29.5,27.3,25.2,27.7,25.7,27.8,26.8,26.9
3255.260,29.4,27.3,25.0,27.8,25.4,27.9,26.6,27.0
3256.260,29.7,27.4,25.3,27.9,25.9,28.1,27.1,27.2
3257.260,29.7,27.5,25.2,28.0,25.6,28.2,26.7,27.3
3258.260,24.5,27.5,21.3,28.1,21.3,28.3,22.7,27.4
3259.260,2.9,27.8,3.1,28.4,2.1,28.6,2.7,27.6
3260.260,-0.2,28.0,0.1,28.5,-0.1,28.7,-0.2,27.8
3261.260,-11.1,27.7,-7.0,28.4,-6.7,28.6,-9.6,27.6
3262.260,-29.4,27.3,-26.9,27.9,-25.5,28.1,-25.8,27.2
3263.260,-31.2,27.1,-30.9,27.7,-28.8,27.8,-28.4,27.0
3264.260,-31.2,26.9,-28.2,27.5,-29.0,27.6,-28.5,26.8
3265.260,-31.0,26.8,-28.8,27.3,-28.6,27.4,-28.2,26.6
3266.260,-31.1,26.7,-29.1,27.2,-28.8,27.3,-28.4,26.5
3267.260,-31.3,26.6,-29.5,27.1,-28.8,27.2,-28.4,26.5
3268.260,-31.3,26.6,-29.7,27.0,-28.8,27.2,-28.4,26.5
3269.260,-31.6,26.6,-30.1,27.0,-28.9,27.2,-28.4,26.5
3270.260,-31.6,26.6,-30.2,27.0,-28.9,27.2,-28.4,26.4
3271.260,-31.4,26.6,-30.2,27.0,-28.7,27.1,-28.3,26.4
3272.260,-29.7,26.6,-30.6,27.0,-26.7,27.1,-27.8,26.4
3273.260,-27.9,26.6,-29.2,27.0,-25.5,27.1,-25.2,26.4
3274.260,-12.6,26.7,-10.8,27.1,-10.6,27.2,-9.6,26.5
3275.260,0.5,27.2,0.6,27.6,0.2,27.8,4.0,26.8
3276.260,18.9,26.9,15.5,27.3,15.4,27.5,16.7,26.6
3277.260,26.0,26.5,23.9,26.9,21.6,27.1,23.4,26.4
3278.260,28.4,26.5,24.9,26.9,24.3,27.1,26.5,26.4
3279.260,29.1,26.5,24.8,26.9,25.6,27.1,26.7,26.4
3280.260,29.4,26.6,24.9,27.0,25.6,27.2,26.8,26.4
3281.260,29.2,26.9,24.9,27.1,25.5,27.2,26.8,26.5
3282.262,29.5,27.1,25.1,27.4,25.7,27.4,26.9,26.6
3283.262,29.5,27.2,25.0,27.6,25.5,27.6,26.6,26.7
3284.262,29.4,27.3,25.0,27.7,25.5,27.8,26.7,26.9
3285.262,29.6,27.3,25.1,27.8,25.7,28.0,26.9,27.0
3286.262,29.6,27.4,25.1,27.9,25.6,28.1,26.7,27.1
3287.262,29.5,27.5,25.1,28.0,25.8,28.2,27.0,27.3
3288.262,23.7,27.5,20.7,28.1,20.6,28.3,22.0,27.4
3289.262,-0.9,27.9,0.4,28.4,0.1,28.6,-0.2,27.7
3290.262,-15.0,27.6,-11.1,28.3,-9.6,28.5,-12.1,27.5
3291.262,-31.0,27.3,-29.4,27.9,-27.5,28.1,-27.2,27.2
3292.262,-31.4,27.1,-30.7,27.7,-29.0,27.8,-27.9,27.0
3293.262,-31.1,26.9,-30.7,27.4,-28.8,27.5,-28.2,26.8
3294.262,-31.1,26.7,-30.6,27.2,-28.6,27.3,-28.3,26.6
3295.262,-31.3,26.7,-30.7,27.1,-28.8,27.3,-29.9,26.5
3296.262,-31.3,26.6,-30.7,27.1,-28.8,27.2,-30.9,26.5
3297.262,-31.5,26.6,-30.8,27.0,-28.9,27.2,-31.1,26.4
3298.262,-31.7,26.6,-30.9,27.0,-29.0,27.2,-29.6,26.4
3299.262,-31.4,26.6,-30.7,27.0,-28.8,27.1,-32.0,26.4
3300.262,-31.5,26.6,-30.7,27.0,-28.8,27.1,-28.3,26.4
3301.262,-28.3,26.6,-30.6,27.0,-25.2,27.2,-27.2,26.4
3302.262,-28.5,26.5,-28.2,27.0,-25.8,27.1,-24.3,26.4
3303.262,-5.6,26.8,-4.8,27.2,-4.9,27.4,-4.6,26.6
3304.262,2.9,27.3,2.8,27.6,3.3,27.7,3.7,27.0
3305.262,23.5,26.7,19.6,27.1,18.8,27.2,19.7,26.5
3306.262,25.2,26.5,24.2,26.9,21.1,27.1,24.4,26.4
3307.262,29.2,26.5,24.9,26.9,25.1,27.1,26.8,26.4
3308.262,29.2,26.5,24.9,27.0,25.6,27.1,30.8,26.4
3309.262,29.3,26.7,25.0,27.0,25.8,27.2,26.9,26.5
3310.262,29.1,26.9,24.8,27.2,25.4,27.2,26.8,26.5
3311.262,29.3,27.1,25.0,27.4,25.6,27.4,30.3,26.6
3312.262,29.6,27.2,25.1,27.6,25.7,27.7,26.8,26.7
3313.262,29.3,27.3,25.0,27.8,25.5,27.8,26.6,26.9
3314.262,29.6,27.4,25.1,27.9,25.8,28.0,26.9,27.1
3315.262,29.6,27.4,25.1,28.0,25.8,28.1,26.9,27.2
3316.262,29.5,27.5,25.1,28.0,25.7,28.2,26.8,27.3
3317.262,19.2,27.6,16.5,28.1,16.9,28.3,17.5,27.4
3318.262,-4.8,27.9,-0.9,28.5,-1.3,28.6,-2.6,27.7
3319.262,-21.6,27.5,-20.4,28.1,-16.1,28.3,-18.5,27.4
3320.262,-31.1,27.3,-30.1,27.8,-28.1,28.0,-27.9,27.2
3321.262,-31.4,27.0,-30.7,27.6,-29.2,27.8,-28.1,27.0
3322.262,-31.1,26.8,-30.6,27.4,-32.4,27.5,-28.3,26.7
3323.262,-31.1,26.7,-30.6,27.2,-30.0,27.3,-28.4,26.6
3324.262,-31.4,26.7,-30.7,27.2,-33.5,27.2,-28.4,26.5
3325.262,-31.5,26.6,-30.7,27.1,-28.7,27.2,-29.8,26.5
3326.262,-31.5,26.6,-30.7,27.0,-28.9,27.2,-28.5,26.5
3327.262,-31.8,26.6,-30.8,27.0,-28.9,27.2,-33.1,26.5
3328.262,-31.5,26.6,-30.7,27.0,-28.8,27.2,-28.3,26.4
3329.262,-31.4,26.6,-30.6,27.0,-28.8,27.2,-28.4,26.4
3330.262,-27.2,26.6,-30.5,27.0,-24.6,27.2,-25.9,26.4
3331.262,-25.2,26.6,-22.0,27.0,-21.9,27.1,-21.6,26.4
3332.262,-0.5,27.0,-0.2,27.4,-0.2,27.6,0.2,26.8
3333.262,6.4,27.2,4.1,27.7,5.8,27.8,5.4,27.0
3334.262,24.3,26.6,20.5,27.0,18.8,27.2,22.1,26.5
3335.262,26.6,26.5,24.7,26.9,22.4,27.1,25.1,26.4
3336.262,28.8,26.5,24.9,26.9,25.6,27.1,26.7,26.4
3337.262,29.2,26.5,24.9,27.0,25.5,27.1,26.6,26.4
3338.262,29.3,26.7,25.0,27.1,25.6,27.2,26.8,26.5
3339.262,29.0,27.0,24.8,27.2,25.2,27.2,26.7,26.5
3340.262,29.4,27.1,25.0,27.5,32.8,27.4,26.6,26.6
3341.262,29.5,27.2,25.1,27.6,27.8,27.7,31.3,26.8
3342.262,29.3,27.3,25.0,27.8,25.5,27.9,33.2,27.0
3343.262,29.5,27.4,25.1,27.9,25.6,28.0,27.0,27.1
3344.262,29.6,27.4,25.2,28.0,25.8,28.1,27.0,27.2
3345.262,29.6,27.5,25.1,28.1,25.8,28.2,26.9,27.3
3346.263,14.7,27.6,12.8,28.2,12.4,28.4,13.3,27.5
3347.263,-6.0,27.9,-1.7,28.5,-2.0,28.7,-4.5,27.7
3348.263,-24.1,27.5,-22.9,28.1,-20.2,28.3,-20.6,27.4
3349.263,-31.1,27.3,-30.2,27.8,-28.6,28.0,-28.2,27.2
3350.264,-31.3,27.0,-30.7,27.6,-29.0,27.7,-28.4,26.9
3351.264,-31.2,26.8,-30.7,27.3,-28.6,27.4,-28.2,26.7
3352.264,-31.2,26.7,-30.6,27.2,-28.6,27.3,-28.4,26.6
3353.264,-31.4,26.7,-30.7,27.1,-28.9,27.2,-28.4,26.5
3354.264,-31.5,26.6,-30.7,27.1,-28.8,27.2,-28.4,26.5
3355.264,-31.5,26.6,-30.7,27.0,-28.8,27.2,-28.4,26.5
3356.264,-31.8,26.6,-30.9,27.0,-29.0,27.2,-28.6,26.4
3357.264,-31.5,26.6,-30.7,27.0,-28.9,27.2,-28.5,26.4
3358.264,-31.3,26.6,-30.6,27.0,-28.6,27.1,-28.4,26.4
3359.264,-27.4,26.6,-30.3,27.0,-24.4,27.1,-25.2,26.4
3360.264,-22.0,26.6,-19.4,27.0,-20.0,27.1,-19.7,26.4
3361.266,0.1,27.1,-0.2,27.5,-0.2,27.6,0.3,26.8
3362.266,7.9,27.2,4.7,27.7,7.5,27.7,8.3,26.9
3363.266,25.1,26.6,21.5,27.0,20.0,27.2,21.7,26.5
3364.266,26.3,26.5,24.7,26.9,21.8,27.1,25.5,26.4
3365.266,29.2,26.5,24.9,26.9,25.9,27.1,26.6,26.4
3366.266,29.3,26.6,24.9,27.0,25.5,27.1,27.3,26.4
3367.266,29.5,26.8,25.0,27.1,25.7,27.2,23.1,26.5
3368.266,29.1,27.0,24.8,27.2,25.4,27.3,23.1,26.5
3369.266,29.6,27.1,25.1,27.5,25.7,27.5,23.5,26.6
3370.266,29.7,27.2,25.1,27.7,25.7,27.7,23.7,26.8
3371.266,29.4,27.3,25.0,27.8,25.6,27.9,24.1,27.0
3372.266,29.6,27.4,25.0,27.9,25.6,28.0,24.4,27.1
3373.266,29.7,27.4,25.2,28.0,25.8,28.1,24.9,27.2
3374.266,29.8,27.5,25.0,28.1,25.8,28.2,25.2,27.3
3375.266,11.6,27.7,11.1,28.2,10.3,28.4,10.5,27.5
3376.266,-7.5,27.8,-3.3,28.5,-3.4,28.6,-6.2,27.6
3377.266,-26.0,27.5,-24.6,28.0,-21.9,28.2,-23.0,27.3
3378.266,-31.2,27.2,-30.3,27.8,-28.7,28.0,-28.4,27.1
3379.266,-31.2,27.0,-30.7,27.6,-28.9,27.6,-28.2,26.9
3380.266,-31.1,26.8,-30.6,27.4,-28.7,27.4,-28.5,26.7
3381.266,-31.2,26.7,-30.6,27.2,-28.7,27.3,-28.5,26.6
3382.266,-31.4,26.7,-30.7,27.2,-28.9,27.2,-29.0,26.5
3383.266,-31.4,26.7,-30.8,27.1,-28.9,27.2,-33.0,26.5
3384.266,-31.6,26.6,-30.8,27.1,-28.8,27.2,-28.7,26.4
3385.266,-31.8,26.6,-30.9,27.0,-29.0,27.2,-28.6,26.4
3386.266,-31.5,26.6,-30.8,27.0,-28.9,27.2,-28.6,26.4
3387.267,-30.6,26.6,-30.7,27.0,-28.1,27.2,-28.4,26.4
3388.267,-27.2,26.6,-30.1,27.0,-23.9,27.2,-25.3,26.4
3389.267,-18.0,26.6,-17.2,27.0,-17.5,27.2,-16.5,26.4
3390.267,-0.3,27.1,-0.6,27.5,0.1,27.7,0.4,26.9
3391.269,9.2,27.2,5.2,27.7,8.7,27.7,10.6,26.8
3392.269,26.1,26.6,22.3,27.0,20.4,27.2,21.5,26.5
3393.269,26.7,26.5,24.9,26.9,22.6,27.1,25.7,26.4
3394.269,29.1,26.5,24.8,26.9,25.4,27.1,26.3,26.4
3395.269,29.3,26.6,24.9,27.0,25.6,27.1,29.6,26.4
3396.269,29.3,26.8,24.9,27.1,25.6,27.2,26.8,26.5
3397.269,29.2,27.0,24.9,27.3,25.6,27.3,26.8,26.5
3398.269,29.5,27.1,25.0,27.5,25.6,27.5,26.6,26.6
3399.269,29.7,27.3,25.1,27.7,25.7,27.7,26.5,26.8
3400.269,29.5,27.3,25.1,27.8,25.8,27.9,26.9,26.9
3401.269,29.5,27.4,25.0,27.9,25.5,28.0,26.5,27.1
3402.269,29.8,27.4,25.2,28.0,25.8,28.1,26.8,27.2
3403.269,29.8,27.5,25.0,28.1,25.8,28.2,26.8,27.3
3404.269,9.8,27.7,9.2,28.2,9.0,28.4,9.6,27.5
3405.269,-9.5,27.8,-5.6,28.4,-5.1,28.6,-7.9,27.6
3406.269,-28.6,27.4,-26.9,28.0,-24.4,28.1,-25.0,27.3
3407.269,-31.3,27.2,-30.6,27.7,-28.7,27.9,-28.4,27.1
3408.269,-31.2,27.0,-30.8,27.5,-28.9,27.6,-28.5,26.9
3409.269,-31.1,26.8,-30.7,27.3,-28.7,27.4,-28.4,26.7
3410.269,-31.1,26.7,-30.6,27.2,-28.7,27.3,-28.4,26.6
3411.269,-31.4,26.7,-30.7,27.1,-28.9,27.2,-28.5,26.5
3412.269,-31.3,26.7,-30.7,27.1,-28.8,27.2,-28.5,26.5
3413.269,-31.6,26.6,-30.8,27.0,-28.9,27.2,-28.5,26.4
3414.269,-31.7,26.6,-30.9,27.0,-29.0,27.2,-28.6,26.4
3415.269,-31.5,26.6,-30.6,27.0,-28.7,27.2,-28.3,26.4
3416.269,-30.1,26.6,-30.6,27.0,-27.4,27.2,-28.2,26.4
3417.269,-27.3,26.6,-29.4,26.9,-24.9,27.2,-25.3,26.4
3418.269,-13.7,26.7,-13.2,27.1,-12.2,27.2,-11.7,26.5
3419.269,2.7,27.1,0.1,27.6,0.1,27.7,1.8,26.9
3420.269,17.2,26.8,13.5,27.3,13.9,27.5,16.3,26.6
3421.269,26.4,26.5,23.5,26.9,21.5,27.1,23.3,26.4
3422.269,27.7,26.5,24.8,26.9,23.3,27.1,25.8,26.4
3423.269,29.3,26.5,25.0,26.9,25.8,27.1,26.8,26.4
3424.269,29.4,26.6,24.9,27.0,25.6,27.1,26.5,26.4
3425.269,29.3,26.9,25.0,27.1,25.7,27.2,26.8,26.5
3426.269,29.2,27.1,24.8,27.3,25.3,27.3,26.4,26.5
3427.269,29.5,27.2,25.1,27.6,25.7,27.6,26.7,26.7
3428.269,29.6,27.3,25.1,27.7,25.6,27.8,26.5,26.8
3429.269,29.4,27.3,25.0,27.8,25.5,27.9,26.5,27.0
3430.269,29.6,27.4,25.1,27.9,25.8,28.1,26.8,27.1
3431.269,29.6,27.5,25.1,28.0,25.7,28.2,26.7,27.3
3432.269,27.6,27.5,23.5,28.1,24.1,28.3,25.2,27.4
3433.269,1.1,27.8,1.9,28.4,2.0,28.5,1.5,27.6
3434.269,-13.0,27.7,-9.2,28.4,-6.6,28.6,-11.3,27.6
3435.269,-30.7,27.3,-28.9,27.9,-26.5,28.1,-26.8,27.2
3436.269,-31.5,27.2,-30.7,27.7,-29.3,27.9,-28.4,27.0
3437.269,-31.2,26.9,-30.7,27.5,-33.3,27.6,-28.4,26.8
3438.269,-31.2,26.8,-30.6,27.3,-28.6,27.4,-28.2,26.6
3439.269,-31.3,26.7,-30.7,27.2,-28.8,27.3,-28.4,26.5
3440.269,-31.4,26.7,-30.7,27.1,-29.3,27.2,-28.3,26.5
3441.269,-31.6,26.6,-30.8,27.0,-28.9,27.2,-28.4,26.4
3442.269,-31.8,26.6,-30.8,27.0,-28.9,27.2,-28.4,26.4
3443.269,-31.7,26.6,-30.8,27.0,-28.9,27.1,-28.3,26.4
3444.269,-31.6,26.6,-30.7,27.0,-28.8,27.1,-28.2,26.4
3445.269,-29.4,26.6,-30.6,27.0,-26.7,27.1,-27.4,26.4
3446.269,-28.2,26.6,-28.4,27.0,-25.8,27.1,-25.1,26.4
3447.269,-7.1,26.8,-6.9,27.2,-7.1,27.3,-6.6,26.6
3448.269,0.3,27.3,0.0,27.6,0.2,27.8,0.7,27.0
3449.269,11.4,27.1,9.0,27.5,9.7,27.7,12.8,26.8
3450.269,26.2,26.6,22.6,27.0,20.8,27.1,21.9,26.4
3451.269,26.4,26.5,24.8,26.9,23.2,27.1,25.5,26.4
3452.269,29.3,26.5,24.8,26.9,25.5,27.1,26.5,26.4
3453.269,29.4,26.6,25.0,27.0,25.7,27.1,26.8,26.4
3454.269,29.1,26.8,24.8,27.1,25.3,27.2,26.5,26.5
3455.269,29.5,27.0,25.0,27.3,25.5,27.3,26.7,26.5
3456.269,29.5,27.2,25.0,27.5,30.4,27.5,26.6,26.7
3457.269,29.7,27.2,25.1,27.7,26.0,27.7,26.8,26.8
3458.269,29.5,27.3,25.0,27.8,25.2,27.9,26.3,27.0
3459.269,29.5,27.4,25.0,27.9,25.7,28.0,26.8,27.1
3460.269,29.7,27.4,25.1,28.0,25.8,28.1,26.8,27.2
3461.269,29.4,27.5,24.7,28.1,25.4,28.2,26.5,27.3
3462.269,7.5,27.7,6.7,28.2,6.0,28.4,6.9,27.5
3463.269,-8.1,27.8,-3.8,28.5,-3.9,28.6,-6.9,27.6
3464.269,-27.5,27.4,-26.1,28.0,-23.0,28.2,-24.1,27.3
3465.269,-31.2,27.2,-30.4,27.7,-28.5,27.9,-28.4,27.1
3466.269,-31.3,27.0,-30.8,27.5,-28.9,27.6,-28.7,26.9
3467.269,-31.1,26.8,-30.7,27.3,-28.8,27.4,-28.5,26.7
3468.269,-31.3,26.7,-30.7,27.1,-29.2,27.2,-28.5,26.5
3469.269,-31.5,26.7,-30.7,27.1,-29.0,27.2,-28.6,26.5
3470.269,-31.4,26.6,-30.7,27.0,-30.7,27.2,-28.6,26.5
3471.269,-31.5,26.6,-30.7,27.0,-28.9,27.2,-28.5,26.4
3472.269,-31.8,26.6,-30.8,27.0,-29.0,27.2,-28.6,26.4
3473.269,-31.4,26.6,-30.6,27.0,-28.7,27.1,-28.5,26.4
3474.269,-30.8,26.6,-30.6,27.0,-28.1,27.1,-28.5,26.4
3475.270,-27.6,26.6,-29.8,27.0,-24.5,27.1,-24.8,26.4
3476.270,-15.8,26.7,-15.2,27.0,-14.7,27.2,-14.4,26.4
3477.272,0.8,27.2,-0.2,27.5,0.4,27.7,1.0,26.9
3478.272,15.4,26.9,12.5,27.4,12.5,27.4,14.5,26.7
3479.272,26.3,26.5,23.2,26.9,21.9,27.1,22.9,26.4
3480.272,27.6,26.5,24.8,26.9,24.1,27.1,26.4,26.4
3481.272,29.1,26.5,24.8,26.9,25.5,27.1,26.5,26.4
3482.272,29.5,26.6,24.9,27.0,25.6,27.1,26.7,26.4
3483.272,29.2,26.8,24.8,27.1,27.4,27.2,26.7,26.5
3484.272,29.4,27.0,24.9,27.3,26.7,27.4,26.7,26.5
3485.272,29.5,27.2,25.0,27.5,25.6,27.6,26.5,26.7
3486.272,29.5,27.3,25.0,27.7,25.6,27.7,26.7,26.8
3487.272,29.5,27.3,25.0,27.8,25.5,27.9,26.5,27.0
3488.272,29.5,27.4,25.0,27.9,25.6,28.0,26.7,27.1
3489.272,29.8,27.4,25.1,28.0,25.8,28.2,26.8,27.3
3490.272,28.1,27.5,23.7,28.1,24.1,28.2,25.3,27.4
3491.272,3.1,27.8,3.1,28.3,2.1,28.5,2.4,27.6
3492.273,-10.6,27.8,-6.4,28.4,-5.8,28.6,-8.8,27.6
3493.273,-29.3,27.4,-27.4,27.9,-25.3,28.1,-25.7,27.3
3494.273,-31.5,27.2,-30.6,27.7,-28.8,27.9,-28.5,27.1
3495.273,-31.3,26.9,-30.8,27.5,-28.9,27.5,-28.7,26.8
3496.273,-31.2,26.7,-30.7,27.3,-28.7,27.3,-28.4,26.6
3497.273,-31.5,26.7,-30.7,27.1,-28.7,27.3,-28.5,26.5
3498.273,-31.5,26.7,-30.7,27.1,-28.8,27.2,-28.5,26.5
3499.273,-31.5,26.6,-30.7,27.0,-28.9,27.2,-28.6,26.4
3500.273,-31.7,26.6,-30.8,27.0,-28.9,27.2,-28.5,26.4
3501.273,-31.8,26.6,-30.8,27.0,-29.0,27.1,-28.6,26.4
3502.273,-31.7,26.6,-30.7,27.0,-28.8,27.1,-28.4,26.4
3503.273,-30.1,26.6,-30.6,27.0,-26.7,27.1,-27.5,26.4
3504.273,-28.1,26.6,-29.1,27.0,-25.2,27.1,-25.3,26.4
3505.273,-12.4,26.7,-11.5,27.1,-10.7,27.2,-10.7,26.5
3506.273,0.9,27.2,0.2,27.6,0.2,27.7,0.7,27.0
3507.273,18.8,26.8,14.9,27.3,15.4,27.4,16.8,26.7
3508.273,26.3,26.5,23.9,26.9,21.7,27.1,24.1,26.4
3509.273,27.9,26.5,24.8,26.9,24.2,27.1,26.5,26.4
3510.273,29.2,26.5,24.8,26.9,25.6,27.1,26.5,26.4
3511.275,29.5,26.6,24.9,27.0,25.7,27.1,26.6,26.4
3512.275,29.3,26.9,24.8,27.1,25.5,27.2,26.6,26.5
3513.275,29.3,27.1,24.8,27.4,25.4,27.4,26.6,26.5
3514.275,29.7,27.2,25.1,27.6,25.7,27.6,26.6,26.7
3515.275,29.5,27.3,25.0,27.7,25.5,27.8,26.6,26.9
3516.275,29.5,27.3,24.9,27.8,25.5,27.9,26.5,27.0
3517.275,29.8,27.4,25.1,27.9,25.8,28.1,26.8,27.2
3518.275,29.8,27.5,25.1,28.0,25.8,28.2,26.8,27.3
3519.275,25.3,27.5,21.3,28.1,21.3,28.3,22.4,27.4
3520.275,-2.5,27.8,0.5,28.3,-0.1,28.5,-1.8,27.6
3521.275,-19.1,27.6,-17.1,28.2,-14.5,28.4,-16.2,27.4
3522.275,-31.1,27.3,-29.9,27.8,-28.3,28.0,-28.2,27.2
3523.276,-31.6,27.1,-30.8,27.6,-29.0,27.7,-28.4,27.0
3524.276,-31.2,26.9,-30.7,27.4,-28.8,27.4,-28.4,26.7
3525.276,-31.2,26.7,-30.6,27.2,-28.6,27.3,-28.4,26.6
3526.277,-31.5,26.7,-30.7,27.1,-28.9,27.2,-28.6,26.5
3527.277,-31.5,26.7,-30.7,27.1,-28.7,27.2,-28.5,26.4
3528.277,-31.7,26.6,-30.8,27.0,-28.9,27.2,-28.5,26.4
3529.277,-31.9,26.6,-30.8,27.0,-28.9,27.2,-28.5,26.4
3530.277,-31.6,26.6,-30.7,27.0,-28.8,27.2,-28.9,26.4
3531.277,-31.6,26.6,-30.7,27.0,-28.8,27.1,-28.7,26.4
3532.277,-29.0,26.6,-30.6,27.0,-25.0,27.1,-27.5,26.4
3533.277,-32.6,26.6,-25.7,27.0,-24.3,27.1,-24.7,26.4
3534.277,-0.5,27.3,-1.2,27.3,-1.1,27.5,0.1,26.7
3535.277,0.1,28.0,0.4,27.7,2.1,27.8,3.4,27.0
3536.277,27.6,27.0,16.8,27.3,18.5,27.2,19.5,26.5
3537.277,26.8,26.5,24.2,26.9,21.7,27.1,23.7,26.4
3538.277,28.7,26.5,24.8,26.9,25.2,27.1,26.5,26.4
3539.277,29.1,26.5,24.8,26.9,25.4,27.1,26.2,26.4
3540.277,29.5,26.7,24.9,27.0,25.7,27.2,26.4,26.4
3541.277,29.2,26.9,24.8,27.2,25.5,27.2,26.4,26.5
3542.277,29.6,27.1,24.9,27.4,25.5,27.4,26.3,26.6
3543.277,29.6,27.2,25.0,27.6,25.6,27.6,26.3,26.7
3544.277,29.6,27.3,25.0,27.7,25.6,27.8,26.4,26.9
3545.277,29.6,27.3,25.0,27.8,25.6,28.0,26.4,27.0
3546.277,29.7,27.4,25.1,27.9,25.7,28.1,26.4,27.1
3547.277,29.6,27.5,25.0,28.0,25.7,28.2,26.5,27.3
3548.277,18.3,27.6,17.2,28.1,17.0,28.3,18.2,27.4
3549.277,-6.1,27.8,-2.1,28.4,-2.5,28.6,-4.6,27.6
3550.277,-24.3,27.5,-22.2,28.1,-19.6,28.3,-21.4,27.4
3551.277,-31.3,27.2,-30.2,27.8,-28.6,28.0,-28.4,27.1
3552.277,-31.5,27.0,-30.8,27.6,-29.2,27.7,-28.6,26.9
3553.277,-31.4,26.8,-30.7,27.3,-29.1,27.4,-28.5,26.7
3554.278,-31.4,26.7,-30.8,27.2,-31.6,27.2,-28.5,26.5
3555.278,-31.7,26.7,-30.7,27.1,-28.8,27.2,-28.6,26.5
3556.278,-31.6,26.7,-31.0,27.1,-28.8,27.2,-28.5,26.5
3557.278,-31.7,26.6,-35.1,27.0,-28.8,27.2,-28.5,26.4
3558.278,-32.0,26.6,-31.0,27.0,-29.0,27.2,-28.6,26.4
3559.278,-31.7,26.6,-33.5,27.0,-28.7,27.2,-28.4,26.4
3560.278,-30.9,26.6,-30.7,27.0,-28.3,27.1,-28.6,26.4
3561.278,-27.3,26.6,-30.2,27.0,-24.6,27.1,-25.7,26.4
3562.278,-18.1,26.6,-17.3,27.0,-16.6,27.2,-16.1,26.4
3563.278,-0.3,27.1,-0.4,27.5,-0.3,27.6,0.1,26.9
3564.278,4.0,27.3,1.3,27.7,2.5,27.9,2.9,27.1
3565.278,21.6,26.7,18.0,27.2,18.0,27.3,19.5,26.6
3566.278,26.6,26.5,24.4,26.9,21.5,27.1,23.8,26.4
3567.278,28.8,26.5,24.9,26.9,26.4,27.0,26.4,26.3
3568.278,29.3,26.5,24.9,26.9,25.8,27.1,26.2,26.4
3569.278,29.7,26.7,28.1,27.0,25.9,27.1,26.4,26.4
3570.278,29.2,26.9,29.6,27.1,25.4,27.2,26.2,26.5
3571.278,29.6,27.1,25.2,27.4,25.7,27.4,26.5,26.6
3572.278,29.6,27.2,25.0,27.6,25.4,27.6,26.1,26.7
3573.278,29.5,27.3,25.0,27.7,27.3,27.8,26.3,26.9
3574.278,29.7,27.3,25.1,27.8,25.8,27.9,26.5,27.0
3575.278,29.7,27.4,25.1,27.9,25.7,28.1,26.4,27.1
3576.278,29.7,27.5,25.1,28.0,25.6,28.2,26.3,27.3
3577.278,21.1,27.6,18.8,28.1,18.4,28.3,19.4,27.4
3578.278,3.0,27.8,2.6,28.3,1.8,28.5,2.6,27.6
3579.278,-7.3,27.8,-2.7,28.5,-2.6,28.7,-5.3,27.7
3580.278,-25.6,27.4,-23.8,28.0,-20.7,28.2,-21.4,27.3
3581.278,-31.3,27.2,-30.3,27.7,-28.4,27.9,-28.4,27.1
3582.279,-31.5,27.0,-30.9,27.5,-29.1,27.6,-28.8,26.9
3583.279,-31.2,26.7,-30.7,27.3,-28.7,27.4,-31.1,26.7
3584.279,-31.3,26.6,-30.7,27.1,-29.3,27.2,-28.6,26.5
3585.279,-31.6,26.6,-30.8,27.1,-29.0,27.2,-29.5,26.5
3586.279,-31.5,26.6,-30.8,27.0,-32.1,27.2,-28.6,26.4
3587.279,-31.6,26.6,-30.8,27.0,-28.6,27.1,-28.5,26.4
3588.279,-31.9,26.6,-30.9,27.0,-29.0,27.1,-28.6,26.4
3589.279,-31.7,26.6,-30.7,27.0,-28.8,27.1,-28.7,26.4
3590.279,-30.7,26.6,-30.7,27.0,-28.6,27.1,-28.7,26.3
3591.279,-27.7,26.6,-30.5,26.9,-23.9,27.1,-25.8,26.3
3592.279,-21.6,26.6,-18.7,27.0,-19.4,27.1,-21.8,26.4
3593.279,-0.0,27.1,-1.2,27.4,-0.4,27.5,-0.2,26.8
3594.279,0.4,27.4,0.3,27.7,0.2,27.9,1.1,27.1
3595.279,15.8,27.0,13.7,27.4,14.4,27.4,16.2,26.6
3596.279,27.3,26.5,23.3,26.9,21.7,27.1,19.7,26.4
3597.279,27.8,26.5,24.9,26.8,24.1,27.0,22.9,26.3
3598.279,29.0,26.5,24.8,26.9,28.8,27.1,23.2,26.4
3599.279,29.4,26.6,25.0,27.0,25.9,27.1,23.7,26.4
3600.279,29.2,26.8,24.8,27.1,25.4,27.2,29.5,26.5
3601.279,29.4,27.0,24.9,27.3,25.4,27.3,26.3,26.5
3602.279,29.7,27.1,25.2,27.5,25.8,27.5,26.6,26.6
3603.279,29.6,27.2,25.1,27.6,25.6,27.7,26.4,26.8
3604.279,29.3,27.3,24.9,27.8,25.5,27.9,26.4,27.0
3605.279,29.6,27.4,25.1,27.9,25.7,28.0,26.5,27.1
3606.279,29.7,27.4,25.1,28.0,25.8,28.1,26.6,27.2
3607.279,27.1,27.5,23.2,28.0,23.3,28.2,24.6,27.3
3608.279,2.7,27.8,3.0,28.3,2.2,28.5,3.1,27.6
3609.279,-11.8,27.7,-8.3,28.4,-7.3,28.5,-9.8,27.5
3610.279,-29.9,27.3,-28.0,27.9,-25.9,28.1,-25.3,27.2
3611.279,-31.4,27.1,-30.7,27.7,-28.9,27.8,-28.6,27.0
3612.279,-31.2,26.9,-30.8,27.4,-28.8,27.5,-31.7,26.8
3613.279,-31.2,26.7,-30.7,27.2,-28.6,27.3,-28.8,26.6
3614.279,-31.4,26.7,-30.8,27.1,-28.8,27.2,-32.0,26.5
3615.279,-31.5,26.6,-30.8,27.1,-28.8,27.2,-28.5,26.5
3616.279,-31.6,26.6,-30.8,27.0,-28.9,27.2,-28.7,26.4
3617.279,-31.7,26.6,-30.8,27.0,-28.8,27.1,-28.5,26.4
3618.279,-31.7,26.6,-30.9,27.0,-28.9,27.1,-28.7,26.4
3619.279,-31.7,26.6,-30.7,27.0,-28.7,27.1,-28.5,26.4
3620.279,-29.9,26.5,-30.7,26.9,-26.4,27.1,-28.4,26.3
3621.279,-28.5,26.6,-29.0,26.9,-25.7,27.1,-25.5,26.3
3622.279,-8.7,26.7,-8.9,27.1,-8.3,27.2,-7.3,26.5
3623.279,0.5,27.2,0.2,27.6,0.9,27.7,2.3,26.9
3624.279,18.0,26.9,15.4,27.3,16.4,27.3,17.5,26.5
3625.279,26.5,26.5,24.2,26.9,22.2,27.1,23.6,26.4
3626.279,28.4,26.5,24.8,26.9,24.4,27.0,26.5,26.3
3627.279,29.1,26.5,24.8,26.9,25.5,27.0,26.3,26.3
3628.279,29.3,26.6,24.9,27.0,25.6,27.1,26.4,26.4
3629.279,29.3,26.8,25.0,27.1,25.6,27.2,29.5,26.5
3630.279,29.3,27.0,24.9,27.3,25.5,27.3,26.5,26.5
3631.279,29.6,27.2,25.0,27.5,25.5,27.5,26.3,26.7
3632.279,29.4,27.2,25.0,27.7,25.5,27.7,26.4,26.8
3633.279,29.5,27.3,25.1,27.8,25.6,27.9,26.6,27.0
3634.279,29.6,27.4,25.1,27.9,25.7,28.0,26.6,27.1
3635.279,29.6,27.4,25.1,28.0,25.6,28.1,26.4,27.3
3636.279,24.8,27.5,21.2,28.1,21.2,28.2,22.4,27.4
3637.279,-1.4,27.8,0.8,28.3,0.4,28.5,-0.8,27.6
3638.279,-18.0,27.6,-15.7,28.2,-13.4,28.4,-15.3,27.5
3639.279,-31.1,27.3,-29.9,27.8,-28.2,28.0,-28.2,27.2
3640.279,-31.4,27.1,-30.8,27.6,-29.0,27.8,-28.7,27.0
3641.279,-31.2,26.8,-30.7,27.4,-28.7,27.4,-28.5,26.7
3642.279,-31.3,26.7,-30.7,27.2,-28.6,27.3,-28.4,26.6
3643.279,-31.5,26.7,-30.8,27.1,-28.8,27.2,-28.6,26.5
3644.279,-31.5,26.6,-30.7,27.1,-28.7,27.2,-28.5,26.4
3645.279,-31.6,26.6,-30.8,27.0,-28.9,27.2,-28.5,26.4
3646.279,-31.8,26.6,-30.9,27.0,-29.0,27.1,-28.6,26.4
3647.279,-31.6,26.6,-30.7,27.0,-28.8,27.1,-28.5,26.4
3648.279,-31.6,26.6,-30.7,27.0,-28.7,27.1,-28.4,26.4
3649.279,-28.3,26.6,-30.7,26.9,-25.2,27.1,-26.5,26.4
3650.279,-28.3,26.5,-27.0,27.0,-25.1,27.1,-25.1,26.4
3651.279,-2.2,26.9,-2.6,27.3,-2.2,27.4,-2.2,26.7
3652.279,0.5,27.3,0.6,27.6,1.6,27.8,2.7,27.0
3653.279,21.5,26.9,17.4,27.2,17.8,27.2,18.8,26.5
3654.279,26.1,26.5,24.3,26.9,21.5,27.0,23.5,26.4
3655.279,28.8,26.5,24.9,26.9,25.3,27.0,26.5,26.3
3656.279,29.0,26.5,24.8,26.9,25.5,27.1,26.4,26.4
3657.279,29.4,26.7,25.0,27.0,25.7,27.1,26.7,26.4
3658.279,29.0,26.9,24.8,27.1,25.3,27.2,26.3,26.5
3659.279,29.6,27.1,25.1,27.4,25.8,27.4,26.7,26.6
3660.279,29.6,27.2,25.0,27.6,25.3,27.6,26.1,26.7
3661.279,29.4,27.3,25.0,27.7,25.4,27.8,26.4,26.9
3662.279,29.7,27.3,25.1,27.8,25.8,27.9,26.7,27.0
3663.279,29.6,27.4,25.1,27.9,25.7,28.1,26.5,27.2
3664.279,29.7,27.4,25.0,28.0,25.6,28.2,26.4,27.3
3665.279,22.1,27.5,19.7,28.1,19.0,28.3,20.5,27.4
3666.279,-2.3,27.9,0.1,28.4,-0.3,28.6,-1.3,27.7
3667.279,-18.2,27.6,-15.4,28.2,-13.1,28.4,-14.6,27.4
3668.279,-31.2,27.3,-29.7,27.8,-28.0,28.0,-28.1,27.2
3669.279,-31.4,27.1,-30.7,27.6,-28.9,27.8,-28.7,27.0
3670.279,-31.2,26.8,-30.8,27.4,-28.8,27.5,-29.3,26.7
3671.279,-31.2,26.7,-30.7,27.2,-28.6,27.3,-29.0,26.6
3672.279,-31.5,26.6,-30.8,27.2,-28.8,27.2,-28.5,26.5
3673.279,-31.4,26.6,-30.8,27.1,-28.8,27.2,-28.5,26.5
3674.279,-31.6,26.6,-30.8,27.0,-28.8,27.1,-28.5,26.4
3675.279,-31.9,26.6,-30.9,27.0,-28.9,27.1,-28.6,26.4
3676.279,-31.6,26.6,-30.8,27.0,-28.8,27.1,-28.5,26.4
3677.279,-31.6,26.6,-30.8,27.0,-28.8,27.1,-28.5,26.4
3678.279,-29.0,26.6,-30.7,26.9,-25.1,27.1,-26.8,26.4
3679.279,-28.1,26.6,-27.9,26.9,-24.9,27.1,-24.2,26.4
3680.279,-1.5,26.8,-2.4,27.2,-3.5,27.3,-3.1,26.6
3681.279,8.3,27.0,3.6,27.6,5.4,27.6,3.5,27.0
3682.279,22.3,26.6,20.0,27.0,19.2,27.1,21.7,26.5
3683.279,26.3,26.5,24.8,26.9,21.5,27.1,24.4,26.4
3684.279,29.0,26.5,24.7,26.9,25.3,27.0,26.3,26.4
3685.279,29.5,26.5,25.0,26.9,25.8,27.1,26.5,26.4
3686.279,29.5,26.7,24.9,27.0,25.6,27.1,26.4,26.4
3687.279,29.1,26.9,24.7,27.2,25.3,27.2,26.4,26.5
3688.279,29.8,27.1,25.1,27.4,25.7,27.4,26.5,26.6
3689.279,29.6,27.2,25.0,27.6,25.5,27.6,26.4,26.7
3690.279,29.5,27.3,24.9,27.7,25.5,27.8,26.4,26.9
3691.279,29.6,27.3,25.0,27.8,25.5,28.0,26.4,27.1
3692.279,29.9,27.4,25.2,27.9,25.9,28.1,26.7,27.2
3693.279,29.7,27.4,25.0,28.0,25.6,28.2,26.4,27.3
3694.279,15.0,27.6,13.1,28.1,13.1,28.3,13.9,27.5
3695.279,-5.2,27.9,-1.1,28.5,-1.5,28.6,-3.6,27.7
3696.279,-22.4,27.5,-21.3,28.1,-17.9,28.3,-19.2,27.4
3697.279,-31.1,27.2,-30.1,27.8,-28.2,28.0,-28.4,27.1
3698.279,-31.5,27.0,-30.8,27.6,-28.9,27.7,-28.7,26.9
3699.279,-31.1,26.8,-30.7,27.3,-28.8,27.4,-28.5,26.7
3700.279,-31.2,26.7,-30.7,27.2,-28.7,27.2,-28.5,26.5
3701.279,-31.5,26.7,-30.8,27.1,-28.9,27.2,-28.9,26.5
3702.279,-31.5,26.6,-30.8,27.1,-29.0,27.2,-28.6,26.4
3703.279,-31.5,26.6,-30.8,27.0,-29.0,27.1,-28.5,26.4
3704.279,-31.9,26.6,-31.0,27.0,-29.0,27.1,-28.7,26.4
3705.279,-31.6,26.6,-30.8,27.0,-28.8,27.1,-28.5,26.4
3706.279,-31.4,26.6,-30.7,27.0,-29.1,27.1,-28.4,26.4
3707.279,-27.3,26.6,-30.5,26.9,-24.3,27.1,-25.9,26.4
3708.279,-23.9,26.6,-21.7,27.0,-21.5,27.1,-20.4,26.4
3709.279,0.3,27.0,-0.6,27.4,-0.3,27.5,-0.4,26.8
3710.279,7.2,27.1,1.4,27.7,3.1,27.8,2.2,27.1
3711.279,22.4,26.6,19.6,27.1,19.4,27.2,20.9,26.5
3712.279,25.5,26.5,24.2,26.9,21.6,27.1,24.2,26.4
3713.279,29.0,26.5,24.8,26.9,25.5,27.0,26.6,26.4
3714.279,29.4,26.5,24.9,26.9,25.5,27.1,26.2,26.4
3715.279,29.4,26.7,24.9,27.0,25.7,27.1,26.5,26.4
3716.279,29.3,26.9,24.9,27.2,25.5,27.2,26.4,26.5
3717.279,29.5,27.1,24.9,27.4,25.4,27.4,26.2,26.6
3718.279,29.8,27.2,25.1,27.6,25.7,27.6,26.4,26.7
3719.279,29.6,27.3,25.0,27.7,25.4,27.8,31.7,26.9
3720.279,29.6,27.3,25.0,27.8,25.6,27.9,26.6,27.1
3721.279,29.8,27.4,25.2,27.9,25.8,28.1,26.5,27.2
3722.279,29.7,27.4,25.1,28.0,25.6,28.2,26.5,27.3
3723.279,16.6,27.6,15.1,28.1,15.1,28.3,15.9,27.4
3724.279,-6.4,27.8,-2.1,28.4,-2.5,28.6,-5.1,27.6
3725.279,-25.3,27.4,-23.9,28.0,-21.0,28.2,-21.8,27.3
3726.279,-31.2,27.2,-30.3,27.8,-28.5,28.0,-28.4,27.2
3727.281,-31.5,27.0,-30.9,27.5,-28.9,27.7,-28.7,26.9
3728.281,-31.2,26.8,-30.7,27.3,-28.6,27.4,-28.4,26.7
3729.281,-31.4,26.7,-30.7,27.2,-28.8,27.3,-28.6,26.5
3730.281,-31.7,26.7,-30.8,27.1,-28.9,27.2,-28.6,26.5
3731.281,-31.6,26.6,-30.8,27.0,-28.8,27.2,-28.6,26.4
3732.281,-31.7,26.6,-30.7,27.0,-28.8,27.2,-28.5,26.4
3733.281,-32.0,26.6,-30.9,27.0,-29.0,27.1,-28.6,26.4
3734.281,-31.7,26.6,-30.7,27.0,-28.7,27.1,-28.5,26.4
3735.281,-30.9,26.6,-30.7,27.0,-28.2,27.1,-28.5,26.4
3736.281,-27.6,26.6,-30.2,26.9,-24.0,27.1,-25.6,26.4
3737.281,-19.3,26.6,-18.3,27.0,-18.5,27.1,-16.9,26.4
3738.281,-1.3,27.0,-0.7,27.4,-0.4,27.5,-0.7,26.8
3739.281,0.9,27.3,0.1,27.7,0.2,27.9,0.2,27.1
3740.281,15.0,26.9,12.1,27.4,12.1,27.6,11.2,26.9
3741.281,26.4,26.5,22.8,26.9,21.3,27.1,24.0,26.4
3742.281,27.6,26.5,24.8,26.9,23.1,27.0,25.2,26.4
3743.281,29.4,26.5,24.9,26.9,25.7,27.0,26.4,26.4
3744.281,29.4,26.6,24.9,27.0,25.7,27.1,26.5,26.4
3745.281,29.3,26.8,24.8,27.1,25.4,27.2,26.3,26.5
3746.281,29.3,27.0,24.8,27.3,25.3,27.3,26.2,26.5
3747.281,29.8,27.1,25.2,27.5,25.9,27.5,26.7,26.6
3748.281,29.4,27.2,24.9,27.7,25.3,27.7,26.1,26.8
3749.281,29.5,27.3,25.0,27.8,25.5,27.9,26.3,27.0
3750.281,29.9,27.4,25.2,27.9,26.0,28.0,26.8,27.1
3751.281,29.7,27.4,25.1,28.0,25.6,28.1,26.3,27.2
3752.281,28.7,27.5,24.2,28.0,24.9,28.2,25.8,27.4
3753.281,3.4,27.8,3.8,28.3,3.3,28.5,3.9,27.6
3754.281,-10.0,27.8,-5.7,28.5,-5.2,28.6,-8.2,27.6
3755.281,-28.4,27.4,-26.5,27.9,-23.3,28.1,-24.5,27.3
3756.281,-31.5,27.2,-30.6,27.7,-28.5,27.9,-28.6,27.1
3757.281,-31.5,26.9,-30.8,27.5,-29.1,27.6,-28.7,26.8
3758.281,-31.3,26.8,-30.6,27.3,-28.7,27.3,-28.4,26.6
3759.281,-31.5,26.7,-30.7,27.2,-28.9,27.2,-28.6,26.5
3760.281,-31.6,26.6,-30.7,27.1,-29.0,27.2,-28.6,26.5
3761.281,-31.7,26.6,-30.8,27.1,-28.8,27.1,-28.6,26.4
3762.281,-31.9,26.6,-30.8,27.0,-28.8,27.1,-28.5,26.4
3763.281,-31.9,26.6,-30.8,27.0,-28.9,27.1,-28.6,26.4
3764.281,-31.7,26.6,-30.7,27.0,-28.6,27.1,-28.5,26.4
3765.283,-30.0,26.5,-30.7,27.0,-27.6,27.1,-28.4,26.3
3766.283,-28.4,26.6,-29.7,26.9,-24.7,27.1,-25.1,26.3
3767.283,-12.7,26.7,-12.4,27.1,-12.1,27.2,-11.2,26.4
3768.283,0.4,27.2,0.3,27.5,0.8,27.7,3.0,26.8
3769.283,17.9,26.9,14.6,27.3,16.1,27.3,16.4,26.5
3770.283,27.2,26.5,24.1,26.9,22.0,27.1,23.0,26.4
3771.283,28.1,26.5,24.8,26.9,24.0,27.0,26.7,26.3
3772.283,29.1,26.5,24.8,26.9,25.5,27.0,26.2,26.4
3773.283,29.5,26.6,24.9,27.0,25.7,27.1,26.4,26.4
3774.283,29.3,26.9,24.8,27.1,25.4,27.2,26.2,26.5
3775.283,29.5,27.0,25.0,27.3,25.6,27.3,26.4,26.5
3776.283,29.5,27.2,25.0,27.5,25.7,27.5,26.4,26.7
3777.283,29.4,27.3,24.9,27.7,25.3,27.7,26.1,26.8
3778.283,29.7,27.3,25.0,27.8,25.6,27.9,26.5,27.0
3779.283,29.7,27.4,25.1,27.9,25.8,28.0,26.7,27.2
3780.283,29.6,27.4,25.0,28.0,25.6,28.1,26.4,27.3
3781.283,25.1,27.5,21.6,28.1,21.7,28.2,22.8,27.4
3782.283,-3.0,27.8,-0.1,28.3,-0.2,28.5,-1.8,27.7
3783.283,-18.1,27.6,-15.7,28.2,-13.0,28.4,-15.2,27.5
3784.283,-31.2,27.3,-29.8,27.8,-28.1,28.0,-28.1,27.2
3785.283,-31.6,27.1,-30.7,27.7,-28.9,27.8,-28.7,27.0
3786.283,-31.2,26.8,-30.7,27.4,-28.7,27.5,-28.6,26.7
3787.283,-31.3,26.7,-30.7,27.2,-28.7,27.3,-28.5,26.6
3788.283,-31.4,26.7,-30.8,27.1,-28.8,27.2,-28.7,26.5
3789.283,-31.5,26.7,-30.8,27.1,-28.8,27.2,-28.6,26.5
3790.283,-31.6,26.6,-30.8,27.0,-28.8,27.2,-28.6,26.5
3791.283,-31.9,26.6,-30.9,27.0,-29.0,27.1,-28.7,26.4
3792.283,-31.6,26.6,-30.8,27.0,-28.8,27.1,-28.6,26.4
3793.283,-31.7,26.6,-30.8,27.0,-28.8,27.1,-28.5,26.4
3794.283,-28.4,26.6,-30.7,27.0,-25.5,27.1,-26.5,26.4
3795.283,-28.0,26.6,-27.2,27.0,-24.7,27.1,-24.8,26.4
3796.283,-0.7,26.9,-0.6,27.3,-1.2,27.4,-1.0,26.7
3797.283,1.5,27.3,0.5,27.7,0.9,27.8,3.2,27.0
3798.283,19.1,26.8,15.8,27.3,16.1,27.3,17.3,26.6
3799.283,27.2,26.5,24.0,26.9,22.0,27.0,23.4,26.4
3800.283,28.1,26.5,24.9,26.9,24.4,27.0,26.5,26.3
3801.283,29.0,26.5,24.7,26.9,25.4,27.0,26.1,26.4
3802.283,29.4,26.6,24.9,27.0,25.6,27.1,26.4,26.4
3803.283,29.2,26.9,24.8,27.1,25.5,27.2,26.3,26.5
3804.283,29.4,27.0,24.9,27.3,25.5,27.3,26.4,26.5
3805.283,29.5,27.2,25.0,27.6,25.6,27.6,26.4,26.7
3806.283,29.6,27.3,25.0,27.7,25.5,27.7,26.2,26.9
3807.283,29.6,27.3,25.1,27.8,25.8,27.9,26.7,27.0
3808.283,29.6,27.4,25.0,27.9,25.5,28.0,26.3,27.2
3809.283,29.6,27.4,25.0,28.0,25.6,28.1,26.4,27.3
3810.283,23.1,27.5,20.4,28.1,20.1,28.3,21.3,27.4
3811.283,-1.5,27.8,0.5,28.4,0.1,28.5,-0.8,27.7
3812.283,-16.9,27.6,-13.8,28.3,-11.7,28.4,-14.0,27.5
3813.283,-31.3,27.3,-29.7,27.8,-27.9,28.0,-28.1,27.2
3814.284,-31.6,27.1,-30.8,27.7,-28.7,27.8,-28.7,27.0
3815.284,-31.3,26.9,-30.8,27.4,-28.8,27.4,-28.5,26.7
3816.284,-31.3,26.7,-30.7,27.2,-28.7,27.3,-28.4,26.6
3817.284,-31.4,26.7,-30.7,27.1,-28.8,27.2,-28.7,26.5
3818.284,-31.5,26.6,-30.7,27.1,-29.0,27.2,-28.6,26.5
3819.284,-31.7,26.6,-30.8,27.0,-28.9,27.1,-28.6,26.4
3820.284,-31.9,26.6,-30.9,27.0,-28.9,27.1,-28.6,26.4
3821.286,-31.6,26.5,-30.8,27.0,-29.4,27.1,-28.6,26.4
3822.286,-31.6,26.6,-30.7,27.0,-29.2,27.1,-28.5,26.4
3823.286,-27.9,26.6,-30.7,27.0,-25.2,27.1,-26.7,26.4
3824.286,-28.1,26.5,-27.4,26.9,-25.4,27.1,-25.2,26.3
3825.286,-5.0,26.8,-4.6,27.2,-3.8,27.4,-2.6,26.6
3826.286,0.5,27.3,0.2,27.6,0.4,27.8,1.6,27.0
3827.286,17.2,26.9,13.8,27.3,14.8,27.4,16.0,26.6
3828.286,26.7,26.5,24.0,26.9,21.7,27.1,23.3,26.4
3829.286,28.3,26.5,24.8,26.9,24.3,27.0,26.4,26.3
3830.286,29.1,26.5,24.8,26.9,25.6,27.0,26.3,26.3
3831.286,29.6,26.6,24.9,27.0,25.6,27.1,26.3,26.4
3832.286,29.2,26.8,24.8,27.1,25.8,27.2,26.3,26.5
3833.286,29.5,27.0,25.0,27.3,25.7,27.3,26.5,26.5
3834.286,29.5,27.2,24.9,27.5,25.4,27.5,26.1,26.7
3835.286,29.7,27.2,25.0,27.7,25.6,27.7,26.3,26.9
3836.286,29.6,27.3,25.0,27.8,25.7,27.9,26.5,27.0
3837.286,29.6,27.4,25.0,27.9,25.6,28.0,26.4,27.1
3838.286,29.7,27.4,25.1,28.0,25.7,28.1,26.4,27.3
3839.288,25.6,27.5,21.9,28.1,22.0,28.2,22.9,27.4
3840.288,0.1,27.8,0.9,28.4,0.7,28.5,0.6,27.7
3841.288,-12.8,27.7,-8.9,28.4,-7.4,28.5,-10.2,27.6
3842.288,-30.9,27.3,-29.1,27.9,-26.6,28.1,-26.8,27.2
3843.290,-31.6,27.1,-30.7,27.7,-28.9,27.8,-28.8,27.0
3844.290,-31.3,26.9,-30.8,27.4,-28.8,27.5,-28.6,26.8
3845.290,-31.3,26.7,-30.6,27.2,-28.6,27.3,-28.6,26.6
3846.290,-31.5,26.7,-30.7,27.1,-28.7,27.2,-28.7,26.5
3847.290,-31.6,26.6,-30.7,27.1,-28.7,27.2,-29.4,26.4
3848.290,-31.6,26.6,-30.8,27.0,-28.7,27.1,-29.5,26.4
3849.290,-31.9,26.6,-30.9,27.0,-29.0,27.1,-28.6,26.4
3850.290,-31.7,26.6,-30.7,27.0,-29.1,27.1,-28.6,26.4
3851.290,-31.7,26.6,-30.7,27.0,-28.7,27.1,-28.4,26.4
3852.290,-28.8,26.5,-30.7,27.0,-26.3,27.1,-27.7,26.4
3853.290,-29.1,26.5,-28.5,26.9,-24.7,27.1,-25.2,26.4
3854.290,-6.7,26.8,-6.4,27.2,-7.5,27.3,-6.0,26.6
3855.290,2.2,27.2,1.1,27.6,1.4,27.7,2.5,27.0
3856.290,21.7,26.7,17.3,27.2,17.0,27.3,18.1,26.6
3857.290,26.1,26.5,24.0,26.9,21.7,27.0,23.6,26.4
3858.290,28.5,26.5,24.9,26.9,24.7,27.0,26.8,26.4
3859.290,29.2,26.5,24.8,26.9,25.5,27.0,26.1,26.4
3860.290,29.5,26.6,25.0,27.0,25.7,27.1,26.4,26.4
3861.290,29.2,26.9,24.8,27.1,25.5,27.2,26.4,26.5
3862.290,29.4,27.1,24.9,27.4,25.6,27.3,26.4,26.6
3863.290,29.7,27.2,25.0,27.6,25.6,27.6,26.2,26.7
3864.290,29.6,27.3,25.0,27.7,25.7,27.8,26.5,26.9
3865.290,29.4,27.3,24.8,27.8,25.3,27.9,26.2,27.0
3866.290,29.8,27.4,25.1,27.9,25.8,28.0,26.6,27.2
3867.290,29.8,27.4,25.1,28.0,25.8,28.1,26.6,27.3
3868.290,22.3,27.5,19.6,28.1,19.9,28.2,20.8,27.4
3869.290,-4.0,27.8,-0.2,28.4,-0.7,28.6,-2.5,27.7
3870.290,-19.9,27.5,-17.6,28.2,-14.6,28.4,-16.4,27.4
3871.290,-31.2,27.3,-29.9,27.8,-28.9,28.0,-28.2,27.2
3872.290,-31.6,27.0,-30.8,27.6,-28.9,27.7,-28.7,27.0
3873.290,-31.3,26.8,-30.8,27.4,-28.6,27.4,-28.6,26.7
3874.290,-31.3,26.7,-30.7,27.2,-28.5,27.3,-28.4,26.6
3875.290,-31.5,26.7,-30.7,27.1,-29.2,27.2,-28.6,26.5
3876.290,-31.6,26.6,-30.7,27.1,-28.9,27.2,-28.5,26.5
3877.290,-31.7,26.6,-30.8,27.0,-28.8,27.1,-28.5,26.4
3878.290,-32.0,26.6,-30.9,27.0,-29.0,27.1,-28.7,26.4
3879.290,-31.7,26.6,-30.7,27.0,-28.8,27.1,-28.6,26.4
3880.290,-31.7,26.6,-30.7,27.0,-28.8,27.1,-28.6,26.4
3881.290,-27.8,26.6,-30.6,27.0,-25.3,27.1,-27.0,26.4
3882.290,-26.5,26.5,-24.6,27.0,-23.4,27.1,-23.3,26.4
3883.290,0.5,27.0,-1.1,27.3,-0.4,27.5,1.1,26.7
3884.290,10.0,27.1,5.4,27.6,7.2,27.7,8.1,26.8
3885.292,24.7,26.6,21.4,27.0,19.8,27.1,21.1,26.4
3886.292,26.2,26.5,24.7,26.9,22.8,27.0,25.3,26.4
3887.292,29.4,26.5,24.8,26.9,25.6,27.0,26.6,26.3
3888.292,29.3,26.6,24.8,26.9,26.3,27.1,26.3,26.4
3889.292,29.5,26.7,24.9,27.0,25.7,27.1,26.4,26.4
3890.292,29.4,27.0,24.8,27.2,25.4,27.3,26.2,26.5
3891.292,29.5,27.1,25.0,27.5,25.6,27.4,26.4,26.6
3892.292,29.7,27.2,25.0,27.6,25.6,27.6,26.3,26.8
3893.292,29.6,27.3,24.9,27.8,25.4,27.8,26.2,26.9
3894.292,29.6,27.4,25.1,27.8,25.8,28.0,26.7,27.1
3895.292,29.8,27.4,25.1,27.9,25.7,28.1,26.4,27.2
3896.292,29.8,27.5,25.0,28.0,25.9,28.2,26.7,27.3
3897.292,10.1,27.6,9.2,28.2,9.3,28.4,10.5,27.5
3898.292,-7.2,27.8,-2.8,28.5,-3.1,28.6,-5.7,27.6
3899.292,-27.1,27.4,-25.6,28.0,-22.8,28.2,-22.2,27.3
3900.293,-31.4,27.2,-30.6,27.8,-28.6,27.9,-28.5,27.1
3901.293,-31.4,26.9,-30.8,27.5,-28.9,27.6,-29.4,26.9
3902.293,-31.3,26.7,-30.7,27.3,-28.7,27.4,-28.6,26.6
3903.295,-31.3,26.7,-30.7,27.2,-28.7,27.3,-29.0,26.5
3904.295,-31.5,26.7,-30.8,27.1,-28.8,27.2,-29.7,26.5
3905.295,-31.6,26.6,-30.8,27.1,-28.8,27.2,-28.5,26.4
3906.295,-31.7,26.6,-30.8,27.0,-28.9,27.1,-29.4,26.4
3907.295,-31.9,26.6,-30.9,27.0,-28.9,27.1,-29.0,26.4
3908.295,-31.7,26.6,-30.7,27.0,-28.7,27.1,-32.6,26.4
3909.295,-30.5,26.6,-30.7,27.0,-28.0,27.1,-28.8,26.4
3910.295,-28.2,26.6,-29.7,27.0,-23.9,27.1,-25.1,26.4
3911.295,-14.7,26.6,-14.0,27.0,-14.0,27.1,-13.6,26.5
3912.295,0.7,27.2,0.0,27.5,0.3,27.6,0.9,26.9
3913.295,13.9,26.9,12.2,27.4,11.5,27.5,13.0,26.7
3914.295,27.7,26.5,23.4,26.9,21.8,27.1,23.2,26.4
3915.295,27.1,26.5,24.8,26.9,23.7,27.0,26.4,26.3
3916.295,29.2,26.5,24.8,26.9,25.5,27.0,26.2,26.4
3917.295,29.4,26.6,24.9,27.0,25.6,27.1,25.3,26.4
3918.295,29.3,26.8,24.8,27.1,25.6,27.2,25.3,26.5
3919.295,29.3,27.0,24.8,27.3,25.3,27.3,25.2,26.5
3920.295,29.8,27.2,25.1,27.5,25.9,27.5,25.7,26.6
3921.295,29.4,27.2,24.9,27.7,25.4,27.7,27.9,26.8
3922.295,29.5,27.3,25.0,27.8,25.6,27.9,30.5,27.0
3923.295,29.9,27.4,25.1,27.9,25.8,28.0,26.3,27.2
3924.295,29.6,27.4,25.0,28.0,25.6,28.1,26.1,27.3
3925.295,27.8,27.5,23.6,28.1,24.1,28.2,25.0,27.4
3926.295,1.8,27.8,2.6,28.3,2.4,28.5,2.1,27.6
3927.295,-12.8,27.7,-9.1,28.4,-7.6,28.5,-10.8,27.6
3928.295,-30.3,27.3,-28.5,27.9,-25.5,28.1,-26.5,27.3
3929.295,-31.5,27.1,-30.6,27.7,-28.7,27.8,-28.6,27.1
3930.295,-31.2,26.9,-30.7,27.4,-28.9,27.5,-28.6,26.8
3931.295,-31.4,26.7,-30.7,27.2,-29.2,27.3,-28.6,26.6
3932.295,-31.4,26.7,-30.7,27.2,-28.9,27.2,-28.6,26.5
3933.295,-31.6,26.6,-30.7,27.1,-33.1,27.2,-28.5,26.5
3934.296,-31.6,26.6,-30.8,27.0,-28.9,27.2,-28.7,26.4
3935.296,-31.9,26.6,-30.9,27.0,-28.8,27.1,-28.6,26.4
3936.296,-31.7,26.6,-30.8,27.0,-28.9,27.1,-28.6,26.4
3937.296,-31.8,26.6,-30.8,27.0,-28.8,27.1,-28.5,26.4
3938.296,-29.5,26.6,-30.7,27.0,-26.3,27.1,-27.8,26.3
3939.296,-28.3,26.6,-28.5,27.0,-25.3,27.1,-25.2,26.3
3940.296,-7.5,26.8,-7.8,27.2,-7.6,27.3,-6.6,26.6
3941.296,1.9,27.2,0.2,27.6,0.4,27.7,1.2,27.0
3942.296,17.7,26.8,14.2,27.3,14.9,27.4,16.9,26.6
3943.296,26.7,26.5,24.0,26.9,21.6,27.1,23.3,26.4
3944.296,28.0,26.5,24.7,26.9,23.9,27.0,26.1,26.3
3945.296,29.4,26.5,24.9,26.9,26.5,27.1,26.4,26.4
3946.296,29.4,26.6,24.9,27.0,27.2,27.1,26.3,26.4
3947.296,29.3,26.9,24.8,27.1,25.8,27.2,26.4,26.5
3948.296,29.4,27.0,24.8,27.4,25.6,27.3,26.3,26.5
3949.296,29.7,27.2,25.0,27.6,25.5,27.5,26.2,26.7
3950.296,29.7,27.2,25.0,27.7,25.6,27.8,26.4,26.9
3951.296,29.5,27.3,24.9,27.8,25.5,27.9,26.3,27.0
3952.296,29.8,27.4,25.1,27.9,25.9,28.0,26.7,27.2
3953.296,29.7,27.4,25.0,28.0,25.5,28.1,26.3,27.3
3954.296,25.4,27.5,21.9,28.1,22.0,28.2,23.1,27.4
3955.298,1.5,27.8,1.7,28.3,1.1,28.5,1.5,27.6
3956.298,-10.6,27.7,-6.5,28.4,-5.8,28.6,-8.7,27.6
3957.298,-28.6,27.4,-26.7,27.9,-23.6,28.1,-24.2,27.3
3958.298,-31.4,27.2,-30.6,27.7,-28.6,27.9,-28.6,27.1
3959.298,-31.3,26.9,-30.8,27.5,-28.8,27.6,-28.7,26.8
3960.299,-31.4,26.7,-30.7,27.3,-28.8,27.3,-28.6,26.6
3961.299,-31.3,26.7,-30.6,27.1,-28.9,27.2,-31.2,26.5
3962.299,-31.6,26.6,-30.8,27.1,-29.8,27.2,-28.6,26.5
3963.299,-31.6,26.6,-30.8,27.0,-28.9,27.1,-28.6,26.4
3964.299,-31.8,26.6,-30.8,27.0,-29.8,27.1,-28.7,26.4
3965.299,-31.9,26.6,-30.9,27.0,-29.1,27.1,-28.7,26.4
3966.301,-31.7,26.6,-30.7,27.0,-28.8,27.1,-28.5,26.4
3967.301,-30.2,26.6,-30.7,27.0,-28.0,27.1,-31.6,26.3
3968.301,-28.3,26.6,-29.3,27.0,-25.0,27.1,-25.1,26.3
3969.301,-13.1,26.7,-12.9,27.1,-11.9,27.2,-11.6,26.5
3970.301,0.3,27.2,-0.0,27.5,0.0,27.7,0.1,26.9
3971.301,13.8,27.0,9.8,27.5,10.9,27.6,13.0,26.8
3972.301,25.8,26.5,22.5,27.0,20.4,27.1,21.5,26.4
3973.301,27.2,26.5,24.7,26.9,23.0,27.0,25.5,26.3
3974.301,29.4,26.5,24.8,26.9,25.8,27.0,26.0,26.4
3975.301,29.3,26.6,24.9,27.0,25.4,27.1,23.2,26.4
3976.301,29.4,26.8,24.9,27.1,30.1,27.2,21.9,26.5
3977.301,29.2,27.0,24.8,27.3,27.0,27.3,21.8,26.5
3978.301,29.5,27.1,25.0,27.5,25.7,27.5,22.1,26.6
3979.301,29.4,27.2,25.0,27.7,27.7,27.7,25.4,26.8
3980.301,29.4,27.3,24.9,27.8,25.6,27.9,24.5,27.0
3981.301,29.5,27.4,25.0,27.9,25.7,28.0,24.8,27.1
3982.301,29.6,27.4,25.1,28.0,25.7,28.1,25.0,27.2
3983.301,29.2,27.5,24.6,28.0,25.5,28.2,25.1,27.4
3984.301,5.6,27.7,5.8,28.2,5.1,28.4,5.6,27.6
3985.301,-9.8,27.7,-5.9,28.4,-5.5,28.6,-8.5,27.6
3986.301,-28.6,27.4,-25.6,27.9,-23.8,28.1,-24.9,27.3
3987.301,-31.4,27.2,-30.6,27.7,-28.4,27.9,-28.7,27.1
3988.301,-31.4,26.9,-30.0,27.5,-28.9,27.6,-28.7,26.8
3989.301,-31.4,26.8,-32.2,27.2,-29.1,27.3,-28.5,26.6
3990.302,-31.4,26.7,-32.6,27.1,-28.9,27.2,-28.5,26.5
3991.302,-31.7,26.7,-30.1,27.1,-31.0,27.2,-28.5,26.5
3992.302,-31.6,26.6,-30.5,27.1,-29.0,27.2,-28.6,26.4
3993.302,-31.9,26.6,-30.6,27.0,-28.6,27.1,-28.5,26.4
3994.302,-31.9,26.6,-31.4,27.0,-28.9,27.1,-28.6,26.4
3995.302,-31.7,26.6,-31.4,27.0,-28.7,27.1,-28.5,26.4
3996.302,-30.0,26.6,-31.2,27.0,-27.4,27.1,-28.4,26.4
3997.302,-27.9,26.6,-30.1,26.9,-24.3,27.1,-24.6,26.4
3998.303,-12.1,26.7,-11.6,27.1,-12.0,27.2,-11.3,26.5
3999.303,0.7,27.2,-0.2,27.5,0.6,27.7,1.5,26.9
4000.303,17.4,26.9,13.7,27.3,14.2,27.3,15.2,26.6
4001.303,26.6,26.5,23.6,26.9,21.9,27.1,23.5,26.4
4002.303,27.3,26.5,27.6,26.9,23.8,27.0,26.0,26.3
4003.303,29.2,26.5,24.7,26.9,25.4,27.0,25.9,26.4
4004.303,29.5,26.6,24.9,27.0,25.7,27.1,26.4,26.4
4005.304,29.4,26.9,24.6,27.1,25.4,27.2,26.1,26.4
4006.304,29.4,27.0,25.7,27.3,25.4,27.3,26.0,26.5
4007.304,29.8,27.2,25.1,27.6,25.7,27.5,26.3,26.7
4008.304,29.5,27.3,24.8,27.7,25.4,27.7,26.0,26.8
4009.304,29.5,27.3,24.7,27.8,25.5,27.9,26.2,27.0
4010.304,29.6,27.4,24.9,27.9,25.6,28.0,26.3,27.1
4011.304,29.8,27.4,25.0,28.0,25.7,28.1,26.3,27.3
4012.307,26.3,27.5,22.3,28.1,22.6,28.2,23.4,27.4
4013.309,1.4,27.8,1.7,28.3,1.3,28.5,1.5,27.6
4014.311,-9.9,27.8,-5.7,28.4,-5.0,28.6,-8.2,27.6
4015.311,-28.3,27.4,-26.5,27.9,-21.4,28.1,-24.5,27.3
4016.311,-31.3,27.2,-30.3,27.7,-29.0,27.9,-28.4,27.1
4017.311,-31.4,26.9,-30.7,27.5,-29.4,27.6,-28.7,26.8
4018.311,-31.3,26.8,-30.6,27.2,-30.4,27.4,-28.6,26.6
4019.311,-31.3,26.7,-30.4,27.2,-29.3,27.2,-28.4,26.5
4020.311,-31.6,26.7,-30.6,27.1,-31.0,27.2,-28.7,26.5
4021.311,-31.6,26.6,-30.6,27.0,-28.8,27.2,-28.7,26.4
4022.311,-31.8,26.6,-30.6,27.0,-29.7,27.2,-28.6,26.4
4023.311,-31.8,26.6,-30.7,27.0,-28.9,27.1,-28.7,26.4
4024.311,-31.7,26.6,-30.5,27.0,-28.7,27.1,-28.7,26.4
4025.311,-30.2,26.6,-30.5,27.0,-28.3,27.1,-28.7,26.4
4026.311,-28.4,26.6,-29.2,26.9,-24.4,27.1,-29.1,26.4
4027.311,-12.8,26.7,-12.3,27.1,-13.0,27.2,-11.8,26.5
4028.311,0.7,27.2,0.4,27.6,0.6,27.7,1.0,26.9
4029.311,17.9,26.8,14.3,27.3,13.7,27.4,15.9,26.6
4030.311,26.6,26.5,23.6,26.9,22.6,27.1,28.2,26.4
4031.311,28.2,26.5,24.7,26.9,25.5,27.0,25.9,26.4
4032.311,29.1,26.5,24.7,26.9,28.0,27.1,26.2,26.4
4033.311,29.5,26.6,24.9,27.0,25.7,27.1,26.1,26.4
4034.311,29.1,26.9,24.6,27.1,25.4,27.2,26.1,26.5
4035.311,29.5,27.1,24.9,27.3,25.6,27.3,26.2,26.6
4036.313,29.7,27.2,24.9,27.5,25.6,27.5,26.2,26.7
4037.313,29.5,27.3,24.8,27.7,25.3,27.7,25.9,26.8
4038.313,29.6,27.3,24.9,27.8,25.6,27.9,26.4,27.0
4039.313,29.8,27.4,25.0,27.9,25.7,28.0,26.3,27.1
4040.313,29.6,27.4,24.9,28.0,25.6,28.1,26.2,27.3
4041.313,26.2,27.5,22.4,28.0,22.3,28.2,23.1,27.4
4042.313,1.6,27.8,1.9,28.3,1.1,28.5,1.3,27.7
4043.313,-10.6,27.7,-6.3,28.4,-5.8,28.6,-8.8,27.6
4044.313,-30.1,27.3,-28.0,27.9,-26.1,28.1,-26.5,27.3
4045.313,-31.5,27.1,-30.4,27.7,-28.8,27.9,-28.5,27.1
4046.313,-31.3,26.9,-30.6,27.5,-28.9,27.5,-28.6,26.8
4047.313,-31.2,26.7,-30.4,27.3,-28.7,27.3,-28.5,26.6
4048.313,-31.4,26.7,-30.4,27.2,-28.8,27.2,-28.6,26.5
4049.313,-31.5,26.7,-30.5,27.1,-28.7,27.2,-28.5,26.5
4050.313,-31.5,26.6,-30.6,27.0,-28.8,27.2,-28.6,26.4
4051.313,-31.8,26.6,-30.7,27.0,-28.9,27.1,-28.5,26.4
4052.313,-31.8,26.6,-30.6,27.0,-28.9,27.1,-28.6,26.4
4053.313,-31.7,26.6,-30.6,27.0,-28.8,27.1,-28.5,26.4
4054.313,-29.8,26.6,-30.5,26.9,-26.3,27.1,-27.9,26.4
4055.313,-28.5,26.6,-28.6,26.9,-24.7,27.1,-25.1,26.4
4056.313,-9.8,26.8,-9.9,27.1,-10.1,27.2,-8.7,26.6
4057.313,1.2,27.2,-0.1,27.5,0.3,27.7,0.9,27.0
4058.313,15.2,26.9,8.9,27.6,12.8,27.4,14.4,26.7
4059.313,27.4,26.5,23.6,26.9,22.1,27.1,22.6,26.4
4060.313,27.4,26.5,24.7,26.9,23.6,27.0,25.7,26.4
4061.313,29.5,26.5,24.8,26.9,25.6,27.1,26.1,26.4
4062.313,29.4,26.6,24.8,27.0,25.6,27.1,26.1,26.4
4063.313,29.4,26.8,24.7,27.1,25.5,27.2,26.1,26.5
4064.313,29.6,27.0,24.9,27.3,25.5,27.3,26.1,26.5
4065.313,29.7,27.2,25.0,27.5,25.6,27.5,26.3,26.7
4066.313,29.6,27.3,24.9,27.7,25.4,27.7,26.0,26.8
4067.313,29.4,27.3,24.8,27.8,25.4,27.9,26.1,27.0
4068.313,29.7,27.4,25.1,27.9,25.9,28.0,26.5,27.1
4069.313,29.6,27.4,25.0,28.0,25.5,28.1,26.1,27.2
4070.313,27.7,27.5,23.4,28.0,24.0,28.2,24.8,27.4
4071.313,4.8,27.7,4.8,28.3,3.8,28.5,4.7,27.6
4072.313,-5.3,27.9,-1.2,28.5,-1.4,28.6,-3.8,27.7
4073.313,-22.2,27.5,-21.2,28.1,-18.0,28.2,-19.6,27.4
4074.313,-31.1,27.2,-29.9,27.8,-28.2,27.9,-28.4,27.2
4075.313,-31.4,27.0,-30.6,27.6,-29.3,27.7,-28.9,26.9
4076.315,-31.2,26.8,-30.5,27.3,-28.7,27.4,-28.6,26.7
4077.315,-31.1,26.7,-30.4,27.1,-28.7,27.3,-28.6,26.6
4078.315,-31.4,26.7,-30.5,27.1,-29.9,27.2,-28.7,26.5
4079.315,-31.5,26.7,-30.5,27.1,-28.8,27.2,-28.7,26.5
4080.315,-31.6,26.6,-30.6,27.0,-28.9,27.2,-28.7,26.5
4081.315,-31.9,26.6,-30.7,27.0,-29.0,27.1,-28.8,26.4
4082.315,-31.5,26.6,-30.5,27.0,-28.7,27.1,-28.6,26.4
4083.315,-31.5,26.6,-30.5,27.0,-28.7,27.1,-28.7,26.4
4084.315,-27.3,26.6,-30.3,27.0,-24.3,27.1,-25.8,26.4
4085.315,-26.0,26.6,-24.0,27.0,-23.0,27.1,-22.8,26.4
4086.315,0.2,27.0,0.1,27.4,-0.5,27.5,0.4,26.8
4087.315,5.9,27.3,2.9,27.7,2.9,27.8,4.7,27.0
4088.315,23.5,26.6,19.6,27.1,20.1,27.2,20.5,26.5
4089.315,25.9,26.5,24.4,26.9,21.4,27.0,24.4,26.4
4090.315,28.9,26.5,24.8,26.9,26.7,27.0,26.4,26.4
4091.315,29.3,26.6,24.8,26.9,25.5,27.1,26.0,26.4
4092.315,29.4,26.7,24.9,27.0,25.6,27.1,26.2,26.5
4093.315,29.2,27.0,24.8,27.2,25.4,27.2,26.1,26.5
4094.315,29.5,27.1,24.9,27.4,25.6,27.4,26.1,26.6
4095.315,29.5,27.2,25.0,27.6,25.6,27.6,26.1,26.7
4096.315,29.4,27.3,24.9,27.7,25.3,27.8,25.9,26.9
4097.315,29.7,27.3,25.0,27.8,25.7,27.9,26.3,27.1
4098.346,29.7,27.4,25.0,27.9,25.7,28.1,26.3,27.2
4099.346,29.8,27.5,25.0,28.0,25.8,28.2,26.4,27.3
4100.346,14.0,27.6,13.0,28.1,13.0,28.3,12.8,27.5
4101.346,-5.8,27.9,-1.2,28.5,-2.0,28.6,-4.4,27.7
4102.346,-24.2,27.5,-22.8,28.0,-19.7,28.2,-21.3,27.4
4103.346,-31.0,27.2,-29.8,27.8,-28.3,28.0,-28.5,27.1
4104.346,-31.4,27.0,-30.6,27.5,-29.3,27.7,-28.9,26.9
4105.346,-31.2,26.8,-30.6,27.3,-28.8,27.4,-28.7,26.7
4106.346,-31.1,26.7,-30.4,27.2,-28.6,27.2,-28.5,26.5
4107.346,-31.5,26.7,-30.6,27.1,-29.8,27.2,-28.8,26.5
4108.346,-31.5,26.6,-30.5,27.0,-28.8,27.2,-28.6,26.5
4109.346,-31.5,26.6,-30.5,27.0,-28.8,27.2,-28.7,26.4
4110.346,-31.8,26.6,-30.6,27.0,-29.0,27.1,-28.8,26.4
4111.348,-31.5,26.6,-30.5,27.0,-28.7,27.1,-28.6,26.4
4112.348,-31.0,26.6,-30.4,27.0,-28.6,27.1,-28.7,26.4
4113.348,-27.2,26.6,-30.2,27.0,-24.3,27.1,-25.4,26.4
4114.348,-20.3,26.6,-18.7,27.0,-18.3,27.1,-17.6,26.4
4115.350,1.0,27.1,-0.4,27.5,0.4,27.6,0.7,26.9
4116.350,12.6,27.0,7.9,27.5,10.3,27.5,13.1,26.7
4117.350,25.9,26.5,22.7,27.0,21.4,27.1,22.3,26.4
4118.350,27.3,26.5,24.7,26.9,22.4,27.0,25.2,26.4
4119.350,29.4,26.5,24.7,26.9,26.6,27.0,26.0,26.4
4120.351,29.7,26.6,24.9,26.9,25.8,27.1,26.2,26.4
4121.383,29.3,26.8,24.7,27.1,25.3,27.2,26.0,26.5
4122.383,29.5,27.0,24.8,27.3,25.4,27.3,26.0,26.5
4123.383,29.9,27.2,25.1,27.5,25.9,27.5,26.4,26.6
4124.383,29.6,27.2,24.9,27.7,25.4,27.7,26.0,26.8
4125.383,29.6,27.3,24.8,27.8,25.4,27.8,26.0,27.0
4126.383,29.8,27.4,25.0,27.9,25.8,28.0,26.4,27.1
4127.383,29.8,27.4,25.1,27.9,25.8,28.1,26.4,27.2
4128.383,29.2,27.5,24.3,28.0,24.9,28.2,25.5,27.4
4129.383,4.2,27.8,4.4,28.3,3.9,28.4,3.7,27.6
4130.383,-9.6,27.8,-5.2,28.4,-4.7,28.6,-7.6,27.6
4131.383,-29.2,27.4,-27.2,27.9,-24.3,28.1,-25.6,27.3
4132.383,-31.3,27.2,-30.4,27.7,-28.4,27.9,-28.7,27.1
4133.383,-31.3,26.9,-30.6,27.5,-29.1,27.6,-28.9,26.8
4134.383,-31.2,26.7,-30.5,27.3,-29.0,27.3,-28.6,26.6
4135.383,-31.2,26.7,-30.4,27.2,-28.7,27.2,-28.6,26.5
