time_s,s1_flow_ml_min,s1_temp_c,s2_flow_ml_min,s2_temp_c,s3_flow_ml_min,s3_temp_c,s4_flow_ml_min,s4_temp_c
0.006,0.0,32.6,0.0,32.8,0.0,33.4,0.0,32.6
1.006,0.0,32.6,0.0,32.7,0.0,33.4,0.0,32.6
2.006,0.3,32.5,0.0,32.7,0.3,33.3,0.1,32.6
3.006,12.2,31.6,7.4,32.4,10.2,32.3,12.8,31.8
4.006,21.2,30.5,21.0,31.0,18.0,31.3,20.0,30.9
5.006,22.9,30.4,22.2,31.1,18.5,31.4,21.1,30.9
6.006,24.6,30.7,24.4,31.3,18.8,31.6,23.5,30.9
7.006,25.9,30.8,24.4,31.5,22.4,31.7,24.4,31.1
8.006,26.0,31.0,24.5,31.7,21.8,31.9,24.4,31.1
9.006,26.3,31.1,24.6,31.8,21.9,31.9,24.6,31.2
10.006,26.3,31.3,24.4,31.9,21.5,32.0,24.3,31.2
11.006,25.9,31.5,24.4,32.0,21.6,32.1,24.5,31.2
12.008,26.2,31.6,24.5,32.2,21.6,32.2,24.4,31.3
13.008,26.1,31.7,24.4,32.3,21.5,32.3,24.3,31.4
14.008,26.3,31.8,24.6,32.4,21.8,32.5,24.6,31.5
15.008,26.3,31.8,24.5,32.5,21.7,32.5,24.4,31.6
16.008,26.0,31.9,24.4,32.6,21.5,32.7,24.3,31.7
17.008,26.3,31.9,24.9,32.7,21.9,32.7,24.7,31.8
18.008,26.3,31.9,24.6,32.7,21.8,32.8,24.6,31.9
19.008,26.5,31.9,24.7,32.8,21.9,32.9,24.7,31.9
20.008,10.6,32.1,10.6,32.9,9.4,33.0,11.3,32.0
21.008,-6.8,32.2,-2.5,33.1,-3.2,33.2,-6.0,32.2
22.008,-20.9,31.8,-21.1,32.7,-15.5,32.9,-18.0,31.9
23.008,-27.4,31.6,-28.9,32.5,-24.0,32.6,-24.5,31.7
24.008,-27.6,31.5,-29.2,32.3,-24.0,32.4,-24.8,31.5
25.008,-27.5,31.1,-29.4,32.0,-24.1,32.1,-24.8,31.3
26.008,-27.3,30.9,-29.2,31.8,-23.8,31.9,-24.5,31.1
27.008,-27.3,30.7,-29.2,31.6,-25.2,31.7,-24.6,31.0
28.008,-27.5,30.7,-29.4,31.5,-23.7,31.6,-24.6,30.9
29.008,-27.7,30.6,-29.4,31.5,-23.9,31.6,-24.6,30.9
30.008,-27.6,30.6,-29.3,31.5,-24.4,31.5,-24.6,30.9
31.008,-27.6,30.6,-29.3,31.4,-23.8,31.5,-24.6,30.8
32.008,-27.7,30.6,-29.4,31.4,-24.2,31.5,-24.7,30.8
33.008,-28.0,30.5,-29.5,31.4,-26.0,31.5,-24.7,30.8
34.008,-27.6,30.5,-29.3,31.4,-26.4,31.5,-24.7,30.8
35.008,-27.8,30.5,-29.4,31.3,-23.9,31.4,-24.5,30.7
36.008,-24.1,30.5,-29.2,31.3,-19.7,31.4,-22.2,30.7
37.008,-24.1,30.5,-25.9,31.3,-22.3,31.4,-22.2,30.7
38.008,-26.2,30.5,-26.4,31.3,-23.3,31.4,-23.1,30.7
39.008,-5.7,30.7,-3.9,31.5,-3.9,31.6,-3.8,30.9
40.034,1.3,31.2,0.8,31.9,1.2,32.1,3.4,31.3
41.034,16.2,30.7,15.8,31.4,12.9,31.5,16.3,30.8
42.034,24.3,30.4,22.4,31.1,21.0,31.3,23.2,30.7
43.062,23.1,30.4,22.1,31.1,18.1,31.3,21.0,30.7
44.062,25.1,30.4,24.3,31.2,24.0,31.3,23.8,30.7
45.062,25.8,30.5,24.3,31.2,21.7,31.4,24.4,30.7
46.062,25.9,30.5,24.4,31.3,21.8,31.4,24.6,30.7
47.062,26.0,30.7,24.4,31.4,23.9,31.5,24.4,30.8
48.062,26.1,30.9,24.4,31.5,23.3,31.6,24.4,30.8
49.062,25.7,31.1,24.2,31.7,21.4,31.7,24.2,30.9
50.062,26.1,31.2,24.4,31.8,21.5,31.9,24.3,31.0
51.064,26.6,31.3,24.7,31.9,21.9,32.0,24.6,31.1
52.064,26.1,31.3,24.5,32.1,21.6,32.1,24.4,31.2
53.064,26.1,31.4,24.4,32.1,21.7,32.2,24.5,31.3
54.064,26.1,31.5,24.4,32.2,21.6,32.3,24.3,31.4
55.064,26.6,31.5,24.9,32.3,22.2,32.4,25.0,31.5
56.064,26.2,31.6,24.6,32.4,21.8,32.5,24.6,31.6
57.064,26.4,31.6,24.6,32.4,21.8,32.6,24.5,31.6
58.064,6.3,31.8,6.8,32.6,5.4,32.8,6.2,31.8
59.064,-7.4,31.9,-3.1,32.8,-3.7,32.9,-6.7,31.9
60.064,-22.2,31.5,-22.4,32.3,-17.7,32.5,-19.5,31.6
61.064,-27.4,31.3,-29.0,32.1,-23.7,32.3,-24.5,31.4
62.064,-27.6,31.1,-29.3,31.9,-24.1,32.1,-24.9,31.2
63.066,-27.5,30.8,-29.3,31.7,-23.5,31.8,-24.6,31.0
64.066,-27.3,30.7,-29.1,31.5,-23.3,31.6,-24.4,30.9
65.066,-27.5,30.6,-29.2,31.4,-24.2,31.5,-24.6,30.8
66.066,-27.6,30.5,-29.3,31.4,-24.0,31.4,-24.7,30.8
67.066,-27.6,30.5,-29.3,31.3,-23.9,31.4,-24.5,30.7
68.066,-27.7,30.5,-29.3,31.3,-23.9,31.4,-24.6,30.7
69.066,-27.7,30.4,-29.3,31.3,-23.9,31.3,-24.6,30.7
70.097,-27.7,30.4,-29.4,31.2,-24.0,31.3,-24.7,30.6
71.097,-28.0,30.4,-29.5,31.2,-24.1,31.3,-24.7,30.6
72.097,-27.6,30.4,-29.2,31.2,-23.8,31.3,-24.5,30.6
73.097,-27.8,30.4,-29.4,31.2,-23.9,31.3,-24.7,30.6
74.097,-23.9,30.4,-29.0,31.2,-18.9,31.3,-21.3,30.6
75.097,-23.3,30.4,-25.0,31.2,-21.0,31.3,-22.0,30.6
76.098,-26.4,30.3,-26.4,31.1,-23.5,31.2,-22.8,30.5
77.098,-0.5,30.7,-0.7,31.4,-0.6,31.5,1.2,30.8
78.103,3.8,31.0,4.0,31.7,6.0,31.7,8.5,30.8
79.103,18.8,30.4,18.6,31.1,15.5,31.2,17.0,30.6
80.103,24.2,30.2,21.5,31.0,20.1,31.1,22.5,30.5
81.103,23.0,30.2,23.3,31.0,18.5,31.2,21.8,30.5
82.103,25.4,30.3,24.2,31.0,20.2,31.2,24.4,30.5
83.103,26.0,30.3,24.2,31.1,21.4,31.2,24.0,30.5
84.103,25.9,30.4,24.4,31.1,21.8,31.3,24.6,30.6
85.103,25.8,30.6,24.4,31.2,21.7,31.4,24.4,30.6
86.103,25.8,30.8,24.3,31.4,21.6,31.5,24.4,30.7
87.103,25.7,30.9,24.2,31.6,21.4,31.6,24.1,30.7
88.105,26.0,31.0,24.4,31.7,21.6,31.7,24.3,30.8
89.138,26.3,31.1,24.6,31.8,21.8,31.9,24.5,30.9
90.138,26.2,31.2,24.5,31.9,21.7,32.0,24.5,31.0
91.138,25.9,31.2,24.3,32.0,21.5,32.1,24.3,31.2
92.138,26.2,31.3,24.6,32.1,21.8,32.2,24.6,31.2
93.138,26.4,31.4,24.7,32.1,22.2,32.3,24.7,31.3
94.138,26.2,31.4,24.6,32.2,21.8,32.4,24.6,31.4
95.138,23.8,31.5,22.4,32.3,19.7,32.5,22.5,31.5
96.138,-0.4,31.7,1.0,32.5,0.4,32.7,-0.1,31.7
97.138,-11.1,31.6,-8.1,32.5,-7.5,32.7,-10.7,31.6
98.138,-25.6,31.3,-26.5,32.1,-21.2,32.3,-22.4,31.4
99.138,-27.5,31.1,-29.0,31.9,-23.8,32.1,-24.6,31.2
100.138,-27.6,30.8,-29.5,31.7,-24.1,31.8,-24.9,31.0
101.138,-27.3,30.6,-29.2,31.5,-23.8,31.6,-24.5,30.8
102.138,-27.3,30.5,-29.1,31.3,-23.7,31.5,-24.5,30.7
103.138,-27.4,30.4,-29.2,31.2,-23.9,31.4,-24.6,30.6
104.138,-27.5,30.3,-29.2,31.2,-23.9,31.3,-24.6,30.6
105.142,-27.5,30.3,-29.2,31.1,-23.7,31.3,-24.4,30.5
106.142,-27.7,30.3,-29.3,31.1,-23.9,31.2,-24.6,30.5
107.142,-27.6,30.2,-29.2,31.1,-23.8,31.2,-24.5,30.5
108.142,-27.8,30.2,-29.4,31.1,-24.1,31.2,-24.7,30.4
109.142,-27.9,30.2,-29.5,31.0,-24.1,31.2,-24.7,30.4
110.142,-27.7,30.2,-29.3,31.0,-23.9,31.1,-24.5,30.4
111.142,-27.1,30.2,-29.2,31.0,-21.8,31.1,-24.2,30.4
112.142,-23.3,30.2,-27.6,31.0,-20.2,31.1,-20.7,30.4
113.142,-25.3,30.2,-26.1,31.0,-20.7,31.1,-22.3,30.4
114.142,-20.4,30.2,-20.8,31.0,-19.3,31.1,-19.1,30.4
115.142,-0.4,30.6,-0.1,31.4,-0.3,31.5,-0.2,30.8
116.142,4.4,30.9,3.4,31.6,5.9,31.6,6.9,30.9
117.143,18.8,30.2,18.1,31.0,15.0,31.1,17.0,30.4
118.143,24.3,30.1,22.0,30.8,20.0,31.0,23.2,30.3
119.143,22.9,30.1,22.9,30.8,18.9,31.0,21.8,30.3
120.175,25.3,30.1,24.1,30.8,20.1,31.0,24.2,30.3
121.175,25.6,30.2,24.2,30.9,21.5,31.1,24.2,30.4
122.175,26.0,30.3,24.5,31.0,21.9,31.1,24.6,30.4
123.175,25.9,30.5,24.3,31.1,21.5,31.2,24.3,30.5
124.177,25.7,30.6,24.3,31.2,21.5,31.3,24.4,30.5
125.177,25.8,30.7,24.3,31.4,21.5,31.5,24.2,30.6
126.177,26.1,30.8,24.5,31.5,21.7,31.6,24.5,30.7
127.177,26.0,30.9,24.3,31.7,21.5,31.7,24.2,30.8
128.177,26.2,31.0,24.5,31.8,21.7,31.8,24.4,30.9
129.177,26.0,31.1,24.4,31.8,21.7,32.0,24.5,31.0
130.177,26.1,31.2,24.5,31.9,21.7,32.1,24.4,31.1
131.177,26.5,31.2,24.8,32.0,22.1,32.2,24.9,31.2
132.177,26.2,31.3,24.5,32.1,21.6,32.2,24.4,31.3
133.182,24.7,31.4,23.2,32.1,20.4,32.3,23.4,31.4
134.182,1.2,31.6,1.9,32.4,1.1,32.6,1.4,31.6
135.182,-10.5,31.5,-7.2,32.4,-6.7,32.6,-9.9,31.5
136.182,-24.9,31.2,-26.0,32.0,-20.8,32.2,-21.8,31.2
137.182,-27.4,31.0,-29.0,31.8,-23.8,32.0,-24.5,31.1
138.182,-27.5,30.7,-29.3,31.6,-24.1,31.7,-24.8,30.9
139.182,-27.3,30.5,-29.2,31.3,-23.8,31.5,-24.5,30.7
140.182,-27.3,30.3,-29.1,31.2,-23.7,31.3,-24.4,30.6
141.182,-27.4,30.3,-29.2,31.1,-23.8,31.2,-24.5,30.5
142.182,-27.5,30.2,-29.3,31.0,-24.0,31.2,-24.7,30.4
143.213,-27.5,30.2,-29.2,31.0,-23.8,31.1,-24.5,30.4
144.213,-27.7,30.1,-29.4,31.0,-24.0,31.1,-24.7,30.4
145.213,-27.5,30.1,-29.2,30.9,-23.7,31.1,-24.3,30.4
146.213,-27.8,30.1,-29.5,30.9,-24.2,31.0,-24.8,30.3
147.213,-27.8,30.1,-29.5,30.9,-24.1,31.0,-24.7,30.3
148.213,-27.7,30.1,-29.3,30.9,-23.9,31.0,-24.5,30.3
149.213,-27.3,30.1,-29.3,30.9,-22.0,31.0,-24.5,30.3
150.213,-23.3,30.1,-27.6,30.8,-20.4,31.0,-20.8,30.3
151.213,-25.5,30.0,-25.6,30.9,-21.0,31.0,-22.2,30.2
152.213,-19.7,30.0,-20.0,30.8,-17.8,30.9,-18.4,30.3
153.213,0.6,30.5,-0.6,31.2,-0.0,31.4,-0.1,30.6
154.214,8.4,30.5,4.4,31.4,4.1,31.6,6.7,30.8
155.221,17.8,30.1,17.0,30.9,14.7,31.0,16.7,30.3
156.221,23.8,29.9,22.7,30.7,20.2,30.9,21.9,30.2
157.221,22.7,30.0,22.5,30.7,19.3,30.9,22.3,30.2
158.258,24.9,30.0,24.0,30.7,20.1,30.9,24.1,30.2
159.258,25.7,30.0,24.4,30.8,21.7,31.0,24.4,30.3
160.258,25.8,30.1,24.3,30.9,21.5,31.0,24.1,30.3
161.258,25.9,30.3,24.3,31.0,21.6,31.1,24.9,30.4
162.288,26.0,30.5,24.2,31.1,21.4,31.2,24.2,30.4
163.288,26.1,30.6,24.4,31.3,21.7,31.3,24.5,30.5
164.288,26.1,30.7,24.5,31.4,21.8,31.5,24.5,30.6
165.288,25.9,30.8,24.3,31.5,21.5,31.6,24.2,30.7
166.288,26.2,30.9,24.5,31.6,21.7,31.7,24.4,30.8
167.288,25.9,31.0,24.2,31.7,21.3,31.9,24.1,30.9
168.288,26.4,31.1,24.7,31.8,22.1,32.0,24.9,31.0
169.288,26.5,31.1,24.7,31.9,22.0,32.1,24.8,31.1
170.301,26.1,31.2,24.4,32.0,21.5,32.1,24.3,31.2
171.301,23.8,31.3,22.6,32.0,19.7,32.2,22.8,31.3
172.301,0.6,31.5,1.7,32.3,0.8,32.5,1.4,31.5
173.330,-10.3,31.4,-6.7,32.3,-6.3,32.5,-9.4,31.4
174.330,-25.7,31.1,-26.3,31.9,-21.1,32.1,-22.1,31.1
175.330,-27.4,30.9,-29.0,31.7,-23.8,31.9,-24.5,31.0
176.330,-27.5,30.7,-29.3,31.5,-24.1,31.7,-24.8,30.8
177.330,-27.2,30.4,-29.2,31.2,-23.8,31.4,-24.6,30.6
178.330,-27.3,30.2,-29.1,31.1,-23.6,31.2,-24.4,30.4
179.330,-27.4,30.2,-29.2,31.0,-23.9,31.1,-24.6,30.4
180.330,-27.5,30.1,-29.2,30.9,-23.7,31.1,-24.5,30.3
181.330,-27.5,30.1,-29.3,30.9,-23.8,31.0,-24.5,30.3
182.330,-27.7,30.1,-29.4,30.9,-24.0,31.0,-24.6,30.3
183.330,-27.6,30.0,-29.2,30.8,-23.7,31.0,-24.5,30.3
184.330,-27.7,30.0,-29.4,30.8,-24.0,31.0,-24.7,30.2
185.330,-27.8,30.0,-29.5,30.8,-24.1,30.9,-24.7,30.2
186.330,-27.8,30.0,-29.3,30.8,-23.8,30.9,-24.4,30.2
187.330,-26.8,30.0,-29.3,30.8,-22.0,30.9,-24.6,30.2
188.330,-24.3,30.0,-27.8,30.7,-19.9,30.9,-21.2,30.2
189.330,-25.0,30.0,-25.4,30.7,-21.6,30.9,-22.0,30.2
190.330,-18.0,30.0,-19.7,30.7,-16.1,30.9,-18.2,30.2
191.330,-0.6,30.4,-1.0,31.1,-0.7,31.3,0.2,30.6
192.330,-0.2,30.7,-0.2,31.4,-0.2,31.5,-0.0,30.9
193.330,-0.1,30.9,-0.0,31.5,-0.1,31.7,-0.0,31.0
194.330,-0.0,31.0,-0.0,31.6,-0.0,31.8,-0.0,31.1
195.330,-0.0,31.1,-0.1,31.7,-0.0,31.9,-0.0,31.2
196.330,0.0,31.2,-0.0,31.7,-0.0,32.0,0.0,31.3
197.330,0.3,31.3,0.0,31.8,-0.0,32.1,0.1,31.3
198.330,10.7,30.7,9.9,31.4,5.0,31.9,10.9,30.8
199.330,21.2,29.9,19.1,30.5,18.4,30.8,19.2,30.2
200.351,23.2,29.8,21.5,30.5,19.6,30.7,22.5,30.1
201.351,22.2,29.8,23.4,30.5,18.1,30.7,21.7,30.1
202.351,26.0,29.9,24.4,30.6,22.1,30.8,24.9,30.1
203.351,25.5,30.0,24.1,30.7,21.3,30.9,24.0,30.2
204.351,25.8,30.1,24.4,30.8,21.6,31.0,24.4,30.2
205.351,25.9,30.3,24.4,30.9,21.7,31.0,24.5,30.3
206.351,25.5,30.4,24.1,31.0,21.2,31.2,23.9,30.3
207.351,25.8,30.5,24.4,31.2,21.7,31.3,24.6,30.4
208.351,26.0,30.7,24.5,31.3,21.6,31.4,24.4,30.5
209.351,25.9,30.8,24.4,31.4,21.5,31.5,24.3,30.6
210.351,26.0,30.8,24.4,31.5,21.5,31.7,24.3,30.7
211.351,26.0,30.9,24.4,31.6,21.6,31.8,24.4,30.8
212.351,26.1,31.0,24.6,31.7,21.8,31.9,24.6,30.9
213.351,26.2,31.0,24.7,31.8,21.9,32.0,24.8,31.0
214.351,26.2,31.1,24.7,31.9,21.9,32.1,24.7,31.1
215.351,18.0,31.2,17.5,32.0,15.1,32.2,17.8,31.2
216.351,-4.7,31.4,-0.8,32.2,-1.3,32.5,-3.8,31.4
217.351,-15.6,31.1,-15.5,32.0,-12.5,32.2,-14.2,31.2
218.351,-27.4,30.9,-28.9,31.7,-23.6,31.9,-24.4,30.9
219.351,-27.5,30.7,-29.1,31.5,-23.9,31.7,-24.6,30.8
220.351,-27.5,30.4,-29.4,31.3,-24.0,31.4,-24.8,30.5
221.351,-27.1,30.2,-29.1,31.0,-23.7,31.2,-24.5,30.4
222.351,-27.3,30.1,-29.1,30.9,-23.6,31.1,-24.4,30.3
223.351,-27.4,30.0,-29.2,30.8,-23.8,30.9,-24.6,30.2
224.351,-27.6,29.9,-29.3,30.7,-23.8,30.9,-24.5,30.2
225.351,-27.4,29.9,-29.2,30.7,-23.7,30.9,-24.5,30.1
226.351,-27.6,29.9,-29.3,30.7,-23.9,30.8,-24.6,30.1
227.351,-27.6,29.9,-29.3,30.6,-23.8,30.8,-24.5,30.1
228.351,-27.8,29.8,-29.5,30.6,-24.0,30.8,-24.7,30.1
229.351,-27.6,29.8,-29.3,30.6,-24.0,30.8,-24.7,30.0
230.351,-27.7,29.8,-29.3,30.6,-23.8,30.8,-24.5,30.0
231.351,-25.5,29.8,-29.2,30.6,-20.0,30.8,-23.5,30.0
232.351,-24.0,29.8,-25.9,30.6,-21.5,30.7,-20.8,30.1
233.351,-25.1,29.8,-26.8,30.6,-22.4,30.7,-23.2,30.0
234.353,-11.2,29.9,-8.5,30.7,-8.1,30.9,-8.4,30.1
235.353,2.3,30.4,0.2,31.1,0.3,31.3,2.9,30.5
236.353,13.7,30.0,12.4,30.9,11.5,31.0,14.5,30.2
237.353,22.5,29.7,21.3,30.5,19.2,30.6,20.7,30.0
238.353,23.2,29.7,21.4,30.5,18.4,30.6,21.3,30.0
239.353,23.4,29.7,24.1,30.5,18.5,30.7,23.1,30.0
240.353,25.9,29.8,24.7,30.5,21.8,30.7,24.3,30.0
241.353,25.8,29.9,24.2,30.6,21.7,30.8,24.1,30.1
242.353,25.7,30.0,24.4,30.7,21.7,30.8,24.4,30.1
243.368,25.4,30.2,24.2,30.8,21.5,30.9,24.2,30.2
244.368,25.6,30.4,24.3,31.0,21.5,31.0,24.3,30.2
245.368,25.7,30.5,24.3,31.1,21.5,31.2,24.3,30.3
246.368,25.8,30.6,24.4,31.3,21.5,31.3,24.2,30.4
247.368,25.9,30.7,24.4,31.4,21.5,31.5,24.3,30.5
248.368,25.8,30.8,24.3,31.5,21.5,31.6,24.2,30.6
249.368,25.9,30.8,24.5,31.6,21.8,31.7,24.6,30.7
250.370,26.1,30.9,24.7,31.6,21.9,31.8,24.7,30.8
251.370,26.0,31.0,24.6,31.7,21.8,31.9,24.5,30.9
252.370,25.9,31.0,24.5,31.8,21.6,32.0,24.4,31.0
253.370,11.0,31.2,11.7,31.9,9.8,32.2,11.5,31.1
254.370,-5.5,31.3,-1.2,32.2,-2.1,32.4,-4.9,31.3
255.370,-19.3,31.0,-17.4,31.9,-14.2,32.0,-17.0,31.0
256.370,-27.2,30.8,-28.5,31.6,-23.2,31.8,-24.4,30.8
257.370,-27.5,30.6,-29.2,31.4,-24.2,31.6,-24.7,30.7
258.370,-27.4,30.3,-31.2,31.2,-27.6,31.3,-24.7,30.5
259.370,-27.1,30.1,-28.2,31.0,-24.4,31.1,-24.4,30.3
260.373,-27.3,30.0,-28.0,30.8,-23.5,31.0,-24.4,30.2
261.373,-27.4,29.9,-31.7,30.8,-26.5,30.9,-24.6,30.1
262.373,-27.6,29.9,-27.9,30.7,-24.0,30.8,-24.6,30.1
263.373,-27.3,29.8,-31.1,30.7,-23.5,30.8,-24.5,30.1
264.373,-27.4,29.8,-27.7,30.6,-23.7,30.8,-24.4,30.0
265.373,-27.6,29.8,-28.2,30.6,-23.9,30.8,-24.6,30.0
266.373,-27.8,29.8,-28.2,30.6,-24.0,30.7,-24.7,30.0
267.373,-27.4,29.8,-28.1,30.6,-23.8,30.7,-24.6,30.0
268.373,-27.8,29.8,-28.3,30.5,-24.0,30.7,-24.6,30.0
269.373,-24.8,29.8,-28.2,30.5,-19.6,30.7,-22.7,30.0
270.373,-24.7,29.8,-26.0,30.5,-21.1,30.7,-21.5,30.0
271.373,-25.9,29.7,-26.4,30.5,-22.2,30.7,-23.0,29.9
272.375,-5.0,30.0,-5.0,30.7,-5.6,30.9,-5.1,30.1
273.375,0.1,30.5,-0.1,31.1,-0.2,31.2,-0.1,30.5
274.375,7.1,30.4,4.0,31.2,4.2,31.4,7.7,30.4
275.375,18.3,29.8,17.6,30.5,14.5,30.7,16.6,30.0
276.375,23.7,29.7,21.8,30.4,20.4,30.6,22.2,29.9
277.375,22.7,29.7,22.8,30.4,17.7,30.6,21.6,29.9
278.375,24.7,29.7,24.3,30.4,21.0,30.6,24.2,29.9
279.375,25.4,29.8,24.3,30.5,21.5,30.7,24.0,30.0
280.375,25.7,29.9,29.9,30.6,21.7,30.7,24.4,30.0
281.375,25.7,30.1,24.3,30.6,21.4,30.8,24.1,30.1
282.375,25.4,30.2,24.2,30.7,21.2,30.9,24.3,30.1
283.375,25.6,30.3,22.7,30.9,25.1,31.0,24.1,30.2
284.375,25.9,30.4,24.6,31.1,22.1,31.2,24.5,30.2
285.375,25.9,30.5,24.6,31.3,23.5,31.4,24.4,30.4
286.375,26.0,30.7,24.5,31.4,21.1,31.5,24.2,30.5
287.375,25.8,30.7,24.4,31.5,21.3,31.6,24.2,30.6
288.375,25.8,30.8,24.5,31.5,21.6,31.7,24.6,30.7
289.375,26.4,30.9,24.9,31.6,22.1,31.8,24.7,30.8
290.375,26.1,30.9,24.7,31.7,21.8,31.9,24.6,30.9
291.375,25.2,31.0,23.8,31.8,21.1,32.0,23.8,31.0
292.375,3.0,31.2,4.1,32.0,3.0,32.3,3.3,31.2
293.375,-7.7,31.2,-3.9,32.2,-2.7,32.4,-7.0,31.2
294.375,-22.1,30.9,-23.0,31.7,-17.6,31.9,-19.4,30.9
295.376,-27.2,30.7,-30.5,31.5,-23.7,31.7,-24.5,30.7
296.376,-27.5,30.5,-30.0,31.3,-24.0,31.5,-24.8,30.5
297.376,-27.2,30.2,-30.9,31.0,-23.7,31.2,-24.5,30.3
298.376,-27.1,30.1,-30.8,30.8,-23.7,31.1,-24.3,30.2
299.376,-27.3,30.0,-31.1,30.7,-23.7,30.9,-24.4,30.1
300.376,-27.3,29.9,-31.2,30.6,-23.8,30.9,-24.5,30.1
301.377,-27.6,29.8,-31.3,30.6,-23.9,30.8,-24.5,30.0
302.377,-27.5,29.8,-31.0,30.6,-23.8,30.7,-24.5,30.0
303.377,-27.4,29.8,-31.0,30.5,-23.7,30.7,-24.4,30.0
304.377,-27.6,29.8,-31.3,30.5,-24.0,30.7,-24.7,29.9
305.377,-27.9,29.8,-31.5,30.5,-24.0,30.7,-24.6,29.9
306.377,-27.4,29.8,-31.1,30.5,-23.8,30.6,-24.5,29.9
307.377,-27.8,29.7,-31.3,30.5,-23.9,30.6,-24.6,29.9
308.377,-24.6,29.7,-30.9,30.5,-19.7,30.6,-21.3,29.9
309.377,-23.6,29.7,-26.5,30.5,-21.5,30.6,-22.4,29.9
310.377,-25.2,29.7,-26.8,30.4,-22.0,30.6,-21.9,29.9
311.377,-1.7,30.0,-0.8,30.7,-1.5,30.9,-2.0,30.1
312.377,-0.2,30.4,-0.2,31.1,-0.0,31.3,0.1,30.4
313.377,4.7,30.5,2.8,31.2,3.7,31.4,7.9,30.4
314.377,17.8,29.8,16.4,30.6,13.9,30.7,15.7,29.9
315.377,24.2,29.6,22.6,30.3,20.1,30.5,22.3,29.8
316.377,21.7,29.7,23.0,30.3,18.6,30.5,21.7,29.8
317.377,24.9,29.7,24.3,30.4,20.2,30.6,23.9,29.9
318.378,25.2,29.7,24.1,30.4,21.1,30.6,23.8,29.9
319.378,25.8,29.8,24.5,30.5,21.8,30.7,24.5,30.0
320.378,25.7,30.0,24.5,30.6,21.6,30.8,24.2,30.0
321.378,25.5,30.2,24.6,30.7,21.5,30.8,24.3,30.1
322.378,25.5,30.3,24.4,30.9,21.4,31.0,24.2,30.1
323.378,25.8,30.4,24.5,31.1,21.5,31.1,24.1,30.2
324.378,26.0,30.5,24.7,31.2,21.8,31.3,24.5,30.3
325.378,25.9,30.6,24.6,31.3,21.7,31.4,24.4,30.4
326.378,25.6,30.7,24.3,31.4,21.3,31.5,24.0,30.5
327.378,25.9,30.8,24.5,31.5,21.7,31.6,24.4,30.6
328.378,26.4,30.8,24.9,31.6,22.1,31.7,24.8,30.7
329.379,26.2,30.9,24.7,31.6,21.7,31.9,24.4,30.8
330.379,25.4,31.0,24.1,31.7,21.3,32.0,23.9,30.9
331.379,2.2,31.2,3.2,31.9,2.1,32.2,2.8,31.1
332.379,-9.4,31.1,-5.7,32.0,-5.6,32.2,-8.7,31.1
333.379,-25.3,30.8,-26.6,31.6,-20.9,31.8,-21.8,30.8
334.399,-27.5,30.6,-29.7,31.4,-23.7,31.6,-24.4,30.6
335.399,-27.5,30.4,-30.1,31.2,-24.1,31.4,-24.8,30.4
336.399,-27.2,30.1,-29.7,30.9,-23.7,31.1,-24.5,30.2
337.399,-27.2,30.0,-29.6,30.7,-23.6,30.9,-24.3,30.1
338.399,-27.4,29.9,-29.7,30.6,-23.7,30.8,-24.5,30.0
339.399,-27.5,29.8,-29.9,30.6,-23.9,30.8,-24.6,30.0
340.399,-27.5,29.8,-29.8,30.5,-23.7,30.7,-24.4,29.9
341.399,-27.6,29.8,-29.8,30.5,-23.7,30.7,-24.4,29.9
342.399,-27.5,29.8,-29.8,30.5,-23.7,30.7,-24.4,29.9
343.399,-27.8,29.7,-30.0,30.5,-24.0,30.6,-24.7,29.9
344.399,-27.8,29.7,-30.0,30.5,-23.9,30.6,-24.5,29.9
345.399,-27.7,29.7,-29.9,30.5,-23.8,30.6,-24.5,29.8
346.399,-27.5,29.7,-29.9,30.4,-22.7,30.6,-24.5,29.8
347.399,-23.2,29.7,-28.4,30.4,-19.4,30.6,-21.1,29.8
348.399,-25.2,29.7,-26.3,30.4,-20.7,30.6,-22.1,29.8
349.399,-19.5,29.7,-19.9,30.4,-18.3,30.5,-18.3,29.8
350.399,-0.3,30.1,-0.6,30.8,-0.5,31.0,0.1,30.2
351.400,2.5,30.5,3.0,31.0,1.0,31.3,3.6,30.4
352.400,16.3,29.9,15.7,30.5,13.3,30.8,15.4,30.0
353.400,23.5,29.6,22.5,30.3,20.5,30.5,22.4,29.8
354.400,23.2,29.6,22.1,30.3,18.0,30.5,20.9,29.8
355.400,24.3,29.6,24.4,30.3,20.3,30.5,24.6,29.8
356.400,25.3,29.7,24.2,30.4,21.4,30.6,23.8,29.8
357.400,25.6,29.8,24.5,30.4,22.0,30.6,24.3,29.9
358.400,25.8,29.9,24.6,30.5,21.5,30.7,24.3,29.9
359.400,25.5,30.1,24.4,30.6,21.4,30.8,24.2,30.0
360.400,25.5,30.3,24.3,30.8,21.4,30.9,24.1,30.0
361.400,25.8,30.4,24.4,31.0,21.4,31.1,24.1,30.1
362.400,26.1,30.5,24.7,31.1,21.8,31.2,24.4,30.2
363.400,25.8,30.6,24.5,31.2,21.5,31.3,24.3,30.3
364.400,25.8,30.6,24.5,31.3,21.6,31.5,24.4,30.4
365.400,25.9,30.7,24.5,31.4,21.5,31.6,24.2,30.5
366.400,26.3,30.8,24.8,31.5,21.9,31.7,24.6,30.6
367.400,26.2,30.9,24.8,31.6,22.0,31.8,24.8,30.7
368.400,26.0,30.9,24.6,31.7,21.5,31.9,24.3,30.8
369.400,4.5,31.1,5.4,31.8,4.3,32.1,5.4,31.0
370.404,-7.8,31.2,-3.7,32.0,-4.2,32.2,-7.3,31.1
371.404,-23.6,30.8,-24.0,31.6,-18.6,31.8,-20.3,30.8
372.404,-27.3,30.6,-28.7,31.4,-23.5,31.6,-24.5,30.6
373.404,-27.6,30.4,-29.1,31.2,-24.0,31.4,-24.7,30.4
374.404,-27.3,30.1,-29.0,30.9,-23.7,31.1,-24.5,30.2
375.404,-27.2,29.9,-28.8,30.7,-23.7,30.9,-24.4,30.1
376.404,-27.4,29.9,-28.9,30.6,-23.8,30.8,-24.4,30.0
377.404,-27.5,29.8,-29.0,30.5,-24.4,30.7,-24.6,29.9
378.404,-27.7,29.7,-29.1,30.5,-24.0,30.6,-24.5,29.9
379.404,-27.5,29.7,-28.9,30.5,-23.8,30.6,-24.4,29.9
380.404,-27.6,29.7,-29.0,30.4,-28.2,30.6,-24.4,29.8
381.404,-27.8,29.7,-29.2,30.4,-23.7,30.6,-24.6,29.8
382.404,-27.9,29.7,-29.3,30.4,-24.0,30.6,-24.6,29.8
383.404,-27.6,29.7,-29.0,30.4,-23.8,30.6,-24.5,29.8
384.404,-27.7,29.6,-29.2,30.4,-23.5,30.6,-24.5,29.8
385.404,-24.5,29.7,-28.4,30.4,-18.8,30.6,-21.4,29.8
386.404,-24.8,29.6,-25.8,30.4,-21.9,30.5,-22.2,29.8
387.404,-23.6,29.6,-23.9,30.4,-20.7,30.5,-21.5,29.7
388.404,-0.4,30.0,0.2,30.7,-0.0,30.9,0.6,30.1
389.404,2.1,30.4,1.7,31.0,1.3,31.3,2.1,30.4
390.404,15.7,29.9,15.0,30.5,12.1,30.7,14.6,30.0
391.404,24.1,29.6,22.3,30.3,20.0,30.5,22.3,29.8
392.404,22.6,29.6,21.8,30.3,18.0,30.5,21.0,29.7
393.404,24.2,29.6,24.4,30.3,20.0,30.5,24.3,29.7
394.404,25.4,29.7,24.2,30.3,21.5,30.5,23.9,29.8
395.404,25.7,29.7,24.4,30.4,22.9,30.6,24.2,29.8
396.404,25.9,29.9,24.6,30.5,25.5,30.7,24.4,29.9
397.404,25.5,30.1,24.3,30.6,21.4,30.8,24.0,29.9
398.404,25.6,30.2,24.4,30.8,21.5,30.9,24.3,30.0
399.404,25.7,30.3,24.4,30.9,21.4,31.0,24.2,30.1
400.404,26.0,30.4,24.7,31.1,21.8,31.1,24.5,30.2
401.404,25.7,30.5,24.5,31.2,21.5,31.3,24.3,30.3
402.404,26.0,30.6,24.5,31.3,21.4,31.4,24.0,30.4
403.404,25.8,30.7,24.5,31.3,21.6,31.5,24.3,30.5
404.404,26.2,30.7,24.8,31.4,21.9,31.6,24.7,30.6
405.404,26.2,30.8,24.8,31.5,21.9,31.8,24.6,30.7
406.404,26.0,30.9,24.6,31.6,21.5,31.9,24.2,30.8
407.404,9.4,31.0,9.7,31.8,7.8,32.0,9.7,30.9
408.404,-5.3,31.2,-0.7,32.0,-1.5,32.3,-4.2,31.1
409.404,-17.2,30.9,-17.4,31.7,-14.1,31.9,-15.7,30.8
410.404,-27.2,30.6,-28.6,31.4,-23.6,31.6,-24.5,30.6
411.404,-27.4,30.4,-28.8,31.2,-23.9,31.4,-24.6,30.5
412.404,-27.4,30.2,-29.1,31.0,-24.0,31.1,-24.7,30.2
413.404,-27.0,30.0,-28.7,30.7,-23.6,30.9,-24.3,30.1
414.404,-27.2,29.9,-28.7,30.6,-23.6,30.8,-24.3,30.0
415.404,-27.3,29.8,-28.8,30.5,-23.7,30.7,-24.5,29.9
416.404,-27.4,29.8,-29.0,30.5,-23.8,30.6,-24.5,29.9
417.404,-27.2,29.7,-28.8,30.4,-23.6,30.6,-24.4,29.8
418.404,-27.5,29.7,-29.0,30.4,-23.8,30.6,-24.5,29.8
419.404,-27.5,29.6,-29.0,30.4,-23.9,30.6,-24.5,29.8
420.404,-27.7,29.6,-29.1,30.4,-23.8,30.6,-24.5,29.8
421.404,-27.3,29.6,-29.0,30.4,-23.8,30.5,-24.6,29.7
422.404,-27.7,29.6,-29.2,30.4,-23.9,30.5,-24.5,29.7
423.404,-25.2,29.6,-29.0,30.4,-19.5,30.5,-23.1,29.7
424.404,-23.7,29.6,-25.7,30.3,-20.7,30.5,-20.7,29.7
425.404,-25.4,29.6,-26.5,30.3,-22.9,30.5,-22.6,29.7
426.404,-8.5,29.8,-8.1,30.5,-7.5,30.6,-8.8,29.8
427.404,0.4,30.3,0.0,30.9,0.1,31.1,1.5,30.2
428.404,12.5,30.0,11.0,30.7,9.8,30.9,13.2,29.9
429.404,21.2,29.6,20.3,30.3,17.6,30.5,19.6,29.7
430.404,23.6,29.5,21.5,30.2,19.1,30.4,21.5,29.7
431.404,23.1,29.5,24.3,30.2,18.3,30.4,22.6,29.7
432.404,25.6,29.6,24.4,30.3,22.0,30.4,24.5,29.7
433.404,25.4,29.7,24.3,30.3,21.4,30.5,24.1,29.8
434.404,25.8,29.8,24.5,30.4,21.6,30.6,24.2,29.8
435.404,25.7,30.0,24.5,30.5,21.6,30.6,24.3,29.9
436.404,25.5,30.1,24.3,30.7,21.2,30.8,23.9,29.9
437.404,25.7,30.2,24.5,30.8,21.6,30.9,24.5,30.0
438.404,25.8,30.3,24.5,31.0,21.5,31.1,24.2,30.1
439.404,25.9,30.4,24.6,31.1,21.6,31.2,24.2,30.2
440.404,25.9,30.5,24.6,31.2,21.8,31.3,24.6,30.3
441.404,25.8,30.6,24.4,31.3,21.4,31.5,24.1,30.4
442.404,26.2,30.7,24.7,31.4,21.8,31.6,24.5,30.5
443.404,26.1,30.8,24.8,31.5,21.8,31.7,24.5,30.6
444.404,26.4,30.8,24.9,31.5,22.0,31.8,24.8,30.7
445.404,14.9,30.9,15.6,31.6,13.1,31.9,15.2,30.8
446.404,-5.0,31.2,-1.2,31.9,-1.7,32.2,-4.3,31.0
447.404,-17.2,30.8,-17.3,31.7,-14.0,31.9,-15.8,30.8
448.404,-27.2,30.6,-28.3,31.4,-23.5,31.6,-24.4,30.6
449.404,-27.4,30.4,-28.7,31.2,-23.9,31.4,-24.6,30.4
450.404,-27.3,30.2,-29.0,31.0,-24.0,31.1,-24.6,30.2
451.404,-27.0,29.9,-28.7,30.7,-23.7,30.8,-24.4,30.0
452.404,-27.2,29.8,-28.7,30.6,-23.7,30.7,-24.4,29.9
453.404,-27.2,29.8,-28.7,30.5,-23.7,30.6,-24.5,29.9
454.404,-27.4,29.7,-28.9,30.4,-23.8,30.6,-24.5,29.8
455.404,-27.3,29.7,-28.8,30.4,-23.7,30.5,-24.4,29.8
456.404,-27.4,29.7,-28.9,30.4,-23.8,30.5,-24.5,29.8
457.404,-27.5,29.6,-29.0,30.4,-23.8,30.5,-24.5,29.7
458.404,-27.8,29.6,-29.2,30.3,-24.0,30.5,-24.6,29.7
459.404,-27.3,29.6,-28.9,30.3,-23.8,30.5,-24.6,29.7
460.404,-27.8,29.6,-29.1,30.3,-23.9,30.5,-24.5,29.7
461.404,-25.6,29.6,-28.9,30.3,-20.4,30.5,-23.3,29.7
462.404,-24.1,29.6,-26.1,30.3,-21.1,30.5,-20.4,29.7
463.404,-24.6,29.5,-26.4,30.3,-21.2,30.4,-23.2,29.7
464.404,-8.0,29.7,-8.2,30.4,-7.4,30.6,-7.6,29.8
465.404,0.2,30.2,-0.0,30.9,0.1,31.0,1.5,30.2
466.404,11.1,30.0,11.9,30.6,9.9,30.8,12.6,29.9
467.404,23.2,29.6,21.2,30.2,19.7,30.4,21.6,29.7
468.404,22.9,29.5,21.7,30.2,19.3,30.4,21.7,29.7
469.404,24.1,29.5,24.5,30.2,18.5,30.4,22.9,29.7
470.404,25.3,29.5,24.2,30.2,21.5,30.4,24.2,29.7
471.404,25.6,29.6,24.3,30.3,21.4,30.5,24.0,29.7
472.404,25.8,29.8,24.6,30.4,21.8,30.5,24.4,29.8
473.404,25.8,30.0,24.5,30.5,21.5,30.6,24.1,29.8
474.404,25.4,30.1,24.3,30.7,21.3,30.8,24.1,29.9
475.404,26.0,30.2,24.5,30.8,21.4,30.9,24.1,30.0
476.404,26.1,30.3,24.6,31.0,21.6,31.1,24.4,30.1
477.404,25.8,30.4,24.5,31.1,21.6,31.2,24.0,30.2
478.404,25.8,30.5,24.5,31.2,21.8,31.3,24.4,30.3
479.404,25.9,30.6,24.5,31.3,21.4,31.4,24.2,30.4
480.404,26.1,30.7,24.8,31.4,21.9,31.6,24.6,30.5
481.404,26.2,30.7,24.8,31.5,21.8,31.7,24.5,30.6
482.404,26.1,30.8,24.7,31.5,21.7,31.8,24.5,30.7
483.404,13.9,30.9,14.1,31.7,11.5,31.9,14.1,30.8
484.404,-4.9,31.1,-0.8,31.9,-1.4,32.2,-4.0,31.0
485.404,-15.8,30.8,-15.8,31.7,-13.1,31.9,-14.7,30.8
486.404,-27.1,30.5,-28.5,31.4,-23.6,31.6,-24.4,30.5
487.404,-27.2,30.4,-28.8,31.2,-23.8,31.3,-24.5,30.4
488.404,-27.3,30.1,-29.0,30.9,-24.0,31.1,-24.6,30.2
489.404,-26.9,29.9,-28.7,30.7,-23.6,30.8,-24.4,30.0
490.404,-27.1,29.7,-28.7,30.6,-23.6,30.7,-24.4,29.9
491.404,-27.2,29.7,-28.8,30.5,-23.7,30.7,-24.5,29.8
492.404,-27.3,29.6,-28.9,30.4,-23.7,30.6,-24.4,29.8
493.404,-27.3,29.6,-28.9,30.4,-23.7,30.6,-24.5,29.8
494.404,-27.4,29.6,-28.9,30.4,-23.8,30.5,-24.5,29.7
495.404,-27.5,29.6,-28.9,30.3,-23.7,30.5,-24.4,29.7
496.404,-27.7,29.6,-29.2,30.3,-24.0,30.5,-24.7,29.7
497.404,-27.4,29.6,-28.9,30.3,-23.7,30.4,-24.4,29.7
498.404,-27.7,29.6,-29.1,30.3,-23.9,30.4,-24.6,29.7
499.404,-25.6,29.6,-28.9,30.3,-19.6,30.5,-23.5,29.7
500.404,-23.9,29.6,-26.0,30.3,-21.5,30.4,-21.2,29.7
501.404,-24.6,29.5,-26.4,30.3,-22.6,30.4,-22.7,29.6
502.404,-9.8,29.7,-9.1,30.4,-8.2,30.5,-8.3,29.8
503.404,0.6,30.2,0.3,30.8,0.2,31.0,2.4,30.1
504.404,13.4,29.9,12.1,30.6,12.0,30.7,13.3,29.9
505.406,21.9,29.5,21.7,30.2,19.5,30.4,20.9,29.7
506.406,23.3,29.5,21.6,30.1,18.3,30.3,20.3,29.6
507.406,23.9,29.5,24.3,30.1,18.9,30.4,23.4,29.6
508.406,25.2,29.5,24.1,30.2,21.3,30.4,24.0,29.7
509.406,25.5,29.6,24.4,30.2,21.5,30.5,24.1,29.7
510.406,25.7,29.8,24.5,30.3,21.5,30.5,24.3,29.8
511.406,25.5,29.9,24.3,30.5,21.3,30.6,24.0,29.8
512.407,25.6,30.1,24.5,30.6,21.6,30.7,24.4,29.8
513.407,25.5,30.2,24.3,30.8,21.3,30.9,24.0,29.9
514.407,25.8,30.3,24.6,30.9,21.7,31.0,24.4,30.0
515.407,25.9,30.4,24.5,31.0,21.4,31.2,24.0,30.1
516.407,25.8,30.5,24.6,31.2,21.7,31.3,24.5,30.2
517.407,25.6,30.6,24.4,31.2,21.4,31.4,24.2,30.4
518.407,26.0,30.6,24.8,31.3,21.9,31.6,24.6,30.5
519.407,26.1,30.7,24.8,31.4,21.9,31.7,24.7,30.6
520.407,26.0,30.8,24.6,31.5,21.6,31.8,24.2,30.7
521.407,13.3,30.9,13.6,31.6,10.9,31.9,14.5,30.8
522.407,-5.4,31.1,-1.2,31.9,-1.8,32.2,-4.1,31.0
523.407,-18.1,30.7,-18.5,31.6,-15.0,31.8,-16.0,30.7
524.407,-27.0,30.5,-28.3,31.3,-23.6,31.5,-24.2,30.5
525.407,-27.3,30.3,-28.7,31.1,-23.9,31.3,-24.6,30.3
526.407,-27.3,30.1,-28.9,30.9,-23.9,31.0,-24.6,30.1
527.407,-27.0,29.9,-28.7,30.6,-23.7,30.8,-24.4,30.0
528.407,-27.2,29.8,-28.7,30.5,-23.6,30.7,-24.3,29.9
529.407,-27.2,29.7,-28.7,30.4,-23.7,30.6,-24.4,29.8
530.407,-27.4,29.7,-28.9,30.4,-23.8,30.6,-24.5,29.8
531.407,-27.2,29.6,-28.7,30.4,-23.7,30.5,-24.4,29.7
532.407,-27.4,29.6,-28.9,30.3,-23.8,30.5,-24.5,29.7
533.407,-27.5,29.6,-29.0,30.3,-23.9,30.5,-24.5,29.7
534.407,-27.7,29.6,-29.0,30.3,-23.8,30.4,-24.4,29.7
535.407,-27.3,29.5,-28.9,30.3,-23.8,30.4,-24.6,29.6
536.407,-27.7,29.5,-29.1,30.3,-23.9,30.4,-24.5,29.6
537.407,-25.4,29.5,-28.8,30.2,-19.1,30.4,-23.6,29.6
538.407,-24.4,29.5,-25.6,30.2,-21.8,30.4,-21.1,29.6
539.407,-25.1,29.5,-26.4,30.2,-21.5,30.4,-22.6,29.6
540.407,-8.1,29.7,-8.3,30.4,-7.1,30.5,-8.3,29.7
541.407,0.7,30.2,0.0,30.8,0.1,31.0,2.0,30.2
542.407,13.4,29.9,12.0,30.6,9.0,30.8,14.0,29.8
543.407,22.7,29.5,21.7,30.2,19.6,30.3,20.5,29.6
544.407,22.8,29.4,21.6,30.1,19.0,30.3,21.1,29.6
545.407,23.3,29.5,24.1,30.1,18.5,30.3,22.8,29.6
546.407,25.6,29.5,24.5,30.2,21.8,30.4,24.5,29.6
547.407,25.3,29.6,24.2,30.2,21.2,30.4,23.9,29.7
548.407,25.7,29.7,24.4,30.3,21.6,30.5,24.1,29.7
549.407,25.7,29.9,24.6,30.4,21.4,30.6,24.4,29.8
550.409,25.3,30.1,24.2,30.6,21.3,30.7,23.9,29.8
551.409,25.8,30.2,24.6,30.7,22.0,30.8,24.4,29.9
552.409,25.8,30.3,24.5,30.9,21.5,31.0,24.1,30.0
553.409,25.8,30.4,24.6,31.0,21.4,31.1,24.2,30.1
554.409,25.7,30.5,24.4,31.1,21.5,31.3,24.3,30.2
555.409,26.1,30.5,24.7,31.2,21.8,31.4,24.5,30.3
556.409,25.9,30.6,24.7,31.3,21.7,31.5,24.5,30.4
557.409,26.2,30.7,24.8,31.4,21.8,31.6,24.5,30.5
558.409,26.4,30.7,24.8,31.5,21.9,31.7,24.7,30.6
559.409,13.9,30.9,14.8,31.6,11.5,31.9,14.8,30.7
560.409,-2.7,31.1,-0.1,31.9,-0.3,32.2,-2.0,31.0
561.409,-12.2,30.9,-10.6,31.8,-9.3,31.9,-11.7,30.8
562.409,-26.8,30.5,-27.2,31.3,-22.7,31.5,-23.3,30.5
563.409,-27.3,30.3,-28.5,31.1,-23.7,31.4,-24.4,30.3
564.409,-27.4,30.1,-28.9,30.9,-24.0,31.1,-24.7,30.2
565.409,-27.0,29.9,-28.7,30.7,-23.8,30.8,-24.5,30.0
566.409,-27.2,29.8,-28.6,30.5,-23.6,30.7,-24.3,29.8
567.409,-27.1,29.7,-28.6,30.4,-23.6,30.6,-24.4,29.8
568.409,-27.4,29.6,-28.8,30.4,-23.8,30.6,-24.5,29.7
569.409,-27.4,29.6,-28.8,30.4,-23.6,30.5,-24.3,29.7
570.409,-27.4,29.6,-28.8,30.3,-23.8,30.5,-24.5,29.7
571.409,-27.5,29.5,-28.8,30.3,-23.7,30.4,-24.4,29.6
572.409,-27.7,29.5,-29.1,30.3,-23.9,30.4,-24.5,29.6
573.409,-27.5,29.5,-29.0,30.2,-23.9,30.4,-24.6,29.6
574.409,-27.6,29.5,-28.9,30.2,-23.7,30.4,-24.3,29.6
575.409,-26.7,29.5,-28.9,30.2,-21.5,30.4,-24.4,29.6
576.409,-23.5,29.5,-27.1,30.2,-20.7,30.4,-21.0,29.6
577.409,-25.2,29.5,-26.3,30.2,-21.4,30.3,-22.2,29.6
578.409,-16.3,29.5,-15.8,30.2,-13.8,30.4,-14.8,29.6
579.409,-0.9,30.0,-1.3,30.6,-0.4,30.8,-0.3,30.0
580.409,1.6,30.3,1.3,30.9,0.1,31.1,0.7,30.3
581.409,14.9,29.7,14.4,30.4,10.7,30.7,14.5,29.9
582.409,23.9,29.4,21.9,30.1,19.8,30.3,21.1,29.6
583.409,22.9,29.4,22.0,30.1,18.8,30.3,21.6,29.6
584.409,23.7,29.5,24.1,30.1,19.5,30.3,23.4,29.6
585.409,25.6,29.5,24.4,30.1,21.5,30.3,24.5,29.6
586.409,25.6,29.6,24.4,30.2,21.5,30.4,24.1,29.6
587.409,25.6,29.7,24.4,30.3,21.4,30.5,24.0,29.7
588.409,25.7,29.9,24.5,30.4,21.6,30.6,24.3,29.7
589.409,25.3,30.0,24.1,30.6,21.1,30.7,23.8,29.8
590.409,25.9,30.1,24.6,30.7,21.7,30.8,24.4,29.9
591.409,26.0,30.2,24.7,30.9,21.8,31.0,24.5,29.9
592.409,25.7,30.3,24.3,31.0,21.1,31.1,23.7,30.1
593.409,25.9,30.4,24.5,31.1,21.5,31.2,24.2,30.2
594.409,25.9,30.5,24.5,31.2,21.5,31.3,24.2,30.3
595.409,26.2,30.6,24.8,31.3,22.0,31.5,24.8,30.4
596.448,26.1,30.7,24.7,31.4,21.6,31.6,24.3,30.5
597.448,26.3,30.7,24.8,31.4,21.8,31.7,24.5,30.6
598.448,12.0,30.9,12.5,31.6,9.8,31.9,12.5,30.7
599.448,-3.3,31.1,-0.1,31.9,-0.5,32.1,-2.5,30.9
600.448,-13.7,30.8,-13.2,31.7,-11.1,31.8,-13.1,30.7
601.448,-33.4,30.5,-28.1,31.3,-23.3,31.5,-24.1,30.4
602.448,-32.6,30.3,-28.6,31.1,-23.7,31.3,-24.5,30.3
603.448,-27.5,30.1,-28.9,30.9,-23.9,31.0,-24.6,30.1
604.448,-27.3,29.9,-28.7,30.6,-23.7,30.7,-24.5,29.9
605.448,-27.2,29.7,-28.5,30.5,-23.5,30.6,-24.3,29.8
606.448,-27.3,29.6,-28.7,30.4,-23.6,30.5,-24.4,29.7
607.448,-27.5,29.6,-28.8,30.3,-23.7,30.5,-24.5,29.7
608.448,-27.4,29.6,-28.7,30.3,-23.6,30.4,-24.3,29.7
609.448,-27.5,29.5,-28.9,30.2,-23.7,30.4,-24.4,29.6
610.448,-27.6,29.5,-28.9,30.2,-23.7,30.4,-24.4,29.6
611.448,-27.8,29.5,-29.1,30.2,-23.9,30.4,-24.5,29.6
612.448,-27.5,29.5,-29.0,30.2,-23.9,30.4,-24.6,29.6
613.448,-27.8,29.5,-29.0,30.2,-23.8,30.4,-24.4,29.5
614.448,-26.1,29.4,-28.9,30.2,-20.9,30.3,-23.9,29.5
615.448,-23.9,29.5,-26.5,30.2,-20.9,30.3,-20.8,29.6
616.448,-24.3,29.4,-26.1,30.1,-21.5,30.3,-22.2,29.5
617.448,-13.3,29.5,-12.7,30.2,-11.0,30.4,-12.2,29.6
618.448,0.2,30.0,-0.3,30.6,-0.2,30.8,0.6,30.0
619.448,12.3,29.9,11.9,30.5,7.4,30.8,11.6,29.8
620.448,20.5,29.5,20.0,30.1,19.3,30.3,19.7,29.6
621.448,22.9,29.4,21.5,30.0,18.6,30.2,21.5,29.5
622.448,23.4,29.4,23.9,30.0,18.2,30.3,23.1,29.5
623.448,25.5,29.4,24.4,30.1,21.8,30.3,24.3,29.5
624.448,25.2,29.5,24.2,30.1,21.3,30.4,24.0,29.6
625.448,25.6,29.6,24.4,30.2,21.5,30.4,24.1,29.6
626.448,25.8,29.8,24.5,30.3,21.7,30.5,24.3,29.7
627.448,25.3,30.0,24.2,30.5,21.1,30.6,23.9,29.7
628.448,25.7,30.1,24.5,30.7,21.6,30.7,24.4,29.8
629.448,25.7,30.2,24.5,30.8,21.4,30.9,24.1,29.9
630.448,25.8,30.3,24.5,30.9,21.4,31.0,24.1,30.0
631.448,25.8,30.4,24.6,31.0,21.5,31.2,24.3,30.1
632.448,25.7,30.5,24.5,31.1,21.5,31.3,24.3,30.2
633.448,25.9,30.6,24.7,31.2,21.9,31.4,24.7,30.3
634.448,26.2,30.6,24.7,31.3,21.6,31.5,24.2,30.4
635.448,26.0,30.7,24.8,31.4,21.8,31.6,24.6,30.5
636.448,16.9,30.8,17.5,31.5,14.3,31.8,17.2,30.6
637.448,-1.6,31.1,0.2,31.8,-0.0,32.0,-1.0,30.9
638.448,-11.4,30.8,-8.6,31.7,-7.7,31.9,-10.6,30.7
639.448,-26.4,30.5,-26.7,31.3,-21.7,31.5,-22.7,30.4
640.448,-27.4,30.3,-28.5,31.1,-23.7,31.3,-24.4,30.3
641.448,-27.5,30.1,-28.9,30.9,-23.9,31.1,-24.6,30.1
642.448,-27.1,29.9,-28.7,30.6,-23.6,30.8,-24.4,29.9
643.448,-27.1,29.8,-28.5,30.5,-23.4,30.6,-24.2,29.8
644.448,-27.3,29.7,-28.6,30.3,-23.5,30.5,-24.4,29.7
645.448,-27.4,29.6,-28.8,30.3,-23.7,30.5,-24.4,29.6
646.448,-27.5,29.6,-28.8,30.3,-24.2,30.4,-24.4,29.6
647.448,-27.5,29.6,-28.8,30.2,-23.8,30.4,-24.5,29.6
648.448,-27.5,29.5,-28.8,30.2,-23.7,30.4,-24.3,29.6
649.448,-27.7,29.5,-29.1,30.2,-23.9,30.4,-24.6,29.6
650.448,-27.7,29.5,-29.0,30.2,-23.8,30.3,-24.4,29.6
651.448,-27.7,29.5,-29.1,30.2,-23.9,30.3,-24.6,29.5
652.448,-27.2,29.5,-29.0,30.1,-22.5,30.3,-24.4,29.5
653.448,-23.2,29.5,-27.7,30.1,-19.4,30.3,-20.7,29.5
654.448,-25.1,29.4,-25.9,30.1,-21.7,30.3,-22.5,29.5
655.448,-17.0,29.5,-16.5,30.1,-14.6,30.3,-15.8,29.5
656.448,-2.3,29.8,-1.2,30.5,-0.8,30.7,-0.3,29.9
657.448,0.1,30.2,-0.1,30.8,-0.1,31.0,0.1,30.2
658.448,5.8,30.2,5.9,30.8,2.2,31.1,5.9,30.2
659.448,17.7,29.6,16.1,30.2,13.4,30.5,16.3,29.6
660.448,23.5,29.4,22.0,30.0,21.6,30.2,21.3,29.5
661.448,22.7,29.4,22.5,30.0,17.8,30.3,21.9,29.5
662.448,25.2,29.4,24.5,30.0,21.1,30.2,24.7,29.5
663.448,25.1,29.5,24.0,30.1,20.9,30.3,23.6,29.6
664.448,25.8,29.5,24.5,30.2,21.7,30.4,24.4,29.6
665.448,25.5,29.7,24.4,30.2,21.4,30.5,24.1,29.6
666.448,31.9,29.9,24.5,30.4,21.6,30.5,24.4,29.7
667.448,25.7,30.1,24.3,30.6,21.4,30.7,24.3,29.7
668.448,25.8,30.2,24.4,30.7,21.2,30.8,23.8,29.8
669.448,25.7,30.3,24.6,30.8,21.6,31.0,24.4,29.9
670.448,25.7,30.4,24.4,30.9,21.3,31.1,24.0,30.0
671.448,25.8,30.5,24.6,31.0,21.7,31.2,24.5,30.1
672.448,25.7,30.5,24.5,31.1,21.5,31.4,24.2,30.3
673.448,26.1,30.6,24.7,31.2,21.7,31.5,24.4,30.4
674.448,26.1,30.7,24.8,31.3,21.6,31.6,24.4,30.4
675.448,25.0,30.7,24.0,31.4,21.0,31.7,24.0,30.5
676.448,2.6,31.0,4.0,31.6,2.5,31.9,4.1,30.7
677.448,-9.9,30.9,-6.2,31.7,-6.0,32.0,-9.0,30.7
678.448,-25.1,30.6,-25.3,31.3,-20.6,31.5,-21.4,30.4
679.448,-27.3,30.3,-28.4,31.1,-23.6,31.3,-24.3,30.3
680.448,-27.5,30.1,-28.8,30.9,-24.0,31.1,-24.6,30.1
681.448,-27.2,29.9,-28.7,30.6,-23.8,30.8,-24.5,29.9
682.448,-27.1,29.7,-28.5,30.5,-23.4,30.6,-24.2,29.8
683.448,-27.3,29.7,-28.6,30.3,-23.6,30.5,-24.4,29.7
684.448,-27.4,29.6,-28.7,30.3,-23.7,30.4,-24.5,29.6
685.448,-27.5,29.6,-28.8,30.2,-23.7,30.4,-24.4,29.6
686.448,-27.5,29.5,-28.8,30.2,-23.7,30.4,-24.4,29.6
687.448,-27.5,29.5,-28.7,30.2,-23.6,30.4,-24.3,29.6
688.448,-27.7,29.5,-29.0,30.2,-24.0,30.3,-24.6,29.5
689.448,-27.8,29.4,-29.0,30.2,-23.7,30.3,-24.4,29.5
690.448,-27.7,29.4,-28.9,30.1,-23.7,30.3,-24.4,29.5
691.448,-27.6,29.4,-29.0,30.1,-22.9,30.3,-24.5,29.5
692.448,-23.4,29.4,-27.9,30.1,-19.3,30.3,-21.0,29.5
693.448,-25.3,29.4,-25.4,30.1,-20.6,30.3,-22.3,29.5
694.448,-20.5,29.4,-21.4,30.1,-19.5,30.2,-19.8,29.5
695.448,-1.9,29.8,-0.4,30.5,-0.1,30.7,-0.4,29.8
696.448,0.1,30.1,0.0,30.7,0.0,31.0,0.1,30.1
697.448,7.4,30.1,5.4,30.8,4.9,31.0,6.7,30.1
698.448,17.7,29.5,18.0,30.1,15.1,30.3,17.0,29.6
699.448,24.0,29.3,21.8,29.9,20.0,30.2,21.8,29.5
700.448,22.3,29.4,22.5,30.0,17.6,30.2,22.0,29.5
701.448,25.4,29.4,24.6,30.0,21.3,30.2,24.6,29.5
702.448,25.2,29.4,24.1,30.1,21.4,30.3,23.8,29.5
703.448,26.0,29.6,24.5,30.1,21.5,30.4,24.2,29.6
704.448,25.7,29.7,24.5,30.2,21.5,30.4,24.5,29.6
705.448,25.6,29.9,24.4,30.4,21.4,30.5,24.1,29.7
706.448,25.5,30.0,24.4,30.5,21.5,30.6,24.4,29.7
707.448,25.8,30.1,24.4,30.7,21.3,30.8,23.9,29.8
708.448,25.9,30.2,24.6,30.8,21.6,30.9,24.3,29.9
709.448,25.6,30.3,24.4,30.9,21.3,31.1,24.0,30.0
710.448,25.9,30.4,24.6,31.0,21.7,31.2,24.4,30.1
711.448,25.8,30.5,24.5,31.1,21.4,31.3,24.2,30.2
712.448,26.1,30.6,24.7,31.2,21.8,31.4,24.6,30.3
713.448,26.2,30.6,24.8,31.3,21.8,31.6,24.5,30.4
714.448,24.6,30.7,23.5,31.4,20.3,31.6,23.1,30.5
715.448,1.9,31.0,3.4,31.6,1.7,31.9,2.8,30.7
716.448,-8.5,30.9,-3.8,31.8,-4.4,32.0,-7.4,30.8
717.448,-23.2,30.6,-21.4,31.3,-18.7,31.5,-19.8,30.4
718.448,-27.3,30.3,-28.3,31.1,-23.6,31.3,-24.3,30.3
719.448,-27.5,30.1,-29.2,30.9,-23.9,31.1,-24.6,30.1
720.448,-27.3,29.9,-28.5,30.6,-23.7,30.8,-24.4,29.9
721.448,-27.1,29.7,-28.7,30.4,-23.5,30.6,-24.3,29.7
722.448,-27.3,29.6,-28.6,30.3,-23.6,30.5,-24.3,29.7
723.448,-27.3,29.6,-28.6,30.3,-23.7,30.4,-24.5,29.6
724.448,-27.6,29.5,-28.7,30.2,-23.7,30.4,-24.4,29.6
725.448,-27.4,29.5,-28.7,30.2,-23.6,30.4,-24.3,29.6
726.448,-27.5,29.5,-29.1,30.2,-23.7,30.3,-24.4,29.5
727.448,-27.6,29.5,-29.0,30.1,-23.9,30.3,-24.6,29.5
728.448,-27.8,29.4,-29.1,30.1,-23.8,30.3,-24.5,29.5
729.448,-27.6,29.4,-28.8,30.1,-23.7,30.3,-24.4,29.5
730.448,-27.6,29.4,-29.0,30.1,-23.5,30.2,-24.5,29.5
731.448,-23.9,29.4,-28.8,30.0,-18.6,30.3,-21.7,29.5
732.448,-24.4,29.4,-26.0,30.0,-21.7,30.2,-21.6,29.5
733.448,-23.1,29.4,-23.3,30.0,-20.7,30.2,-21.4,29.4
734.448,-0.5,29.8,-1.6,30.3,-0.4,30.6,-0.5,29.8
735.448,3.4,30.1,2.1,30.7,2.7,30.9,5.9,29.9
736.448,16.9,29.6,15.2,30.2,13.4,30.4,14.9,29.6
737.453,24.4,29.3,22.7,29.9,20.1,30.2,22.3,29.4
738.453,22.1,29.4,22.5,29.9,18.4,30.2,21.5,29.5
739.453,25.1,29.4,24.4,29.9,20.1,30.2,23.9,29.4
740.453,25.3,29.4,24.1,30.0,21.2,30.2,23.8,29.5
741.453,25.9,29.5,24.6,30.1,22.0,30.3,24.7,29.5
742.453,25.5,29.7,24.3,30.2,21.2,30.4,23.9,29.6
743.453,25.8,29.9,24.5,30.3,21.5,30.5,24.3,29.6
744.453,25.4,30.0,24.2,30.5,21.1,30.6,23.8,29.7
745.453,25.9,30.1,24.6,30.6,21.5,30.7,24.3,29.8
746.453,25.9,30.2,24.6,30.8,21.6,30.9,24.4,29.9
747.453,26.0,30.3,24.5,30.9,21.3,31.0,23.9,30.0
748.453,25.7,30.4,24.5,31.0,21.5,31.2,24.3,30.1
749.453,25.8,30.5,24.4,31.1,21.3,31.3,24.1,30.2
750.453,26.3,30.6,24.9,31.2,22.2,31.4,24.8,30.3
751.453,26.1,30.6,24.8,31.3,22.0,31.5,24.5,30.4
752.453,25.8,30.7,24.4,31.3,21.3,31.6,24.2,30.5
753.453,3.0,30.9,4.3,31.5,3.1,31.8,3.7,30.7
754.453,-8.4,30.9,-4.5,31.7,-4.6,32.0,-7.8,30.7
755.453,-24.1,30.6,-24.1,31.3,-19.4,31.5,-20.9,30.4
756.453,-27.4,30.3,-28.3,31.1,-23.5,31.3,-24.3,30.3
757.453,-27.5,30.1,-28.7,30.9,-23.9,31.1,-24.7,30.1
758.453,-27.3,29.9,-28.7,30.6,-23.7,30.8,-24.5,29.9
759.453,-27.2,29.7,-28.5,30.4,-23.4,30.6,-24.2,29.7
760.453,-27.2,29.6,-28.5,30.3,-23.6,30.4,-24.4,29.6
761.453,-27.4,29.6,-28.7,30.2,-23.7,30.4,-24.5,29.6
762.453,-27.5,29.5,-28.7,30.2,-23.7,30.3,-24.4,29.5
763.453,-27.6,29.5,-28.8,30.1,-23.7,30.3,-24.4,29.5
764.453,-27.5,29.5,-28.8,30.1,-23.7,30.3,-24.4,29.5
765.453,-27.6,29.4,-28.9,30.1,-23.8,30.3,-24.5,29.5
766.453,-27.9,29.4,-29.1,30.1,-23.9,30.3,-24.6,29.4
767.453,-27.6,29.4,-28.8,30.1,-23.6,30.3,-24.3,29.5
768.453,-27.5,29.4,-28.9,30.1,-23.2,30.2,-24.5,29.4
769.453,-23.6,29.4,-28.2,30.1,-18.7,30.3,-21.3,29.5
770.453,-24.9,29.4,-25.4,30.1,-21.8,30.2,-22.4,29.4
771.453,-20.7,29.4,-22.1,30.1,-19.4,30.2,-19.6,29.4
772.453,0.3,29.9,-0.1,30.4,0.1,30.6,0.4,29.8
773.453,7.6,30.0,4.9,30.6,7.0,30.7,9.6,29.8
774.453,17.9,29.5,17.5,30.1,15.2,30.3,16.2,29.5
775.453,24.3,29.3,22.7,29.9,19.7,30.2,22.3,29.4
776.453,22.2,29.4,23.2,29.9,18.3,30.2,22.0,29.4
777.453,25.2,29.4,24.1,30.0,20.4,30.2,24.0,29.4
778.453,25.4,29.4,24.2,30.0,21.2,30.2,23.8,29.5
779.453,25.7,29.5,24.4,30.1,21.6,30.3,24.3,29.5
780.453,25.7,29.7,24.4,30.2,21.4,30.4,24.1,29.6
781.453,25.5,29.9,24.4,30.3,21.5,30.5,24.3,29.6
782.453,25.6,30.0,24.3,30.5,21.3,30.6,24.0,29.7
783.453,25.8,30.1,24.5,30.7,21.4,30.8,24.1,29.8
784.453,25.9,30.2,24.6,30.8,21.6,30.9,24.3,29.9
785.453,25.8,30.3,24.6,30.9,21.5,31.1,24.2,30.0
786.453,25.6,30.4,24.5,31.0,21.4,31.2,24.2,30.1
787.453,25.9,30.5,24.7,31.1,21.6,31.3,24.3,30.2
788.453,26.2,30.6,24.8,31.2,21.8,31.4,24.5,30.3
789.453,26.0,30.6,24.8,31.3,21.7,31.5,24.4,30.4
790.453,23.0,30.7,22.6,31.4,19.2,31.6,22.2,30.5
791.453,1.3,31.0,1.5,31.6,0.7,31.9,1.0,30.8
792.453,-8.9,30.9,-5.6,31.7,-5.4,31.9,-8.4,30.7
793.453,-24.4,30.5,-23.2,31.3,-19.8,31.5,-20.9,30.4
794.453,-30.1,30.3,-28.2,31.1,-23.5,31.2,-24.3,30.2
795.453,-27.4,30.1,-28.8,30.8,-23.9,31.0,-24.6,30.0
796.453,-27.1,29.9,-29.2,30.6,-23.7,30.8,-24.5,29.9
797.453,-27.2,29.7,-28.7,30.4,-23.5,30.6,-24.3,29.7
798.453,-27.2,29.6,-35.7,30.3,-23.6,30.5,-24.4,29.6
799.453,-27.4,29.5,-29.0,30.2,-23.6,30.4,-24.3,29.6
800.453,-27.6,29.5,-28.7,30.1,-23.7,30.4,-24.4,29.5
801.453,-27.5,29.5,-28.7,30.1,-23.7,30.3,-24.5,29.5
802.453,-27.4,29.5,-28.6,30.1,-23.5,30.3,-24.3,29.5
803.453,-27.7,29.4,-29.0,30.1,-23.9,30.3,-24.6,29.4
804.455,-27.8,29.4,-29.1,30.1,-23.9,30.3,-24.6,29.4
805.455,-27.6,29.4,-28.7,30.1,-23.5,30.2,-24.2,29.4
806.455,-27.6,29.4,-29.0,30.0,-22.9,30.2,-24.6,29.4
807.455,-23.7,29.4,-28.4,30.0,-19.2,30.2,-21.1,29.4
808.455,-25.4,29.4,-24.9,30.0,-21.6,30.2,-22.2,29.4
809.455,-20.5,29.4,-20.3,30.0,-18.6,30.2,-19.5,29.4
810.455,0.0,29.8,-1.5,30.4,-0.2,30.6,0.1,29.8
811.455,1.6,30.1,-0.5,30.6,0.2,30.9,1.2,30.1
812.455,16.5,29.6,12.8,30.3,11.8,30.5,14.6,29.7
813.455,22.5,29.4,22.3,29.9,20.0,30.1,20.9,29.4
814.455,22.8,29.3,22.2,29.9,18.3,30.1,21.8,29.4
815.455,24.0,29.4,24.1,29.9,18.9,30.2,23.3,29.4
816.455,25.8,29.4,24.4,30.0,22.4,30.2,24.4,29.4
817.456,25.6,29.5,24.4,30.0,21.5,30.3,24.1,29.5
818.456,25.6,29.6,24.3,30.1,21.3,30.3,24.0,29.5
819.456,25.5,29.8,24.4,30.2,21.5,30.4,24.3,29.6
820.456,25.4,30.0,24.2,30.4,21.1,30.5,23.8,29.6
821.456,25.8,30.1,24.6,30.5,21.6,30.7,24.5,29.7
822.456,25.8,30.2,24.6,30.7,21.6,30.8,24.4,29.8
823.456,25.9,30.3,24.4,30.8,21.1,31.0,23.7,29.9
824.456,25.6,30.4,24.4,30.9,21.4,31.1,24.3,30.0
825.456,26.0,30.5,24.7,31.0,21.7,31.2,24.5,30.1
826.456,26.0,30.5,24.7,31.1,21.7,31.4,24.5,30.2
827.456,26.0,30.6,24.7,31.2,21.6,31.5,24.4,30.3
828.456,26.2,30.7,24.8,31.3,21.8,31.6,24.6,30.4
829.456,8.8,30.8,9.5,31.5,7.9,31.7,10.1,30.6
830.456,-5.2,31.0,-1.2,31.7,-2.0,32.0,-4.5,30.8
831.456,-18.8,30.6,-19.0,31.4,-15.1,31.6,-16.5,30.5
832.456,-27.1,30.4,-28.4,31.1,-22.6,31.3,-24.5,30.3
833.456,-27.4,30.2,-28.5,30.9,-23.4,31.1,-26.5,30.1
834.456,-27.3,30.0,-28.7,30.7,-24.1,30.8,-24.6,29.9
835.456,-27.1,29.8,-28.5,30.4,-24.3,30.6,-24.3,29.7
836.456,-27.2,29.6,-28.5,30.3,-23.8,30.5,-24.3,29.6
837.456,-27.3,29.6,-28.6,30.2,-23.8,30.4,-24.5,29.6
838.456,-27.5,29.5,-28.7,30.2,-30.2,30.3,-24.4,29.5
839.456,-27.4,29.5,-28.7,30.1,-23.6,30.3,-24.5,29.5
840.456,-27.4,29.5,-28.7,30.1,-23.4,30.3,-24.4,29.5
841.456,-27.6,29.5,-28.8,30.1,-24.2,30.3,-24.5,29.5
842.456,-27.8,29.4,-29.0,30.1,-23.9,30.2,-24.6,29.4
843.456,-27.3,29.4,-28.7,30.1,-23.6,30.2,-24.4,29.4
844.456,-27.7,29.4,-29.0,30.0,-23.9,30.2,-24.6,29.4
845.456,-25.2,29.4,-28.9,30.0,-19.7,30.2,-23.2,29.4
846.456,-24.4,29.4,-25.9,30.0,-20.6,30.2,-20.3,29.4
847.456,-24.9,29.4,-26.0,30.0,-23.1,30.2,-23.2,29.4
848.456,-6.5,29.6,-5.7,30.2,-5.8,30.4,-6.4,29.6
849.456,-0.3,30.0,-0.1,30.6,-0.1,30.8,0.1,30.0
850.456,5.4,30.2,5.5,30.7,4.2,30.9,5.7,30.0
851.456,17.8,29.5,17.3,30.1,14.4,30.3,16.3,29.5
852.456,24.0,29.3,21.6,29.9,19.7,30.1,21.4,29.4
853.456,22.3,29.4,22.9,29.9,18.5,30.2,22.9,29.4
854.456,25.0,29.4,24.3,29.9,21.0,30.2,24.2,29.4
855.456,25.3,29.4,24.2,30.0,21.4,30.2,24.0,29.4
856.456,25.6,29.5,24.5,30.1,21.5,30.3,24.2,29.5
857.456,25.6,29.7,24.4,30.1,21.6,30.3,24.3,29.5
858.456,25.3,29.8,24.3,30.3,21.1,30.4,24.1,29.6
859.456,25.3,30.0,24.2,30.5,21.1,30.5,23.9,29.6
860.456,25.8,30.1,24.6,30.6,29.1,30.7,24.5,29.7
861.458,25.6,30.2,24.4,30.8,21.5,30.9,24.1,29.8
862.458,26.0,30.3,24.7,30.8,21.7,31.0,24.3,30.0
863.458,25.4,30.4,24.3,31.0,21.1,31.2,23.9,30.1
864.458,25.7,30.5,24.5,31.0,21.6,31.3,24.3,30.2
865.458,26.2,30.5,24.9,31.1,22.0,31.4,24.8,30.3
866.459,26.1,30.6,24.8,31.3,21.8,31.5,24.5,30.4
867.459,24.6,30.7,23.6,31.3,20.6,31.6,23.6,30.5
868.460,1.8,31.0,2.8,31.6,1.7,31.9,2.8,30.7
869.460,-8.4,30.9,-4.4,31.7,-4.5,31.9,-7.5,30.7
870.460,-23.7,30.5,-23.9,31.3,-19.2,31.5,-20.3,30.4
871.460,-27.3,30.3,-28.3,31.1,-23.6,31.3,-24.4,30.2
872.460,-27.5,30.1,-28.7,30.9,-24.0,31.1,-24.7,30.1
873.460,-27.3,29.9,-28.7,30.6,-23.7,30.8,-24.5,29.8
874.460,-27.2,29.7,-28.5,30.4,-23.5,30.6,-24.3,29.7
875.460,-27.3,29.6,-28.6,30.3,-23.7,30.5,-24.5,29.6
876.460,-27.3,29.6,-28.5,30.2,-23.6,30.4,-24.4,29.6
877.460,-27.6,29.5,-28.8,30.2,-23.8,30.4,-24.6,29.5
878.460,-27.5,29.5,-28.7,30.1,-23.7,30.3,-24.4,29.5
879.460,-27.5,29.5,-28.7,30.1,-23.7,30.3,-24.4,29.5
880.460,-27.7,29.5,-28.9,30.1,-24.0,30.3,-24.7,29.5
881.460,-27.8,29.5,-29.0,30.1,-23.9,30.2,-24.5,29.4
882.460,-27.7,29.4,-28.8,30.1,-23.7,30.2,-24.4,29.4
883.460,-27.6,29.4,-28.9,30.0,-23.4,30.2,-24.6,29.4
884.460,-24.1,29.4,-28.3,30.0,-19.3,30.2,-21.4,29.4
885.460,-24.1,29.4,-25.5,30.0,-21.2,30.2,-22.1,29.4
886.460,-23.6,29.4,-22.8,30.0,-20.3,30.1,-21.0,29.4
887.460,0.7,29.8,-0.1,30.3,-0.2,30.5,-0.8,29.7
888.460,0.1,30.2,-0.1,30.7,-0.0,30.9,0.1,30.1
889.460,5.8,30.2,4.8,30.8,3.3,31.0,5.2,30.1
890.460,17.8,29.5,16.9,30.1,14.5,30.3,16.5,29.5
891.460,22.4,29.4,22.0,29.9,20.2,30.1,21.3,29.4
892.460,22.6,29.4,22.6,29.9,17.8,30.1,22.0,29.4
893.460,25.0,29.4,24.2,29.9,20.2,30.2,24.2,29.4
894.460,25.4,29.4,24.4,30.0,21.7,30.2,24.2,29.4
895.460,25.5,29.5,24.5,30.1,22.0,30.3,24.3,29.5
896.460,25.3,29.7,24.3,30.1,21.2,30.3,23.9,29.5
897.460,25.4,29.8,24.4,30.3,21.4,30.4,24.2,29.6
898.462,24.9,29.9,24.3,30.4,21.4,30.5,24.2,29.6
899.462,26.1,30.1,24.5,30.6,21.5,30.7,24.3,29.7
900.462,26.2,30.2,24.5,30.7,21.5,30.8,24.2,29.8
901.462,25.9,30.3,24.5,30.8,21.5,31.0,24.1,29.9
902.462,25.6,30.4,24.4,30.9,21.3,31.1,24.0,30.0
903.462,25.9,30.5,24.5,31.0,21.5,31.2,24.2,30.1
904.462,26.3,30.5,24.9,31.2,22.1,31.4,24.9,30.3
905.462,26.1,30.6,24.7,31.2,21.6,31.5,24.4,30.4
906.462,25.5,30.7,24.1,31.3,21.2,31.6,24.2,30.4
907.462,5.8,30.9,6.6,31.5,4.5,31.8,6.6,30.6
908.462,-0.9,31.1,0.4,31.7,0.0,32.0,-0.3,30.8
909.462,-10.5,30.8,-7.9,31.6,-7.0,31.8,-10.0,30.6
910.462,-25.2,30.5,-25.4,31.2,-20.8,31.4,-21.7,30.3
911.462,-27.3,30.3,-28.3,31.0,-23.6,31.2,-24.4,30.2
912.462,-27.5,30.1,-28.7,30.8,-24.0,31.0,-24.7,30.0
913.462,-27.3,29.9,-28.7,30.6,-23.8,30.7,-24.5,29.8
914.462,-27.2,29.7,-28.4,30.4,-23.5,30.5,-24.3,29.7
915.462,-27.3,29.6,-28.6,30.3,-23.7,30.4,-24.5,29.6
916.462,-27.4,29.6,-28.7,30.2,-23.8,30.4,-24.5,29.5
917.462,-27.5,29.5,-28.7,30.1,-23.7,30.3,-24.4,29.5
918.462,-27.6,29.5,-28.7,30.1,-23.8,30.3,-24.5,29.5
919.462,-27.4,29.5,-28.6,30.1,-23.6,30.3,-24.4,29.4
920.462,-27.7,29.5,-28.9,30.1,-24.0,30.3,-24.6,29.4
921.462,-27.8,29.5,-29.0,30.0,-24.0,30.2,-24.6,29.4
922.462,-27.6,29.4,-28.7,30.1,-23.6,30.2,-24.4,29.4
923.462,-27.5,29.4,-28.9,30.0,-22.9,30.2,-24.6,29.4
924.464,-24.2,29.4,-28.0,30.0,-19.3,30.2,-21.1,29.4
925.464,-24.7,29.4,-25.5,30.0,-22.0,30.2,-22.1,29.4
926.464,-22.5,29.4,-22.3,30.0,-19.9,30.2,-20.8,29.3
927.464,0.4,29.8,0.0,30.4,-0.3,30.5,-0.2,29.7
928.464,4.6,30.0,0.3,30.7,0.9,30.9,2.6,29.9
929.464,15.4,29.6,12.8,30.4,12.0,30.4,13.8,29.6
930.464,22.9,29.4,22.1,29.9,19.4,30.1,21.3,29.4
931.464,22.8,29.4,22.0,29.9,18.3,30.1,21.7,29.3
932.464,23.4,29.4,24.1,29.9,19.5,30.1,23.5,29.4
933.464,25.5,29.4,24.4,29.9,22.0,30.1,24.4,29.4
934.464,25.4,29.5,24.3,30.0,21.2,30.2,23.7,29.4
935.464,25.7,29.6,24.4,30.1,21.5,30.3,24.3,29.5
936.464,25.8,29.8,24.5,30.2,21.6,30.4,24.4,29.5
937.464,25.3,30.0,24.0,30.4,21.0,30.5,23.8,29.6
938.464,25.8,30.1,24.6,30.5,21.4,30.6,24.1,29.6
939.464,25.8,30.2,24.6,30.7,21.6,30.8,24.3,29.7
940.464,25.9,30.3,24.6,30.8,21.5,30.9,24.2,29.9
941.464,25.6,30.4,24.5,30.9,21.5,31.1,24.3,30.0
942.464,25.8,30.4,24.4,31.0,21.4,31.2,24.1,30.1
943.464,26.0,30.5,24.7,31.1,21.7,31.3,24.4,30.2
944.464,26.2,30.6,24.8,31.2,21.8,31.4,24.5,30.3
945.465,26.2,30.7,24.9,31.3,21.9,31.5,24.8,30.4
946.465,9.6,30.8,10.3,31.4,9.1,31.7,11.3,30.5
947.465,-5.1,31.0,-1.1,31.7,-1.9,32.0,-4.5,30.7
948.465,-17.8,30.7,-17.9,31.4,-14.3,31.6,-15.8,30.4
949.465,-27.3,30.4,-28.3,31.1,-23.4,31.3,-24.3,30.2
950.465,-27.5,30.2,-28.5,30.9,-23.8,31.1,-24.6,30.1
951.465,-27.5,30.0,-28.7,30.7,-23.9,30.8,-24.6,29.9
952.465,-27.2,29.8,-28.5,30.4,-23.6,30.6,-24.4,29.7
953.465,-27.3,29.7,-28.4,30.3,-23.5,30.5,-24.3,29.6
954.465,-27.4,29.6,-28.6,30.2,-23.7,30.4,-24.5,29.5
955.465,-27.6,29.6,-28.7,30.2,-23.8,30.3,-24.5,29.5
956.467,-27.4,29.5,-28.6,30.1,-23.6,30.3,-24.3,29.5
957.467,-27.6,29.5,-28.7,30.1,-23.7,30.3,-24.5,29.4
958.467,-27.8,29.5,-28.8,30.1,-23.8,30.2,-24.5,29.4
959.467,-27.9,29.5,-28.9,30.1,-23.8,30.2,-24.5,29.4
960.467,-27.5,29.5,-28.7,30.0,-23.8,30.2,-24.6,29.4
961.467,-27.9,29.5,-28.9,30.0,-23.8,30.2,-24.5,29.4
962.467,-25.2,29.5,-28.8,30.0,-20.0,30.2,-23.3,29.4
963.467,-24.5,29.5,-25.6,30.0,-21.3,30.2,-21.4,29.4
964.467,-24.9,29.4,-26.4,30.0,-21.4,30.1,-22.6,29.3
965.467,-6.9,29.6,-5.9,30.2,-6.3,30.3,-6.5,29.5
966.467,0.3,30.1,-0.0,30.6,0.0,30.8,1.5,29.9
967.469,12.9,29.9,12.3,30.4,8.6,30.6,13.4,29.6
968.469,22.5,29.5,20.5,29.9,19.7,30.1,20.2,29.4
969.469,23.5,29.4,21.9,29.9,18.6,30.1,21.2,29.4
970.469,23.3,29.4,24.0,29.9,18.4,30.1,23.0,29.4
971.469,25.4,29.4,24.4,29.9,21.9,30.1,24.7,29.4
972.469,25.5,29.5,24.2,30.0,21.2,30.2,23.9,29.4
973.469,25.7,29.6,24.4,30.0,21.8,30.3,24.2,29.5
974.469,25.6,29.8,24.4,30.2,21.7,30.3,24.2,29.5
975.469,25.4,30.0,24.3,30.3,21.3,30.5,24.1,29.6
976.469,25.6,30.1,24.4,30.5,21.4,30.6,24.2,29.6
977.469,25.8,30.2,24.5,30.7,21.4,30.8,24.1,29.7
978.469,26.1,30.3,24.6,30.8,21.6,30.9,24.3,29.8
979.469,25.5,30.4,24.3,30.9,21.1,31.0,23.9,30.0
980.469,25.9,30.5,24.6,31.0,21.7,31.2,24.5,30.1
981.469,26.0,30.5,24.7,31.1,21.8,31.3,24.6,30.2
982.469,26.0,30.6,24.6,31.2,21.5,31.4,24.2,30.3
983.469,26.2,30.7,24.8,31.3,21.9,31.5,24.7,30.4
984.469,11.3,30.8,12.9,31.4,10.0,31.7,12.5,30.5
985.469,-5.1,31.0,-1.2,31.7,-1.9,31.9,-4.6,30.7
986.469,-19.2,30.6,-18.8,31.4,-14.4,31.6,-16.5,30.4
987.469,-27.3,30.4,-28.2,31.1,-23.4,31.3,-24.3,30.2
988.469,-27.5,30.2,-28.5,30.9,-24.0,31.1,-24.6,30.1
989.469,-27.4,30.0,-28.7,30.6,-23.9,30.8,-24.6,29.9
990.469,-27.2,29.8,-28.5,30.4,-23.6,30.5,-24.4,29.7
991.469,-27.3,29.7,-28.4,30.3,-23.5,30.4,-24.3,29.6
992.469,-27.5,29.6,-28.6,30.2,-23.6,30.3,-24.5,29.5
993.469,-27.6,29.6,-28.8,30.1,-23.8,30.3,-24.5,29.5
994.469,-27.4,29.5,-28.6,30.1,-23.5,30.2,-24.4,29.5
995.469,-27.6,29.5,-28.7,30.1,-23.8,30.2,-24.5,29.4
996.469,-27.7,29.5,-28.7,30.1,-23.8,30.2,-24.5,29.4
997.469,-27.8,29.5,-28.9,30.0,-23.8,30.2,-24.5,29.4
998.469,-27.6,29.5,-28.8,30.0,-23.8,30.2,-24.6,29.4
999.469,-27.9,29.4,-28.9,30.0,-23.9,30.2,-24.6,29.4
1000.469,-25.1,29.5,-28.8,30.0,-20.6,30.2,-22.9,29.4
1001.469,-24.7,29.5,-25.6,30.0,-20.0,30.2,-21.2,29.3
1002.469,-24.9,29.4,-26.4,30.0,-23.4,30.1,-22.7,29.3
1003.469,-5.7,29.7,-4.8,30.2,-4.5,30.4,-4.9,29.5
1004.469,0.6,30.1,0.0,30.6,0.3,30.8,0.7,29.9
1005.469,12.6,29.9,11.2,30.4,10.3,30.5,12.9,29.7
1006.469,22.0,29.5,19.8,30.0,17.4,30.1,19.8,29.4
1007.469,23.3,29.4,21.8,29.9,18.9,30.1,21.3,29.3
1008.469,23.0,29.4,24.1,29.9,18.2,30.1,22.7,29.4
1009.469,25.6,29.4,24.5,29.9,22.0,30.1,24.3,29.4
1010.469,25.5,29.5,24.2,30.0,21.3,30.2,23.9,29.4
1011.469,25.9,29.6,24.5,30.1,21.6,30.3,24.2,29.4
1012.469,25.7,29.8,24.4,30.2,21.5,30.3,24.2,29.5
1013.469,25.5,30.0,24.2,30.3,21.3,30.4,24.1,29.6
1014.469,25.6,30.1,24.4,30.5,21.4,30.6,24.1,29.6
1015.469,25.8,30.2,24.5,30.6,21.4,30.8,24.1,29.7
1016.469,26.0,30.3,24.6,30.8,21.7,30.9,24.4,29.8
1017.469,25.7,30.4,24.4,30.9,21.3,31.0,24.1,29.9
1018.469,26.1,30.4,24.6,31.0,21.5,31.2,24.1,30.0
1019.469,25.9,30.5,24.6,31.1,21.6,31.3,24.4,30.2
1020.469,26.2,30.6,24.7,31.2,21.8,31.4,24.5,30.3
1021.469,26.2,30.6,24.8,31.3,21.9,31.5,24.7,30.4
1022.469,15.0,30.8,15.6,31.4,12.9,31.6,16.2,30.5
1023.469,-4.3,31.0,-0.6,31.7,-0.9,32.0,-3.3,30.7
1024.469,-15.1,30.7,-14.8,31.5,-12.1,31.7,-13.7,30.5
1025.469,-27.3,30.4,-27.8,31.1,-23.2,31.3,-23.9,30.2
1026.469,-27.5,30.2,-28.3,30.9,-23.6,31.1,-24.4,30.1
1027.469,-27.5,30.0,-28.7,30.7,-23.9,30.8,-24.6,29.9
1028.469,-27.3,29.8,-28.6,30.4,-23.7,30.6,-24.5,29.7
1029.469,-27.2,29.6,-28.4,30.3,-23.5,30.5,-24.3,29.6
1030.469,-27.4,29.6,-28.5,30.2,-23.6,30.4,-24.4,29.5
1031.469,-27.7,29.5,-28.7,30.1,-23.8,30.3,-24.5,29.4
1032.469,-27.4,29.5,-28.6,30.1,-23.6,30.3,-24.4,29.4
1033.469,-27.6,29.5,-28.7,30.1,-23.8,30.2,-24.6,29.4
1034.469,-27.7,29.5,-28.8,30.1,-23.7,30.2,-24.4,29.4
1035.469,-27.9,29.5,-28.9,30.0,-23.8,30.2,-24.5,29.4
1036.469,-27.6,29.5,-28.9,30.0,-23.9,30.2,-24.7,29.4
1037.469,-27.8,29.4,-28.8,30.0,-23.7,30.2,-24.4,29.4
1038.469,-25.8,29.4,-28.8,30.0,-20.8,30.2,-24.0,29.3
1039.469,-24.8,29.5,-26.0,30.0,-20.4,30.2,-21.4,29.4
1040.469,-25.4,29.4,-26.3,30.0,-22.4,30.1,-22.2,29.3
1041.469,-10.4,29.6,-9.4,30.1,-9.2,30.3,-9.7,29.4
1042.469,0.4,30.1,-0.2,30.5,0.2,30.7,1.7,29.9
1043.469,13.2,29.8,12.0,30.4,10.4,30.5,13.5,29.6
1044.469,22.3,29.4,19.8,29.9,17.8,30.1,19.3,29.4
1045.469,23.2,29.4,21.8,29.9,18.8,30.1,21.6,29.3
1046.469,23.2,29.4,23.9,29.9,18.9,30.1,22.5,29.4
1047.469,25.7,29.4,24.6,29.9,21.5,30.1,24.4,29.4
1048.469,25.4,29.5,24.2,30.0,21.1,30.2,23.8,29.4
1049.493,25.9,29.6,24.5,30.1,21.5,30.3,24.1,29.4
1050.493,25.7,29.8,24.4,30.1,21.6,30.3,24.3,29.5
1051.494,25.7,30.0,24.3,30.3,21.3,30.4,24.0,29.5
1052.494,25.8,30.1,24.5,30.5,21.5,30.6,24.3,29.6
1053.494,25.8,30.1,24.4,30.6,21.3,30.8,24.0,29.7
1054.494,26.0,30.2,24.6,30.8,21.5,30.9,24.3,29.8
1055.494,25.8,30.3,24.4,30.9,21.3,31.0,23.9,30.0
1056.494,26.0,30.4,24.6,31.0,21.8,31.2,24.6,30.1
1057.494,26.0,30.5,24.6,31.0,21.6,31.3,24.4,30.2
1058.494,26.1,30.6,24.6,31.1,21.6,31.4,24.3,30.3
1059.494,26.3,30.6,24.8,31.2,21.9,31.5,24.7,30.3
1060.494,14.9,30.8,15.3,31.4,12.7,31.6,15.4,30.5
1061.516,1.8,31.0,1.8,31.6,1.1,31.9,1.8,30.7
1062.516,-1.7,31.2,-0.1,31.7,-0.3,32.0,-1.2,30.8
1063.516,-10.1,30.8,-7.6,31.6,-6.6,31.8,-9.5,30.5
1064.555,-26.6,30.4,-26.2,31.0,-21.8,31.3,-22.7,30.2
1065.555,-27.5,30.3,-28.8,30.9,-23.7,31.1,-24.5,30.1
1066.556,-27.6,30.1,-28.7,30.7,-24.0,30.9,-24.7,29.9
1067.556,-27.3,29.8,-28.6,30.5,-23.7,30.6,-24.5,29.7
1068.556,-27.3,29.7,-28.5,30.3,-23.6,30.5,-24.3,29.6
1069.556,-27.3,29.6,-28.5,30.2,-23.6,30.4,-24.3,29.6
1070.556,-27.5,29.6,-28.6,30.1,-23.7,30.3,-39.1,29.5
1071.556,-27.6,29.6,-28.7,30.1,-23.7,30.3,-29.2,29.5
1072.556,-27.6,29.5,-28.7,30.1,-23.8,30.2,-24.2,29.5
1073.556,-27.5,29.5,-28.6,30.1,-23.6,30.2,-24.4,29.4
1074.556,-27.8,29.5,-28.9,30.0,-24.0,30.2,-24.7,29.4
1075.556,-27.8,29.5,-29.0,30.0,-23.9,30.2,-24.7,29.4
1076.556,-27.7,29.5,-28.7,30.0,-23.6,30.2,-24.3,29.4
1077.556,-27.1,29.5,-28.8,30.0,-22.7,30.2,-24.6,29.3
1078.556,-24.3,29.5,-27.7,30.0,-19.8,30.2,-21.0,29.3
1079.556,-23.9,29.5,-25.5,30.0,-20.3,30.1,-22.3,29.3
1080.556,-17.6,29.5,-17.0,30.0,-17.5,30.1,-15.5,29.3
1081.556,0.2,30.0,-0.3,30.4,0.2,30.6,0.4,29.8
1082.556,9.0,30.1,9.2,30.4,7.4,30.6,11.1,29.7
1083.556,19.2,29.5,18.2,30.0,15.5,30.2,18.0,29.4
1084.556,24.2,29.4,21.7,29.9,19.3,30.1,21.5,29.3
1085.556,22.7,29.4,23.6,29.9,18.0,30.1,22.3,29.3
1086.556,25.6,29.4,24.2,29.9,21.8,30.1,24.2,29.4
1087.556,25.7,29.5,24.4,30.0,21.6,30.2,24.2,29.4
1088.556,25.7,29.6,24.3,30.0,21.6,30.2,24.1,29.4
1089.556,25.9,29.8,24.4,30.1,21.5,30.3,24.1,29.5
1090.556,25.4,29.9,24.2,30.3,21.1,30.4,24.0,29.5
1091.556,25.9,30.0,24.5,30.5,21.5,30.5,24.3,29.6
1092.556,26.0,30.1,24.6,30.6,21.7,30.7,24.5,29.7
1093.556,25.8,30.3,24.4,30.7,21.2,30.9,23.8,29.8
1094.556,26.0,30.3,24.6,30.8,21.6,31.0,24.4,29.9
1095.556,25.9,30.4,24.4,30.9,21.2,31.1,23.8,30.0
1096.556,26.0,30.5,24.6,31.0,21.7,31.2,24.5,30.1
1097.556,26.3,30.6,24.8,31.1,21.8,31.3,24.6,30.2
1098.556,26.2,30.6,24.7,31.2,21.7,31.5,24.3,30.3
1099.556,21.4,30.7,21.1,31.3,18.0,31.6,27.5,30.4
1100.556,-0.5,31.0,0.8,31.6,0.4,31.9,0.2,30.7
1101.556,-10.7,30.8,-7.5,31.6,-6.8,31.8,-9.9,30.6
1102.556,-25.9,30.5,-26.0,31.2,-21.2,31.4,-31.3,30.3
1103.556,-27.4,30.3,-28.3,31.0,-23.6,31.2,-24.3,30.1
1104.556,-27.6,30.1,-28.7,30.8,-24.0,30.9,-24.7,29.9
1105.556,-27.2,29.9,-28.6,30.5,-23.7,30.6,-24.5,29.8
1106.556,-27.2,29.7,-28.4,30.3,-23.5,30.5,-24.3,29.6
1107.556,-27.3,29.6,-28.5,30.2,-23.6,30.4,-24.4,29.5
1108.556,-27.4,29.6,-28.6,30.2,-23.7,30.3,-24.5,29.5
1109.556,-27.5,29.6,-28.7,30.1,-23.7,30.3,-24.4,29.4
1110.556,-27.6,29.5,-28.7,30.1,-23.7,30.3,-24.5,29.4
1111.556,-27.4,29.5,-28.6,30.1,-23.6,30.2,-24.3,29.4
1112.556,-27.8,29.5,-28.9,30.1,-23.9,30.2,-24.6,29.4
1113.556,-27.7,29.5,-29.0,30.0,-23.9,30.2,-24.7,29.4
1114.556,-27.7,29.5,-28.8,30.0,-23.7,30.2,-24.4,29.4
1115.556,-27.2,29.4,-28.9,30.0,-22.5,30.2,-24.4,29.3
1116.556,-23.1,29.5,-27.9,30.0,-19.7,30.2,-20.9,29.3
1117.556,-25.4,29.4,-24.5,30.0,-20.3,30.2,-22.1,29.3
1118.556,-18.4,29.4,-18.9,30.0,-17.9,30.1,-17.4,29.3
1119.556,0.0,29.9,-0.0,30.4,0.0,30.6,0.3,29.8
1120.556,8.0,30.1,6.3,30.6,6.5,30.7,7.4,29.9
1121.556,19.1,29.5,17.9,30.0,15.0,30.2,18.3,29.4
1122.556,24.1,29.4,22.0,29.9,19.6,30.1,21.9,29.3
1123.556,22.2,29.4,23.5,29.9,18.1,30.1,22.5,29.3
1124.556,25.3,29.4,24.0,29.9,21.3,30.1,23.8,29.3
1125.556,25.6,29.4,24.4,30.0,21.8,30.1,24.6,29.4
1126.556,25.8,29.6,24.4,30.0,21.5,30.2,24.1,29.4
1127.556,25.6,29.7,24.3,30.1,21.3,30.3,24.2,29.5
1128.558,25.6,29.9,23.8,30.3,21.3,30.4,24.1,29.5
1129.558,25.7,30.0,24.6,30.4,21.4,30.5,24.0,29.6
1130.558,26.0,30.1,24.5,30.6,21.8,30.7,24.6,29.6
1131.558,25.7,30.2,24.7,30.7,21.1,30.8,36.6,29.8
1132.558,26.1,30.3,24.7,30.8,21.4,31.0,24.4,29.9
1133.558,25.6,30.4,24.4,30.9,21.4,31.1,24.4,30.0
1134.558,26.2,30.5,24.7,31.0,21.9,31.2,24.6,30.1
1135.558,25.9,30.5,24.6,31.1,21.5,31.3,24.2,30.2
1136.558,26.2,30.6,24.7,31.2,21.7,31.4,24.5,30.3
1137.558,23.6,30.7,22.7,31.3,19.7,31.6,22.5,30.4
1138.558,-0.3,31.0,1.3,31.6,0.7,31.8,0.3,30.6
1139.558,-11.9,30.8,-9.2,31.6,-8.0,31.8,-11.2,30.5
1140.558,-26.0,30.5,-26.4,31.2,-21.6,31.4,-22.7,30.3
1141.558,-27.3,30.3,-28.2,31.0,-23.7,31.2,-24.4,30.1
1142.558,-27.5,30.1,-28.6,30.8,-24.0,30.9,-24.6,29.9
1143.558,-27.2,29.9,-28.5,30.5,-23.7,30.6,-24.4,29.7
1144.558,-27.2,29.7,-28.4,30.3,-23.5,30.5,-24.3,29.6
1145.558,-27.2,29.6,-28.4,30.3,-23.5,30.4,-24.3,29.5
1146.558,-27.4,29.5,-28.6,30.2,-23.7,30.3,-24.5,29.5
1147.558,-27.6,29.5,-28.7,30.1,-23.8,30.3,-24.5,29.4
1148.560,-27.5,29.5,-28.6,30.1,-23.7,30.2,-24.4,29.4
1149.560,-27.4,29.5,-28.6,30.1,-23.6,30.2,-24.3,29.4
1150.560,-27.8,29.5,-28.9,30.0,-24.0,30.2,-24.6,29.4
1151.560,-27.6,29.5,-28.8,30.0,-23.8,30.2,-24.6,29.3
1152.561,-27.7,29.5,-28.8,30.0,-23.7,30.2,-24.4,29.3
1153.561,-26.9,29.4,-28.8,30.0,-22.1,30.2,-24.4,29.3
1154.561,-24.1,29.4,-27.4,30.0,-19.3,30.2,-20.2,29.4
1155.561,-25.1,29.4,-25.7,30.0,-21.8,30.1,-23.1,29.3
1156.561,-16.1,29.5,-15.6,30.0,-14.9,30.1,-14.3,29.3
1157.561,0.4,30.0,-0.2,30.4,0.3,30.6,1.4,29.8
1158.561,10.3,29.9,10.1,30.4,8.7,30.5,11.4,29.6
1159.561,20.5,29.5,19.2,30.0,16.2,30.2,18.9,29.4
1160.561,23.4,29.4,21.5,29.9,19.1,30.1,21.4,29.3
1161.561,23.2,29.4,23.9,29.9,18.2,30.1,22.4,29.3
1162.561,25.5,29.4,24.2,29.9,21.5,30.1,24.2,29.3
1163.561,25.6,29.5,24.3,30.0,21.3,30.1,24.1,29.4
1164.561,25.8,29.6,24.4,30.0,21.6,30.2,24.2,29.4
1165.561,25.7,29.8,24.3,30.1,21.3,30.3,24.0,29.5
1166.561,25.6,29.9,24.3,30.3,21.5,30.4,24.0,29.5
1167.561,25.8,30.0,24.4,30.5,21.4,30.6,24.2,29.6
1168.561,26.2,30.1,24.7,30.6,21.6,30.7,24.3,29.6
1169.561,25.8,30.2,24.4,30.8,21.3,30.9,24.0,29.8
1170.561,25.9,30.3,24.4,30.8,21.3,31.0,24.0,29.9
1171.561,25.9,30.4,24.5,31.0,21.5,31.1,24.3,30.0
1172.561,26.3,30.5,24.8,31.1,21.8,31.2,24.5,30.1
1173.561,26.3,30.6,24.8,31.2,21.8,31.4,24.5,30.2
1174.561,26.2,30.6,24.7,31.2,21.5,31.5,24.2,30.3
1175.561,18.3,30.7,18.5,31.3,15.7,31.6,17.9,30.4
1176.561,-3.6,31.0,-0.6,31.6,-0.7,31.9,-2.7,30.7
1177.561,-13.9,30.7,-12.7,31.5,-10.4,31.7,-12.8,30.5
1178.561,-27.2,30.4,-27.6,31.1,-22.7,31.3,-24.0,30.2
1179.561,-27.4,30.2,-28.3,30.9,-23.7,31.1,-24.5,30.1
1180.561,-27.5,30.1,-28.7,30.7,-23.9,30.9,-24.7,29.9
1181.561,-27.1,29.8,-28.3,30.4,-23.5,30.6,-24.3,29.7
1182.561,-27.2,29.7,-28.3,30.3,-23.3,30.5,-24.3,29.6
1183.561,-27.3,29.6,-28.4,30.2,-23.6,30.4,-24.4,29.5
1184.561,-27.5,29.6,-28.6,30.1,-23.7,30.3,-24.4,29.5
1185.561,-27.5,29.5,-28.6,30.1,-23.7,30.3,-24.4,29.4
1186.561,-27.5,29.5,-28.6,30.0,-23.8,30.2,-24.4,29.4
1187.561,-27.7,29.5,-28.7,30.0,-24.0,30.2,-24.4,29.4
1188.561,-27.8,29.5,-28.8,30.0,-23.9,30.2,-24.6,29.4
1189.561,-27.5,29.4,-28.7,30.0,-23.8,30.2,-24.6,29.3
1190.561,-27.8,29.4,-28.9,30.0,-23.8,30.2,-24.5,29.3
1191.561,-25.8,29.4,-28.6,30.0,-21.4,30.1,-23.5,29.3
1192.561,-23.5,29.4,-26.2,30.0,-20.4,30.1,-21.4,29.3
1193.561,-25.1,29.4,-26.0,29.9,-20.8,30.1,-22.0,29.3
1194.561,-12.1,29.5,-11.3,30.1,-11.5,30.2,-10.1,29.4
1195.563,0.2,30.1,-0.5,30.5,-0.0,30.7,-0.1,29.8
1196.563,6.4,30.2,8.0,30.5,6.3,30.7,10.5,29.7
1197.563,18.1,29.6,18.0,29.9,15.5,30.1,17.5,29.4
1198.563,24.0,29.4,21.8,29.8,19.6,30.0,21.7,29.3
1199.563,23.6,29.4,23.5,29.8,17.6,30.1,21.9,29.3
1200.563,25.3,29.4,24.2,29.9,21.6,30.1,24.2,29.3
1201.563,25.6,29.4,24.3,29.9,21.5,30.1,24.1,29.3
1202.563,25.6,29.5,24.3,30.0,21.3,30.2,24.1,29.4
1203.563,25.8,29.7,24.4,30.1,21.4,30.3,24.2,29.4
1204.563,25.6,29.9,24.3,30.2,21.3,30.4,24.1,29.5
1205.563,25.7,30.0,24.4,30.4,21.5,30.5,24.6,29.5
1206.563,26.1,30.1,24.5,30.6,21.4,30.7,24.1,29.6
1207.563,26.0,30.2,24.5,30.7,21.3,30.8,23.9,29.7
1208.563,25.8,30.3,24.5,30.8,21.4,31.0,24.2,29.8
1209.563,25.7,30.4,24.4,30.9,21.2,31.1,24.0,30.0
1210.563,26.1,30.5,24.7,31.0,21.9,31.2,24.8,30.1
1211.563,26.0,30.5,24.6,31.1,21.6,31.3,24.4,30.2
1212.563,26.2,30.6,24.7,31.2,21.7,31.5,24.6,30.3
1213.563,22.6,30.7,21.8,31.3,18.8,31.5,21.3,30.4
1214.563,-2.8,31.0,-0.1,31.6,-0.2,31.8,-1.7,30.6
1215.563,-12.9,30.8,-10.9,31.5,-9.0,31.7,-11.7,30.5
1216.563,-26.9,30.4,-27.2,31.1,-22.3,31.4,-23.7,30.2
1217.563,-27.4,30.3,-28.2,30.9,-23.6,31.1,-24.4,30.1
1218.563,-27.4,30.1,-28.6,30.7,-23.9,30.9,-24.6,29.9
1219.563,-27.2,29.8,-28.4,30.4,-23.6,30.6,-24.4,29.7
1220.563,-27.1,29.7,-28.2,30.3,-23.4,30.5,-24.2,29.6
1221.563,-27.3,29.6,-28.4,30.2,-23.6,30.4,-24.4,29.5
1222.563,-27.4,29.6,-28.5,30.1,-23.7,30.3,-24.5,29.5
1223.563,-27.4,29.5,-28.6,30.1,-23.6,30.3,-24.4,29.4
1224.563,-27.5,29.5,-28.6,30.0,-23.5,30.2,-24.4,29.4
1225.563,-27.5,29.5,-28.6,30.0,-23.6,30.2,-24.3,29.3
1226.563,-27.7,29.5,-28.8,30.0,-23.9,30.2,-24.6,29.3
1227.563,-27.6,29.4,-28.7,30.0,-23.8,30.1,-24.6,29.3
1228.563,-27.8,29.4,-28.8,30.0,-23.7,30.1,-24.4,29.3
1229.563,-26.6,29.4,-28.7,29.9,-22.3,30.1,-24.1,29.3
1230.563,-24.3,29.4,-26.9,29.9,-20.2,30.1,-21.3,29.3
1231.563,-25.1,29.4,-25.8,29.9,-21.5,30.1,-22.0,29.3
1232.563,-12.4,29.5,-12.3,30.0,-12.4,30.1,-11.4,29.3
1233.563,2.4,29.9,-0.3,30.4,0.2,30.6,2.2,29.7
1234.563,13.5,29.6,11.7,30.3,9.8,30.4,12.4,29.5
1235.563,21.9,29.4,20.0,29.9,18.0,30.1,19.9,29.3
1236.563,23.0,29.3,21.9,29.8,18.9,30.0,21.5,29.3
1237.563,23.5,29.4,24.2,29.8,18.9,30.1,23.0,29.3
1238.563,25.5,29.4,24.3,29.9,21.8,30.1,24.4,29.3
1239.563,25.4,29.4,24.1,29.9,21.1,30.1,23.8,29.3
1240.563,26.0,29.6,24.6,30.0,21.6,30.2,24.3,29.4
1241.563,25.6,29.8,24.4,30.1,21.4,30.3,24.1,29.4
1242.564,25.5,29.9,24.3,30.3,21.3,30.4,24.1,29.5
1243.564,25.6,30.0,24.3,30.5,21.2,30.5,23.9,29.6
1244.564,25.8,30.2,24.5,30.6,21.5,30.7,24.1,29.6
1245.564,25.9,30.2,24.6,30.7,21.5,30.8,33.8,29.8
1246.564,25.9,30.3,24.4,30.8,21.3,31.0,24.1,29.9
1247.564,25.9,30.4,24.5,30.9,21.6,31.1,24.6,30.1
1248.564,26.0,30.5,24.6,31.0,21.6,31.3,25.7,30.2
1249.564,26.2,30.5,24.8,31.1,21.9,31.4,24.7,30.2
1250.564,26.1,30.6,24.8,31.2,21.8,31.5,24.7,30.3
1251.564,14.0,30.7,14.6,31.3,12.0,31.6,13.6,30.5
1252.564,-4.7,31.0,-0.7,31.6,-1.1,31.9,-3.7,30.7
1253.564,-15.1,30.7,-14.5,31.4,-11.6,31.6,-13.8,30.4
1254.564,-27.4,30.4,-27.9,31.1,-23.4,31.3,-24.4,30.2
1255.564,-27.5,30.2,-28.3,30.9,-23.8,31.1,-24.5,30.0
1256.564,-27.4,30.0,-28.6,30.6,-23.9,30.8,-24.6,29.8
1257.564,-27.1,29.7,-28.4,30.4,-23.6,30.5,-24.4,29.6
1258.564,-27.2,29.6,-28.3,30.2,-23.5,30.3,-24.2,29.5
1259.564,-27.4,29.6,-28.5,30.1,-23.7,30.3,-24.5,29.4
1260.564,-27.5,29.5,-28.5,30.1,-23.7,30.2,-24.4,29.4
1261.564,-27.4,29.5,-28.5,30.0,-23.6,30.2,-24.4,29.4
1262.564,-27.6,29.5,-28.6,30.0,-23.7,30.2,-24.5,29.4
1263.564,-27.7,29.4,-28.6,30.0,-23.7,30.2,-24.5,29.3
1264.564,-27.8,29.4,-28.8,30.0,-24.0,30.2,-24.7,29.3
1265.564,-27.5,29.4,-28.6,30.0,-23.6,30.1,-24.4,29.3
1266.564,-27.8,29.4,-28.8,29.9,-23.9,30.1,-24.6,29.3
1267.564,-25.7,29.4,-28.6,29.9,-20.5,30.2,-23.1,29.3
1268.564,-24.2,29.4,-25.9,29.9,-20.8,30.1,-20.3,29.3
1269.564,-25.6,29.4,-26.2,29.9,-21.6,30.1,-23.4,29.3
1270.564,-9.5,29.5,-10.0,30.0,-9.3,30.2,-8.9,29.4
1271.564,2.8,29.9,0.0,30.5,0.1,30.7,2.1,29.8
1272.565,14.0,29.6,11.6,30.3,10.1,30.5,13.4,29.5
1273.565,21.6,29.4,20.3,29.9,16.7,30.1,19.0,29.3
1274.565,21.9,29.3,21.6,29.8,19.2,30.0,21.3,29.3
1275.565,24.2,29.3,24.2,29.8,18.8,30.1,23.1,29.3
1276.565,25.4,29.4,24.1,29.9,21.4,30.1,23.9,29.3
1277.565,25.8,29.4,24.4,29.9,21.4,30.1,24.1,29.3
1278.565,25.8,29.6,24.4,30.0,21.5,30.2,24.2,29.4
1279.565,25.7,29.8,24.3,30.1,21.4,30.3,24.2,29.4
1280.567,25.4,29.9,24.2,30.3,21.2,30.4,23.9,29.5
1281.567,25.7,30.0,24.4,30.4,21.7,30.5,24.1,29.5
1282.567,26.2,30.1,24.7,30.6,21.7,30.7,24.4,29.7
1283.567,25.9,30.2,24.5,30.7,21.4,30.8,24.1,29.8
1284.567,25.8,30.3,24.4,30.8,21.3,31.0,24.1,29.9
1285.567,25.6,30.4,24.3,30.9,21.3,31.1,24.2,30.0
1286.567,26.3,30.5,24.7,31.0,21.7,31.2,24.6,30.1
1287.567,26.3,30.5,24.8,31.1,21.9,31.4,24.6,30.2
1288.567,26.2,30.6,24.7,31.2,21.8,31.5,24.5,30.3
1289.567,14.4,30.7,15.0,31.3,12.9,31.6,14.5,30.4
1290.567,-4.3,31.0,-0.6,31.6,-0.2,32.0,-3.3,30.7
1291.567,-14.9,30.7,-14.4,31.4,-11.1,31.7,-13.6,30.4
1292.567,-27.3,30.4,-27.5,31.1,-22.8,31.3,-24.1,30.2
1293.567,-27.4,30.2,-28.2,30.9,-23.7,31.1,-24.5,30.0
1294.567,-27.4,30.0,-28.6,30.6,-23.9,30.8,-24.6,29.8
1295.567,-27.1,29.8,-28.4,30.4,-23.6,30.5,-24.4,29.7
1296.567,-27.1,29.7,-28.2,30.2,-23.4,30.4,-24.2,29.6
1297.567,-27.5,29.6,-28.6,30.1,-23.8,30.3,-24.6,29.5
1298.567,-27.5,29.5,-28.6,30.1,-23.8,30.3,-24.5,29.4
1299.567,-27.4,29.5,-28.4,30.1,-23.5,30.2,-24.3,29.4
1300.567,-27.5,29.5,-28.6,30.0,-23.7,30.2,-24.5,29.4
1301.567,-27.6,29.4,-28.6,30.0,-23.6,30.2,-24.4,29.3
1302.567,-27.8,29.4,-28.8,30.0,-23.8,30.2,-24.6,29.3
1303.567,-27.4,29.4,-28.6,30.0,-23.9,30.2,-24.6,29.3
1304.567,-27.8,29.4,-28.7,29.9,-23.6,30.2,-24.5,29.3
1305.567,-25.9,29.4,-28.6,29.9,-21.9,30.1,-23.6,29.3
1306.567,-24.0,29.4,-26.4,29.9,-19.9,30.1,-20.0,29.3
1307.567,-25.7,29.4,-26.1,29.9,-22.6,30.1,-23.6,29.2
1308.567,-11.6,29.4,-12.2,30.0,-11.4,30.2,-10.4,29.4
1309.567,1.9,29.9,0.0,30.5,0.2,30.7,1.6,29.8
1310.567,12.3,29.7,9.6,30.4,9.6,30.5,11.9,29.5
1311.567,20.6,29.4,19.3,29.9,17.1,30.1,19.1,29.3
1312.567,23.2,29.3,21.4,29.8,19.0,30.0,21.7,29.3
1313.567,23.0,29.3,24.5,29.8,18.4,30.1,22.1,29.3
1314.567,25.9,29.3,24.3,29.9,21.5,30.1,24.5,29.3
1315.567,25.5,29.4,24.1,29.9,21.0,30.1,23.5,29.3
1316.567,25.9,29.6,24.5,30.0,21.6,30.2,24.4,29.4
1317.567,25.6,29.7,24.3,30.1,21.4,30.3,24.1,29.4
1318.567,25.7,29.9,24.3,30.2,21.3,30.4,24.1,29.5
1319.567,25.7,30.0,24.3,30.4,21.3,30.5,24.0,29.6
1320.567,25.8,30.1,24.4,30.6,21.4,30.7,24.2,29.7
1321.567,26.1,30.2,24.6,30.7,21.5,30.8,24.2,29.8
1322.567,25.8,30.3,24.4,30.8,21.3,31.0,24.0,29.9
1323.567,25.8,30.4,24.4,30.9,21.5,31.1,24.3,30.0
1324.567,26.0,30.5,24.5,31.0,21.5,31.2,24.3,30.1
1325.567,26.4,30.5,24.8,31.1,21.9,31.3,24.7,30.2
1326.567,26.3,30.6,24.7,31.2,21.7,31.5,24.5,30.3
1327.567,18.7,30.7,19.0,31.3,15.9,31.6,18.4,30.4
1328.567,-3.3,31.0,-0.5,31.6,-0.6,31.9,-2.5,30.7
1329.567,-13.2,30.7,-11.3,31.5,-9.7,31.7,-12.3,30.5
1330.567,-27.2,30.4,-27.4,31.1,-22.9,31.3,-24.0,30.2
1331.567,-27.4,30.2,-28.2,30.9,-23.7,31.1,-24.5,30.1
1332.567,-27.4,30.0,-28.5,30.7,-23.8,30.9,-24.6,29.9
1333.567,-27.2,29.8,-28.4,30.4,-23.7,30.6,-24.5,29.7
1334.567,-27.1,29.7,-28.2,30.2,-23.3,30.5,-24.2,29.5
1335.567,-27.3,29.6,-28.4,30.2,-23.6,30.4,-24.4,29.5
1336.569,-27.5,29.5,-28.6,30.1,-23.7,30.3,-24.5,29.4
1337.569,-27.4,29.5,-28.5,30.1,-23.6,30.3,-24.4,29.4
1338.569,-27.4,29.5,-28.5,30.0,-23.7,30.2,-24.5,29.4
1339.569,-27.6,29.5,-28.6,30.0,-23.6,30.2,-24.3,29.4
1340.569,-27.7,29.4,-28.8,30.0,-23.9,30.2,-24.6,29.3
1341.569,-27.6,29.4,-28.7,30.0,-23.8,30.2,-24.5,29.3
1342.569,-27.7,29.4,-28.7,30.0,-23.7,30.1,-24.5,29.3
1343.569,-26.1,29.4,-28.7,30.0,-21.4,30.1,-23.7,29.3
1344.569,-24.0,29.4,-26.6,29.9,-20.5,30.1,-20.7,29.3
1345.569,-24.7,29.4,-25.9,29.9,-21.0,30.1,-22.6,29.3
1346.569,-13.6,29.5,-13.6,30.0,-12.9,30.2,-12.1,29.4
1347.569,-0.3,29.9,-0.5,30.4,-0.1,30.6,-0.3,29.8
1348.569,6.2,30.1,6.3,30.6,6.1,30.7,8.4,29.8
1349.569,18.9,29.5,17.0,30.0,15.2,30.2,16.7,29.4
1350.569,23.7,29.3,21.7,29.9,19.5,30.0,22.0,29.3
1351.569,22.7,29.3,23.6,29.9,17.9,30.1,22.6,29.3
1352.569,25.8,29.4,24.8,29.9,21.2,30.1,24.4,29.3
1353.569,25.4,29.4,24.2,30.0,21.2,30.1,23.7,29.4
1354.569,25.8,29.5,24.4,30.0,22.0,30.2,24.5,29.4
1355.571,25.9,29.7,24.4,30.1,21.4,30.3,24.1,29.5
1356.571,25.6,29.9,24.3,30.3,21.3,30.4,24.2,29.5
1357.571,25.5,30.0,24.3,30.4,21.2,30.5,24.0,29.6
1358.571,25.8,30.1,24.5,30.6,21.4,30.7,24.2,29.7
1359.571,25.9,30.2,24.6,30.7,21.5,30.8,24.3,29.8
1360.571,25.8,30.3,24.4,30.8,21.3,31.0,24.0,29.9
1361.571,25.8,30.4,24.5,30.9,21.4,31.1,24.3,30.0
1362.571,26.0,30.4,24.6,31.0,21.5,31.2,24.3,30.1
1363.571,26.1,30.5,24.7,31.1,21.7,31.3,24.5,30.2
1364.571,26.1,30.6,24.7,31.2,21.6,31.4,24.4,30.3
1365.571,22.9,30.6,22.2,31.3,18.9,31.6,21.8,30.4
1366.571,-0.5,30.9,1.4,31.6,0.6,31.8,0.2,30.6
1367.571,-11.8,30.8,-8.9,31.6,-7.8,31.8,-10.9,30.5
1368.571,-26.5,30.4,-26.6,31.2,-22.0,31.4,-23.0,30.3
1369.571,-27.3,30.3,-28.2,31.0,-23.6,31.2,-24.4,30.1
1370.571,-27.5,30.0,-28.6,30.8,-23.9,30.9,-24.6,29.9
1371.571,-27.2,29.8,-28.5,30.5,-23.7,30.6,-24.4,29.7
1372.571,-27.0,29.7,-28.2,30.3,-23.3,30.4,-24.1,29.6
1373.571,-27.2,29.6,-28.4,30.2,-23.6,30.4,-24.4,29.5
1374.571,-27.4,29.5,-28.5,30.2,-23.7,30.3,-24.5,29.5
1375.571,-27.5,29.5,-28.6,30.1,-23.6,30.3,-24.4,29.5
1376.571,-27.5,29.5,-28.6,30.1,-23.7,30.2,-24.5,29.4
1377.571,-27.5,29.5,-28.6,30.1,-23.7,30.2,-24.4,29.4
1378.571,-27.7,29.4,-28.8,30.1,-23.8,30.2,-24.5,29.4
1379.571,-27.7,29.4,-28.8,30.0,-23.8,30.2,-24.6,29.4
1380.571,-27.7,29.4,-28.7,30.0,-23.7,30.2,-24.4,29.3
1381.571,-27.1,29.4,-28.6,30.0,-22.1,30.2,-24.3,29.3
1382.571,-23.3,29.4,-27.5,30.0,-20.1,30.2,-21.0,29.3
1383.571,-25.3,29.4,-25.4,30.0,-21.4,30.1,-22.4,29.3
1384.571,-16.8,29.4,-17.0,30.0,-14.7,30.2,-15.1,29.3
1385.571,-0.2,29.9,-0.5,30.4,-0.5,30.6,-0.1,29.8
1386.571,5.5,30.1,4.3,30.7,3.0,30.8,8.1,29.8
1387.571,18.3,29.5,17.7,30.1,15.2,30.2,16.3,29.4
1388.571,24.6,29.3,21.2,29.9,20.3,30.1,22.3,29.3
1389.571,22.4,29.3,23.5,29.9,17.7,30.1,21.8,29.3
1390.571,25.1,29.4,24.3,29.9,20.9,30.1,24.1,29.3
1391.571,25.4,29.4,24.1,30.0,21.2,30.1,23.8,29.4
1392.571,25.8,29.5,24.4,30.0,21.6,30.2,24.3,29.4
1393.571,25.8,29.7,24.5,30.1,21.4,30.3,24.1,29.4
1394.571,25.6,29.8,24.3,30.2,21.3,30.4,24.1,29.5
1395.571,25.6,30.0,24.3,30.4,21.3,30.5,24.1,29.6
1396.571,26.0,30.0,24.5,30.6,21.4,30.7,24.0,29.7
1397.571,25.9,30.2,24.5,30.7,21.5,30.8,24.3,29.8
1398.571,25.8,30.2,24.5,30.8,21.4,30.9,24.2,29.9
1399.571,25.9,30.3,24.4,30.9,21.4,31.1,24.2,30.0
1400.571,25.8,30.4,24.4,31.0,21.5,31.2,24.3,30.1
1401.571,26.1,30.5,24.7,31.1,21.7,31.3,24.5,30.2
1402.571,26.2,30.6,24.7,31.2,21.6,31.4,24.3,30.3
1403.571,24.9,30.6,23.8,31.3,20.9,31.5,23.8,30.4
1404.571,1.6,30.9,3.1,31.5,1.8,31.8,2.0,30.6
1405.571,-9.5,30.8,-5.7,31.6,-5.6,31.8,-8.9,30.6
1406.571,-24.3,30.5,-23.8,31.2,-19.5,31.4,-21.2,30.3
1407.571,-27.4,30.3,-28.1,31.0,-23.1,31.2,-24.4,30.2
1408.571,-27.5,30.1,-28.4,30.8,-23.5,30.9,-24.7,30.0
1409.571,-27.3,29.8,-28.3,30.5,-24.0,30.7,-24.5,29.8
1410.571,-27.2,29.7,-28.4,30.3,-23.5,30.5,-24.2,29.6
1411.571,-27.3,29.6,-28.4,30.2,-23.6,30.4,-24.4,29.5
1412.571,-27.4,29.5,-28.5,30.1,-23.6,30.3,-24.4,29.5
1413.571,-27.5,29.5,-28.5,30.1,-23.6,30.2,-24.4,29.4
1414.571,-27.6,29.4,-28.4,30.1,-23.7,30.2,-24.5,29.4
1415.571,-27.4,29.4,-28.6,30.0,-23.5,30.2,-24.3,29.4
1416.571,-27.7,29.4,-28.8,30.0,-23.9,30.2,-24.6,29.4
1417.572,-27.8,29.4,-28.8,30.0,-23.8,30.2,-24.5,29.3
1418.572,-27.6,29.4,-28.6,30.0,-23.6,30.2,-24.4,29.3
1419.572,-27.6,29.4,-28.6,29.9,-23.2,30.1,-24.5,29.3
1420.572,-24.4,29.4,-28.3,30.0,-19.2,30.2,-20.5,29.3
1421.572,-24.8,29.4,-25.6,29.9,-20.7,30.1,-22.8,29.3
1422.572,-22.3,29.3,-21.9,29.9,-20.5,30.1,-19.8,29.3
1423.572,1.0,29.8,-0.1,30.3,0.1,30.5,2.5,29.6
1424.572,8.7,29.8,5.2,30.5,5.5,30.7,8.3,29.7
1425.572,19.4,29.4,18.2,30.0,15.3,30.2,17.2,29.4
1426.572,23.7,29.3,21.1,29.9,19.6,30.1,21.7,29.3
1427.572,22.6,29.3,23.9,29.8,17.8,30.1,21.7,29.3
1428.572,25.3,29.3,24.4,29.9,21.3,30.1,24.2,29.3
1429.572,25.3,29.4,24.1,29.9,21.1,30.1,23.7,29.3
1430.572,25.8,29.5,24.5,30.0,21.6,30.2,24.3,29.4
1431.572,25.6,29.7,24.3,30.1,21.3,30.3,24.1,29.4
1432.572,25.5,29.8,24.4,30.2,21.4,30.4,24.4,29.5
1433.572,25.5,29.9,24.3,30.4,21.2,30.5,24.0,29.6
1434.572,25.7,30.1,24.4,30.6,21.4,30.7,24.1,29.7
1435.572,25.9,30.1,24.5,30.7,21.4,30.8,24.1,29.8
1436.572,26.0,30.2,24.6,30.8,21.4,31.0,24.1,29.9
1437.572,25.7,30.3,24.4,30.9,21.4,31.1,24.2,30.1
1438.572,25.8,30.4,24.5,31.0,21.6,31.2,24.5,30.1
1439.572,26.2,30.5,24.7,31.1,21.6,31.3,24.4,30.2
1440.572,26.1,30.6,24.7,31.2,21.7,31.4,24.5,30.3
1441.572,23.4,30.7,22.7,31.3,19.4,31.5,22.2,30.4
1442.572,-2.0,30.9,0.3,31.5,0.0,31.8,-1.1,30.7
1443.572,-12.0,30.7,-9.3,31.6,-8.2,31.8,-11.0,30.5
1444.572,-26.7,30.4,-26.6,31.2,-22.2,31.4,-23.3,30.3
1445.572,-27.3,30.2,-28.1,31.0,-23.6,31.1,-24.4,30.1
1446.572,-27.5,30.0,-28.5,30.7,-23.9,30.9,-24.6,30.0
1447.572,-27.2,29.8,-28.4,30.5,-23.6,30.6,-24.4,29.7
1448.572,-27.1,29.6,-28.2,30.3,-23.4,30.4,-24.2,29.6
1449.572,-27.3,29.6,-28.3,30.2,-23.5,30.3,-24.3,29.5
1450.572,-27.5,29.5,-28.5,30.1,-23.7,30.3,-24.4,29.5
1451.572,-27.4,29.5,-28.5,30.1,-23.6,30.2,-24.4,29.5
1452.572,-27.5,29.5,-28.5,30.1,-23.7,30.2,-24.4,29.4
1453.572,-27.6,29.4,-28.5,30.1,-23.6,30.2,-24.3,29.4
1454.572,-27.8,29.4,-28.7,30.0,-23.9,30.2,-24.6,29.4
1455.572,-27.6,29.4,-28.7,30.0,-23.8,30.2,-24.6,29.4
1456.572,-27.7,29.4,-28.6,30.0,-23.7,30.2,-24.4,29.3
1457.572,-26.4,29.3,-28.6,30.0,-21.5,30.2,-23.8,29.3
1458.572,-23.0,29.4,-27.4,30.0,-20.5,30.2,-20.1,29.3
1459.572,-26.4,29.3,-25.7,30.0,-21.6,30.1,-23.1,29.3
1460.572,-14.4,29.4,-15.2,30.0,-13.4,30.2,-13.4,29.4
1461.572,1.8,29.8,-0.1,30.5,0.0,30.7,0.5,29.8
1462.572,11.9,29.7,7.8,30.6,9.0,30.5,11.2,29.7
1463.572,18.9,29.4,19.0,30.0,15.6,30.2,18.1,29.4
1464.572,23.1,29.3,21.2,29.9,19.2,30.1,21.8,29.3
1465.572,22.7,29.3,24.1,29.9,17.8,30.1,21.8,29.4
1466.572,25.4,29.3,24.2,29.9,21.3,30.1,24.2,29.3
1467.572,25.6,29.4,24.2,30.0,21.2,30.2,23.8,29.4
1468.572,25.8,29.5,24.5,30.0,21.6,30.2,24.5,29.4
1469.572,25.7,29.7,24.3,30.1,21.3,30.3,24.0,29.5
1470.572,25.6,29.9,24.3,30.3,21.4,30.4,24.2,29.5
1471.572,25.6,30.0,24.3,30.4,21.2,30.5,24.0,29.6
1472.572,25.8,30.1,24.4,30.6,21.3,30.7,24.0,29.7
1473.573,26.0,30.2,24.6,30.7,21.5,30.8,24.3,29.8
1474.573,25.9,30.3,24.5,30.8,21.4,31.0,24.1,30.0
1475.573,25.8,30.4,24.4,30.9,21.4,31.1,24.3,30.1
1476.573,26.0,30.4,24.5,31.0,21.5,31.2,24.2,30.2
1477.573,26.7,30.5,24.8,31.1,21.9,31.3,24.7,30.2
1478.573,26.2,30.6,24.7,31.2,21.6,31.4,24.4,30.4
1479.573,20.8,30.6,20.6,31.3,17.4,31.6,20.2,30.4
1480.573,-2.0,31.0,-0.0,31.6,-0.2,31.9,-1.3,30.7
1481.573,-12.1,30.7,-9.8,31.6,-8.4,31.8,-11.2,30.6
1482.573,-26.9,30.4,-27.2,31.1,-22.5,31.3,-23.5,30.3
1483.573,-27.4,30.2,-28.1,30.9,-23.6,31.1,-24.4,30.2
1484.573,-27.5,30.0,-28.5,30.7,-23.9,30.9,-24.6,29.9
1485.573,-27.1,29.8,-28.3,30.4,-23.6,30.6,-24.4,29.7
1486.573,-27.2,29.6,-28.2,30.3,-23.4,30.5,-24.2,29.6
1487.573,-27.3,29.5,-28.3,30.2,-23.5,30.4,-24.4,29.5
1488.573,-27.4,29.5,-28.4,30.1,-23.6,30.3,-24.4,29.5
1489.573,-27.5,29.5,-28.5,30.1,-23.6,30.3,-24.4,29.4
1490.573,-27.5,29.4,-28.5,30.0,-23.6,30.2,-24.4,29.4
1491.573,-27.6,29.4,-28.5,30.0,-23.6,30.2,-24.3,29.4
1492.573,-27.8,29.4,-28.8,30.0,-24.0,30.2,-24.7,29.4
1493.573,-27.7,29.4,-28.7,30.0,-23.8,30.2,-24.6,29.4
1494.573,-27.7,29.4,-28.5,30.0,-23.6,30.1,-24.3,29.3
1495.573,-26.4,29.4,-28.5,30.0,-21.7,30.1,-24.0,29.3
1496.573,-24.4,29.4,-26.9,29.9,-20.0,30.1,-20.1,29.3
1497.573,-23.9,29.4,-25.6,29.9,-20.9,30.1,-22.4,29.3
1498.573,-15.8,29.4,-14.6,30.0,-14.3,30.1,-14.0,29.4
1499.573,-0.1,29.9,-0.8,30.4,-0.1,30.6,-0.1,29.8
1500.573,6.4,30.1,7.0,30.5,5.1,30.7,7.6,29.9
1501.573,18.4,29.5,17.2,30.0,15.0,30.2,16.7,29.4
1502.573,24.1,29.3,21.9,29.9,20.0,30.0,21.8,29.3
1503.573,22.6,29.3,23.1,29.9,17.2,30.1,21.9,29.3
1504.573,25.4,29.3,24.4,29.9,21.4,30.1,24.5,29.3
1505.573,25.4,29.4,24.1,29.9,21.3,30.1,23.7,29.4
1506.573,26.3,29.5,24.5,30.0,21.4,30.2,24.2,29.4
1507.573,25.8,29.7,24.4,30.1,21.4,30.3,24.2,29.5
1508.573,25.7,29.8,24.3,30.2,21.3,30.4,24.2,29.5
1509.573,25.6,30.0,24.3,30.4,21.2,30.5,24.0,29.6
1510.573,25.9,30.1,24.4,30.6,21.3,30.7,24.0,29.7
1511.573,26.0,30.2,24.6,30.7,21.5,30.8,24.3,29.8
1512.573,25.9,30.3,24.4,30.8,21.4,30.9,23.9,29.9
1513.573,26.0,30.3,24.5,30.9,21.7,31.1,24.4,30.0
1514.573,25.8,30.4,24.4,31.0,21.3,31.2,24.1,30.1
1515.573,26.4,30.5,24.8,31.1,21.8,31.3,24.5,30.2
1516.573,26.3,30.6,24.8,31.2,21.7,31.4,24.5,30.3
1517.573,23.7,30.6,22.6,31.3,19.5,31.5,22.2,30.4
1518.573,1.2,30.9,2.2,31.5,1.5,31.8,1.7,30.7
1519.573,-9.1,30.8,-5.3,31.6,-5.0,31.9,-8.2,30.6
1520.573,-24.2,30.5,-24.3,31.2,-19.4,31.4,-21.0,30.3
1521.573,-27.3,30.2,-28.1,31.0,-23.5,31.2,-24.3,30.2
1522.573,-27.5,30.0,-28.5,30.7,-23.9,30.9,-24.7,30.0
1523.573,-27.2,29.8,-28.4,30.5,-23.6,30.7,-24.4,29.8
1524.573,-27.1,29.7,-28.2,30.3,-23.4,30.5,-24.2,29.6
1525.573,-27.3,29.6,-28.3,30.2,-23.6,30.3,-24.4,29.5
1526.573,-27.4,29.5,-28.4,30.1,-23.7,30.3,-24.5,29.5
1527.573,-27.5,29.5,-28.5,30.1,-23.6,30.2,-24.4,29.5
1528.573,-27.5,29.5,-28.4,30.1,-23.5,30.2,-24.3,29.4
1529.573,-27.4,29.4,-28.4,30.0,-23.5,30.2,-24.3,29.4
1530.574,-27.7,29.4,-28.7,30.0,-23.9,30.2,-24.7,29.4
1531.574,-27.8,29.4,-28.7,30.0,-23.8,30.2,-24.4,29.4
1532.574,-27.5,29.4,-28.5,30.0,-23.6,30.1,-24.3,29.3
1533.574,-27.6,29.3,-28.7,29.9,-23.3,30.1,-24.6,29.3
1534.574,-24.3,29.3,-27.8,29.9,-18.4,30.2,-21.3,29.3
1535.574,-24.2,29.3,-25.4,29.9,-22.2,30.1,-21.9,29.3
1536.574,-20.6,29.3,-21.5,29.9,-18.7,30.1,-19.1,29.3
1537.574,-0.3,29.8,0.1,30.3,-0.1,30.5,0.5,29.7
1538.574,4.7,30.0,5.0,30.5,3.8,30.8,7.5,29.8
1539.575,17.8,29.5,17.0,30.0,14.4,30.2,16.2,29.4
1540.575,24.0,29.3,21.9,29.8,20.0,30.0,22.0,29.3
1541.575,22.4,29.3,22.7,29.8,17.7,30.1,21.2,29.3
1542.575,25.3,29.3,24.4,29.8,20.7,30.1,24.3,29.3
1543.575,25.2,29.4,24.1,29.9,21.2,30.1,23.7,29.4
1544.575,25.8,29.5,24.4,30.0,21.8,30.2,24.2,29.4
1545.575,25.7,29.6,24.5,30.0,21.5,30.3,24.3,29.5
1546.575,25.3,29.8,24.1,30.2,20.9,30.3,23.7,29.5
1547.575,25.7,29.9,24.5,30.3,21.5,30.5,24.3,29.6
1548.575,25.8,30.0,24.4,30.5,21.3,30.6,24.0,29.7
1549.575,25.9,30.2,24.5,30.7,21.5,30.8,24.2,29.8
1550.575,25.9,30.2,24.5,30.8,21.3,30.9,24.0,29.9
1551.575,25.8,30.3,24.4,30.9,21.4,31.0,24.1,30.0
1552.575,25.7,30.4,24.4,31.0,21.5,31.2,24.3,30.1
1553.575,26.1,30.5,24.7,31.1,21.6,31.3,24.3,30.2
1554.575,26.2,30.5,24.8,31.2,21.9,31.4,24.7,30.3
1555.575,25.0,30.6,23.7,31.2,20.5,31.5,23.3,30.4
1556.575,3.6,30.8,4.5,31.4,3.0,31.7,4.0,30.6
1557.575,-7.8,30.8,-3.5,31.6,-3.7,31.9,-6.8,30.7
1558.575,-23.2,30.5,-22.9,31.2,-18.4,31.4,-19.8,30.4
1559.575,-27.2,30.2,-28.0,31.0,-23.5,31.2,-24.4,30.2
1560.575,-27.5,30.0,-28.4,30.8,-23.9,31.0,-24.7,30.0
1561.575,-27.3,29.8,-28.3,30.5,-23.6,30.7,-24.3,29.8
1562.575,-27.1,29.6,-28.1,30.3,-23.4,30.5,-24.2,29.7
1563.575,-27.3,29.5,-28.3,30.2,-23.5,30.4,-24.3,29.6
1564.575,-27.4,29.5,-28.4,30.2,-23.6,30.3,-24.5,29.5
1565.575,-27.6,29.4,-28.5,30.1,-23.6,30.3,-24.4,29.5
1566.575,-27.5,29.4,-28.5,30.1,-23.6,30.3,-24.4,29.4
1567.575,-27.5,29.4,-28.4,30.0,-23.5,30.2,-24.4,29.4
1568.575,-27.6,29.4,-28.6,30.0,-23.7,30.2,-24.5,29.4
1569.577,-27.8,29.4,-28.7,30.0,-23.8,30.2,-24.5,29.4
1570.577,-27.6,29.4,-28.5,30.0,-23.5,30.1,-24.4,29.4
1571.577,-27.7,29.3,-28.7,29.9,-23.7,30.1,-24.5,29.3
1572.577,-24.5,29.4,-28.3,29.9,-19.7,30.1,-21.0,29.3
1573.577,-23.8,29.4,-25.4,29.9,-21.2,30.1,-21.9,29.3
1574.577,-24.0,29.3,-23.5,29.9,-20.0,30.1,-21.6,29.3
1575.577,-0.2,29.7,-0.2,30.3,-0.8,30.4,0.3,29.7
1576.577,3.4,30.1,3.3,30.5,0.6,30.8,4.0,29.9
1577.577,17.3,29.5,15.0,30.0,13.2,30.3,15.6,29.5
1578.577,24.1,29.3,22.7,29.9,21.3,30.0,22.4,29.4
1579.577,22.1,29.3,22.6,29.8,18.0,30.1,21.3,29.4
1580.577,24.9,29.3,24.3,29.8,20.1,30.1,24.1,29.3
1581.577,25.3,29.4,24.1,29.9,21.1,30.1,23.7,29.4
1582.577,25.8,29.4,24.5,30.0,21.6,30.2,24.3,29.4
1583.577,25.5,29.6,24.3,30.0,21.3,30.3,24.0,29.5
1584.577,25.5,29.8,24.3,30.2,21.3,30.3,24.2,29.5
1585.577,25.5,29.9,24.3,30.4,21.2,30.5,24.0,29.6
1586.577,25.8,30.0,24.4,30.5,21.4,30.6,24.1,29.7
1587.577,26.0,30.1,24.7,30.7,21.6,30.8,24.3,29.8
1588.577,25.8,30.2,24.4,30.8,21.2,30.9,23.9,29.9
1589.577,25.6,30.3,24.4,30.9,21.4,31.0,24.2,30.0
1590.577,25.8,30.4,24.5,31.0,21.5,31.2,24.3,30.1
1591.577,26.1,30.5,24.6,31.1,21.6,31.3,24.3,30.2
1592.577,26.0,30.5,24.7,31.1,21.6,31.4,24.3,30.3
1593.577,26.0,30.6,24.5,31.2,21.5,31.5,24.3,30.4
1594.577,4.4,30.8,5.3,31.4,3.7,31.7,4.7,30.6
1595.577,-7.1,30.9,-2.7,31.6,-3.2,31.9,-6.1,30.7
1596.577,-22.3,30.5,-22.0,31.2,-17.8,31.4,-19.3,30.4
1597.577,-27.2,30.3,-28.1,31.0,-23.5,31.2,-24.3,30.2
1598.577,-27.6,30.1,-28.4,30.8,-23.8,31.0,-24.6,30.0
1599.577,-27.2,29.9,-28.4,30.6,-23.7,30.7,-24.5,29.8
1600.577,-27.1,29.7,-28.2,30.4,-23.4,30.5,-24.2,29.6
1601.579,-27.3,29.5,-28.3,30.2,-23.5,30.4,-24.4,29.6
1602.579,-27.3,29.5,-28.4,30.2,-23.6,30.3,-24.4,29.5
1603.579,-27.5,29.5,-28.5,30.1,-23.7,30.3,-24.4,29.5
1604.579,-27.5,29.4,-28.5,30.1,-23.6,30.2,-24.4,29.4
1605.579,-27.5,29.4,-28.5,30.0,-23.6,30.2,-24.4,29.4
1606.579,-27.6,29.4,-28.6,30.0,-23.7,30.2,-24.4,29.4
1607.579,-27.8,29.4,-28.7,30.0,-23.9,30.2,-24.5,29.4
1608.579,-27.5,29.3,-28.5,30.0,-23.6,30.2,-24.3,29.4
1609.579,-27.6,29.3,-28.6,30.0,-23.6,30.1,-24.5,29.4
1610.579,-24.3,29.4,-28.4,30.0,-18.7,30.1,-21.4,29.4
1611.579,-24.3,29.3,-25.1,30.0,-21.9,30.1,-21.4,29.4
1612.579,-24.9,29.3,-25.2,29.9,-21.7,30.1,-22.6,29.3
1613.579,-1.2,29.7,-0.3,30.3,-0.6,30.4,0.1,29.7
1614.580,6.4,29.9,4.1,30.6,4.4,30.7,8.2,29.7
1615.580,18.4,29.4,17.6,30.1,14.3,30.2,16.3,29.4
1616.580,24.1,29.3,21.6,29.9,18.9,30.0,21.8,29.3
1617.580,22.2,29.3,23.3,29.9,19.1,30.1,21.5,29.4
1618.580,24.9,29.3,24.1,29.9,20.7,30.1,24.0,29.4
1619.580,25.5,29.3,24.3,29.9,21.5,30.1,24.2,29.4
1620.580,25.6,29.4,24.3,30.0,21.3,30.2,23.9,29.4
1621.580,25.7,29.6,24.4,30.1,21.4,30.2,24.2,29.5
1622.580,25.5,29.8,24.2,30.2,21.2,30.3,23.9,29.5
1623.580,25.7,30.0,24.4,30.4,21.5,30.5,24.3,29.6
1624.580,25.8,30.1,24.5,30.6,21.5,30.6,24.2,29.7
1625.580,25.7,30.2,24.3,30.7,21.1,30.8,23.8,29.8
1626.580,26.1,30.3,24.6,30.8,21.5,30.9,24.2,29.9
1627.580,25.6,30.3,24.3,30.9,21.1,31.1,23.8,30.1
1628.580,26.0,30.4,24.6,31.0,21.7,31.2,24.5,30.1
1629.581,26.2,30.5,24.7,31.1,21.7,31.3,24.5,30.3
1630.581,26.1,30.6,24.7,31.2,21.6,31.4,24.4,30.4
1631.581,24.8,30.6,23.6,31.3,20.5,31.5,23.3,30.5
1632.581,5.3,30.8,6.2,31.5,4.1,31.7,5.4,30.6
1633.581,-2.9,31.0,-0.0,31.7,-0.3,32.0,-1.9,30.8
1634.581,-11.9,30.7,-10.5,31.5,-8.8,31.7,-11.4,30.5
1635.581,-27.0,30.4,-27.0,31.1,-22.5,31.3,-23.5,30.3
1636.581,-27.4,30.2,-28.1,30.9,-23.5,31.1,-24.4,30.2
1637.581,-27.5,30.0,-28.5,30.7,-23.9,30.8,-24.6,29.9
1638.581,-27.2,29.8,-28.4,30.5,-23.6,30.6,-24.4,29.8
1639.582,-27.2,29.6,-28.3,30.3,-23.4,30.4,-24.2,29.6
1640.582,-27.3,29.6,-28.3,30.2,-23.6,30.3,-24.4,29.6
1641.582,-27.6,29.5,-28.5,30.1,-23.6,30.3,-24.3,29.5
1642.582,-27.5,29.5,-28.4,30.1,-23.5,30.3,-24.3,29.5
1643.582,-27.7,29.4,-28.6,30.1,-23.8,30.2,-24.5,29.4
1644.582,-27.5,29.4,-28.5,30.1,-23.5,30.2,-24.3,29.4
1645.582,-27.8,29.4,-28.7,30.1,-23.8,30.2,-24.5,29.4
1646.582,-27.7,29.4,-28.7,30.0,-23.9,30.2,-24.6,29.4
1647.582,-27.7,29.4,-28.6,30.0,-23.7,30.2,-24.4,29.4
1648.582,-26.8,29.3,-28.5,30.0,-21.8,30.1,-24.0,29.4
1649.582,-23.5,29.4,-27.3,30.0,-20.1,30.1,-20.4,29.4
1650.582,-25.4,29.3,-25.6,30.0,-21.5,30.1,-22.4,29.4
1651.582,-15.6,29.4,-14.8,30.1,-13.6,30.1,-14.0,29.4
1652.582,-0.1,29.9,-0.7,30.5,-0.0,30.6,-0.2,29.8
1653.582,6.0,30.1,6.3,30.6,4.2,30.8,7.7,29.9
1654.582,18.7,29.5,17.4,30.1,15.9,30.2,16.4,29.5
1655.582,24.0,29.3,21.6,29.9,19.7,30.1,21.7,29.4
1656.582,22.2,29.3,23.3,29.9,18.2,30.1,21.7,29.4
1657.582,25.1,29.3,24.1,29.9,20.0,30.1,23.9,29.4
1658.582,25.4,29.4,24.2,30.0,21.4,30.1,24.2,29.4
1659.582,25.6,29.5,24.3,30.0,21.3,30.2,24.1,29.4
1660.582,25.8,29.7,24.4,30.1,21.5,30.3,24.4,29.5
1661.582,25.4,29.8,24.2,30.3,21.2,30.4,24.1,29.6
1662.582,25.7,29.9,24.3,30.4,21.3,30.5,24.2,29.6
1663.582,25.9,30.1,24.4,30.6,21.4,30.6,24.0,29.7
1664.582,25.9,30.2,24.4,30.7,21.3,30.8,23.9,29.8
1665.582,25.9,30.3,24.5,30.8,21.5,30.9,24.2,30.0
1666.582,25.7,30.3,24.3,30.9,21.1,31.1,23.8,30.1
1667.582,26.0,30.4,24.6,31.0,21.8,31.2,24.7,30.2
1668.582,26.2,30.5,24.7,31.1,21.7,31.3,24.4,30.3
1669.582,26.1,30.5,24.6,31.2,21.8,31.4,24.3,30.4
1670.582,24.0,30.6,23.0,31.3,19.8,31.5,22.6,30.5
1671.582,4.1,30.8,4.7,31.5,3.0,31.8,3.9,30.7
1672.582,-3.1,31.0,-0.2,31.7,-0.4,32.0,-2.1,30.8
1673.582,-12.4,30.6,-11.1,31.5,-9.2,31.7,-11.7,30.5
1674.582,-27.0,30.3,-27.2,31.1,-22.6,31.3,-23.7,30.3
1675.582,-27.4,30.1,-28.2,30.9,-23.6,31.1,-24.4,30.2
1676.582,-27.4,30.0,-28.5,30.7,-23.8,30.8,-24.6,30.0
1677.582,-27.2,29.7,-28.4,30.4,-23.6,30.6,-24.5,29.8
1678.582,-27.2,29.6,-28.3,30.3,-23.4,30.4,-24.2,29.6
1679.582,-27.2,29.5,-28.3,30.2,-23.5,30.3,-24.3,29.6
1680.582,-27.5,29.5,-28.5,30.1,-23.6,30.3,-24.4,29.5
1681.582,-27.5,29.5,-28.5,30.1,-23.5,30.3,-24.3,29.5
1682.582,-27.5,29.4,-28.5,30.1,-23.7,30.2,-24.5,29.5
1683.582,-27.6,29.4,-28.5,30.1,-23.6,30.2,-24.3,29.4
1684.582,-27.7,29.4,-28.7,30.0,-23.8,30.2,-24.5,29.4
1685.582,-27.6,29.4,-28.7,30.0,-23.8,30.2,-24.6,29.4
1686.582,-27.8,29.4,-28.6,30.0,-23.7,30.1,-24.3,29.4
1687.582,-26.7,29.4,-28.6,30.0,-21.9,30.1,-23.9,29.4
1688.582,-23.5,29.4,-27.1,29.9,-20.4,30.1,-21.3,29.4
1689.582,-25.8,29.3,-25.5,30.0,-21.2,30.1,-22.2,29.4
1690.582,-15.1,29.4,-15.3,30.0,-13.8,30.1,-13.5,29.4
1691.582,-0.2,29.9,-0.5,30.5,-0.2,30.6,-0.2,29.8
1692.582,9.3,29.9,4.8,30.6,3.6,30.9,9.1,29.8
1693.582,18.2,29.5,17.5,30.0,15.6,30.2,16.4,29.5
1694.582,23.4,29.3,21.6,29.8,19.8,30.0,22.0,29.4
1695.582,22.3,29.3,23.5,29.8,17.9,30.1,21.4,29.4
1696.582,25.2,29.3,24.2,29.9,20.3,30.1,24.2,29.4
1697.582,25.4,29.4,24.1,29.9,21.3,30.1,23.6,29.4
1698.582,25.9,29.5,24.4,30.0,21.5,30.2,24.4,29.5
1699.582,25.6,29.6,24.3,30.1,21.5,30.3,24.0,29.5
1700.582,25.6,29.8,24.3,30.2,21.4,30.4,24.1,29.6
1701.582,25.6,29.9,24.3,30.4,21.3,30.5,24.1,29.6
1702.582,25.9,30.1,24.4,30.6,21.2,30.7,23.9,29.7
1703.582,26.0,30.2,24.5,30.7,21.5,30.8,24.3,29.9
1704.582,25.8,30.2,24.4,30.8,21.3,30.9,24.0,30.0
1705.582,25.7,30.3,24.3,30.9,21.3,31.1,24.1,30.1
1706.599,26.0,30.4,24.5,31.0,21.5,31.2,24.2,30.2
1707.599,26.0,30.5,24.6,31.1,21.6,31.3,24.4,30.3
1708.599,26.1,30.5,24.6,31.2,21.6,31.4,24.3,30.4
1709.600,24.2,30.6,23.0,31.3,20.1,31.5,22.7,30.5
1710.600,1.8,30.8,2.6,31.5,2.1,31.8,1.9,30.7
1711.600,-9.4,30.8,-5.8,31.6,-5.3,31.8,-8.6,30.7
1712.600,-24.8,30.4,-24.9,31.2,-19.6,31.4,-21.5,30.4
1713.600,-27.4,30.2,-28.1,31.0,-23.5,31.2,-24.3,30.2
1714.600,-27.5,30.0,-28.4,30.8,-23.9,30.9,-24.6,30.0
1715.600,-27.2,29.8,-28.3,30.5,-23.6,30.7,-24.3,29.8
1716.600,-27.1,29.6,-28.2,30.3,-23.4,30.5,-24.2,29.7
1717.600,-27.3,29.5,-28.3,30.2,-23.5,30.4,-24.3,29.6
1718.600,-27.5,29.5,-28.5,30.1,-23.7,30.3,-24.4,29.6
1719.601,-27.5,29.5,-28.4,30.1,-23.6,30.3,-24.3,29.5
1720.601,-27.5,29.4,-28.4,30.0,-23.6,30.2,-24.3,29.5
1721.601,-27.4,29.4,-28.4,30.0,-23.6,30.2,-24.4,29.4
1722.601,-27.7,29.4,-28.6,30.0,-23.8,30.2,-24.5,29.4
1723.601,-27.8,29.4,-28.7,30.0,-23.9,30.2,-24.5,29.4
1724.601,-27.6,29.4,-28.5,30.0,-23.6,30.1,-24.4,29.4
1725.601,-27.5,29.4,-28.5,29.9,-23.2,30.1,-24.3,29.4
1726.601,-23.3,29.4,-27.8,29.9,-19.6,30.1,-20.9,29.4
1727.601,-24.8,29.4,-25.3,29.9,-21.2,30.1,-22.4,29.4
1728.601,-21.2,29.3,-20.2,29.9,-18.5,30.1,-18.5,29.4
1729.601,0.1,29.8,0.0,30.3,0.0,30.5,1.2,29.7
1730.601,5.1,30.0,3.6,30.6,4.0,30.7,7.4,29.8
1731.601,18.6,29.5,18.0,30.0,14.4,30.2,16.9,29.4
1732.601,23.9,29.3,21.8,29.8,20.1,30.0,21.7,29.4
1733.601,22.4,29.3,23.2,29.8,18.0,30.1,21.6,29.4
1734.601,25.2,29.3,24.1,29.8,20.6,30.1,24.3,29.4
1735.601,25.5,29.4,24.1,29.9,21.0,30.1,23.5,29.4
1736.601,25.8,29.5,24.5,29.9,21.6,30.2,24.4,29.5
1737.601,25.4,29.6,24.2,30.0,21.1,30.2,23.8,29.5
1738.601,25.7,29.8,24.4,30.2,21.6,30.3,24.4,29.5
1739.601,25.3,29.9,24.1,30.4,21.0,30.5,23.7,29.6
1740.601,25.9,30.0,24.5,30.5,21.5,30.6,24.3,29.7
1741.601,25.9,30.1,24.5,30.6,21.5,30.8,24.2,29.8
1742.601,25.8,30.2,24.4,30.8,21.3,30.9,24.1,29.9
1743.601,25.6,30.3,24.4,30.9,21.4,31.0,24.3,30.1
1744.601,25.8,30.4,24.4,31.0,21.2,31.2,23.9,30.2
1745.601,26.2,30.4,24.8,31.1,21.8,31.3,24.6,30.3
1746.601,26.0,30.5,24.6,31.2,21.5,31.4,24.2,30.4
1747.601,24.8,30.6,23.5,31.2,20.7,31.5,23.3,30.5
1748.601,0.3,30.8,1.8,31.5,1.5,31.8,0.8,30.7
1749.601,-11.0,30.7,-7.8,31.5,-6.5,31.8,-9.9,30.6
1750.601,-25.8,30.4,-25.9,31.1,-20.4,31.4,-22.3,30.3
1751.601,-27.3,30.2,-28.0,30.9,-23.3,31.1,-24.3,30.2
1752.601,-27.6,30.0,-28.4,30.7,-23.6,30.9,-24.6,30.0
1753.601,-27.2,29.7,-28.3,30.4,-23.9,30.6,-24.2,29.8
1754.601,-27.2,29.6,-28.3,30.3,-23.4,30.5,-24.3,29.6
1755.601,-27.3,29.5,-28.3,30.2,-23.8,30.3,-24.3,29.5
1756.601,-27.4,29.5,-28.4,30.1,-23.8,30.3,-24.4,29.5
1757.601,-27.6,29.4,-28.5,30.0,-23.8,30.2,-24.4,29.4
1758.601,-27.6,29.4,-28.5,30.0,-23.8,30.2,-24.4,29.4
1759.601,-27.4,29.4,-28.3,30.0,-23.5,30.2,-24.1,29.4
1760.601,-27.7,29.4,-28.6,30.0,-23.9,30.2,-24.6,29.4
1761.601,-27.7,29.4,-28.6,29.9,-23.8,30.1,-24.4,29.4
1762.601,-27.7,29.4,-28.5,29.9,-23.7,30.1,-24.3,29.4
1763.601,-27.2,29.3,-28.6,29.9,-23.0,30.1,-24.4,29.4
1764.601,-23.2,29.4,-27.4,29.9,-19.3,30.1,-20.9,29.4
1765.601,-24.6,29.3,-25.5,29.9,-20.5,30.1,-21.9,29.3
1766.603,-17.7,29.4,-16.2,29.9,-16.6,30.1,-14.7,29.4
1767.603,0.5,29.8,-0.0,30.3,0.4,30.5,1.2,29.8
1768.603,10.3,29.8,9.5,30.3,8.6,30.5,12.1,29.6
1769.603,19.6,29.4,18.7,29.9,16.2,30.1,18.4,29.4
1770.603,23.8,29.3,21.5,29.8,19.1,30.0,21.7,29.3
1771.603,22.8,29.3,24.0,29.8,17.3,30.1,21.6,29.3
1772.603,25.4,29.3,24.3,29.8,21.7,30.1,24.4,29.4
1773.603,25.4,29.4,24.2,29.9,21.3,30.1,24.0,29.4
1774.603,25.4,29.5,24.2,30.0,21.2,30.2,23.9,29.5
1775.603,25.6,29.7,24.3,30.1,21.3,30.3,24.1,29.5
1776.603,25.5,29.8,24.3,30.2,21.3,30.4,24.1,29.5
1777.603,25.4,30.0,24.3,30.4,21.3,30.5,24.0,29.6
1778.603,25.8,30.1,24.6,30.6,21.5,30.7,24.3,29.7
1779.603,25.6,30.2,24.4,30.7,21.2,30.8,23.9,29.9
1780.603,25.4,30.2,24.3,30.8,21.2,31.0,23.9,30.0
1781.603,25.8,30.3,24.6,30.9,21.6,31.1,24.4,30.1
1782.603,25.7,30.4,24.6,31.0,21.6,31.2,24.5,30.2
1783.603,25.9,30.5,24.6,31.1,21.7,31.4,24.2,30.3
1784.603,26.0,30.5,24.7,31.2,21.8,31.5,24.5,30.4
1785.603,18.1,30.6,18.1,31.3,15.1,31.6,17.1,30.5
1786.603,-0.5,30.9,0.5,31.6,0.2,31.9,0.0,30.8
1787.603,-9.8,30.7,-6.5,31.6,-5.7,31.8,-8.7,30.6
1788.603,-24.8,30.4,-24.6,31.1,-18.6,31.4,-21.3,30.4
1789.603,-27.3,30.2,-28.0,30.9,-26.2,31.2,-24.3,30.2
1790.603,-27.5,30.0,-28.4,30.7,-24.1,31.0,-24.6,30.0
1791.603,-27.2,29.8,-28.3,30.5,-25.0,30.7,-24.4,29.8
1792.603,-27.1,29.6,-28.1,30.3,-23.6,30.5,-24.2,29.7
1793.603,-27.3,29.5,-28.2,30.1,-23.0,30.4,-24.4,29.6
1794.603,-27.5,29.5,-28.3,30.1,-23.5,30.3,-24.2,29.5
1795.603,-27.5,29.5,-28.3,30.0,-24.2,30.3,-24.3,29.5
1796.603,-27.6,29.4,-28.3,30.0,-23.7,30.2,-24.4,29.5
1797.603,-27.4,29.4,-28.2,30.0,-23.8,30.2,-24.2,29.4
1798.603,-27.7,29.4,-28.5,30.0,-23.9,30.2,-24.6,29.4
1799.603,-27.8,29.4,-28.5,29.9,-23.9,30.2,-24.4,29.4
1800.603,-27.6,29.3,-28.3,29.9,-23.6,30.1,-24.2,29.4
1801.603,-27.5,29.3,-28.5,29.9,-23.5,30.1,-24.6,29.4
1802.603,-24.2,29.3,-27.7,29.9,-19.5,30.1,-20.5,29.4
1803.603,-24.7,29.3,-25.5,29.9,-20.6,30.1,-22.4,29.4
1804.603,-18.0,29.3,-18.1,29.9,-20.3,30.1,-16.9,29.3
1805.603,0.1,29.8,0.2,30.3,0.2,30.5,0.8,29.8
1806.603,9.0,29.9,8.4,30.4,6.5,30.6,10.5,29.7
1807.603,19.4,29.4,18.1,29.9,15.0,30.1,17.7,29.4
1808.603,23.6,29.3,21.6,29.8,20.2,30.0,22.1,29.3
1809.603,22.0,29.3,23.3,29.8,18.1,30.0,21.5,29.3
1810.603,25.4,29.3,24.2,29.8,21.6,30.1,24.6,29.3
1811.603,25.2,29.3,24.0,29.9,21.0,30.1,23.6,29.4
1812.603,25.6,29.5,24.2,29.9,21.4,30.2,24.1,29.5
1813.603,25.6,29.7,24.3,30.0,21.5,30.2,24.3,29.5
1814.603,25.2,29.8,24.0,30.2,21.1,30.4,23.9,29.5
1815.604,25.6,30.0,24.3,30.4,21.4,30.5,24.3,29.6
1816.604,25.7,30.0,24.3,30.5,21.2,30.6,23.9,29.7
1817.604,25.7,30.1,24.3,30.7,24.7,30.7,24.0,29.8
1818.604,25.7,30.2,24.4,30.8,26.0,31.0,24.3,30.0
1819.604,25.5,30.3,24.4,30.9,21.3,31.1,23.8,30.1
1820.604,25.8,30.4,24.4,31.0,21.5,31.2,24.3,30.2
1821.604,26.1,30.5,24.6,31.1,21.7,31.3,24.4,30.3
1822.604,26.0,30.5,24.7,31.2,21.8,31.4,24.7,30.4
1823.604,21.0,30.6,20.4,31.2,17.6,31.5,20.0,30.5
1824.604,-1.4,30.9,0.1,31.5,-0.1,31.8,-0.9,30.7
1825.604,-11.6,30.7,-8.9,31.5,-7.6,31.8,-10.8,30.6
1826.606,-26.9,30.4,-26.9,31.1,-22.3,31.3,-23.4,30.3
1827.606,-27.3,30.2,-27.8,30.9,-23.5,31.1,-24.3,30.2
1828.606,-27.5,30.0,-28.2,30.7,-23.9,30.9,-24.6,30.0
1829.606,-27.2,29.7,-28.1,30.4,-23.7,30.6,-24.4,29.8
1830.606,-27.2,29.6,-28.0,30.2,-23.4,30.4,-24.1,29.6
1831.606,-27.3,29.5,-28.1,30.2,-23.6,30.3,-24.3,29.6
1832.606,-27.5,29.5,-28.3,30.1,-23.7,30.3,-24.4,29.5
1833.606,-27.4,29.4,-28.2,30.0,-23.6,30.2,-24.3,29.5
1834.606,-27.5,29.4,-28.2,30.0,-23.7,30.2,-24.4,29.5
1835.606,-27.5,29.4,-28.2,30.0,-23.6,30.2,-24.2,29.4
1836.606,-27.8,29.4,-28.5,30.0,-23.9,30.2,-24.5,29.4
1837.606,-27.6,29.3,-28.4,30.0,-23.9,30.1,-24.5,29.4
1838.606,-27.7,29.3,-28.3,29.9,-23.6,30.1,-24.2,29.4
1839.606,-26.7,29.3,-28.3,29.9,-22.1,30.1,-23.8,29.4
1840.606,-23.3,29.4,-26.8,29.9,-18.9,30.1,-21.1,29.4
1841.608,-25.4,29.3,-25.5,29.9,-22.2,30.1,-22.1,29.3
1842.608,-16.2,29.4,-14.6,29.9,-14.3,30.1,-13.7,29.4
1843.608,-0.4,29.9,-0.8,30.3,-0.6,30.6,-0.4,29.8
1844.608,1.6,30.2,0.7,30.6,1.4,30.8,2.3,30.1
1845.608,15.8,29.6,15.1,30.1,13.1,30.3,15.1,29.6
1846.608,23.6,29.3,21.3,29.8,19.1,30.0,21.7,29.4
1847.608,22.8,29.3,22.1,29.8,18.2,30.0,21.0,29.3
1848.608,23.9,29.3,24.0,29.8,19.5,30.1,24.0,29.4
1849.608,25.3,29.4,24.1,29.9,21.3,30.1,23.8,29.4
1850.608,25.5,29.4,24.1,29.9,21.4,30.2,24.1,29.4
1851.608,25.6,29.6,24.2,30.0,21.5,30.2,24.2,29.5
1852.608,25.5,29.7,24.2,30.1,21.4,30.3,24.2,29.5
1853.608,25.4,29.9,24.0,30.3,21.1,30.4,23.7,29.6
1854.608,25.7,30.0,24.2,30.5,21.3,30.5,23.9,29.7
1855.608,25.8,30.1,24.4,30.6,21.6,30.7,24.4,29.8
1856.608,25.8,30.2,24.3,30.7,21.4,30.9,24.1,29.9
1857.608,25.6,30.3,24.2,30.8,21.3,31.0,24.0,30.1
1858.608,25.7,30.4,24.3,30.9,21.4,31.1,24.1,30.1
1859.608,26.1,30.4,24.6,31.0,21.7,31.2,24.5,30.2
1860.610,26.1,30.5,24.6,31.1,21.7,31.4,24.3,30.3
1861.610,26.1,30.5,24.7,31.2,21.9,31.5,24.7,30.4
1862.610,8.7,30.7,8.7,31.4,7.8,31.7,8.6,30.6
1863.610,-5.5,30.9,-1.1,31.6,-1.8,31.9,-4.7,30.8
1864.610,-19.3,30.5,-19.5,31.3,-14.8,31.5,-17.2,30.5
1865.610,-27.2,30.3,-27.9,31.0,-23.2,31.3,-24.3,30.3
1866.610,-27.5,30.1,-28.1,30.8,-23.2,31.0,-24.5,30.1
1867.610,-27.3,29.9,-28.3,30.6,-24.4,30.8,-24.5,29.9
1868.610,-27.1,29.7,-28.0,30.3,-23.4,30.5,-24.1,29.7
1869.610,-27.2,29.6,-28.1,30.2,-23.8,30.4,-24.3,29.6
1870.610,-27.3,29.5,-28.3,30.1,-23.7,30.3,-24.5,29.6
1871.610,-27.6,29.5,-28.3,30.1,-23.6,30.3,-24.2,29.5
1872.610,-27.4,29.4,-28.3,30.0,-23.7,30.2,-24.4,29.5
1873.610,-27.5,29.4,-28.3,30.0,-23.6,30.2,-24.3,29.4
1874.610,-27.7,29.4,-28.4,30.0,-25.0,30.2,-24.4,29.4
1875.610,-27.8,29.4,-28.6,30.0,-23.9,30.2,-24.6,29.4
1876.610,-27.4,29.4,-28.2,30.0,-23.6,30.2,-24.2,29.4
1877.610,-27.8,29.3,-28.6,29.9,-23.9,30.1,-24.5,29.4
1878.610,-25.4,29.3,-28.4,29.9,-20.6,30.1,-22.6,29.4
1879.610,-23.8,29.3,-25.2,29.9,-21.1,30.1,-20.7,29.4
1880.610,-25.2,29.3,-26.3,29.9,-22.4,30.1,-22.8,29.3
1881.610,-4.7,29.6,-4.1,30.2,-3.9,30.3,-3.9,29.6
1882.610,0.9,30.1,0.6,30.6,2.2,30.7,1.7,29.9
1883.610,15.3,29.7,14.4,30.2,11.9,30.3,14.5,29.6
1884.610,23.2,29.3,21.8,29.8,19.2,30.1,22.0,29.4
1885.610,23.1,29.3,22.3,29.8,18.8,30.0,21.2,29.4
1886.610,24.2,29.3,24.1,29.8,19.3,30.0,24.0,29.4
1887.610,25.3,29.4,23.9,29.9,21.3,30.1,23.9,29.4
1888.610,25.4,29.4,24.1,29.9,21.3,30.2,23.9,29.4
1889.610,25.5,29.6,24.2,30.0,21.4,30.2,24.1,29.5
1890.610,25.6,29.8,24.3,30.1,21.7,30.3,24.5,29.5
1891.610,25.2,29.9,23.9,30.3,20.9,30.4,23.5,29.6
1892.610,25.7,30.0,24.3,30.5,21.4,30.5,24.1,29.7
1893.610,25.8,30.1,24.4,30.6,21.5,30.7,24.2,29.8
1894.610,25.6,30.2,24.3,30.7,21.2,30.9,23.9,29.9
1895.610,25.7,30.3,24.4,30.8,21.6,31.0,24.5,30.0
1896.610,25.5,30.4,24.2,30.9,21.2,31.1,23.9,30.2
1897.610,26.0,30.4,24.6,31.0,21.7,31.2,24.4,30.2
1898.610,26.1,30.5,24.6,31.1,21.7,31.3,24.4,30.3
1899.610,26.1,30.6,24.6,31.2,21.7,31.5,24.5,30.4
1900.610,8.7,30.8,9.2,31.4,7.5,31.7,9.4,30.6
1901.610,-5.5,30.9,-1.1,31.7,-1.7,31.9,-4.7,30.8
1902.610,-17.1,30.6,-17.2,31.3,-13.8,31.5,-15.6,30.5
1903.610,-27.3,30.3,-27.8,31.0,-23.5,31.3,-24.4,30.3
1904.610,-27.4,30.1,-28.1,30.8,-23.8,31.0,-24.5,30.1
1905.610,-27.4,29.9,-28.3,30.6,-23.9,30.7,-24.5,29.9
1906.610,-27.2,29.7,-28.1,30.4,-23.5,30.5,-24.2,29.7
1907.610,-27.2,29.5,-28.1,30.2,-23.5,30.4,-24.3,29.6
1908.610,-27.3,29.5,-28.3,30.2,-23.6,30.3,-24.4,29.6
1909.610,-27.6,29.5,-28.4,30.1,-23.7,30.3,-24.3,29.5
1910.610,-27.4,29.4,-28.3,30.1,-23.7,30.2,-24.4,29.5
1911.610,-27.6,29.4,-28.4,30.0,-23.7,30.2,-24.4,29.4
1912.610,-27.7,29.4,-28.5,30.0,-23.8,30.2,-24.4,29.4
1913.610,-27.8,29.4,-28.6,30.0,-23.8,30.1,-24.4,29.4
1914.610,-27.5,29.4,-28.4,30.0,-23.7,30.1,-24.4,29.4
1915.610,-27.8,29.4,-28.6,29.9,-23.8,30.1,-24.5,29.4
1916.610,-25.5,29.4,-28.5,29.9,-20.1,30.1,-22.9,29.4
1917.610,-24.6,29.4,-25.6,29.9,-20.9,30.1,-21.3,29.4
1918.610,-25.2,29.4,-26.3,29.9,-22.3,30.1,-22.6,29.3
1919.610,-7.6,29.5,-7.1,30.1,-7.0,30.2,-6.3,29.5
1920.610,0.8,30.0,0.3,30.5,0.6,30.8,2.2,29.9
1921.610,13.7,29.7,13.0,30.2,11.7,30.4,13.4,29.6
1922.610,22.3,29.4,20.7,29.8,18.0,30.1,21.0,29.4
1923.610,23.2,29.3,22.0,29.8,18.9,30.0,21.0,29.4
1924.610,23.5,29.3,24.2,29.8,19.4,30.1,23.0,29.3
1925.610,25.3,29.4,24.2,29.9,21.5,30.1,24.2,29.4
1926.610,25.4,29.4,24.2,29.9,21.1,30.2,23.8,29.4
1927.610,25.5,29.5,24.3,30.0,21.4,30.2,24.0,29.5
1928.610,25.4,29.7,24.3,30.1,21.4,30.3,24.2,29.5
1929.610,25.5,29.9,24.2,30.3,21.2,30.4,23.9,29.6
1930.610,25.6,30.0,24.3,30.4,21.4,30.5,24.1,29.7
1931.610,25.7,30.1,24.4,30.6,21.4,30.7,24.1,29.8
1932.610,25.9,30.2,24.5,30.7,21.5,30.8,24.1,29.9
1933.610,25.5,30.3,24.3,30.8,21.2,31.0,23.9,30.0
1934.610,25.6,30.3,24.4,30.9,21.4,31.1,24.2,30.1
1935.610,25.9,30.4,24.6,31.0,21.7,31.2,24.5,30.2
1936.610,25.9,30.5,24.6,31.1,21.6,31.4,24.3,30.3
1937.610,26.1,30.6,24.7,31.2,21.8,31.5,24.5,30.4
1938.610,10.7,30.7,10.8,31.3,9.1,31.6,10.7,30.6
1939.610,-5.4,30.9,-0.9,31.6,-1.7,31.9,-4.5,30.7
1940.610,-18.9,30.5,-18.9,31.3,-15.2,31.5,-16.7,30.5
1941.610,-27.1,30.3,-27.2,31.0,-23.4,31.2,-24.3,30.3
1942.610,-27.4,30.1,-27.7,30.8,-23.7,31.0,-24.5,30.1
1943.643,-27.4,29.9,-28.6,30.6,-23.8,30.7,-24.5,29.9
1944.643,-27.1,29.7,-28.4,30.3,-23.4,30.5,-24.1,29.7
1945.643,-27.3,29.6,-28.2,30.2,-23.6,30.4,-24.3,29.6
1946.643,-27.3,29.5,-28.6,30.1,-23.7,30.3,-24.4,29.5
1947.643,-27.5,29.5,-32.6,30.0,-23.6,30.2,-24.3,29.5
1948.643,-27.4,29.5,-31.0,30.0,-23.6,30.2,-24.4,29.5
1949.643,-27.6,29.4,-31.9,30.0,-23.7,30.2,-24.3,29.4
1950.643,-27.7,29.4,-28.5,30.0,-23.8,30.2,-24.5,29.4
1951.643,-27.8,29.4,-28.6,30.0,-23.8,30.2,-24.5,29.4
1952.643,-27.4,29.4,-28.4,29.9,-23.6,30.1,-24.3,29.4
1953.643,-27.8,29.3,-28.7,29.9,-23.9,30.1,-24.5,29.4
1954.643,-25.1,29.4,-28.4,29.9,-19.2,30.1,-22.2,29.4
1955.643,-23.8,29.4,-25.6,29.9,-21.5,30.1,-20.9,29.4
1956.643,-25.3,29.3,-26.3,29.9,-21.9,30.1,-23.1,29.3
1957.643,-3.5,29.6,-2.6,30.1,-3.8,30.3,-3.4,29.6
1958.643,0.6,30.1,0.2,30.5,1.4,30.7,0.8,30.0
1959.643,13.8,29.7,11.8,30.3,11.4,30.3,13.8,29.6
1960.643,22.7,29.3,20.8,29.8,18.8,30.1,21.4,29.4
1961.643,23.4,29.3,22.8,29.8,18.3,30.0,20.0,29.4
1962.643,23.9,29.3,24.4,29.8,19.0,30.1,24.8,29.3
1963.643,25.4,29.3,24.1,29.8,21.7,30.1,23.8,29.4
1964.644,25.4,29.4,24.2,29.9,21.4,30.2,24.0,29.4
1965.644,25.6,29.5,24.4,30.0,21.6,30.2,24.1,29.4
1966.644,25.7,29.7,24.3,30.1,21.3,30.3,24.1,29.5
1967.644,25.2,29.9,24.1,30.2,21.1,30.4,23.8,29.6
1968.644,25.6,30.0,24.3,30.4,21.4,30.5,24.1,29.7
1969.644,25.9,30.1,24.6,30.6,21.5,30.7,24.1,29.8
1970.644,25.7,30.2,24.4,30.7,21.4,30.8,24.1,29.9
1971.644,25.7,30.3,24.4,30.8,21.5,31.0,24.2,30.0
1972.644,25.8,30.4,24.3,30.9,21.2,31.1,23.8,30.1
1973.646,25.9,30.4,24.5,31.0,21.6,31.2,24.3,30.2
1974.646,26.2,30.5,24.8,31.1,21.9,31.4,24.7,30.3
1975.646,26.2,30.5,24.7,31.2,21.7,31.5,24.4,30.4
1976.646,10.5,30.7,10.8,31.3,8.9,31.6,10.7,30.6
1977.646,-5.7,30.9,-1.3,31.6,-2.0,31.9,-4.9,30.7
1978.646,-17.9,30.6,-18.2,31.3,-14.6,31.5,-16.3,30.4
1979.646,-27.2,30.3,-27.8,31.0,-23.4,31.3,-24.3,30.2
1980.646,-27.4,30.1,-28.1,30.8,-23.7,31.0,-24.4,30.1
1981.646,-27.4,29.9,-28.4,30.5,-23.9,30.7,-24.5,29.9
1982.646,-27.1,29.7,-28.2,30.3,-23.6,30.5,-24.3,29.7
1983.646,-27.1,29.6,-28.1,30.2,-23.4,30.4,-24.1,29.6
1984.646,-27.4,29.5,-28.3,30.1,-23.7,30.3,-24.5,29.5
1985.646,-27.4,29.5,-28.4,30.0,-23.6,30.3,-24.4,29.5
1986.646,-27.5,29.5,-28.4,30.0,-23.6,30.2,-24.3,29.5
1987.646,-27.5,29.4,-28.4,30.0,-23.7,30.2,-24.4,29.4
1988.647,-27.9,29.4,-28.5,29.9,-23.7,30.2,-24.4,29.4
1989.647,-39.1,29.4,-28.7,29.9,-23.9,30.2,-24.5,29.4
1990.647,-27.4,29.4,-28.3,29.9,-23.6,30.1,-24.3,29.4
1991.647,-27.8,29.3,-28.6,29.9,-23.9,30.1,-24.5,29.4
1992.647,-25.4,29.3,-28.4,29.9,-20.0,30.1,-22.7,29.3
1993.647,-23.9,29.3,-25.5,29.9,-21.3,30.1,-20.7,29.4
1994.647,-25.4,29.3,-26.4,29.9,-22.2,30.1,-23.3,29.3
1995.647,-7.1,29.5,-6.1,30.1,-5.8,30.3,-5.9,29.5
1996.647,0.7,30.1,0.2,30.5,0.1,30.8,2.2,29.9
1997.647,12.5,29.7,12.2,30.2,9.3,30.5,13.8,29.6
1998.647,22.2,29.3,20.9,29.8,18.9,30.1,20.0,29.4
1999.647,23.3,29.3,21.8,29.8,18.0,30.0,21.0,29.3
2000.647,23.9,29.3,24.3,29.8,19.3,30.0,23.3,29.3
2001.647,25.0,29.3,24.0,29.8,21.5,30.1,24.0,29.4
2002.647,32.3,29.4,24.2,29.9,21.1,30.1,23.8,29.4
2003.647,25.9,29.5,24.4,29.9,21.5,30.2,24.2,29.4
2004.647,25.8,29.7,24.4,30.0,21.5,30.3,24.3,29.5
2005.649,25.2,29.9,23.9,30.2,21.0,30.4,23.7,29.6
2006.649,25.7,30.0,24.2,30.4,21.3,30.5,24.0,29.6
2007.649,25.9,30.1,30.2,30.6,21.5,30.7,24.2,29.8
2008.649,25.9,30.2,24.8,30.7,21.3,30.8,23.9,29.9
2009.649,25.9,30.3,24.9,30.8,21.6,31.0,24.4,30.0
2010.649,25.6,30.3,24.3,30.9,21.1,31.1,23.8,30.1
2011.649,25.9,30.4,24.7,31.0,21.5,31.2,24.3,30.2
2012.649,26.3,30.5,24.9,31.1,21.8,31.4,24.6,30.3
2013.649,26.4,30.5,25.0,31.2,22.0,31.5,24.8,30.4
2014.649,12.7,30.7,13.5,31.3,11.8,31.6,13.2,30.5
2015.649,-5.2,30.9,-1.0,31.6,-1.5,31.9,-4.2,30.7
2016.649,-16.5,30.6,-15.9,31.3,-12.9,31.6,-14.9,30.5
2017.649,-27.3,30.3,-26.8,31.0,-23.2,31.2,-24.3,30.3
2018.649,-27.3,30.1,-27.1,30.8,-23.7,31.0,-24.5,30.1
2019.649,-27.4,29.9,-27.4,30.6,-23.8,30.8,-24.5,29.9
2020.649,-27.1,29.7,-27.3,30.3,-23.5,30.5,-24.3,29.7
2021.649,-27.2,29.6,-27.4,30.2,-23.5,30.4,-24.3,29.6
2022.649,-27.2,29.5,-27.5,30.1,-23.4,30.3,-24.2,29.5
2023.649,-27.4,29.5,-27.7,30.0,-23.6,30.2,-24.4,29.5
2024.649,-27.4,29.4,-27.8,30.0,-23.6,30.2,-24.3,29.5
2025.649,-27.4,29.4,-28.0,30.0,-23.6,30.2,-24.4,29.4
2026.649,-27.6,29.4,-28.2,29.9,-23.7,30.1,-24.4,29.4
2027.649,-27.7,29.4,-28.3,29.9,-23.8,30.1,-24.5,29.4
2028.649,-27.4,29.3,-28.2,29.9,-23.6,30.1,-24.3,29.4
2029.649,-27.8,29.3,-28.4,29.9,-23.8,30.1,-24.5,29.4
2030.649,-25.3,29.3,-28.2,29.9,-20.8,30.1,-22.8,29.4
2031.649,-24.5,29.3,-25.2,29.9,-20.8,30.1,-20.2,29.4
2032.649,-25.5,29.3,-26.3,29.8,-21.8,30.1,-23.6,29.3
2033.649,-8.8,29.5,-8.9,30.0,-8.4,30.2,-8.2,29.5
2034.649,-0.1,30.0,-0.2,30.4,-0.0,30.7,-0.5,29.8
2035.649,2.7,30.2,0.4,30.6,0.1,30.9,3.1,30.0
2036.649,14.9,29.6,13.4,30.2,11.8,30.5,13.8,29.5
2037.649,23.1,29.3,21.1,29.8,18.8,30.1,20.9,29.4
2038.649,22.9,29.2,22.0,29.7,18.4,30.0,21.3,29.3
2039.649,23.9,29.3,24.0,29.7,18.8,30.0,23.2,29.3
2040.649,25.5,29.3,24.2,29.8,21.6,30.1,24.5,29.4
2041.649,25.6,29.4,24.3,29.9,21.3,30.1,23.9,29.4
2042.649,25.7,29.5,24.3,29.9,21.3,30.2,23.9,29.5
2043.649,25.7,29.7,24.3,30.1,21.5,30.3,24.3,29.5
2044.649,25.2,29.9,23.9,30.3,20.9,30.4,23.6,29.6
2045.649,26.0,30.0,24.5,30.4,21.6,30.5,24.4,29.6
2046.649,25.9,30.1,24.5,30.5,21.6,30.7,24.3,29.8
2047.649,25.7,30.2,24.2,30.7,21.0,30.8,23.6,29.9
2048.649,25.8,30.3,24.4,30.8,21.4,31.0,24.2,30.0
2049.649,25.8,30.3,24.4,30.9,21.4,31.1,24.2,30.1
2050.649,26.1,30.4,24.7,31.0,21.8,31.2,24.6,30.2
2051.649,26.0,30.5,24.5,31.1,21.5,31.3,24.1,30.3
2052.649,26.3,30.5,24.7,31.2,21.8,31.4,24.6,30.4
2053.650,9.7,30.7,10.5,31.3,8.8,31.6,10.0,30.6
2054.650,-4.9,30.9,-0.5,31.6,-1.1,31.9,-3.6,30.8
2055.650,-15.2,30.6,-14.8,31.3,-11.9,31.6,-13.9,30.5
2056.652,-27.4,30.3,-27.4,31.0,-23.2,31.2,-24.2,30.3
2057.652,-27.4,30.1,-27.9,30.8,-23.6,31.0,-24.3,30.1
2058.652,-27.4,29.9,-28.2,30.6,-23.8,30.8,-24.5,29.9
2059.652,-27.1,29.7,-28.1,30.3,-23.6,30.5,-24.3,29.7
2060.652,-27.1,29.6,-28.0,30.2,-23.4,30.4,-24.1,29.6
2061.652,-27.3,29.5,-28.1,30.1,-23.6,30.3,-24.4,29.5
2062.652,-27.5,29.5,-28.2,30.0,-23.6,30.3,-24.3,29.5
2063.652,-27.4,29.4,-28.2,30.0,-23.6,30.2,-24.4,29.5
2064.652,-27.4,29.4,-28.2,29.9,-23.6,30.2,-24.4,29.4
2065.653,-27.6,29.4,-28.2,29.9,-23.7,30.1,-24.3,29.4
2066.653,-27.8,29.3,-28.4,29.9,-23.8,30.1,-24.5,29.4
2067.653,-27.4,29.3,-28.2,29.9,-23.6,30.1,-24.4,29.4
2068.653,-27.8,29.3,-28.4,29.9,-23.8,30.1,-24.4,29.3
2069.653,-25.6,29.3,-28.2,29.8,-20.9,30.1,-23.1,29.3
2070.653,-24.0,29.3,-25.9,29.8,-20.1,30.1,-20.8,29.4
2071.653,-25.7,29.2,-26.2,29.8,-21.9,30.0,-22.5,29.3
2072.653,-8.4,29.4,-8.3,30.0,-8.6,30.2,-7.7,29.4
2073.653,0.8,29.8,0.1,30.4,0.1,30.6,0.6,29.9
2074.653,13.2,29.6,10.1,30.3,8.8,30.5,11.9,29.7
2075.653,19.9,29.3,19.0,29.8,16.0,30.1,17.8,29.4
2076.653,22.9,29.2,21.3,29.7,19.2,30.0,21.7,29.3
2077.653,22.9,29.2,23.8,29.7,18.4,30.0,22.2,29.3
2078.653,25.6,29.3,24.1,29.8,21.2,30.0,24.0,29.3
2079.653,25.5,29.3,24.2,29.8,21.3,30.1,24.3,29.4
2080.653,25.7,29.4,24.3,29.9,21.2,30.2,23.8,29.4
2081.653,25.8,29.6,24.4,30.0,21.5,30.2,24.2,29.5
2082.653,25.2,29.8,24.1,30.2,21.1,30.3,24.0,29.5
2083.653,25.7,29.9,24.3,30.3,21.3,30.5,24.1,29.6
2084.653,25.9,30.0,24.5,30.5,21.4,30.6,24.1,29.7
2085.653,25.7,30.1,24.3,30.6,21.2,30.8,23.9,29.8
2086.653,25.9,30.2,24.4,30.7,21.4,30.9,24.1,30.0
2087.653,25.6,30.3,24.2,30.8,21.2,31.1,24.0,30.1
2088.653,26.1,30.4,24.7,30.9,21.8,31.2,24.6,30.2
2089.653,26.3,30.4,24.7,31.0,21.7,31.3,24.5,30.3
2090.653,26.2,30.5,24.6,31.1,21.5,31.4,24.2,30.3
2091.653,18.3,30.6,18.5,31.2,15.7,31.5,18.4,30.5
2092.653,-3.8,30.9,-0.6,31.5,-0.7,31.8,-2.7,30.7
2093.653,-13.7,30.6,-12.5,31.4,-10.2,31.6,-12.3,30.5
2094.653,-27.3,30.3,-27.4,31.0,-22.9,31.3,-23.8,30.3
2095.653,-27.3,30.1,-27.9,30.8,-23.6,31.1,-24.4,30.1
2096.653,-27.4,29.9,-28.2,30.6,-23.9,30.8,-24.5,29.9
2097.653,-27.1,29.7,-28.1,30.3,-23.6,30.5,-24.3,29.7
2098.653,-27.1,29.6,-28.0,30.1,-23.4,30.4,-24.1,29.6
2099.653,-27.2,29.5,-28.0,30.0,-23.6,30.3,-24.3,29.5
2100.653,-27.4,29.4,-28.2,30.0,-23.7,30.2,-24.4,29.4
2101.653,-27.3,29.4,-28.0,30.0,-23.6,30.2,-24.3,29.4
2102.653,-27.5,29.4,-28.2,29.9,-23.7,30.2,-24.3,29.4
2103.653,-27.6,29.3,-28.2,29.9,-23.7,30.1,-24.3,29.4
2104.653,-27.7,29.3,-28.3,29.9,-23.8,30.1,-24.4,29.4
2105.653,-27.4,29.3,-28.2,29.9,-23.7,30.1,-24.4,29.3
2106.653,-27.7,29.3,-28.3,29.9,-23.8,30.1,-24.4,29.3
2107.653,-25.9,29.3,-28.2,29.8,-21.3,30.1,-23.6,29.3
2108.653,-23.8,29.3,-25.7,29.8,-20.4,30.1,-20.1,29.3
2109.653,-25.5,29.3,-26.1,29.8,-21.4,30.1,-23.1,29.3
2110.653,-10.9,29.3,-10.9,29.9,-10.1,30.1,-10.4,29.4
2111.653,0.6,29.8,-0.2,30.3,-0.2,30.5,0.4,29.8
2112.653,13.2,29.6,8.9,30.3,6.4,30.6,11.4,29.8
2113.653,19.2,29.3,18.6,29.8,16.9,30.1,17.3,29.4
2114.653,23.1,29.2,21.6,29.7,18.9,30.0,20.6,29.3
2115.653,22.9,29.2,23.6,29.7,18.2,30.0,22.4,29.3
2116.653,25.5,29.2,24.1,29.7,21.1,30.0,24.0,29.3
2117.653,25.6,29.3,24.3,29.8,21.4,30.1,24.1,29.3
2118.653,25.8,29.4,24.3,29.9,21.3,30.1,24.1,29.4
2119.653,25.7,29.6,24.3,30.0,21.3,30.2,24.1,29.4
2120.653,25.4,29.8,24.1,30.1,21.1,30.3,24.0,29.5
2121.653,25.8,29.9,24.4,30.3,21.5,30.4,24.3,29.5
2122.653,25.9,30.0,24.4,30.5,21.3,30.6,24.0,29.6
2123.653,25.9,30.1,24.3,30.6,21.3,30.8,24.2,29.8
2124.653,25.8,30.2,24.4,30.7,21.5,30.9,24.3,29.9
2125.653,25.8,30.3,24.1,30.8,21.1,31.0,23.9,30.0
2126.653,26.2,30.3,24.6,30.9,21.9,31.2,24.7,30.1
2127.653,26.2,30.4,24.5,31.0,21.6,31.3,24.4,30.2
2128.653,26.1,30.5,24.4,31.1,21.5,31.4,24.3,30.3
2129.653,19.8,30.6,19.5,31.2,17.0,31.5,19.3,30.4
2130.653,-2.6,30.9,-0.4,31.5,-0.4,31.8,-1.5,30.7
2131.653,-12.5,30.6,-10.2,31.4,-8.5,31.7,-11.4,30.5
2132.653,-27.1,30.3,-27.2,31.0,-22.5,31.3,-23.6,30.3
2133.653,-27.3,30.1,-27.7,30.8,-23.4,31.1,-24.2,30.1
2134.653,-27.5,29.9,-28.2,30.6,-23.8,30.8,-24.5,29.9
2135.653,-27.2,29.7,-28.1,30.3,-23.6,30.6,-24.4,29.7
2136.653,-27.1,29.6,-28.0,30.1,-23.4,30.4,-24.2,29.5
2137.653,-27.2,29.5,-28.1,30.0,-23.5,30.3,-24.3,29.5
2138.653,-27.5,29.4,-28.2,30.0,-23.6,30.3,-24.3,29.4
2139.653,-27.5,29.4,-28.2,29.9,-23.6,30.2,-24.3,29.4
2140.653,-27.5,29.3,-28.2,29.9,-23.7,30.2,-24.4,29.4
2141.653,-27.5,29.3,-28.2,29.9,-23.6,30.1,-24.2,29.4
2142.653,-27.8,29.3,-28.4,29.9,-23.9,30.1,-24.6,29.3
2143.653,-27.6,29.3,-28.3,29.9,-23.7,30.1,-24.4,29.3
2144.653,-27.7,29.3,-28.3,29.8,-23.7,30.0,-24.3,29.3
2145.653,-26.4,29.3,-28.2,29.8,-22.1,30.0,-23.9,29.3
2146.653,-23.8,29.3,-26.6,29.8,-19.1,30.1,-20.0,29.3
2147.653,-25.2,29.2,-25.5,29.8,-22.2,30.0,-23.1,29.3
2148.653,-14.0,29.3,-14.1,29.9,-13.2,30.0,-12.9,29.3
2149.653,0.2,29.8,-0.2,30.3,0.1,30.6,0.1,29.8
2150.653,9.4,29.8,8.7,30.3,8.0,30.5,11.0,29.7
2151.653,18.8,29.3,18.1,29.8,15.2,30.1,17.3,29.4
2152.653,23.5,29.2,21.4,29.7,19.1,30.0,21.0,29.3
2153.653,23.1,29.2,23.8,29.7,18.3,30.0,22.2,29.3
2154.653,25.4,29.2,24.1,29.7,21.1,30.0,24.1,29.3
2155.653,25.5,29.3,24.2,29.8,21.6,30.1,24.1,29.3
2156.653,25.5,29.4,24.2,29.8,21.3,30.1,23.9,29.3
2157.653,25.6,29.6,24.3,30.0,21.4,30.2,24.2,29.4
2158.653,25.5,29.8,24.2,30.1,21.2,30.3,23.9,29.4
2159.653,25.6,29.9,24.3,30.3,21.3,30.4,24.1,29.5
2160.653,25.7,30.0,24.4,30.5,21.3,30.6,24.1,29.6
2161.653,25.9,30.1,24.4,30.6,21.3,30.7,23.9,29.7
2162.654,25.9,30.2,24.4,30.7,21.5,30.9,24.2,29.9
2163.654,25.8,30.3,24.4,30.8,21.4,31.0,24.1,30.0
2164.654,25.9,30.3,24.6,30.9,21.7,31.2,24.6,30.1
2165.654,26.2,30.4,24.7,31.0,21.7,31.3,24.5,30.2
2166.654,26.1,30.5,24.6,31.1,21.6,31.4,24.4,30.3
2167.654,20.1,30.6,20.0,31.2,17.1,31.5,19.9,30.4
2168.654,-1.6,30.9,0.0,31.5,-0.1,31.8,-0.8,30.6
2169.654,-10.9,30.6,-7.9,31.5,-6.8,31.7,-9.8,30.5
2170.654,-26.5,30.3,-26.3,31.0,-21.5,31.3,-22.5,30.3
2171.654,-27.3,30.1,-27.8,30.8,-23.5,31.1,-24.3,30.1
2172.654,-27.5,29.9,-28.2,30.6,-23.9,30.8,-24.5,29.9
2173.654,-27.1,29.7,-28.0,30.3,-23.5,30.5,-24.2,29.7
2174.654,-27.2,29.5,-28.0,30.1,-23.4,30.4,-24.1,29.5
2175.654,-27.3,29.4,-28.1,30.0,-23.6,30.3,-24.3,29.5
2176.654,-27.4,29.4,-28.2,30.0,-23.7,30.2,-24.4,29.4
2177.654,-27.5,29.3,-28.2,29.9,-23.6,30.1,-24.3,29.4
2178.654,-27.5,29.3,-28.2,29.9,-23.6,30.1,-24.4,29.4
2179.654,-27.5,29.3,-28.2,29.9,-23.6,30.1,-24.2,29.3
2180.654,-27.8,29.3,-28.4,29.8,-23.8,30.1,-24.5,29.3
2181.654,-27.7,29.3,-28.4,29.8,-23.8,30.1,-24.5,29.3
2182.654,-27.7,29.2,-28.2,29.8,-23.6,30.1,-24.2,29.3
2183.654,-27.2,29.2,-28.2,29.8,-22.8,30.0,-24.3,29.3
2184.654,-23.0,29.2,-26.9,29.8,-18.7,30.1,-20.4,29.3
2185.654,-25.8,29.2,-25.4,29.8,-22.2,30.0,-22.7,29.3
2186.654,-17.6,29.2,-16.3,29.8,-15.2,30.0,-15.1,29.3
2187.654,1.2,29.7,0.0,30.2,0.1,30.5,0.5,29.7
2188.654,11.7,29.6,10.2,30.2,8.5,30.4,12.4,29.6
2189.654,20.2,29.2,19.3,29.7,16.3,30.0,17.6,29.3
2190.654,23.3,29.1,20.9,29.7,18.9,29.9,21.3,29.2
2191.654,23.0,29.2,24.2,29.6,18.4,30.0,22.8,29.2
2192.654,25.4,29.2,24.2,29.7,21.5,30.0,24.2,29.3
2193.654,25.5,29.2,24.3,29.8,21.6,30.0,24.0,29.3
2194.654,25.6,29.4,24.3,29.8,21.2,30.1,23.9,29.3
2195.654,25.7,29.6,24.4,29.9,21.4,30.2,24.1,29.4
2196.654,25.2,29.8,24.0,30.1,21.0,30.3,23.8,29.4
2197.656,25.8,29.9,24.4,30.3,21.5,30.4,24.3,29.5
2198.656,25.9,30.0,24.5,30.5,21.6,30.6,24.4,29.6
2199.656,25.7,30.1,24.3,30.6,21.1,30.8,23.8,29.8
2200.656,25.8,30.2,24.4,30.7,21.4,30.9,24.1,29.9
2201.657,26.0,30.3,24.4,30.8,21.3,31.0,24.1,30.0
2202.657,25.8,30.3,24.4,30.9,21.6,31.2,24.5,30.1
2203.657,26.2,30.4,24.7,31.0,21.7,31.3,24.5,30.2
2204.657,26.0,30.5,24.5,31.1,21.4,31.4,24.2,30.3
2205.658,16.3,30.6,16.7,31.2,14.4,31.5,16.4,30.4
2206.658,-4.3,30.8,-0.7,31.5,-1.0,31.8,-3.4,30.6
2207.658,-14.9,30.5,-14.2,31.3,-11.3,31.6,-13.3,30.4
2208.658,-27.3,30.2,-27.2,31.0,-22.8,31.2,-23.9,30.2
2209.658,-27.4,30.1,-27.9,30.7,-23.6,31.0,-24.4,30.0
2210.658,-27.4,29.8,-28.2,30.5,-23.9,30.7,-24.5,29.8
2211.658,-27.1,29.6,-28.1,30.3,-23.6,30.4,-24.3,29.6
2212.658,-27.2,29.5,-28.0,30.1,-23.3,30.3,-24.0,29.5
2213.658,-27.4,29.4,-28.2,30.0,-23.6,30.2,-24.3,29.4
2214.658,-27.5,29.4,-28.2,30.0,-23.7,30.1,-24.4,29.4
2215.658,-27.4,29.3,-28.1,29.9,-23.6,30.1,-24.3,29.3
2216.658,-27.6,29.3,-28.2,29.9,-23.7,30.1,-24.4,29.3
2217.658,-27.6,29.3,-28.2,29.9,-23.5,30.1,-24.1,29.3
2218.658,-27.8,29.3,-28.4,29.8,-23.9,30.1,-24.5,29.3
2219.658,-27.6,29.3,-28.3,29.8,-23.7,30.1,-24.4,29.3
2220.658,-27.7,29.2,-28.3,29.8,-23.7,30.0,-24.3,29.2
2221.658,-26.0,29.2,-28.3,29.8,-21.6,30.0,-23.7,29.2
2222.658,-23.7,29.2,-26.5,29.8,-20.4,30.1,-20.1,29.3
2223.658,-24.9,29.2,-25.2,29.8,-21.4,30.0,-22.8,29.2
2224.659,-11.1,29.3,-10.2,29.9,-9.3,30.1,-9.9,29.3
2225.659,0.5,29.9,-0.1,30.3,0.0,30.6,0.4,29.8
2226.659,11.2,29.7,10.1,30.2,7.0,30.6,11.2,29.6
2227.659,20.6,29.3,18.9,29.7,18.0,30.0,18.9,29.3
2228.659,23.3,29.2,21.8,29.6,18.9,30.0,22.3,29.2
2229.659,23.0,29.2,23.6,29.6,18.3,30.0,22.2,29.2
2230.659,25.5,29.2,24.3,29.7,23.9,30.0,24.5,29.2
2231.659,25.4,29.3,24.1,29.8,21.1,30.0,23.7,29.3
2232.659,25.7,29.4,24.3,29.8,21.4,30.1,24.1,29.3
2233.659,25.5,29.6,24.2,29.9,21.2,30.2,23.9,29.4
2234.659,25.6,29.8,24.3,30.1,21.5,30.3,24.3,29.4
2235.659,25.4,29.9,24.2,30.3,21.2,30.4,24.0,29.5
2236.659,25.8,30.0,24.4,30.4,21.4,30.6,24.1,29.6
2237.659,25.9,30.1,24.4,30.6,21.5,30.7,24.1,29.7
2238.659,25.6,30.2,24.2,30.7,21.1,30.9,23.8,29.8
2239.659,25.9,30.2,24.6,30.8,21.7,31.0,24.6,30.0
2240.659,25.8,30.3,24.4,30.9,21.4,31.1,24.1,30.1
2241.659,26.1,30.4,24.7,31.0,21.8,31.3,24.5,30.2
2242.659,26.0,30.5,24.6,31.1,21.5,31.4,24.2,30.3
2243.659,17.4,30.6,16.9,31.2,13.9,31.5,16.1,30.4
2244.659,-2.7,30.9,-0.3,31.5,-0.4,31.8,-1.7,30.7
2245.659,-12.4,30.6,-10.4,31.4,-8.7,31.6,-11.1,30.4
2246.659,-26.9,30.3,-27.1,30.9,-22.6,31.2,-23.6,30.2
2247.659,-27.3,30.1,-27.9,30.7,-23.5,31.0,-24.3,30.0
2248.659,-27.4,29.9,-28.2,30.5,-23.8,30.7,-24.6,29.8
2249.659,-27.1,29.6,-28.0,30.3,-23.5,30.5,-24.3,29.6
2250.659,-27.2,29.5,-28.0,30.1,-23.4,30.3,-24.1,29.5
2251.659,-27.2,29.4,-28.1,30.0,-23.5,30.3,-24.3,29.4
2252.659,-27.5,29.4,-28.2,29.9,-23.5,30.2,-24.2,29.4
2253.659,-27.4,29.3,-28.2,29.9,-23.6,30.2,-24.4,29.4
2254.659,-27.5,29.3,-28.3,29.8,-23.7,30.1,-24.4,29.3
2255.659,-27.5,29.3,-28.2,29.8,-23.5,30.1,-24.2,29.3
2256.659,-27.8,29.3,-28.4,29.8,-23.9,30.1,-24.6,29.3
2257.659,-27.5,29.2,-28.2,29.8,-23.6,30.0,-24.3,29.2
2258.659,-27.8,29.2,-28.3,29.8,-23.7,30.0,-24.3,29.2
2259.659,-27.0,29.2,-28.3,29.8,-22.1,30.0,-24.1,29.2
2260.659,-23.1,29.2,-26.6,29.7,-19.8,30.0,-20.1,29.2
2261.659,-25.1,29.2,-25.6,29.7,-20.5,30.0,-22.8,29.2
2262.659,-14.7,29.3,-13.7,29.8,-13.6,30.0,-12.6,29.3
2263.659,-0.3,29.7,-0.2,30.3,-0.1,30.5,-0.1,29.7
2264.659,7.2,29.9,4.9,30.4,5.8,30.6,10.1,29.6
2265.659,18.8,29.3,19.5,29.7,14.9,30.0,16.3,29.3
2266.659,24.1,29.2,21.8,29.6,19.5,29.9,22.2,29.2
2267.659,22.1,29.2,23.2,29.6,17.8,29.9,21.4,29.2
2268.659,25.7,29.2,24.3,29.6,22.0,29.9,24.7,29.2
2269.659,25.5,29.2,24.2,29.7,20.9,30.0,23.9,29.3
2270.659,25.7,29.4,24.2,29.8,21.2,30.1,23.8,29.3
2271.659,25.7,29.5,24.3,29.9,21.5,30.2,24.2,29.3
2272.659,25.7,29.7,24.2,30.0,21.3,30.2,24.1,29.4
2273.659,25.7,29.8,24.3,30.2,21.4,30.4,24.0,29.5
2274.659,25.8,29.9,24.3,30.4,21.3,30.5,24.1,29.6
2275.659,26.0,30.1,24.5,30.5,21.5,30.7,24.2,29.7
2276.659,25.9,30.1,24.3,30.6,21.1,30.9,23.7,29.8
2277.659,25.8,30.2,24.4,30.7,21.5,31.0,24.4,29.9
2278.659,25.9,30.3,24.4,30.8,21.5,31.1,24.4,30.0
2279.659,26.3,30.4,24.6,30.9,21.6,31.2,24.3,30.1
2280.659,26.3,30.4,24.7,31.0,21.8,31.3,24.6,30.2
2281.659,22.9,30.5,22.1,31.1,18.8,31.4,21.8,30.3
2282.659,4.1,30.7,4.6,31.3,3.1,31.7,4.5,30.5
2283.659,-3.5,30.9,-0.2,31.5,-0.4,31.9,-2.5,30.6
2284.661,-13.0,30.5,-12.2,31.2,-9.9,31.5,-12.0,30.4
2285.662,-27.3,30.2,-27.2,30.9,-22.8,31.2,-23.7,30.1
2286.662,-27.4,30.0,-27.9,30.7,-23.6,31.0,-31.7,30.0
2287.662,-27.6,29.8,-28.3,30.5,-23.9,30.7,-24.9,29.8
2288.662,-27.2,29.6,-28.1,30.2,-23.5,30.4,-24.1,29.6
2289.662,-27.2,29.4,-28.0,30.0,-23.5,30.3,-24.2,29.5
2290.662,-27.3,29.4,-28.1,30.0,-23.5,30.2,-24.3,29.4
2291.662,-27.5,29.3,-28.2,29.9,-23.7,30.1,-24.4,29.4
2292.662,-27.5,29.3,-28.1,29.9,-23.6,30.1,-24.3,29.3
2293.662,-27.6,29.3,-28.2,29.8,-23.7,30.1,-24.4,29.3
2294.664,-27.6,29.3,-28.2,29.8,-23.6,30.1,-24.3,29.3
2295.664,-27.8,29.2,-28.4,29.8,-23.8,30.1,-24.5,29.3
2296.664,-27.6,29.2,-28.3,29.8,-23.7,30.1,-24.4,29.3
2297.664,-27.8,29.2,-28.3,29.8,-23.7,30.0,-24.4,29.2
2298.664,-26.7,29.2,-28.2,29.7,-21.9,30.0,-24.0,29.2
2299.664,-24.4,29.2,-26.5,29.7,-20.4,30.0,-20.3,29.2
2300.664,-24.4,29.2,-25.7,29.7,-21.3,30.0,-22.8,29.2
2301.665,-14.0,29.3,-11.8,29.8,-11.2,30.1,-11.2,29.3
2302.665,0.2,29.8,-0.2,30.2,-0.2,30.5,0.6,29.7
2303.665,8.2,29.8,4.6,30.4,4.0,30.7,8.7,29.6
2304.665,18.9,29.3,18.3,29.8,16.5,30.0,16.9,29.3
2305.665,23.8,29.2,21.3,29.6,19.2,29.9,21.6,29.2
2306.666,22.6,29.2,23.3,29.6,17.8,30.0,22.2,29.2
2307.666,25.4,29.2,24.1,29.6,21.4,30.0,31.4,29.2
2308.666,25.5,29.2,24.2,29.7,21.3,30.0,24.2,29.2
2309.666,25.8,29.3,24.3,29.7,21.4,30.1,24.2,29.3
2310.666,25.6,29.5,24.1,29.8,21.1,30.1,23.8,29.3
2311.666,25.6,29.7,24.2,30.0,21.2,30.2,24.0,29.4
2312.666,25.7,29.8,24.3,30.2,21.4,30.4,24.3,29.4
2313.666,26.0,29.9,24.5,30.3,21.5,30.5,24.3,29.6
2314.666,25.7,30.0,24.2,30.5,21.0,30.6,23.7,29.7
2315.666,26.1,30.1,24.5,30.6,21.3,30.8,24.1,29.8
2316.666,25.8,30.2,24.4,30.7,21.5,31.0,24.2,29.9
2317.666,25.9,30.3,24.4,30.8,21.7,31.1,24.3,30.0
2318.666,26.3,30.3,24.7,30.9,21.8,31.2,24.7,30.1
2319.666,26.0,30.4,24.5,31.0,21.3,31.3,24.2,30.2
2320.666,23.0,30.5,22.1,31.1,19.0,31.4,21.8,30.3
2321.666,-0.2,30.8,1.0,31.3,0.9,31.7,0.1,30.6
2322.666,-9.8,30.7,-6.3,31.4,-5.0,31.7,-9.0,30.5
2323.666,-25.7,30.3,-25.6,30.9,-21.1,31.3,-22.2,30.2
2324.666,-27.4,30.1,-27.8,30.7,-23.8,31.0,-24.3,30.0
2325.666,-27.5,29.9,-28.2,30.5,-23.8,30.8,-24.6,29.8
2326.666,-27.2,29.6,-28.1,30.2,-23.6,30.5,-24.3,29.6
2327.666,-27.2,29.5,-28.0,30.1,-23.3,30.3,-24.2,29.5
2328.666,-27.3,29.4,-28.1,29.9,-23.4,30.2,-24.3,29.4
2329.666,-27.5,29.4,-28.2,29.9,-23.8,30.1,-24.3,29.4
2330.666,-27.5,29.3,-28.2,29.8,-23.7,30.1,-24.4,29.3
2331.666,-27.5,29.3,-28.1,29.8,-23.5,30.1,-24.3,29.3
2332.666,-27.5,29.3,-28.2,29.8,-23.6,30.1,-24.3,29.3
2333.666,-27.8,29.3,-28.4,29.8,-23.9,30.0,-24.6,29.2
2334.666,-27.7,29.2,-28.3,29.8,-23.7,30.0,-24.3,29.2
2335.666,-27.7,29.2,-28.3,29.7,-23.7,30.0,-24.3,29.2
2336.666,-27.5,29.2,-28.3,29.7,-23.1,30.0,-24.5,29.2
2337.666,-24.2,29.2,-27.3,29.7,-18.9,30.0,-20.7,29.2
2338.666,-24.9,29.2,-25.3,29.7,-21.9,30.0,-22.4,29.2
2339.666,-19.4,29.2,-18.2,29.7,-16.9,30.0,-16.6,29.2
2340.666,0.5,29.7,-0.0,30.1,0.3,30.4,0.7,29.6
2341.666,8.4,29.8,5.4,30.3,6.0,30.5,10.8,29.5
2342.666,19.6,29.3,19.5,29.7,14.9,30.0,17.6,29.3
2343.666,23.6,29.1,21.3,29.6,19.7,29.9,21.9,29.1
2344.666,22.7,29.1,23.6,29.5,18.2,29.9,21.3,29.2
2345.666,25.6,29.2,24.4,29.6,26.7,29.9,24.7,29.1
2346.666,25.4,29.2,24.0,29.7,21.3,30.0,23.6,29.2
2347.666,25.7,29.3,24.3,29.7,21.8,30.1,24.2,29.3
2348.666,25.7,29.5,24.3,29.8,21.6,30.2,24.1,29.3
2349.666,25.7,29.7,24.3,30.0,21.6,30.3,24.1,29.4
2350.666,25.6,29.8,24.2,30.2,21.6,30.4,24.1,29.4
2351.666,25.9,29.9,24.4,30.3,21.7,30.6,24.2,29.5
2352.666,26.0,30.0,24.5,30.5,21.8,30.7,24.2,29.7
2353.666,25.8,30.1,24.2,30.6,21.3,30.9,23.6,29.8
2354.666,25.9,30.2,24.5,30.7,22.1,31.0,24.7,29.9
2355.666,25.9,30.3,24.3,30.8,21.6,31.2,24.0,30.0
2356.666,26.4,30.3,24.8,30.9,22.3,31.3,24.6,30.1
2357.666,26.1,30.4,24.6,31.0,22.0,31.4,24.4,30.2
2358.666,20.9,30.5,20.2,31.1,17.5,31.5,19.6,30.3
2359.666,-2.9,30.8,-0.4,31.4,-0.5,31.8,-2.0,30.6
2360.667,-12.7,30.6,-10.6,31.3,-8.8,31.6,-11.3,30.4
2361.667,-27.0,30.2,-27.0,30.9,-22.5,31.2,-23.6,30.1
2362.667,-27.4,30.1,-27.8,30.7,-23.6,31.0,-24.3,30.0
2363.667,-27.5,29.8,-28.2,30.5,-23.8,30.8,-24.5,29.8
2364.667,-27.2,29.6,-28.1,30.2,-23.6,30.5,-24.4,29.6
2365.667,-27.2,29.5,-28.0,30.0,-23.5,30.3,-24.2,29.5
2366.667,-27.3,29.4,-28.1,29.9,-23.6,30.2,-24.4,29.4
2367.667,-27.5,29.4,-28.2,29.9,-23.6,30.2,-24.3,29.4
2368.667,-27.4,29.3,-28.2,29.8,-23.6,30.2,-24.4,29.3
2369.667,-27.5,29.3,-28.1,29.8,-23.6,30.1,-24.4,29.3
2370.667,-27.6,29.3,-28.2,29.8,-23.6,30.1,-24.3,29.3
2371.667,-27.7,29.2,-28.4,29.8,-23.8,30.0,-24.5,29.2
2372.667,-27.6,29.2,-28.3,29.7,-23.7,30.0,-24.5,29.2
2373.667,-27.8,29.2,-28.3,29.7,-23.7,30.0,-24.3,29.2
2374.667,-26.6,29.2,-28.2,29.7,-21.8,30.0,-23.9,29.2
2375.667,-24.1,29.2,-26.4,29.7,-19.7,30.0,-19.9,29.2
2376.667,-24.5,29.2,-25.5,29.7,-21.9,30.0,-22.8,29.2
2377.667,-13.6,29.2,-12.4,29.8,-11.4,30.0,-11.4,29.2
2378.690,0.5,29.8,-0.1,30.2,0.2,30.5,0.4,29.7
2379.690,11.1,29.6,10.3,30.1,8.1,30.4,11.3,29.5
2380.690,20.7,29.2,19.6,29.6,17.5,30.0,19.8,29.2
2381.690,23.1,29.1,21.4,29.6,19.7,29.9,21.2,29.2
2382.690,24.1,29.1,24.0,29.6,18.5,29.9,22.8,29.2
2383.723,25.3,29.2,24.3,29.6,21.8,30.0,24.1,29.2
2384.723,25.6,29.2,24.1,29.7,21.4,30.0,23.8,29.2
2385.752,25.7,29.4,24.4,29.8,21.9,30.1,24.4,29.3
2386.752,25.6,29.6,24.2,29.9,21.5,30.2,24.2,29.3
2387.752,25.6,29.7,24.2,30.1,21.6,30.3,24.0,29.4
2388.752,25.7,29.8,24.2,30.2,21.5,30.5,24.0,29.5
2389.761,25.9,30.0,24.4,30.4,21.7,30.6,24.1,29.6
2390.761,25.8,30.1,24.3,30.5,21.6,30.8,24.0,29.7
2391.761,25.9,30.1,24.4,30.6,21.7,30.9,24.2,29.8
2392.761,25.9,30.2,24.4,30.7,21.8,31.1,24.2,29.9
2393.761,25.9,30.3,24.5,30.8,21.8,31.2,24.3,30.0
2394.763,26.3,30.4,24.8,30.9,22.2,31.3,24.6,30.2
2395.763,26.3,30.4,24.7,31.0,22.1,31.4,24.4,30.2
2396.763,14.7,30.6,15.0,31.1,12.7,31.6,14.7,30.4
2397.763,0.3,30.8,0.8,31.4,0.4,31.8,0.3,30.6
2398.763,-9.6,30.6,-6.4,31.4,-5.8,31.7,-8.9,30.5
2399.763,-24.6,30.3,-24.4,30.9,-19.9,31.3,-21.2,30.2
2400.763,-27.3,30.1,-27.8,30.7,-23.5,31.1,-24.3,30.0
2401.763,-27.6,29.9,-28.2,30.5,-23.9,30.8,-24.6,29.8
2402.763,-27.3,29.7,-28.2,30.3,-23.6,30.5,-24.4,29.6
2403.763,-27.2,29.5,-28.0,30.0,-23.4,30.3,-24.2,29.5
2404.763,-27.2,29.4,-28.0,29.9,-23.5,30.2,-24.4,29.4
2405.763,-27.5,29.4,-28.2,29.9,-23.7,30.2,-24.5,29.4
2406.763,-27.5,29.3,-28.2,29.9,-23.6,30.1,-24.3,29.3
2407.763,-27.5,29.3,-28.2,29.8,-23.6,30.1,-24.4,29.3
2408.763,-27.5,29.3,-28.1,29.8,-23.6,30.1,-24.3,29.3
2409.763,-27.7,29.3,-28.3,29.8,-23.8,30.1,-24.4,29.3
2410.763,-27.8,29.2,-28.5,29.8,-23.9,30.0,-24.6,29.2
2411.763,-27.6,29.2,-28.2,29.7,-23.6,30.0,-24.3,29.2
2412.763,-27.5,29.2,-28.3,29.7,-23.2,30.0,-24.4,29.2
2413.763,-23.9,29.2,-27.8,29.7,-19.3,30.0,-21.8,29.2
2414.763,-24.9,29.2,-25.2,29.7,-21.5,30.0,-21.6,29.2
2415.763,-22.3,29.2,-22.1,29.7,-19.4,30.0,-20.0,29.2
2416.763,0.9,29.6,0.1,30.1,-0.4,30.3,0.8,29.6
2417.763,6.1,29.8,2.9,30.3,5.5,30.5,7.1,29.7
2418.763,18.2,29.3,19.3,29.8,14.8,30.0,16.0,29.3
2419.763,23.3,29.2,21.1,29.6,20.2,29.9,22.9,29.2
2420.763,23.6,29.1,23.6,29.6,18.1,29.9,21.9,29.2
2421.763,25.4,29.2,24.1,29.6,21.0,30.0,23.9,29.2
2422.763,25.6,29.2,24.3,29.7,21.5,30.0,23.9,29.2
2423.763,25.7,29.3,24.3,29.7,21.8,30.1,24.3,29.2
2424.763,25.8,29.5,24.3,29.8,21.5,30.1,23.9,29.3
2425.763,25.4,29.7,24.2,30.0,21.5,30.3,24.1,29.3
2426.763,25.4,29.8,24.1,30.2,21.5,30.4,24.1,29.4
2427.763,26.0,29.9,24.5,30.3,21.9,30.6,24.3,29.5
2428.763,25.9,30.0,24.4,30.5,21.7,30.7,24.0,29.6
2429.763,25.8,30.1,24.3,30.6,21.5,30.9,23.9,29.8
2430.763,25.8,30.2,24.4,30.7,21.8,31.0,24.3,29.9
2431.763,25.7,30.3,24.3,30.8,21.7,31.1,24.3,30.0
2432.763,26.2,30.3,24.7,30.9,22.2,31.3,24.6,30.1
2433.763,26.3,30.4,24.6,31.0,22.0,31.4,24.4,30.2
2434.763,23.7,30.5,22.5,31.1,19.9,31.5,22.8,30.3
2435.763,-0.2,30.8,1.2,31.3,0.6,31.7,0.2,30.5
2436.763,-11.5,30.6,-8.3,31.3,-7.0,31.7,-9.8,30.4
2437.763,-26.6,30.3,-26.4,30.9,-20.7,31.3,-22.9,30.1
2438.763,-27.4,30.1,-27.8,30.7,-23.1,31.0,-24.3,30.0
2439.763,-27.6,29.9,-28.2,30.5,-24.0,30.8,-24.6,29.8
2440.763,-27.2,29.6,-28.2,30.3,-24.1,30.5,-24.5,29.6
2441.763,-27.2,29.5,-28.0,30.0,-23.7,30.3,-24.1,29.5
2442.763,-27.3,29.4,-28.1,29.9,-23.7,30.2,-24.4,29.4
2443.763,-27.4,29.4,-28.2,29.9,-24.6,30.2,-24.4,29.3
2444.763,-27.5,29.3,-28.2,29.8,-25.2,30.1,-24.3,29.3
2445.763,-27.6,29.3,-28.3,29.8,-23.8,30.1,-24.5,29.3
2446.763,-27.5,29.3,-28.2,29.8,-23.6,30.1,-24.2,29.2
2447.763,-27.8,29.3,-28.5,29.8,-33.9,30.0,-24.6,29.2
2448.763,-27.8,29.2,-28.4,29.7,-23.8,30.0,-24.6,29.2
2449.763,-27.7,29.2,-28.2,29.7,-23.6,30.0,-24.2,29.2
2450.763,-27.3,29.2,-28.3,29.7,-22.8,30.0,-24.4,29.2
2451.763,-23.2,29.2,-27.0,29.7,-19.9,30.0,-20.7,29.2
2452.763,-24.7,29.2,-25.6,29.7,-20.8,30.0,-22.1,29.2
2453.763,-16.9,29.2,-14.7,29.7,-14.5,30.0,-14.3,29.2
2454.765,0.1,29.8,-0.4,30.1,0.0,30.5,0.5,29.6
2455.765,7.1,29.9,8.7,30.2,7.8,30.4,8.5,29.6
2456.766,19.9,29.3,18.0,29.7,15.0,30.0,17.3,29.2
2457.766,23.7,29.2,21.7,29.5,18.9,29.9,22.1,29.1
2458.766,22.5,29.2,23.2,29.6,18.2,29.9,21.9,29.1
2459.766,25.6,29.2,24.2,29.6,21.6,29.9,24.4,29.1
2460.766,25.4,29.2,24.1,29.7,20.9,30.0,23.8,29.2
2461.766,25.7,29.3,24.2,29.7,21.3,30.0,24.1,29.2
2462.766,25.8,29.5,24.3,29.8,30.3,30.1,24.2,29.3
2463.766,25.4,29.7,24.0,30.0,22.9,30.3,23.7,29.3
2464.766,25.8,29.8,24.3,30.2,21.6,30.4,24.3,29.4
2465.766,25.8,29.9,24.3,30.3,21.2,30.5,24.4,29.5
2466.766,25.9,30.0,24.4,30.5,21.2,30.6,24.3,29.6
2467.766,25.8,30.1,24.4,30.6,21.5,30.8,24.1,29.8
2468.766,25.7,30.2,24.2,30.7,24.5,31.0,24.0,29.9
2469.766,26.0,30.3,24.5,30.8,21.9,31.1,24.5,30.0
2470.768,26.3,30.3,24.7,30.9,21.8,31.2,24.5,30.1
2471.768,26.1,30.4,24.6,30.9,21.6,31.3,24.3,30.2
2472.768,21.7,30.5,20.8,31.1,17.8,31.4,20.6,30.3
2473.768,-0.7,30.8,0.6,31.3,0.1,31.7,-0.2,30.5
2474.768,-9.9,30.6,-6.6,31.4,-5.9,31.7,-9.0,30.4
2475.768,-26.1,30.3,-26.2,30.9,-21.5,31.2,-22.5,30.1
2476.768,-27.4,30.1,-27.8,30.7,-23.6,31.0,-24.4,30.0
2477.768,-27.6,29.9,-28.2,30.5,-23.8,30.8,-24.5,29.8
2478.768,-27.2,29.6,-28.1,30.2,-23.7,30.5,-24.4,29.6
2479.768,-27.2,29.5,-28.0,30.0,-23.5,30.3,-24.2,29.5
2480.768,-27.4,29.4,-28.1,29.9,-23.6,30.2,-24.3,29.4
2481.768,-27.5,29.4,-28.3,29.9,-23.8,30.1,-24.5,29.3
2482.768,-27.5,29.3,-28.1,29.8,-23.5,30.1,-24.1,29.3
2483.768,-27.7,29.3,-28.3,29.8,-23.8,30.1,-24.4,29.3
2484.768,-27.5,29.3,-28.2,29.8,-23.5,30.1,-24.2,29.2
2485.768,-27.7,29.2,-28.4,29.7,-23.9,30.0,-24.5,29.2
2486.768,-27.8,29.2,-28.4,29.7,-23.9,30.0,-24.5,29.2
2487.768,-27.7,29.2,-28.3,29.7,-23.7,30.0,-24.4,29.2
2488.768,-27.5,29.2,-28.2,29.7,-22.6,30.0,-24.3,29.2
2489.768,-24.3,29.2,-27.2,29.7,-19.7,30.0,-20.3,29.2
2490.768,-23.7,29.2,-24.8,29.7,-21.2,30.0,-22.7,29.2
2491.768,-18.9,29.2,-17.9,29.7,-16.5,30.0,-16.1,29.1
2492.768,-0.3,29.7,-1.0,30.1,-0.0,30.5,0.5,29.6
2493.768,6.0,29.9,4.2,30.3,5.2,30.6,7.4,29.7
2494.768,18.9,29.3,18.2,29.7,15.3,30.0,17.0,29.2
2495.769,24.0,29.2,20.9,29.6,19.4,29.9,21.3,29.1
2496.769,22.6,29.2,23.8,29.5,18.0,29.9,22.9,29.1
2497.769,25.0,29.2,23.8,29.6,20.8,29.9,23.8,29.1
2498.769,25.7,29.2,24.2,29.6,21.7,30.0,24.2,29.2
2499.769,25.8,29.3,24.4,29.7,21.7,30.0,24.2,29.2
2500.769,25.5,29.5,24.0,29.8,21.0,30.1,23.8,29.3
2501.769,25.8,29.7,24.5,29.9,21.6,30.2,24.4,29.3
2502.796,25.4,29.8,24.1,30.1,21.0,30.4,23.8,29.4
2503.796,26.0,29.9,24.4,30.3,21.5,30.5,24.1,29.5
2504.796,25.8,30.0,24.3,30.4,21.3,30.7,23.9,29.6
2505.796,26.0,30.1,24.6,30.5,21.4,30.8,24.1,29.7
2506.796,25.6,30.2,24.4,30.6,21.4,31.0,24.2,29.8
2507.796,26.0,30.3,24.6,30.7,21.5,31.1,24.2,30.0
2508.796,26.4,30.3,24.8,30.8,21.9,31.2,24.6,30.1
2509.796,26.0,30.4,24.5,31.0,21.4,31.3,24.1,30.1
2510.796,22.8,30.5,21.8,31.0,18.9,31.4,21.8,30.3
2511.796,-0.1,30.8,1.2,31.3,0.6,31.7,0.2,30.5
2512.796,-11.1,30.6,-8.3,31.3,-7.2,31.6,-10.4,30.4
2513.796,-26.0,30.3,-25.9,30.9,-21.4,31.2,-22.4,30.1
2514.796,-27.4,30.1,-27.8,30.7,-23.5,31.0,-24.3,30.0
2515.796,-27.6,29.9,-28.2,30.5,-23.9,30.7,-24.6,29.8
2516.796,-27.2,29.7,-28.1,30.2,-23.7,30.4,-24.4,29.5
2517.796,-27.3,29.5,-28.1,30.0,-23.5,30.3,-24.2,29.4
2518.796,-27.3,29.4,-28.0,29.9,-23.4,30.2,-24.2,29.4
2519.796,-27.6,29.4,-28.3,29.8,-23.7,30.1,-24.4,29.3
2520.796,-27.5,29.3,-28.2,29.8,-23.6,30.1,-24.3,29.3
2521.796,-27.5,29.3,-28.2,29.8,-23.6,30.1,-24.3,29.2
2522.796,-27.6,29.3,-28.2,29.7,-23.6,30.0,-24.3,29.2
2523.798,-27.8,29.3,-28.4,29.7,-23.8,30.0,-24.5,29.2
2524.798,-27.7,29.2,-28.3,29.7,-23.8,30.0,-24.5,29.2
2525.798,-27.9,29.2,-28.3,29.7,-23.7,30.0,-24.4,29.1
2526.798,-27.4,29.2,-28.2,29.7,-22.6,30.0,-24.3,29.1
2527.798,-23.6,29.2,-27.1,29.7,-19.7,30.0,-20.4,29.1
2528.798,-25.4,29.2,-25.4,29.7,-21.3,30.0,-22.6,29.1
2529.798,-17.1,29.2,-16.1,29.7,-14.9,30.0,-15.6,29.2
2530.798,0.6,29.7,-0.0,30.1,-0.1,30.4,0.2,29.6
2531.798,10.5,29.7,2.7,30.4,4.0,30.6,7.4,29.6
2532.798,18.1,29.3,18.6,29.8,16.3,30.0,17.9,29.2
2533.824,23.1,29.1,21.3,29.6,19.2,29.9,21.1,29.1
2534.824,22.9,29.2,23.9,29.6,17.9,29.9,22.9,29.1
2535.825,25.2,29.2,23.9,29.6,21.5,29.9,24.0,29.1
2536.825,25.6,29.2,24.4,29.7,21.7,30.0,24.4,29.2
2537.825,25.5,29.4,24.2,29.7,21.3,30.0,23.9,29.2
2538.825,25.6,29.5,24.2,29.8,21.2,30.1,23.9,29.3
2539.825,25.4,29.7,24.2,30.0,21.3,30.2,24.2,29.3
2540.825,25.5,29.8,24.1,30.1,21.1,30.4,23.9,29.4
2541.825,26.1,29.9,24.7,30.3,21.9,30.5,24.7,29.5
2542.825,25.5,30.0,24.1,30.4,21.0,30.7,23.6,29.6
2543.825,25.7,30.1,24.3,30.6,21.3,30.8,24.0,29.7
2544.825,25.9,30.2,24.4,30.7,21.5,30.9,24.2,29.8
2545.825,25.8,30.3,24.4,30.8,21.5,31.1,24.3,30.0
2546.825,26.1,30.4,24.7,30.9,21.9,31.2,24.6,30.1
2547.825,26.1,30.4,24.6,31.0,21.5,31.3,24.2,30.2
2548.825,22.6,30.5,21.6,31.0,18.9,31.4,21.5,30.2
2549.829,-0.9,30.8,0.5,31.3,0.3,31.7,-0.5,30.5
2550.829,-11.4,30.6,-8.9,31.3,-7.5,31.6,-10.5,30.4
2551.829,-26.8,30.3,-26.8,30.9,-22.1,31.2,-23.2,30.1
2552.829,-27.4,30.1,-27.8,30.7,-23.5,31.0,-24.2,30.0
2553.829,-27.6,29.8,-28.2,30.5,-23.9,30.7,-24.6,29.7
2554.829,-27.2,29.6,-28.1,30.2,-23.6,30.4,-24.4,29.5
2555.829,-27.2,29.5,-28.0,30.0,-23.5,30.3,-24.3,29.4
2556.829,-27.4,29.4,-28.1,29.9,-23.6,30.2,-24.3,29.3
2557.829,-27.4,29.3,-28.1,29.9,-23.6,30.1,-24.4,29.3
2558.829,-27.5,29.3,-28.2,29.8,-23.7,30.1,-24.4,29.2
2559.829,-27.6,29.3,-28.2,29.8,-23.7,30.1,-24.4,29.2
2560.861,-27.5,29.3,-28.1,29.7,-23.6,30.0,-24.2,29.2
2561.861,-27.8,29.2,-28.4,29.7,-24.0,30.0,-24.6,29.2
2562.861,-27.7,29.2,-28.3,29.7,-23.8,30.0,-24.5,29.2
2563.861,-27.7,29.2,-28.2,29.7,-23.6,30.0,-24.2,29.1
2564.861,-27.2,29.2,-28.3,29.7,-22.4,30.0,-24.3,29.1
2565.861,-23.4,29.3,-26.7,29.7,-19.7,30.0,-20.1,29.1
2566.861,-25.6,29.2,-25.6,29.7,-20.9,29.9,-22.8,29.1
2567.861,-14.9,29.3,-14.8,29.7,-14.1,30.0,-12.9,29.2
2568.861,-1.1,29.7,-0.5,30.1,-0.4,30.4,-0.5,29.5
2569.861,0.6,30.0,0.3,30.4,0.6,30.7,3.0,29.8
2570.861,14.4,29.6,12.8,30.0,12.2,30.2,14.0,29.3
2571.861,22.4,29.2,20.6,29.6,18.6,29.9,21.3,29.1
2572.865,23.4,29.2,21.8,29.5,17.6,29.9,20.7,29.1
2573.865,24.1,29.2,24.3,29.5,19.5,29.9,23.1,29.1
2574.865,25.5,29.2,24.2,29.6,21.7,29.9,24.2,29.1
2575.865,25.5,29.3,24.2,29.7,21.3,30.0,24.1,29.2
2576.865,25.8,29.4,24.3,29.7,21.5,30.1,24.1,29.2
2577.865,25.4,29.6,24.1,29.9,21.1,30.1,23.8,29.3
2578.865,25.7,29.7,24.2,30.0,21.4,30.3,24.1,29.3
2579.865,25.7,29.8,24.3,30.2,21.4,30.4,24.2,29.4
2580.865,25.8,29.9,24.4,30.3,21.5,30.5,24.2,29.5
2581.865,25.7,30.1,24.3,30.5,21.4,30.7,24.1,29.6
2582.865,25.7,30.1,24.2,30.6,21.1,30.9,23.7,29.8
2583.865,25.8,30.2,24.6,30.7,21.6,31.0,24.4,29.9
2584.865,26.0,30.3,24.5,30.8,21.6,31.1,24.4,30.0
2585.865,26.1,30.3,24.6,30.9,21.7,31.2,24.5,30.1
2586.865,26.2,30.4,24.6,31.0,21.7,31.3,24.3,30.2
2587.865,12.0,30.6,11.8,31.1,10.1,31.5,11.5,30.3
2588.865,-2.8,30.8,0.0,31.4,-0.3,31.8,-1.8,30.6
2589.865,-12.9,30.5,-11.7,31.2,-9.4,31.5,-11.8,30.3
2590.865,-27.2,30.2,-27.3,30.8,-22.6,31.1,-23.8,30.0
2591.865,-27.4,30.0,-27.8,30.6,-23.5,30.9,-24.3,29.9
2592.865,-27.5,29.8,-28.1,30.4,-23.9,30.7,-24.6,29.7
2593.865,-27.2,29.6,-27.9,30.1,-23.5,30.4,-24.3,29.5
2594.865,-27.3,29.4,-27.9,30.0,-23.5,30.2,-24.3,29.4
2595.880,-27.3,29.3,-28.0,29.9,-23.5,30.1,-24.4,29.3
2596.880,-27.6,29.3,-28.1,29.8,-23.4,30.1,-24.3,29.3
2597.880,-27.5,29.3,-28.1,29.8,-23.6,30.0,-24.3,29.2
2598.880,-27.5,29.2,-28.1,29.7,-23.7,30.0,-24.4,29.2
2599.880,-27.7,29.2,-28.2,29.7,-23.6,30.0,-24.2,29.2
2600.880,-27.9,29.2,-28.4,29.7,-23.9,30.0,-24.6,29.1
2601.880,-27.6,29.2,-28.2,29.7,-24.1,30.0,-24.4,29.1
2602.880,-27.8,29.2,-28.3,29.7,-23.8,30.0,-24.4,29.1
2603.881,-26.6,29.2,-28.2,29.6,-22.0,30.0,-23.7,29.1
2604.881,-23.7,29.2,-26.2,29.6,-19.3,30.0,-19.8,29.1
2605.881,-24.5,29.2,-25.7,29.6,-22.2,29.9,-23.2,29.1
2606.881,-13.8,29.3,-12.6,29.7,-11.8,30.0,-11.6,29.2
2607.881,0.5,29.8,0.0,30.2,0.1,30.5,0.3,29.6
2608.881,9.6,29.7,5.1,30.3,5.9,30.5,7.1,29.6
2609.881,18.4,29.3,19.1,29.6,16.8,30.0,18.6,29.2
2610.881,22.3,29.1,21.0,29.5,18.5,29.9,20.6,29.1
2611.881,23.0,29.1,23.5,29.5,17.8,29.9,23.3,29.1
2612.881,26.1,29.2,24.5,29.6,21.4,29.9,24.1,29.1
2613.881,25.4,29.2,24.0,29.6,21.1,29.9,23.7,29.1
2614.881,25.6,29.3,24.3,29.7,21.6,30.0,24.5,29.2
2615.881,25.4,29.5,24.0,29.8,21.1,30.1,23.7,29.2
2616.881,25.6,29.7,24.3,30.0,21.5,30.2,24.5,29.3
2617.881,25.6,29.8,24.1,30.2,21.2,30.3,24.0,29.3
2618.881,25.6,29.9,24.2,30.3,21.3,30.5,23.9,29.5
2619.881,25.9,30.0,24.3,30.4,21.5,30.6,24.2,29.6
2620.881,25.8,30.1,24.2,30.5,21.2,30.8,23.9,29.7
2621.881,25.9,30.2,24.4,30.7,21.6,30.9,24.4,29.8
2622.881,25.8,30.3,24.4,30.8,21.6,31.0,24.3,29.9
2623.881,26.1,30.3,24.5,30.8,21.8,31.2,24.3,30.0
2624.881,26.0,30.4,24.5,31.0,21.7,31.3,24.4,30.1
2625.881,21.8,30.5,20.9,31.0,18.1,31.4,20.7,30.2
2626.881,-0.3,30.8,0.7,31.3,0.3,31.7,-0.1,30.5
2627.881,-10.2,30.6,-7.1,31.3,-6.3,31.6,-9.5,30.4
2628.881,-25.7,30.3,-25.4,30.9,-21.0,31.2,-22.3,30.1
2629.881,-27.3,30.1,-27.6,30.7,-23.5,31.0,-24.3,29.9
2630.881,-27.5,29.9,-28.0,30.5,-23.9,30.7,-24.6,29.7
2631.882,-27.3,29.6,-28.1,30.2,-23.7,30.4,-24.4,29.5
2632.882,-27.2,29.5,-27.9,30.0,-23.4,30.2,-24.1,29.4
2633.882,-27.2,29.4,-27.9,29.9,-23.4,30.2,-24.2,29.3
2634.882,-27.4,29.3,-28.1,29.8,-23.7,30.1,-24.4,29.2
2635.882,-27.4,29.3,-28.0,29.8,-23.6,30.0,-24.3,29.2
2636.882,-27.5,29.3,-28.1,29.8,-23.6,30.0,-24.3,29.2
2637.882,-27.8,29.3,-28.1,29.7,-23.6,30.0,-24.2,29.2
2638.895,-27.8,29.2,-28.3,29.7,-23.8,30.0,-24.5,29.1
2639.895,-27.7,29.2,-28.3,29.7,-23.9,30.0,-24.6,29.1
2640.895,-27.7,29.2,-28.1,29.7,-23.5,30.0,-24.2,29.1
2641.895,-27.6,29.2,-28.2,29.6,-23.0,29.9,-24.4,29.1
2642.895,-23.6,29.2,-27.3,29.6,-19.5,29.9,-20.3,29.1
2643.895,-25.4,29.2,-24.7,29.6,-21.4,29.9,-22.8,29.1
2644.895,-17.3,29.2,-17.6,29.7,-16.2,29.9,-16.0,29.1
2645.895,0.7,29.6,-0.3,30.1,-0.2,30.4,-0.1,29.5
2646.895,9.3,29.6,1.9,30.3,5.5,30.5,7.5,29.6
2647.895,17.1,29.3,18.7,29.8,14.0,30.0,15.3,29.2
2648.895,23.6,29.1,21.4,29.5,19.6,29.9,23.0,29.1
2649.897,22.6,29.1,23.6,29.5,18.3,29.9,21.8,29.1
2650.897,25.1,29.1,23.8,29.5,20.8,29.9,23.8,29.1
2651.897,25.6,29.2,24.2,29.6,21.6,29.9,24.1,29.1
2652.897,25.7,29.3,24.1,29.7,21.3,30.0,23.9,29.2
2653.897,25.6,29.5,24.1,29.8,21.3,30.1,24.0,29.2
2654.897,25.6,29.6,24.2,29.9,21.4,30.2,24.2,29.2
2655.897,25.6,29.8,24.1,30.1,21.2,30.3,23.9,29.3
2656.897,25.9,29.9,24.4,30.3,21.5,30.5,24.3,29.4
2657.897,25.8,30.0,24.2,30.4,21.3,30.6,23.9,29.5
2658.897,25.9,30.1,24.4,30.5,21.4,30.8,24.1,29.7
2659.897,25.7,30.1,24.2,30.6,21.2,30.9,23.8,29.8
2660.897,25.9,30.2,24.5,30.7,21.9,31.0,24.7,29.9
2661.897,25.9,30.3,24.4,30.8,21.4,31.1,24.0,30.0
2662.897,26.1,30.3,24.6,30.9,21.7,31.2,24.4,30.1
2663.898,24.2,30.4,22.9,31.0,20.1,31.3,22.8,30.2
2664.898,1.4,30.7,2.1,31.2,1.3,31.6,1.4,30.4
2665.898,-10.0,30.6,-6.6,31.3,-6.0,31.6,-9.2,30.4
2666.901,-24.2,30.3,-24.3,30.9,-19.8,31.2,-21.2,30.1
2667.901,-27.3,30.0,-27.7,30.7,-23.5,31.0,-24.2,29.9
2668.901,-27.5,29.9,-28.1,30.5,-23.8,30.7,-24.5,29.7
2669.923,-27.3,29.6,-28.2,30.2,-23.7,30.4,-24.4,29.5
2670.923,-27.2,29.4,-28.0,30.0,-23.5,30.2,-24.2,29.4
2671.923,-27.2,29.4,-28.0,29.9,-23.4,30.2,-24.2,29.3
2672.923,-27.4,29.3,-28.1,29.8,-23.7,30.1,-24.4,29.2
2673.923,-27.5,29.3,-28.2,29.8,-23.6,30.1,-24.3,29.2
2674.923,-27.5,29.3,-28.2,29.8,-23.6,30.0,-24.3,29.2
2675.923,-27.5,29.2,-28.1,29.7,-23.6,30.0,-24.3,29.1
2676.925,-27.8,29.2,-28.4,29.7,-23.9,30.0,-24.5,29.1
2677.925,-27.7,29.2,-28.4,29.7,-23.8,29.9,-24.4,29.1
2678.925,-27.6,29.2,-28.2,29.7,-23.6,29.9,-24.2,29.1
2679.925,-27.5,29.1,-28.3,29.6,-23.0,29.9,-24.4,29.1
2680.925,-24.5,29.2,-27.4,29.6,-19.3,29.9,-20.3,29.1
2681.925,-23.7,29.2,-25.4,29.6,-20.5,29.9,-22.8,29.1
2682.925,-21.0,29.1,-19.3,29.6,-18.5,29.9,-17.8,29.0
2683.925,-0.1,29.6,0.1,30.0,-0.4,30.3,0.7,29.5
2684.925,4.4,29.9,2.4,30.3,2.8,30.6,7.2,29.5
2685.925,17.9,29.3,17.8,29.7,15.2,30.0,15.2,29.2
2686.925,23.3,29.1,21.4,29.5,19.7,29.8,22.0,29.0
2687.925,23.0,29.1,23.1,29.5,17.6,29.8,21.8,29.0
2688.925,24.7,29.1,23.9,29.5,20.9,29.8,23.8,29.0
2689.925,25.6,29.1,24.2,29.6,21.4,29.9,24.0,29.1
2690.925,25.5,29.2,24.1,29.6,21.3,30.0,23.9,29.1
2691.925,25.7,29.4,24.3,29.7,21.4,30.0,24.0,29.1
2692.925,25.6,29.6,24.2,29.9,21.4,30.1,24.2,29.2
2693.925,25.5,29.7,24.1,30.1,21.1,30.3,23.7,29.3
2694.925,25.9,29.8,24.5,30.2,21.7,30.4,24.4,29.4
2695.925,25.7,30.0,24.2,30.4,21.2,30.6,23.7,29.5
2696.925,25.8,30.0,24.3,30.5,21.4,30.7,24.0,29.6
2697.925,25.8,30.1,24.3,30.6,21.2,30.9,23.9,29.7
2698.925,26.0,30.2,24.5,30.7,21.7,31.0,24.5,29.8
2699.925,26.1,30.3,24.6,30.8,21.6,31.1,24.6,30.0
2700.943,26.2,30.3,24.6,30.9,21.6,31.2,24.3,30.1
2701.943,25.1,30.4,23.6,31.0,20.8,31.3,23.5,30.2
2702.943,1.9,30.7,2.6,31.2,1.9,31.6,2.1,30.4
2703.943,-8.4,30.6,-4.3,31.4,-4.1,31.7,-7.2,30.4
2704.948,-23.6,30.3,-23.5,30.9,-17.6,31.2,-20.6,30.1
2705.948,-27.2,30.0,-27.7,30.7,-23.3,31.0,-24.2,29.9
2706.950,-27.5,29.8,-28.1,30.5,-23.9,30.8,-24.5,29.7
2707.951,-27.2,29.6,-28.2,30.2,-24.1,30.5,-24.4,29.5
2708.951,-27.1,29.4,-28.0,30.0,-23.5,30.2,-24.2,29.4
2709.951,-27.2,29.3,-28.0,29.9,-23.6,30.1,-24.3,29.3
2710.951,-27.3,29.3,-28.1,29.8,-23.7,30.1,-24.4,29.2
2711.951,-27.5,29.2,-28.2,29.8,-26.0,30.0,-24.2,29.2
2712.951,-27.5,29.2,-28.2,29.7,-24.1,30.0,-24.4,29.1
2713.951,-27.4,29.2,-28.1,29.7,-23.5,30.0,-24.2,29.1
2714.951,-27.7,29.2,-28.4,29.7,-23.9,29.9,-24.5,29.1
2715.951,-27.8,29.2,-28.4,29.6,-23.8,29.9,-24.4,29.1
2716.951,-27.5,29.2,-28.2,29.6,-25.0,29.9,-24.3,29.1
2717.951,-27.6,29.1,-28.3,29.6,-24.9,29.9,-24.5,29.0
2718.951,-24.7,29.1,-27.8,29.6,-19.0,29.9,-20.6,29.0
2719.951,-23.5,29.1,-25.2,29.6,-21.7,29.9,-22.3,29.0
2720.951,-22.9,29.1,-22.3,29.6,-24.4,29.8,-20.5,29.0
2721.951,-1.5,29.5,-0.0,29.9,-0.7,30.2,-0.1,29.4
2722.951,0.6,29.8,0.2,30.2,0.2,30.6,0.8,29.7
2723.951,13.8,29.5,12.7,29.9,10.0,30.3,13.4,29.3
2724.951,22.3,29.1,20.4,29.5,20.4,29.9,20.9,29.1
2725.951,23.6,29.0,21.8,29.5,20.3,29.8,21.0,29.0
2726.951,23.7,29.1,23.8,29.5,29.1,29.9,23.9,29.0
2727.951,25.7,29.1,24.2,29.5,22.9,29.9,24.3,29.0
2728.951,25.4,29.2,23.9,29.6,21.7,29.9,23.7,29.1
2729.951,25.8,29.3,24.2,29.7,21.2,30.0,24.1,29.1
2730.953,25.7,29.5,24.3,29.8,21.5,30.1,24.3,29.2
2731.953,25.4,29.6,24.0,30.0,21.1,30.2,23.8,29.2
2732.953,25.7,29.8,24.2,30.2,21.3,30.3,23.9,29.3
2733.953,25.9,29.9,24.4,30.3,21.5,30.5,24.2,29.4
2734.953,25.9,30.0,24.5,30.4,21.6,30.6,24.2,29.6
2735.953,25.7,30.1,24.2,30.5,21.2,30.8,23.9,29.7
2736.953,25.8,30.1,24.3,30.6,21.5,30.9,24.2,29.8
2737.953,26.1,30.2,24.5,30.7,21.8,31.0,24.5,29.9
2738.953,26.1,30.3,24.6,30.8,21.7,31.2,24.4,30.0
2739.953,26.2,30.3,24.6,30.9,21.8,31.3,24.5,30.1
2740.953,13.0,30.5,12.9,31.1,10.4,31.4,12.7,30.3
2741.953,-3.9,30.7,-0.4,31.4,-0.7,31.7,-2.8,30.5
2742.953,-14.6,30.4,-13.9,31.1,-11.3,31.4,-13.0,30.2
2743.953,-27.2,30.1,-27.5,30.8,-23.3,31.1,-24.0,30.0
2744.953,-27.4,29.9,-27.9,30.6,-23.7,30.9,-24.4,29.8
2745.953,-27.3,29.7,-28.2,30.3,-23.8,30.6,-24.5,29.6
2746.953,-27.1,29.5,-28.1,30.1,-23.6,30.3,-24.3,29.4
2747.953,-27.2,29.4,-28.1,29.9,-23.5,30.1,-24.1,29.3
2748.953,-27.2,29.3,-28.1,29.8,-23.6,30.1,-24.3,29.2
2749.953,-27.5,29.3,-28.2,29.7,-23.7,30.0,-24.4,29.2
2750.953,-27.3,29.2,-28.1,29.7,-23.5,30.0,-24.2,29.1
2751.953,-27.5,29.2,-28.3,29.7,-23.8,30.0,-24.5,29.1
2752.953,-27.6,29.2,-28.2,29.7,-23.6,30.0,-24.2,29.1
2753.953,-27.7,29.2,-28.4,29.6,-23.8,29.9,-24.4,29.1
2754.953,-27.5,29.2,-28.3,29.6,-23.8,29.9,-24.5,29.1
2755.953,-27.8,29.1,-28.3,29.6,-23.7,29.9,-24.3,29.0
2756.953,-26.3,29.1,-28.2,29.6,-20.7,29.9,-23.6,29.0
2757.953,-23.1,29.1,-25.9,29.6,-19.9,29.9,-20.7,29.0
2758.953,-25.5,29.1,-26.0,29.6,-22.4,29.9,-22.8,29.0
2759.953,-10.7,29.2,-9.5,29.7,-9.5,30.0,-9.0,29.1
2760.953,0.5,29.7,-0.0,30.2,0.2,30.5,1.2,29.6
2761.953,8.8,29.7,9.7,30.1,8.5,30.3,11.9,29.3
2762.953,21.9,29.2,19.6,29.5,16.3,29.9,18.6,29.1
2763.958,22.2,29.0,21.0,29.5,19.1,29.8,21.2,29.0
2764.960,23.8,29.0,23.9,29.5,18.2,29.8,22.3,29.0
2765.960,25.4,29.1,24.2,29.5,21.5,29.8,24.1,29.0
2766.960,25.5,29.2,24.3,29.6,21.8,29.9,24.3,29.1
2767.960,25.8,29.3,24.2,29.7,21.4,30.0,23.8,29.1
2768.960,25.6,29.5,24.2,29.8,21.3,30.0,24.0,29.2
2769.960,25.3,29.6,24.0,29.9,21.1,30.1,23.9,29.2
2770.960,25.8,29.7,24.4,30.1,21.6,30.3,24.4,29.3
2771.960,25.8,29.9,24.4,30.3,21.4,30.4,24.1,29.4
2772.960,25.8,30.0,24.3,30.4,21.3,30.6,23.9,29.5
2773.960,25.9,30.0,24.4,30.5,21.3,30.7,23.9,29.7
2774.960,25.7,30.1,24.3,30.6,21.3,30.9,24.0,29.8
2775.960,26.1,30.2,24.7,30.7,21.9,31.0,24.7,29.9
2776.960,26.0,30.3,24.6,30.8,21.6,31.1,24.3,30.0
2777.960,26.2,30.3,24.6,30.9,21.7,31.2,24.3,30.1
2778.960,16.0,30.5,15.6,31.0,13.9,31.4,16.3,30.2
2779.960,-4.8,30.7,-0.9,31.3,-1.2,31.7,-3.5,30.4
2780.960,-15.8,30.4,-15.4,31.1,-11.9,31.4,-13.7,30.2
2781.960,-27.2,30.1,-27.6,30.8,-22.8,31.1,-24.0,30.0
2782.960,-27.5,29.9,-28.0,30.6,-23.3,30.9,-24.3,29.8
2783.960,-27.4,29.7,-28.2,30.3,-24.0,30.6,-32.0,29.6
2784.960,-27.1,29.4,-28.0,30.1,-23.5,30.3,-27.8,29.4
2785.960,-27.1,29.3,-28.0,29.9,-23.7,30.1,-23.9,29.2
2786.960,-27.2,29.3,-28.1,29.8,-23.6,30.1,-24.5,29.2
2787.960,-27.5,29.2,-28.2,29.8,-23.6,30.0,-24.3,29.1
2788.960,-27.4,29.2,-28.2,29.7,-23.6,30.0,-24.3,29.1
2789.960,-27.6,29.2,-28.3,29.7,-23.7,30.0,-24.4,29.1
2790.960,-27.6,29.2,-28.2,29.7,-23.6,29.9,-24.3,29.1
2791.960,-27.8,29.1,-28.4,29.7,-23.8,29.9,-24.4,29.1
2792.960,-27.5,29.1,-28.3,29.6,-23.7,29.9,-24.4,29.1
2793.960,-27.7,29.1,-28.4,29.6,-23.9,29.9,-24.5,29.1
2794.960,-26.0,29.1,-28.2,29.6,-21.2,29.9,-23.4,29.0
2795.960,-23.2,29.2,-25.3,29.6,-19.9,29.9,-21.0,29.0
2796.960,-26.0,29.1,-26.3,29.6,-22.7,29.8,-22.6,29.0
2797.960,-8.4,29.3,-8.0,29.7,-7.8,30.0,-7.3,29.2
2798.960,0.8,29.8,0.1,30.2,0.1,30.5,0.5,29.6
2799.960,11.9,29.6,8.1,30.1,6.8,30.4,11.0,29.4
2800.960,19.4,29.2,17.9,29.6,15.9,29.9,17.2,29.1
2801.960,23.0,29.1,21.1,29.5,19.7,29.8,20.9,29.0
2802.960,23.0,29.1,24.0,29.5,18.6,29.8,23.7,29.0
2803.960,25.4,29.1,24.0,29.5,21.0,29.8,31.0,29.0
2804.960,25.6,29.2,24.3,29.6,21.5,29.9,24.3,29.1
2805.960,25.6,29.3,24.2,29.6,21.3,29.9,23.9,29.1
2806.960,25.7,29.5,24.3,29.8,21.4,30.0,24.0,29.1
2807.960,25.4,29.6,24.1,29.9,21.3,30.1,24.1,29.2
2808.960,25.8,29.7,24.3,30.1,21.4,30.3,24.1,29.3
2809.960,25.9,29.9,24.4,30.2,21.4,30.4,24.1,29.4
2810.960,25.8,30.0,24.3,30.4,21.3,30.6,23.9,29.5
2811.960,25.8,30.0,24.4,30.5,21.5,30.7,24.2,29.6
2812.960,25.7,30.1,24.2,30.6,21.1,30.9,23.8,29.7
2813.960,26.3,30.2,24.7,30.7,22.0,31.0,24.8,29.8
2814.960,26.0,30.3,24.5,30.8,21.6,31.1,24.2,30.0
2815.960,26.2,30.3,24.6,30.9,21.7,31.2,24.3,30.1
2816.960,20.4,30.4,19.9,31.0,17.0,31.3,20.2,30.2
2817.960,-1.9,30.7,0.1,31.3,-0.1,31.6,-0.9,30.4
2818.960,-12.6,30.5,-10.3,31.2,-8.6,31.5,-11.1,30.3
2819.960,-26.7,30.2,-26.4,30.8,-22.2,31.1,-22.9,30.0
2820.960,-27.4,30.0,-27.7,30.6,-23.6,30.9,-24.3,29.9
2821.960,-27.4,29.8,-28.1,30.4,-23.9,30.6,-24.5,29.6
2822.960,-27.1,29.5,-28.0,30.1,-23.6,30.3,-24.3,29.4
2823.960,-27.3,29.4,-28.1,30.0,-23.5,30.2,-24.2,29.3
2824.960,-27.2,29.3,-28.0,29.9,-23.5,30.1,-24.2,29.2
2825.960,-27.5,29.3,-28.2,29.8,-23.6,30.1,-24.3,29.2
2826.960,-27.4,29.2,-28.1,29.8,-23.6,30.0,-24.2,29.1
2827.960,-27.4,29.2,-28.2,29.7,-23.7,30.0,-24.3,29.1
2828.960,-27.6,29.2,-28.2,29.7,-23.6,30.0,-24.2,29.1
2829.960,-27.7,29.2,-28.4,29.7,-23.9,29.9,-24.4,29.1
2830.960,-27.6,29.1,-28.3,29.7,-23.9,29.9,-24.5,29.1
2831.960,-27.7,29.1,-28.3,29.6,-23.7,29.9,-24.3,29.1
2832.960,-26.8,29.1,-28.2,29.6,-21.8,29.9,-24.2,29.0
2833.960,-23.1,29.1,-26.9,29.6,-19.9,29.9,-20.5,29.1
2834.960,-25.3,29.1,-25.6,29.6,-20.8,29.9,-22.7,29.0
2835.960,-15.5,29.2,-13.8,29.7,-14.5,29.9,-13.3,29.1
2836.960,0.2,29.7,-0.8,30.0,-0.2,30.4,-0.1,29.5
2837.960,5.3,29.9,5.6,30.2,4.1,30.5,5.3,29.6
2838.960,16.2,29.3,16.5,29.6,13.5,30.0,15.3,29.2
2839.960,24.1,29.0,21.7,29.5,19.9,29.8,22.4,29.0
2840.960,22.9,29.1,22.9,29.5,17.8,29.8,22.3,29.0
2841.960,25.5,29.1,24.1,29.5,21.2,29.8,24.2,29.0
2842.961,25.4,29.1,24.1,29.6,21.5,29.9,23.9,29.1
2843.961,25.5,29.2,24.2,29.6,21.3,29.9,24.0,29.1
2844.961,25.6,29.4,24.3,29.7,21.4,30.0,24.2,29.1
2845.961,25.5,29.6,24.2,29.9,21.3,30.1,24.0,29.2
2846.961,25.6,29.7,24.2,30.1,21.2,30.2,23.9,29.3
2847.961,25.8,29.8,24.4,30.2,21.4,30.4,24.1,29.4
2848.961,25.8,29.9,24.3,30.4,21.3,30.5,24.0,29.5
2849.961,25.7,30.0,24.3,30.5,21.3,30.7,23.9,29.6
2850.961,25.7,30.1,24.4,30.6,21.5,30.8,24.4,29.7
2851.961,26.0,30.2,24.4,30.7,21.5,31.0,24.2,29.8
2852.961,26.1,30.2,24.5,30.8,21.7,31.1,24.4,29.9
2853.961,26.0,30.3,24.5,30.9,21.5,31.2,24.2,30.0
2854.961,24.6,30.4,23.2,31.0,20.5,31.3,23.3,30.1
2855.961,1.7,30.6,2.3,31.2,1.7,31.5,1.8,30.3
2856.961,-9.1,30.6,-5.5,31.3,-5.1,31.6,-8.3,30.3
2857.961,-24.4,30.2,-24.5,30.9,-19.8,31.2,-21.1,30.0
2858.961,-27.2,30.0,-27.8,30.6,-23.5,30.9,-24.2,29.9
2859.961,-27.4,29.8,-28.2,30.4,-23.9,30.7,-24.5,29.7
2860.961,-27.2,29.5,-28.1,30.2,-23.6,30.4,-24.2,29.5
2861.961,-27.1,29.4,-28.1,30.0,-23.5,30.2,-24.2,29.3
2862.961,-27.2,29.3,-28.1,29.8,-23.6,30.1,-24.3,29.2
2863.962,-27.4,29.2,-28.2,29.7,-23.6,30.0,-24.3,29.2
2864.962,-27.4,29.2,-28.2,29.7,-23.6,30.0,-24.3,29.1
2865.962,-27.4,29.2,-28.2,29.7,-23.6,30.0,-24.3,29.1
2866.962,-27.3,29.2,-28.1,29.7,-23.6,30.0,-24.2,29.1
2867.962,-27.6,29.1,-28.4,29.7,-23.9,29.9,-24.5,29.0
2868.962,-27.6,29.1,-28.4,29.6,-23.8,29.9,-24.3,29.1
2869.962,-27.6,29.1,-28.3,29.6,-23.7,29.9,-24.4,29.0
2870.962,-27.5,29.1,-28.3,29.6,-23.4,29.9,-24.4,29.0
2871.962,-23.8,29.1,-27.6,29.6,-19.2,29.9,-20.8,29.0
2872.962,-24.9,29.1,-25.4,29.6,-20.5,29.9,-22.5,29.0
2873.962,-20.4,29.1,-19.2,29.6,-18.6,29.9,-17.7,29.0
2874.962,1.4,29.5,0.3,30.0,-0.3,30.3,0.1,29.4
2875.962,5.1,29.7,2.6,30.2,2.2,30.6,4.9,29.6
2876.962,17.4,29.2,17.3,29.7,14.3,30.0,16.3,29.1
2877.962,23.2,29.0,22.0,29.5,20.0,29.8,21.2,29.0
2878.962,22.4,29.0,22.7,29.5,17.4,29.8,22.3,29.0
2879.962,25.6,29.0,24.1,29.5,21.0,29.8,24.0,29.0
2880.962,25.6,29.1,24.2,29.6,21.4,29.8,23.9,29.0
2881.962,25.6,29.2,24.3,29.6,21.5,29.9,24.1,29.1
2882.962,25.5,29.4,24.2,29.7,21.3,30.0,23.9,29.1
2883.962,25.5,29.5,24.1,29.8,21.2,30.0,24.0,29.2
2884.962,25.6,29.7,24.2,30.0,21.4,30.2,24.1,29.2
2885.962,25.8,29.8,24.4,30.2,21.5,30.4,24.2,29.3
2886.962,25.8,29.9,24.4,30.3,21.4,30.5,24.1,29.5
2887.962,25.7,30.0,24.2,30.5,21.1,30.7,23.8,29.6
2888.962,25.8,30.1,24.4,30.6,21.4,30.8,24.0,29.7
2889.962,25.9,30.2,24.5,30.7,21.7,30.9,24.5,29.8
2890.962,26.0,30.2,24.6,30.8,21.7,31.1,24.5,29.9
2891.962,25.9,30.3,24.5,30.9,21.5,31.2,24.2,30.0
2892.962,25.3,30.3,23.8,30.9,20.9,31.3,23.5,30.1
2893.963,2.0,30.6,2.5,31.2,1.8,31.5,2.1,30.3
2894.963,-7.9,30.6,-3.9,31.3,-3.9,31.6,-6.9,30.3
2895.963,-24.2,30.2,-24.2,30.9,-19.5,31.2,-20.9,30.0
2896.963,-27.2,30.0,-27.9,30.7,-22.4,31.0,-24.3,29.9
2897.963,-27.5,29.8,-28.2,30.5,-23.9,30.7,-24.5,29.7
2898.963,-27.1,29.5,-28.2,30.2,-23.8,30.4,-24.3,29.5
2899.963,-27.1,29.4,-28.1,30.0,-23.6,30.2,-24.2,29.3
2900.963,-27.2,29.3,-28.2,29.9,-23.5,30.1,-24.3,29.2
2901.963,-27.3,29.2,-28.2,29.8,-23.6,30.0,-24.3,29.2
2902.963,-27.4,29.2,-28.3,29.7,-23.5,30.0,-24.3,29.1
2903.963,-27.4,29.2,-28.2,29.7,-25.0,30.0,-24.3,29.1
2904.965,-27.3,29.1,-28.2,29.7,-24.6,29.9,-24.2,29.1
2905.965,-27.6,29.1,-28.4,29.7,-24.9,29.9,-24.5,29.0
2906.965,-27.7,29.1,-28.4,29.6,-23.8,29.9,-24.3,29.0
2907.965,-27.5,29.1,-28.3,29.6,-23.6,29.9,-24.4,29.0
2908.965,-27.5,29.1,-28.4,29.6,-23.7,29.9,-24.4,29.0
2909.965,-23.9,29.1,-27.7,29.6,-19.7,29.9,-20.4,29.0
2910.965,-25.1,29.1,-25.2,29.6,-21.5,29.8,-22.8,29.0
2911.965,-22.5,29.1,-22.2,29.6,-19.5,29.8,-19.7,29.0
2912.965,0.9,29.5,0.9,29.9,-0.1,30.2,0.8,29.4
2913.965,8.1,29.6,7.6,30.0,5.4,30.4,7.3,29.5
2914.965,19.1,29.2,18.5,29.6,15.5,29.9,18.8,29.1
2915.965,22.8,29.0,21.6,29.5,20.1,29.8,21.8,29.0
2916.965,23.6,29.0,23.4,29.5,17.6,29.8,21.8,29.0
2917.965,25.4,29.0,24.3,29.5,21.8,29.8,24.6,29.0
2918.965,25.1,29.1,23.9,29.5,21.1,29.9,23.6,29.0
2919.965,25.6,29.2,24.3,29.6,21.5,29.9,24.1,29.1
2920.965,25.5,29.4,24.2,29.7,21.3,30.0,24.0,29.1
2921.965,25.4,29.6,24.1,29.9,21.2,30.1,23.9,29.2
2922.965,25.6,29.7,24.3,30.1,21.6,30.2,24.3,29.3
2923.965,25.7,29.8,24.3,30.2,21.4,30.4,23.9,29.4
2924.965,25.7,29.9,24.3,30.4,21.4,30.6,24.0,29.5
2925.965,25.7,30.0,24.2,30.5,21.2,30.7,23.8,29.6
2926.965,25.8,30.1,24.4,30.6,21.6,30.8,24.4,29.7
2927.981,25.6,30.1,24.3,30.7,21.5,31.0,24.2,29.8
2929.007,26.2,30.2,24.7,30.8,21.8,31.1,24.5,29.9
2930.007,25.9,30.3,24.5,30.9,21.7,31.2,24.4,30.0
2931.007,20.8,30.4,19.9,31.0,17.2,31.3,19.7,30.2
2932.007,-1.5,30.7,0.0,31.2,-0.1,31.6,-1.0,30.4
2933.015,-11.1,30.5,-8.6,31.2,-7.1,31.5,-10.1,30.3
2934.015,-26.5,30.1,-26.8,30.8,-21.8,31.1,-23.2,30.0
2935.033,-27.2,29.9,-27.8,30.6,-23.4,30.9,-24.3,29.8
2936.033,-27.4,29.7,-28.2,30.4,-23.8,30.6,-24.5,29.6
2937.033,-27.0,29.5,-28.1,30.1,-23.6,30.4,-24.3,29.4
2938.033,-27.1,29.3,-28.1,29.9,-23.5,30.2,-24.2,29.3
2939.033,-27.2,29.2,-28.2,29.8,-23.5,30.1,-24.3,29.2
2940.033,-27.3,29.2,-28.2,29.7,-23.6,30.0,-24.3,29.1
2941.033,-27.4,29.2,-28.2,29.7,-23.6,30.0,-24.3,29.1
2942.033,-27.4,29.1,-28.2,29.7,-23.6,29.9,-24.3,29.1
2943.033,-27.4,29.1,-28.2,29.7,-23.5,30.0,-24.2,29.1
2944.039,-27.7,29.1,-28.5,29.6,-23.7,29.9,-24.5,29.0
2945.039,-27.6,29.1,-28.4,29.6,-23.8,29.9,-24.4,29.0
2946.039,-27.6,29.1,-28.4,29.6,-23.7,29.9,-24.3,29.0
2947.039,-27.3,29.1,-28.3,29.6,-22.8,29.9,-24.3,29.0
2948.044,-22.9,29.1,-27.0,29.6,-19.4,29.9,-20.8,29.0
2949.044,-25.5,29.1,-25.6,29.6,-21.9,29.8,-22.0,29.0
2950.082,-15.1,29.1,-13.6,29.6,-13.0,29.9,-12.3,29.0
2951.082,-1.1,29.6,-0.6,30.0,-0.4,30.3,-0.8,29.4
2952.082,0.8,29.9,-0.1,30.3,0.2,30.6,0.4,29.7
2953.082,12.2,29.5,10.6,30.1,9.1,30.3,11.4,29.4
2954.082,20.5,29.1,19.2,29.5,16.5,29.8,19.4,29.0
2955.082,23.3,29.0,21.0,29.4,19.3,29.8,21.7,29.0
2956.082,23.5,29.0,23.9,29.4,18.4,29.8,22.7,29.0
2957.082,25.3,29.1,24.2,29.5,20.8,29.8,24.1,29.0
2958.082,25.5,29.1,24.1,29.6,21.3,29.8,23.6,29.0
2959.082,25.7,29.2,24.4,29.6,21.6,29.9,24.2,29.1
2960.082,25.4,29.4,24.2,29.8,21.4,30.0,24.1,29.1
2961.082,25.4,29.6,24.1,29.9,21.3,30.1,24.0,29.2
2962.082,25.5,29.7,24.2,30.1,21.3,30.3,24.0,29.3
2963.082,25.8,29.8,24.4,30.2,21.5,30.4,24.1,29.4
2964.082,25.7,29.9,24.3,30.4,21.2,30.6,23.8,29.5
2965.082,25.7,30.0,24.3,30.5,21.4,30.7,24.0,29.6
2966.084,25.6,30.1,24.3,30.6,21.5,30.9,24.3,29.7
2967.084,25.9,30.1,24.5,30.7,21.6,31.0,24.3,29.8
2968.084,26.0,30.2,24.6,30.8,21.7,31.1,24.3,29.9
2969.084,26.1,30.3,24.6,30.9,21.6,31.2,24.2,30.0
2970.084,17.7,30.4,17.5,31.0,15.3,31.3,16.9,30.2
2971.084,-2.3,30.7,-0.1,31.3,-0.2,31.6,-1.5,30.4
2972.084,-11.6,30.4,-9.4,31.2,-5.9,31.5,-10.5,30.2
2973.118,-26.7,30.1,-26.9,30.8,-22.5,31.1,-23.4,29.9
2974.118,-27.2,29.9,-27.9,30.6,-24.5,30.9,-24.3,29.8
2975.118,-27.5,29.7,-28.3,30.4,-24.0,30.6,-24.5,29.6
2976.118,-27.0,29.5,-28.1,30.1,-28.9,30.4,-24.2,29.4
2977.118,-27.0,29.4,-28.1,29.9,-23.7,30.2,-24.2,29.3
2978.118,-27.3,29.3,-28.2,29.8,-23.4,30.0,-24.2,29.2
2979.118,-27.4,29.2,-28.3,29.8,-23.7,30.0,-24.3,29.1
2980.118,-27.4,29.2,-28.2,29.7,-23.6,30.0,-24.3,29.1
2981.123,-27.4,29.2,-28.2,29.7,-23.6,29.9,-24.3,29.1
2982.123,-27.5,29.1,-28.3,29.7,-23.6,29.9,-24.3,29.1
2983.123,-27.7,29.1,-28.5,29.6,-23.9,29.9,-24.5,29.0
2984.123,-27.5,29.1,-28.4,29.6,-23.8,29.9,-24.4,29.0
2985.123,-27.7,29.1,-28.5,29.6,-23.9,29.9,-24.5,29.0
2986.123,-26.8,29.1,-28.2,29.5,-22.0,29.8,-23.7,29.0
2987.123,-23.1,29.1,-26.8,29.5,-19.9,29.8,-19.7,29.0
2988.123,-25.8,29.0,-26.0,29.6,-21.6,29.8,-23.3,29.0
2989.123,-14.4,29.1,-13.9,29.6,-13.0,29.9,-12.4,29.0
2990.123,0.5,29.6,-0.5,30.0,-0.0,30.3,-0.1,29.5
2991.125,8.0,29.6,6.8,30.1,6.6,30.4,8.4,29.4
2992.125,17.7,29.1,16.5,29.6,14.8,29.9,17.1,29.1
2993.129,23.5,29.0,22.3,29.4,19.6,29.7,22.0,29.0
2994.129,23.8,29.0,23.4,29.4,18.2,29.8,22.0,28.9
2995.131,25.0,29.0,23.9,29.4,23.6,29.8,23.9,29.0
2996.156,25.5,29.1,24.1,29.5,21.3,29.8,23.7,29.0
2997.156,25.6,29.2,24.3,29.6,21.5,29.9,24.1,29.0
2998.156,25.5,29.4,24.2,29.7,21.3,29.9,24.0,29.1
2999.156,25.6,29.5,24.3,29.8,21.5,30.0,24.2,29.1
3000.165,25.3,29.7,24.1,30.0,21.1,30.2,23.8,29.2
3001.166,25.9,29.8,24.4,30.2,21.4,30.4,23.9,29.3
3002.166,25.9,29.9,24.4,30.3,21.5,30.5,24.1,29.4
3003.166,25.8,30.0,24.4,30.4,21.5,30.7,24.1,29.6
3004.191,25.5,30.1,24.3,30.6,21.4,30.8,24.1,29.7
3005.191,25.9,30.1,24.5,30.7,21.6,31.0,24.3,29.8
3006.193,26.1,30.2,24.6,30.8,21.6,31.1,24.3,29.9
3007.226,26.0,30.3,24.6,30.9,21.7,31.2,24.3,30.0
3008.226,20.2,30.4,19.7,31.0,16.9,31.3,19.7,30.1
3009.226,-3.4,30.7,-0.6,31.2,-0.7,31.6,-2.6,30.4
3010.226,-13.6,30.4,-12.5,31.1,-10.2,31.4,-12.4,30.2
3011.249,-26.8,30.1,-27.2,30.7,-22.7,31.1,-23.5,29.9
3012.249,-27.2,29.9,-27.9,30.6,-23.6,30.8,-24.3,29.8
3013.249,-27.4,29.7,-28.2,30.3,-23.9,30.6,-24.5,29.6
3014.249,-27.0,29.5,-28.0,30.1,-23.5,30.3,-24.2,29.4
3015.256,-27.1,29.3,-28.0,29.9,-23.4,30.1,-24.2,29.2
3016.256,-27.2,29.3,-28.0,29.8,-23.5,30.1,-24.3,29.2
3017.256,-27.4,29.2,-28.2,29.7,-23.7,30.0,-24.4,29.1
3018.289,-27.3,29.2,-28.2,29.7,-23.6,30.0,-24.3,29.1
3019.289,-27.3,29.1,-28.1,29.6,-23.6,29.9,-24.2,29.0
3020.289,-27.6,29.1,-28.3,29.6,-23.7,29.9,-24.3,29.0
3021.291,-27.7,29.1,-28.4,29.6,-23.9,29.9,-24.5,29.0
3022.293,-27.4,29.1,-28.2,29.6,-23.6,29.8,-24.3,29.0
3023.293,-27.7,29.1,-28.4,29.6,-23.8,29.8,-24.4,29.0
3024.293,-26.4,29.0,-28.2,29.6,-21.5,29.8,-23.6,29.0
3025.293,-22.8,29.1,-25.8,29.6,-19.2,29.8,-20.8,29.0
3026.293,-25.8,29.0,-26.1,29.5,-22.5,29.8,-22.4,29.0
3027.293,-12.6,29.1,-12.2,29.6,-11.3,29.9,-10.9,29.1
3028.294,0.5,29.7,-0.6,30.0,-0.0,30.4,0.5,29.5
3029.295,7.0,29.7,5.4,30.1,6.0,30.4,9.7,29.3
3030.296,18.5,29.1,17.1,29.6,14.5,29.9,15.7,29.1
3031.296,22.2,29.0,22.3,29.4,19.5,29.7,22.2,29.0
3032.296,24.0,29.0,23.3,29.4,18.2,29.7,22.0,29.0
3033.296,24.9,29.0,23.9,29.4,21.2,29.7,23.8,29.0
3034.297,25.5,29.1,24.1,29.5,21.5,29.8,23.7,29.0
3035.297,25.6,29.2,24.3,29.6,21.7,29.9,24.4,29.0
3036.297,25.2,29.4,24.0,29.7,21.0,30.0,23.7,29.1
3037.340,25.6,29.5,24.3,29.9,21.5,30.0,24.2,29.2
3038.340,25.2,29.7,24.0,30.0,21.1,30.2,23.8,29.2
3039.340,25.7,29.8,24.4,30.2,21.5,30.3,24.2,29.3
3040.340,25.8,29.9,24.3,30.3,21.3,30.5,23.8,29.4
3041.356,25.6,30.0,24.2,30.4,21.2,30.6,23.8,29.6
3042.356,25.6,30.1,24.4,30.5,21.7,30.8,24.5,29.7
3043.356,25.6,30.1,24.2,30.6,21.3,30.9,24.0,29.8
3044.356,26.2,30.2,24.7,30.7,21.9,31.0,24.5,29.9
3045.359,26.0,30.3,24.5,30.8,21.6,31.2,24.2,30.0
3046.359,22.5,30.3,21.2,30.9,18.2,31.3,20.9,30.1
3047.359,4.0,30.6,4.0,31.1,2.6,31.5,3.8,30.3
3048.359,-1.4,30.7,0.1,31.3,-0.2,31.6,-0.8,30.4
3049.383,-11.0,30.4,-9.1,31.1,-7.5,31.4,-10.2,30.2
3050.383,-25.7,30.1,-26.0,30.7,-21.3,31.0,-22.2,29.9
3051.383,-27.2,29.9,-27.9,30.5,-23.5,30.8,-24.2,29.8
3052.383,-27.4,29.7,-28.3,30.3,-23.9,30.6,-24.6,29.6
3053.388,-27.0,29.5,-28.1,30.1,-23.5,30.3,-24.2,29.4
3054.388,-27.1,29.3,-28.1,29.9,-23.5,30.1,-24.2,29.2
3055.388,-27.1,29.2,-28.1,29.8,-23.4,30.1,-24.2,29.2
3056.388,-27.3,29.2,-28.3,29.7,-23.7,30.0,-24.4,29.1
3057.388,-27.4,29.2,-28.3,29.7,-23.6,30.0,-24.3,29.1
3058.388,-27.3,29.1,-28.2,29.6,-23.5,29.9,-24.2,29.0
3059.388,-27.3,29.1,-28.3,29.6,-23.6,29.9,-24.2,29.0
3060.388,-27.6,29.1,-28.5,29.6,-23.8,29.9,-24.4,29.0
3061.388,-27.5,29.1,-28.4,29.6,-23.7,29.8,-24.4,29.0
3062.388,-27.5,29.1,-28.4,29.6,-23.7,29.8,-24.4,29.0
3063.388,-27.4,29.0,-28.3,29.5,-22.9,29.8,-24.3,29.0
3064.388,-23.7,29.0,-27.3,29.5,-18.5,29.8,-20.7,29.0
3065.388,-25.2,29.0,-24.4,29.5,-22.0,29.8,-22.4,28.9
3066.388,-18.4,29.0,-19.0,29.5,-16.9,29.8,-16.8,29.0
3067.388,0.6,29.5,-0.1,29.9,-0.2,30.2,0.3,29.3
3068.388,4.2,29.7,3.5,30.1,2.6,30.5,4.1,29.5
3069.388,16.3,29.2,16.0,29.6,13.7,29.9,15.3,29.1
3070.388,24.0,29.0,21.9,29.4,19.6,29.7,22.0,28.9
3071.388,22.1,29.0,22.4,29.4,17.6,29.7,21.9,28.9
3072.388,25.1,29.0,24.2,29.4,21.2,29.7,24.3,28.9
3073.388,25.2,29.0,23.9,29.5,21.0,29.8,23.4,29.0
3074.388,25.6,29.1,24.3,29.5,21.5,29.9,24.2,29.0
3075.388,25.5,29.3,24.2,29.6,21.3,29.9,24.0,29.1
3076.388,25.6,29.5,24.2,29.8,21.4,30.0,24.1,29.1
3077.388,25.3,29.6,24.0,30.0,21.1,30.1,23.8,29.2
3078.388,25.7,29.7,24.3,30.1,21.4,30.3,24.1,29.3
3079.388,26.0,29.8,24.5,30.3,21.5,30.4,24.2,29.4
3080.388,25.7,29.9,24.2,30.4,21.2,30.6,23.9,29.5
3081.388,25.6,30.0,24.2,30.5,21.4,30.7,24.1,29.6
3082.388,25.8,30.1,24.3,30.6,21.4,30.9,24.1,29.7
3083.388,26.0,30.1,24.4,30.7,21.5,31.0,24.1,29.8
3084.388,26.0,30.2,24.5,30.8,21.6,31.1,24.3,29.9
3085.388,25.7,30.3,24.1,30.9,21.3,31.2,24.1,30.0
3086.388,2.5,30.5,3.0,31.1,2.3,31.4,2.8,30.2
3087.388,-8.7,30.5,-5.1,31.2,-4.8,31.5,-7.9,30.3
3088.388,-24.3,30.1,-24.7,30.8,-19.8,31.1,-21.1,30.0
3089.388,-27.1,29.9,-27.9,30.6,-23.4,30.9,-24.2,29.8
3090.388,-27.3,29.7,-28.2,30.4,-23.8,30.6,-24.5,29.6
3091.388,-27.1,29.5,-28.2,30.1,-23.7,30.3,-24.3,29.4
3092.388,-27.0,29.3,-28.1,29.9,-23.4,30.1,-24.1,29.2
3093.388,-27.1,29.2,-28.2,29.8,-23.6,30.0,-24.3,29.2
3094.388,-27.2,29.2,-28.3,29.7,-23.6,29.9,-24.3,29.1
3095.388,-27.2,29.1,-28.3,29.7,-23.5,29.9,-24.2,29.1
3096.388,-27.2,29.1,-28.3,29.6,-23.6,29.9,-24.3,29.0
3097.388,-27.3,29.1,-28.3,29.6,-23.6,29.8,-24.2,29.0
3098.388,-27.6,29.1,-28.5,29.6,-23.8,29.8,-24.5,29.0
3099.388,-27.7,29.0,-28.5,29.6,-23.8,29.8,-24.4,29.0
3100.388,-27.4,29.0,-28.3,29.5,-23.7,29.8,-24.3,29.0
3101.388,-27.4,29.0,-28.4,29.5,-23.1,29.8,-24.3,28.9
3102.388,-24.9,29.0,-27.6,29.5,-18.7,29.8,-21.0,29.0
3103.388,-24.5,29.0,-25.1,29.5,-21.5,29.8,-22.3,28.9
3104.388,-19.8,29.0,-19.8,29.5,-18.1,29.8,-17.5,28.9
3105.388,0.6,29.4,0.0,29.9,-0.4,30.2,0.8,29.4
3106.388,6.3,29.6,2.3,30.2,2.6,30.5,5.7,29.4
3107.388,17.3,29.1,16.8,29.6,13.5,29.9,15.5,29.0
3108.388,23.1,28.9,21.7,29.4,20.0,29.7,22.0,28.9
3109.388,22.8,28.9,22.9,29.4,18.0,29.7,21.6,28.9
3110.388,24.6,29.0,24.0,29.4,20.7,29.7,23.6,28.9
3111.388,25.4,29.0,24.1,29.5,21.1,29.8,23.7,29.0
3112.388,25.6,29.1,24.4,29.5,21.5,29.8,24.1,29.0
3113.388,25.5,29.3,24.2,29.6,21.3,29.9,23.9,29.0
3114.388,25.6,29.5,24.4,29.8,21.6,30.0,24.3,29.1
3115.388,25.2,29.6,24.0,30.0,20.9,30.1,23.5,29.2
3116.388,25.7,29.7,24.4,30.1,21.4,30.2,24.1,29.2
3117.388,25.9,29.8,24.5,30.3,21.4,30.4,24.0,29.4
3118.388,25.9,29.9,24.4,30.4,21.4,30.6,24.0,29.5
3119.388,25.6,30.0,24.4,30.5,21.4,30.7,24.2,29.6
3120.388,25.6,30.1,24.3,30.6,21.2,30.8,23.8,29.7
3121.388,26.2,30.1,24.7,30.7,21.9,31.0,24.6,29.8
3122.388,25.9,30.2,24.6,30.8,21.6,31.1,24.2,29.9
3123.392,25.5,30.3,24.2,30.9,21.3,31.2,24.1,30.0
3124.392,4.0,30.5,5.0,31.1,3.3,31.4,4.4,30.2
3125.392,-7.1,30.6,-3.1,31.3,-3.3,31.6,-6.3,30.3
3126.392,-20.6,30.2,-20.9,30.8,-16.7,31.1,-18.3,30.0
3127.392,-27.1,30.0,-27.9,30.6,-23.4,30.9,-24.2,29.8
3128.392,-27.3,29.8,-28.2,30.4,-23.8,30.7,-24.5,29.6
3129.392,-27.1,29.5,-28.2,30.2,-23.7,30.4,-24.3,29.4
3130.392,-26.9,29.4,-28.1,29.9,-23.5,30.1,-24.2,29.2
3131.392,-27.0,29.3,-28.1,29.8,-23.5,30.0,-24.2,29.1
3132.392,-27.2,29.2,-28.2,29.7,-23.6,29.9,-24.3,29.1
3133.392,-27.4,29.1,-28.3,29.7,-23.6,29.9,-24.3,29.0
3134.418,-27.3,29.1,-28.3,29.6,-23.6,29.9,-24.3,29.0
3135.418,-27.4,29.1,-28.3,29.6,-23.6,29.9,-24.3,29.0
3136.418,-27.4,29.1,-28.4,29.6,-23.7,29.8,-24.3,29.0
3137.419,-27.6,29.0,-28.5,29.6,-23.8,29.8,-24.4,29.0
3138.419,-27.3,29.0,-28.3,29.5,-23.6,29.8,-24.3,29.0
3139.419,-27.5,29.0,-28.4,29.5,-23.6,29.8,-24.3,29.0
3140.419,-24.8,29.0,-28.3,29.5,-19.0,29.8,-22.1,29.0
3141.419,-24.3,29.0,-25.1,29.5,-21.7,29.8,-21.1,29.0
3142.419,-24.7,29.0,-25.3,29.5,-21.7,29.7,-22.2,28.9
3143.419,-1.3,29.3,-0.8,29.8,-1.1,30.1,-1.3,29.2
3144.419,3.6,29.7,0.5,30.1,1.1,30.5,2.6,29.5
3145.419,14.4,29.2,14.6,29.7,12.6,30.0,14.7,29.1
3146.419,23.3,28.9,21.7,29.4,18.7,29.7,21.2,28.9
3147.419,22.1,28.9,22.7,29.3,18.3,29.7,21.6,28.9
3148.419,25.0,28.9,24.1,29.4,19.8,29.7,23.6,28.9
3149.419,25.5,29.0,24.3,29.4,21.4,29.8,24.1,28.9
3150.419,25.5,29.1,24.2,29.5,21.3,29.8,23.9,29.0
3151.419,25.6,29.2,24.3,29.6,21.2,29.9,23.9,29.0
3152.419,25.5,29.4,24.3,29.7,21.3,30.0,24.0,29.1
3153.419,25.5,29.6,24.2,29.9,21.2,30.1,23.9,29.1
3154.419,25.8,29.7,24.5,30.1,21.5,30.2,24.1,29.2
3155.419,25.9,29.8,24.3,30.2,21.2,30.4,23.8,29.3
3156.419,25.9,29.9,24.5,30.3,21.4,30.5,24.1,29.5
3157.419,25.6,30.0,24.3,30.4,21.2,30.7,23.9,29.6
3158.419,25.8,30.1,24.5,30.6,21.5,30.8,24.2,29.7
3159.420,26.0,30.1,24.6,30.7,21.7,31.0,24.3,29.8
3160.420,26.1,30.2,24.7,30.8,21.6,31.1,24.2,29.9
3161.420,26.1,30.3,24.6,30.9,21.7,31.2,24.4,30.0
3162.420,6.6,30.5,7.3,31.0,6.1,31.4,6.8,30.2
3163.420,-5.8,30.6,-1.6,31.3,-2.2,31.6,-5.0,30.3
3164.420,-19.7,30.2,-19.3,30.9,-15.3,31.2,-17.2,30.0
3165.420,-27.1,30.0,-27.7,30.6,-23.2,30.9,-24.2,29.8
3166.420,-27.3,29.8,-28.1,30.4,-23.7,30.7,-24.4,29.6
3167.420,-27.1,29.5,-28.1,30.2,-23.6,30.4,-24.3,29.4
3168.420,-27.0,29.3,-28.0,30.0,-23.1,30.2,-24.2,29.3
3169.420,-27.0,29.2,-27.9,29.8,-23.5,30.1,-24.2,29.2
3170.420,-27.3,29.2,-28.0,29.7,-23.6,30.0,-24.2,29.1
3171.420,-27.3,29.1,-28.2,29.7,-24.0,29.9,-24.2,29.0
3172.420,-27.3,29.1,-28.2,29.6,-23.5,29.9,-24.3,29.0
3173.420,-27.4,29.1,-28.3,29.6,-23.6,29.8,-24.3,29.0
3174.420,-27.5,29.0,-28.3,29.6,-23.7,29.8,-24.3,29.0
3175.420,-27.7,29.0,-28.4,29.5,-25.7,29.8,-24.4,29.0
3176.420,-27.3,29.0,-28.2,29.5,-23.5,29.8,-24.3,28.9
3177.420,-27.5,29.0,-28.3,29.5,-23.8,29.8,-24.4,28.9
3178.420,-24.9,29.0,-28.2,29.5,-20.1,29.8,-22.4,28.9
3179.420,-24.1,29.0,-25.0,29.5,-20.6,29.8,-20.8,28.9
3180.420,-26.0,29.0,-26.2,29.5,-22.0,29.7,-23.0,28.9
3181.420,-1.4,29.3,-2.4,29.7,-2.6,30.0,-1.3,29.2
3182.420,2.2,29.7,0.3,30.1,0.8,30.4,3.4,29.4
3183.420,13.8,29.3,12.3,29.8,10.6,30.0,13.6,29.1
3184.420,22.9,29.0,20.6,29.4,19.5,29.7,20.7,28.9
3185.420,22.2,28.9,22.5,29.3,18.3,29.7,21.0,28.9
3186.420,24.5,28.9,24.2,29.4,19.8,29.7,23.3,28.9
3187.420,25.4,29.0,24.2,29.4,23.1,29.8,23.8,28.9
3188.420,25.4,29.1,24.2,29.5,21.4,29.8,23.8,29.0
3189.420,25.7,29.2,24.5,29.6,21.7,29.9,24.2,29.0
3190.420,25.8,29.4,24.3,29.7,21.3,30.0,24.0,29.1
3191.420,25.2,29.5,24.1,29.9,21.1,30.1,23.8,29.1
3192.420,25.7,29.7,24.4,30.1,21.4,30.2,24.0,29.2
3193.420,25.8,29.8,24.5,30.2,21.5,30.4,24.1,29.3
3194.420,25.6,29.9,24.3,30.3,21.1,30.5,23.7,29.4
3195.420,25.8,30.0,24.5,30.4,21.6,30.7,24.4,29.6
3196.420,25.5,30.0,24.3,30.6,21.2,30.8,24.0,29.7
3197.420,26.0,30.1,24.7,30.6,21.8,30.9,24.4,29.8
3198.420,26.0,30.2,24.6,30.7,21.6,31.1,24.2,29.9
3199.420,26.1,30.3,24.7,30.8,21.7,31.2,24.3,30.0
3200.420,10.5,30.4,9.9,31.0,8.2,31.4,10.1,30.2
3201.420,-5.0,30.6,-0.8,31.3,-1.2,31.6,-3.8,30.4
3202.420,-15.8,30.3,-16.1,31.0,-12.6,31.2,-14.3,30.1
3203.420,-26.8,30.0,-27.8,30.6,-23.3,30.9,-24.1,29.9
3204.420,-27.2,29.8,-28.1,30.4,-23.6,30.7,-24.3,29.7
3205.420,-27.2,29.5,-28.4,30.2,-23.8,30.4,-24.4,29.5
3206.420,-27.0,29.3,-28.2,30.0,-23.5,30.2,-24.2,29.3
3207.420,-27.0,29.2,-28.2,29.8,-23.4,30.1,-24.1,29.2
3208.420,-27.1,29.1,-28.2,29.7,-23.5,30.0,-24.2,29.1
3209.420,-27.3,29.1,-28.3,29.7,-23.6,29.9,-24.3,29.1
3210.420,-27.2,29.1,-28.3,29.6,-23.5,29.9,-24.2,29.0
3211.420,-27.3,29.0,-28.4,29.6,-23.6,29.9,-24.3,29.0
3212.420,-27.5,29.0,-28.5,29.6,-23.7,29.8,-24.2,29.0
3213.420,-27.6,29.0,-28.6,29.5,-23.8,29.8,-24.4,29.0
3214.421,-27.3,29.0,-28.4,29.5,-23.7,29.8,-24.4,28.9
3215.421,-27.6,29.0,-28.5,29.5,-23.7,29.8,-24.3,28.9
3216.422,-26.2,29.0,-28.4,29.5,-20.6,29.8,-23.3,28.9
3217.422,-24.3,29.0,-25.5,29.5,-19.6,29.8,-20.0,28.9
3218.422,-25.2,29.0,-26.2,29.5,-22.4,29.7,-23.3,28.9
3219.422,-9.0,29.1,-9.0,29.6,-8.7,29.9,-8.2,29.0
3220.422,1.7,29.6,-0.1,30.0,0.2,30.4,0.7,29.5
3221.422,13.8,29.3,9.5,29.9,9.5,30.2,11.9,29.3
3222.424,19.6,29.0,20.2,29.4,16.5,29.7,18.4,29.0
3223.424,22.8,28.9,21.6,29.3,18.8,29.7,20.8,28.9
3224.424,23.3,28.9,24.1,29.3,18.9,29.7,23.4,28.9
3225.424,25.4,29.0,24.2,29.4,21.4,29.7,23.9,28.9
3226.424,25.3,29.0,24.2,29.5,21.3,29.8,23.9,28.9
3227.426,25.5,29.2,24.3,29.5,21.2,29.9,23.8,29.0
3228.426,25.7,29.3,24.4,29.7,21.5,29.9,24.1,29.1
3229.426,25.2,29.5,24.1,29.8,21.0,30.0,23.7,29.1
3230.426,25.6,29.6,24.4,30.0,21.5,30.2,24.2,29.2
3231.426,25.8,29.7,24.5,30.2,21.3,30.3,23.8,29.3
3232.426,25.7,29.8,24.4,30.3,21.3,30.5,23.9,29.4
3233.426,25.7,29.9,24.5,30.4,21.5,30.6,24.2,29.5
3234.426,25.9,30.0,24.5,30.5,21.5,30.8,24.1,29.7
3235.426,25.9,30.1,24.6,30.6,21.6,30.9,24.2,29.8
3236.426,26.0,30.1,24.6,30.7,21.5,31.0,24.1,29.9
3237.426,26.3,30.2,24.8,30.8,21.9,31.1,24.8,30.0
3238.426,16.1,30.3,16.0,30.9,13.6,31.3,15.8,30.1
3239.426,-4.0,30.6,-0.6,31.2,-0.9,31.6,-3.0,30.3
3240.426,-14.2,30.3,-13.4,31.0,-10.6,31.3,-12.6,30.1
3241.426,-27.0,30.0,-27.4,30.7,-22.7,31.0,-24.9,29.9
3242.426,-27.3,29.8,-28.1,30.5,-23.6,30.8,-24.4,29.7
3243.426,-27.3,29.6,-28.4,30.2,-23.6,30.5,-24.4,29.5
3244.426,-26.9,29.4,-28.2,30.0,-23.3,30.2,-24.1,29.3
3245.426,-27.0,29.2,-28.2,29.8,-23.3,30.1,-24.2,29.2
3246.426,-27.2,29.2,-28.3,29.7,-23.4,30.0,-24.3,29.1
3247.426,-27.3,29.1,-28.4,29.6,-23.5,29.9,-24.3,29.0
3248.426,-27.3,29.1,-28.4,29.6,-23.4,29.9,-24.3,29.0
3249.426,-27.4,29.1,-28.4,29.5,-23.4,29.8,-24.3,29.0
3250.426,-27.5,29.0,-28.5,29.5,-23.3,29.8,-24.2,29.0
3251.426,-27.7,29.0,-28.6,29.5,-23.7,29.8,-24.4,29.0
3252.426,-27.2,29.0,-28.4,29.5,-23.5,29.8,-24.4,28.9
3253.426,-27.7,29.0,-28.5,29.5,-23.6,29.8,-24.4,28.9
3254.426,-26.2,29.0,-28.3,29.5,-21.6,29.8,-23.4,28.9
3255.426,-24.2,29.0,-26.1,29.4,-20.3,29.8,-20.0,28.9
3256.426,-24.6,29.0,-26.2,29.4,-20.9,29.7,-23.0,28.9
3257.426,-11.4,29.1,-9.8,29.6,-10.8,29.8,-10.1,29.0
3258.426,-0.0,29.6,-0.1,30.0,0.2,30.3,0.6,29.4
3259.426,10.0,29.5,8.2,30.0,7.9,30.2,10.8,29.3
3260.426,19.6,29.0,18.9,29.4,16.6,29.7,18.6,29.0
3261.426,23.4,28.9,21.6,29.3,18.7,29.7,22.0,28.9
3262.426,23.8,28.9,24.5,29.3,18.9,29.7,22.6,28.9
3263.426,25.0,29.0,23.9,29.4,21.4,29.7,23.6,28.9
3264.426,25.5,29.0,24.2,29.4,21.3,29.8,23.9,28.9
3265.426,25.7,29.1,24.5,29.5,21.6,29.8,24.3,29.0
3266.426,25.3,29.3,24.0,29.6,21.0,29.9,23.7,29.0
3267.426,25.8,29.5,24.5,29.8,21.6,30.0,24.4,29.1
3268.426,25.3,29.6,24.1,30.0,21.0,30.1,23.6,29.1
3269.426,25.9,29.7,24.5,30.1,21.5,30.3,24.2,29.3
3270.426,25.8,29.8,24.5,30.2,21.3,30.5,23.9,29.4
3271.426,25.6,29.9,24.3,30.4,21.1,30.6,23.8,29.5
3272.426,25.7,30.0,24.5,30.5,21.6,30.8,24.4,29.6
3273.426,25.9,30.1,24.5,30.6,21.4,30.9,24.0,29.7
3274.426,26.3,30.1,24.8,30.7,21.9,31.0,24.6,29.8
3275.426,26.0,30.2,24.6,30.8,21.5,31.1,24.1,29.9
3276.426,18.4,30.3,18.0,30.9,15.4,31.2,17.7,30.0
3277.426,-4.9,30.6,-1.0,31.2,-1.4,31.5,-4.0,30.3
3278.426,-16.1,30.3,-15.8,31.0,-12.6,31.2,-14.3,30.0
3279.426,-27.1,30.0,-27.7,30.6,-23.2,30.9,-24.1,29.8
3280.426,-27.3,29.8,-28.1,30.4,-23.7,30.7,-24.4,29.7
3281.426,-27.3,29.5,-28.4,30.2,-23.8,30.4,-24.4,29.5
3282.426,-27.0,29.3,-28.2,29.9,-23.4,30.2,-24.2,29.3
3283.426,-27.0,29.2,-28.1,29.8,-23.3,30.0,-24.1,29.2
3284.426,-27.2,29.1,-28.3,29.7,-23.6,29.9,-24.4,29.1
3285.426,-27.4,29.1,-28.4,29.6,-23.6,29.9,-24.2,29.0
3286.426,-27.2,29.1,-28.3,29.6,-23.5,29.9,-24.2,29.0
3287.426,-27.4,29.0,-28.4,29.6,-23.7,29.8,-24.4,29.0
3288.426,-27.5,29.0,-28.4,29.5,-23.6,29.8,-24.2,29.0
3289.426,-27.7,29.0,-28.6,29.5,-23.9,29.8,-24.5,28.9
3290.426,-27.3,29.0,-28.3,29.5,-23.6,29.8,-24.3,28.9
3291.426,-27.6,29.0,-28.5,29.5,-23.8,29.8,-24.4,28.9
3292.426,-25.9,29.0,-28.4,29.4,-20.6,29.8,-23.1,28.9
3293.426,-24.0,29.0,-25.5,29.4,-19.7,29.8,-20.2,28.9
3294.426,-25.1,29.0,-26.4,29.4,-22.4,29.7,-23.3,28.9
3295.426,-7.4,29.2,-7.0,29.6,-7.1,29.9,-6.1,29.0
3296.426,1.5,29.6,-0.0,30.0,0.3,30.4,2.0,29.4
3297.426,13.4,29.3,13.1,29.7,10.2,30.1,13.1,29.1
3298.426,21.7,29.0,19.4,29.4,17.7,29.7,19.8,28.9
3299.426,22.2,28.9,22.5,29.3,18.8,29.6,20.9,28.9
3300.426,24.6,28.9,24.2,29.3,19.3,29.7,23.0,28.9
3301.426,25.3,29.0,24.1,29.4,21.4,29.7,24.0,28.9
3302.426,25.3,29.0,24.1,29.4,21.1,29.8,23.7,29.0
3303.426,25.8,29.2,24.4,29.5,21.5,29.8,24.1,29.0
3304.426,25.5,29.4,24.3,29.6,21.3,29.9,24.0,29.0
3305.426,25.4,29.5,24.2,29.8,21.3,30.0,24.0,29.1
3306.426,25.6,29.6,24.3,30.0,21.2,30.2,23.8,29.2
3307.426,25.7,29.7,24.4,30.2,21.3,30.3,23.9,29.3
3308.426,25.8,29.8,24.4,30.3,21.4,30.5,24.0,29.4
3309.426,25.7,29.9,24.3,30.4,21.2,30.6,23.8,29.5
3310.426,25.9,30.0,24.5,30.5,21.5,30.8,24.2,29.7
3311.426,25.8,30.1,24.4,30.6,21.4,30.9,24.1,29.7
3312.426,26.1,30.1,24.7,30.7,21.8,31.0,24.6,29.9
3313.426,26.1,30.2,24.6,30.8,21.6,31.1,24.3,29.9
3314.426,12.7,30.4,11.4,30.9,9.4,31.3,11.5,30.1
3315.426,-4.5,30.6,-0.4,31.2,-1.0,31.6,-3.3,30.3
3316.426,-15.3,30.3,-15.5,31.0,-12.2,31.2,-13.7,30.1
3317.426,-26.8,30.0,-27.8,30.6,-23.2,30.9,-24.0,29.8
3318.426,-27.2,29.8,-28.1,30.4,-23.6,30.7,-24.4,29.7
3319.426,-27.3,29.6,-28.3,30.2,-23.8,30.4,-24.4,29.5
3320.426,-27.0,29.4,-28.2,29.9,-23.5,30.1,-24.2,29.3
3321.426,-27.0,29.2,-28.1,29.8,-23.3,30.0,-24.0,29.2
3322.426,-27.2,29.2,-28.3,29.7,-23.7,29.9,-24.4,29.1
3323.426,-27.4,29.1,-28.3,29.6,-23.5,29.9,-24.2,29.0
3324.426,-27.2,29.1,-28.2,29.6,-23.5,29.8,-24.3,29.0
3325.426,-27.4,29.1,-28.4,29.6,-23.6,29.8,-24.3,29.0
3326.426,-27.5,29.0,-28.4,29.5,-23.6,29.8,-24.2,28.9
3327.426,-35.9,29.0,-28.6,29.5,-23.9,29.8,-24.5,28.9
3328.426,-30.3,29.0,-28.4,29.5,-23.7,29.8,-24.4,28.9
3329.426,-27.7,29.0,-28.4,29.5,-23.6,29.8,-24.2,28.9
3330.426,-26.5,29.0,-28.3,29.5,-20.6,29.8,-23.4,28.9
3331.426,-23.2,29.0,-25.5,29.5,-19.8,29.8,-20.0,28.9
3332.426,-25.5,29.0,-26.2,29.4,-22.8,29.7,-23.1,28.9
3333.426,-9.3,29.2,-8.6,29.6,-8.0,29.9,-8.3,29.0
3334.426,0.3,29.7,0.1,30.0,0.2,30.4,1.5,29.5
3335.426,11.1,29.5,10.4,29.9,9.0,30.2,12.5,29.2
3336.426,20.2,29.0,19.4,29.4,17.2,29.7,18.5,28.9
3337.426,22.9,28.9,22.0,29.3,17.9,29.7,21.1,28.9
3338.426,23.9,29.0,23.9,29.3,19.6,29.7,23.1,28.9
3339.426,25.5,29.0,24.2,29.4,21.5,29.7,24.3,28.9
3340.426,31.8,29.0,24.1,29.4,21.1,29.8,23.6,28.9
3341.426,25.8,29.2,24.3,29.5,21.5,29.8,24.1,29.0
3342.426,25.6,29.3,24.3,29.6,21.4,29.9,24.1,29.0
3343.426,25.5,29.5,24.1,29.8,21.2,30.0,23.9,29.1
3344.426,25.7,29.6,24.3,30.0,21.3,30.1,24.2,29.2
3345.426,25.8,29.7,24.3,30.1,21.3,30.3,23.9,29.3
3346.426,26.0,29.8,24.5,30.3,21.5,30.5,24.2,29.4
3347.426,25.6,29.9,24.2,30.4,21.2,30.6,23.8,29.5
3348.426,26.0,30.0,24.4,30.5,21.6,30.7,24.3,29.6
3349.426,25.9,30.1,24.3,30.6,21.4,30.9,24.1,29.8
3350.426,26.3,30.1,24.6,30.7,21.8,31.0,24.5,29.8
3351.426,26.1,30.2,24.5,30.8,21.6,31.1,24.2,29.9
3352.426,15.2,30.3,15.1,30.9,12.5,31.3,14.4,30.1
3353.426,-0.9,30.6,0.4,31.2,0.0,31.5,-0.4,30.3
3354.426,-10.0,30.4,-6.9,31.1,-6.0,31.4,-8.9,30.2
3355.426,-25.1,30.1,-24.8,30.7,-20.1,31.0,-21.4,29.9
3356.426,-27.3,29.9,-27.8,30.5,-23.4,30.8,-24.2,29.7
3357.426,-27.4,29.6,-28.2,30.3,-23.8,30.5,-24.5,29.5
3358.426,-27.1,29.4,-28.1,30.0,-23.5,30.2,-24.3,29.3
3359.426,-27.2,29.3,-28.1,29.8,-23.4,30.1,-24.1,29.2
3360.426,-27.2,29.2,-28.1,29.7,-23.5,30.0,-24.2,29.1
3361.426,-27.3,29.1,-28.2,29.6,-23.5,29.9,-24.3,29.0
3362.426,-27.5,29.1,-28.2,29.6,-23.5,29.9,-24.2,29.0
3363.426,-27.5,29.1,-28.3,29.6,-23.6,29.8,-24.3,29.0
3364.426,-27.5,29.0,-28.2,29.5,-23.5,29.8,-24.2,29.0
3365.426,-27.8,29.0,-28.5,29.5,-23.8,29.8,-24.5,28.9
3366.426,-27.7,29.0,-28.5,29.5,-23.8,29.8,-24.5,28.9
3367.426,-27.7,29.0,-28.3,29.5,-23.5,29.8,-24.2,28.9
3368.427,-27.5,29.0,-28.4,29.5,-23.0,29.8,-24.4,28.9
3369.427,-24.2,29.0,-27.4,29.5,-19.3,29.8,-20.5,28.9
3370.427,-24.7,29.0,-25.4,29.5,-21.2,29.7,-22.5,28.9
3371.427,-17.7,29.0,-17.6,29.5,-15.5,29.7,-16.1,28.9
3372.427,0.1,29.5,-0.3,29.9,-0.1,30.2,0.7,29.3
3373.427,8.2,29.6,5.8,30.0,6.3,30.3,8.6,29.3
3374.427,19.5,29.0,19.9,29.4,15.3,29.8,17.9,29.0
3375.427,23.4,28.9,21.0,29.3,19.1,29.7,21.8,28.9
3376.427,23.0,28.9,23.9,29.3,18.5,29.7,22.4,28.8
3377.427,25.4,29.0,24.2,29.4,21.3,29.7,24.1,28.9
3378.427,25.3,29.0,24.0,29.4,21.0,29.7,23.6,28.9
3379.427,25.7,29.1,24.4,29.5,21.6,29.8,24.2,29.0
3380.427,25.5,29.3,24.2,29.6,21.3,29.9,24.0,29.0
3381.427,25.5,29.4,24.2,29.8,21.2,30.0,23.9,29.1
3382.427,25.5,29.6,24.2,29.9,21.2,30.1,24.0,29.1
3383.427,25.9,29.7,24.4,30.1,21.3,30.2,23.9,29.3
3384.427,25.8,29.8,24.4,30.2,21.4,30.4,24.1,29.4
3385.427,25.8,29.9,24.3,30.3,21.3,30.6,24.0,29.5
3386.427,25.6,30.0,24.2,30.4,21.4,30.7,24.1,29.6
3387.427,25.9,30.0,24.4,30.5,21.4,30.8,24.0,29.7
3388.427,26.3,30.1,24.7,30.6,21.8,31.0,24.5,29.8
3389.427,26.1,30.2,24.6,30.7,21.5,31.1,24.2,29.9
3390.427,20.7,30.3,20.4,30.8,17.6,31.2,20.0,30.0
3391.427,0.3,30.6,1.0,31.1,0.6,31.5,0.8,30.3
3392.427,-9.3,30.4,-6.0,31.2,-5.3,31.5,-8.6,30.2
3393.427,-25.1,30.1,-24.7,30.7,-20.2,31.0,-21.3,29.9
3394.427,-27.3,29.9,-28.0,30.5,-23.5,30.8,-24.2,29.7
3395.427,-27.5,29.7,-28.3,30.3,-26.1,30.5,-24.5,29.5
3396.427,-27.2,29.4,-28.3,30.0,-23.5,30.2,-24.3,29.3
3397.427,-27.2,29.3,-28.2,29.8,-23.2,30.1,-24.1,29.2
3398.427,-27.2,29.2,-28.2,29.7,-23.5,30.0,-24.2,29.1
3399.427,-27.5,29.1,-28.4,29.6,-23.6,29.9,-24.3,29.0
3400.427,-27.4,29.1,-28.3,29.6,-23.5,29.9,-24.2,29.0
3401.427,-27.5,29.1,-28.4,29.5,-23.5,29.8,-24.2,29.0
3402.427,-27.4,29.0,-28.3,29.5,-23.5,29.8,-24.2,29.0
3403.427,-27.7,29.0,-28.6,29.5,-23.8,29.8,-24.5,28.9
3404.429,-27.7,29.0,-28.5,29.5,-23.7,29.8,-24.4,28.9
3405.429,-27.6,29.0,-28.4,29.5,-23.5,29.7,-24.2,28.9
3406.429,-27.6,29.0,-28.5,29.4,-23.3,29.7,-24.4,28.9
3407.429,-23.6,29.0,-28.0,29.4,-18.8,29.7,-20.9,28.9
3408.429,-25.2,28.9,-25.5,29.4,-21.5,29.7,-22.3,28.9
3409.429,-20.4,28.9,-19.9,29.4,-18.5,29.7,-18.4,28.8
3410.429,1.4,29.4,-0.2,29.8,0.2,30.1,1.4,29.2
3411.429,11.0,29.4,5.2,30.0,6.0,30.2,9.0,29.2
3412.429,18.8,29.0,19.3,29.4,15.3,29.7,16.9,28.9
3413.429,22.9,28.9,21.1,29.3,19.7,29.6,21.5,28.9
3414.429,22.9,28.9,23.5,29.3,18.6,29.7,22.8,28.8
3415.429,25.6,28.9,24.3,29.3,23.3,29.7,24.2,28.9
3416.429,25.4,29.0,24.2,29.4,21.4,29.7,23.8,28.9
3417.429,25.6,29.1,24.4,29.5,23.0,29.8,24.1,28.9
3418.429,25.6,29.3,24.3,29.6,21.3,29.9,23.9,29.0
3419.429,25.4,29.5,24.1,29.7,21.0,30.0,23.7,29.0
3420.429,25.7,29.6,24.4,29.9,21.5,30.1,24.2,29.1
3421.429,25.8,29.7,24.4,30.1,21.3,30.3,23.9,29.2
3422.429,25.8,29.8,24.4,30.2,21.3,30.4,23.9,29.3
3423.429,25.6,29.9,24.3,30.3,21.2,30.6,23.8,29.5
3424.429,25.7,30.0,24.4,30.4,21.4,30.7,24.0,29.6
3425.429,26.0,30.0,24.6,30.6,21.8,30.9,24.5,29.7
3426.429,26.0,30.1,24.5,30.6,21.5,31.0,24.1,29.8
3427.429,26.1,30.2,24.6,30.7,21.7,31.1,24.4,29.9
3428.429,20.8,30.3,20.4,30.8,16.9,31.2,19.4,30.0
3429.429,-1.0,30.6,0.5,31.1,-0.1,31.5,-0.3,30.3
3430.429,-10.0,30.4,-5.0,31.2,-5.7,31.5,-8.6,30.2
3431.429,-25.4,30.0,-24.6,30.7,-20.4,31.0,-21.5,29.9
3432.429,-27.4,29.8,-28.4,30.5,-23.5,30.8,-24.2,29.7
3433.429,-27.5,29.6,-28.5,30.3,-23.8,30.5,-24.5,29.5
3434.429,-27.2,29.4,-38.1,30.0,-23.5,30.2,-24.2,29.3
3435.429,-27.2,29.2,-31.6,29.8,-23.3,30.1,-24.1,29.2
3436.429,-27.3,29.2,-30.9,29.7,-23.5,30.0,-24.3,29.1
3437.429,-27.4,29.1,-31.8,29.6,-23.5,29.9,-24.3,29.0
3438.429,-27.4,29.1,-29.5,29.6,-23.5,29.9,-24.2,29.0
3439.429,-27.7,29.1,-29.1,29.5,-23.7,29.8,-24.3,29.0
3440.429,-27.4,29.0,-28.7,29.5,-23.4,29.8,-24.1,28.9
3441.429,-27.7,29.0,-28.5,29.5,-23.9,29.8,-24.5,28.9
3442.429,-27.7,29.0,-28.4,29.5,-23.7,29.8,-24.4,28.9
3443.429,-27.7,29.0,-28.4,29.4,-23.6,29.7,-24.2,28.9
3444.429,-27.5,29.0,-28.3,29.4,-23.0,29.7,-24.4,28.9
3445.429,-24.4,29.0,-28.2,29.4,-18.2,29.7,-20.8,28.9
3446.429,-24.6,28.9,-25.9,29.4,-22.1,29.7,-21.9,28.9
3447.429,-17.1,29.0,-18.9,29.4,-16.1,29.7,-16.1,28.9
3448.429,0.9,29.4,0.0,29.8,0.2,30.1,2.1,29.2
3449.429,10.5,29.4,4.5,30.0,5.9,30.2,9.3,29.1
3450.429,18.2,29.0,18.9,29.4,14.4,29.7,16.6,28.9
3451.431,23.1,28.9,21.6,29.3,19.5,29.6,21.7,28.9
3452.431,22.4,28.9,23.8,29.3,17.9,29.6,21.5,28.8
3453.431,25.4,28.9,24.2,29.3,21.5,29.7,24.1,28.8
3454.431,25.4,29.0,24.3,29.4,21.4,29.7,23.8,28.9
3455.431,25.7,29.1,24.5,29.4,21.9,29.8,24.2,28.9
3456.431,25.4,29.3,24.3,29.5,21.2,29.9,23.9,29.0
3457.431,25.3,29.4,24.1,29.7,21.0,30.0,23.8,29.0
3458.431,25.5,29.6,23.5,29.8,21.1,30.1,23.8,29.1
3459.433,25.9,29.7,24.8,30.1,21.7,30.2,24.4,29.2
3460.433,25.8,29.8,24.7,30.2,21.5,30.4,23.8,29.4
3461.433,25.4,29.9,24.2,30.3,21.3,30.6,23.8,29.5
3462.433,25.7,30.0,24.3,30.4,21.3,30.7,24.0,29.6
3463.433,26.0,30.0,24.6,30.5,21.6,30.8,24.3,29.7
3464.433,26.0,30.1,24.6,30.7,21.6,31.0,24.3,29.8
3465.433,26.0,30.2,24.6,30.7,21.5,31.1,24.1,29.9
3466.433,22.1,30.2,21.7,30.8,18.1,31.2,20.8,30.0
3467.433,0.5,30.6,1.5,31.1,0.7,31.5,1.0,30.2
3468.433,-9.4,30.4,-5.8,31.2,-5.2,31.5,-8.0,30.2
3469.433,-24.2,30.0,-23.3,30.7,-19.1,31.0,-20.2,29.9
3470.433,-27.3,29.9,-26.9,30.5,-23.5,30.8,-24.2,29.7
3471.433,-27.6,29.7,-27.5,30.3,-23.8,30.6,-24.5,29.5
3472.433,-27.2,29.4,-27.7,30.0,-23.5,30.2,-24.2,29.3
3473.433,-27.2,29.3,-28.0,29.8,-23.5,30.1,-24.2,29.2
3474.433,-27.2,29.2,-27.8,29.7,-23.5,29.9,-24.2,29.1
3475.435,-27.4,29.1,-28.5,29.6,-23.5,29.9,-24.2,29.0
3476.435,-27.5,29.1,-28.3,29.6,-23.6,29.9,-24.2,29.0
3477.435,-27.6,29.1,-26.2,29.5,-23.6,29.8,-24.3,29.0
3478.435,-27.4,29.0,-26.3,29.5,-23.5,29.8,-24.2,28.9
3479.435,-27.8,29.0,-26.7,29.5,-23.8,29.8,-24.4,28.9
3480.435,-27.8,29.0,-27.3,29.5,-23.7,29.7,-24.3,28.9
3481.435,-27.6,29.0,-27.4,29.4,-23.6,29.7,-24.3,28.9
3482.435,-27.6,28.9,-27.7,29.4,-23.4,29.7,-24.3,28.9
3483.435,-24.5,28.9,-27.7,29.4,-18.8,29.7,-21.1,28.9
3484.435,-24.5,28.9,-24.8,29.4,-21.3,29.7,-22.2,28.9
3485.435,-21.8,28.9,-20.6,29.4,-18.6,29.7,-18.6,28.9
3486.435,0.4,29.3,0.4,29.8,-0.2,30.1,0.5,29.2
3487.435,5.5,29.5,2.7,30.0,3.3,30.3,6.1,29.3
3488.435,16.9,29.1,17.1,29.5,13.4,29.8,15.7,29.0
3489.435,23.7,28.8,20.7,29.3,20.2,29.6,21.9,28.9
3490.435,22.9,28.9,22.5,29.3,17.7,29.6,21.2,28.8
3491.435,25.2,28.9,23.6,29.3,20.9,29.6,24.0,28.8
3492.435,25.2,28.9,23.5,29.4,21.1,29.7,23.7,28.9
3493.435,25.6,29.0,23.7,29.4,21.4,29.7,23.9,28.9
3494.435,25.5,29.2,23.7,29.5,21.3,29.8,23.9,29.0
3495.435,25.5,29.4,23.7,29.7,21.3,29.9,24.0,29.0
3496.435,25.5,29.5,23.6,29.8,21.2,30.1,23.9,29.1
3497.435,25.8,29.6,23.7,30.0,21.3,30.2,23.9,29.2
3498.435,25.8,29.8,22.8,30.1,21.4,30.4,24.0,29.3
3499.435,25.9,29.9,23.9,30.3,21.4,30.5,24.0,29.4
3500.435,25.6,29.9,23.8,30.4,21.3,30.7,23.9,29.5
3501.435,25.7,30.0,23.7,30.5,21.5,30.8,24.3,29.6
3502.435,25.9,30.1,23.8,30.6,21.6,30.9,24.2,29.8
3503.436,26.0,30.1,23.9,30.7,21.6,31.0,24.1,29.9
3504.436,25.0,30.2,23.2,30.8,20.8,31.1,23.6,30.0
3505.436,1.9,30.5,3.3,31.0,2.2,31.4,2.7,30.2
3506.436,-9.2,30.4,-5.5,31.1,-5.2,31.4,-8.2,30.2
3507.436,-24.6,30.0,-24.6,30.7,-19.5,31.0,-20.6,29.8
3508.436,-27.3,29.9,-28.2,30.5,-23.4,30.8,-24.2,29.7
3509.436,-27.5,29.7,-24.3,30.3,-23.8,30.5,-24.5,29.5
3510.436,-27.2,29.4,-29.2,30.0,-23.6,30.2,-24.3,29.3
3511.436,-27.1,29.3,-27.6,29.8,-23.3,30.0,-24.0,29.2
3512.436,-27.3,29.2,-25.0,29.7,-23.4,29.9,-24.2,29.1
3513.436,-27.4,29.1,-28.5,29.6,-23.6,29.9,-24.3,29.0
3514.436,-27.5,29.1,-27.9,29.6,-23.5,29.8,-24.2,28.9
3515.436,-27.6,29.0,-30.9,29.5,-23.6,29.8,-24.3,28.9
3516.436,-27.5,29.0,-32.3,29.5,-23.5,29.8,-24.2,28.9
3517.436,-27.7,29.0,-34.0,29.4,-23.7,29.8,-24.3,28.9
3518.436,-27.7,29.0,-34.5,29.4,-23.8,29.8,-24.4,28.9
3519.436,-27.6,28.9,-33.9,29.4,-23.6,29.7,-24.2,28.9
3520.436,-27.5,28.9,-33.6,29.4,-23.3,29.7,-24.3,28.9
3521.436,-23.8,28.9,-29.6,29.4,-18.5,29.7,-20.8,28.9
3522.436,-24.9,28.9,-24.8,29.4,-21.8,29.7,-22.2,28.9
3523.436,-20.2,28.9,-21.0,29.4,-18.3,29.7,-18.3,28.9
3524.436,2.0,29.3,-1.1,29.7,0.2,30.1,0.9,29.2
3525.436,9.0,29.4,5.3,30.0,6.6,30.2,10.3,29.2
3526.436,18.4,29.0,18.6,29.4,15.1,29.7,16.9,28.9
3527.436,22.7,28.8,20.7,29.3,19.6,29.6,21.8,28.8
3528.436,24.0,28.9,23.0,29.3,18.5,29.6,22.5,28.8
3529.436,25.1,28.9,23.6,29.3,21.4,29.6,23.8,28.8
3530.436,25.2,29.0,23.6,29.4,21.1,29.7,23.5,28.9
3531.436,25.6,29.1,23.9,29.4,21.5,29.8,24.2,28.9
3532.436,25.3,29.3,23.6,29.5,21.3,29.8,23.9,29.0
3533.436,25.4,29.4,23.7,29.7,21.4,29.9,24.1,29.0
3534.436,25.3,29.6,23.6,29.9,21.1,30.1,23.8,29.1
3535.436,25.7,29.7,23.7,30.1,21.3,30.2,23.8,29.2
3536.436,25.9,29.8,23.9,30.2,21.5,30.4,24.0,29.3
3537.436,25.8,29.9,23.7,30.3,21.3,30.5,24.0,29.4
3538.436,25.6,29.9,23.7,30.4,21.3,30.7,24.0,29.6
3539.436,25.8,30.0,23.8,30.5,21.4,30.8,24.1,29.7
3540.436,26.1,30.1,24.0,30.6,21.7,30.9,24.3,29.8
3541.436,26.2,30.1,24.1,30.7,21.6,31.1,24.2,29.9
3542.436,20.5,30.2,20.0,30.8,17.3,31.2,20.0,30.0
3543.436,-0.5,30.6,0.9,31.1,0.4,31.4,0.3,30.2
3544.436,-10.9,30.3,-6.9,31.1,-6.8,31.4,-9.8,30.1
3545.436,-25.6,30.0,-24.7,30.7,-20.8,31.0,-21.8,29.8
3546.436,-27.3,29.8,-30.2,30.5,-23.5,30.7,-24.2,29.7
3547.436,-27.4,29.6,-30.2,30.3,-23.8,30.5,-24.5,29.5
3548.436,-27.1,29.4,-26.6,30.0,-23.5,30.2,-24.2,29.3
3549.436,-27.1,29.3,-26.1,29.8,-23.4,30.0,-24.1,29.1
3550.436,-27.2,29.2,-26.5,29.7,-23.5,29.9,-24.2,29.1
3551.436,-27.3,29.1,-26.8,29.6,-23.5,29.9,-24.3,29.0
3552.436,-27.4,29.1,-29.9,29.6,-23.5,29.8,-24.2,29.0
3553.436,-27.5,29.1,-28.1,29.5,-23.6,29.8,-24.3,28.9
3554.436,-27.4,29.0,-28.1,29.5,-23.5,29.8,-24.2,28.9
3555.436,-27.7,29.0,-28.4,29.5,-23.8,29.8,-24.4,28.9
3556.436,-27.6,29.0,-28.4,29.4,-23.8,29.7,-24.4,28.9
3557.436,-27.6,29.0,-28.3,29.4,-23.5,29.7,-24.2,28.9
3558.436,-27.4,29.0,-28.4,29.4,-22.9,29.7,-24.4,28.9
3559.436,-23.2,29.0,-27.8,29.4,-18.7,29.7,-20.8,28.9
3560.436,-25.3,28.9,-25.0,29.4,-21.6,29.7,-22.2,28.8
3561.436,-17.7,29.0,-17.6,29.4,-16.4,29.7,-16.3,28.9
3562.436,0.1,29.5,-0.5,29.8,0.2,30.2,0.7,29.3
3563.436,8.6,29.5,4.6,30.0,6.9,30.2,10.5,29.2
3564.436,19.0,29.0,18.8,29.4,15.4,29.7,17.4,28.9
3565.436,22.9,28.9,20.7,29.3,19.0,29.6,21.6,28.8
3566.436,23.3,28.9,23.3,29.3,18.1,29.6,21.7,28.8
3567.436,25.2,28.9,23.3,29.3,21.4,29.6,24.1,28.9
3568.436,25.5,29.0,23.5,29.4,21.2,29.7,23.9,28.9
3569.436,25.5,29.1,23.6,29.5,21.6,29.8,24.1,28.9
3570.436,25.5,29.3,23.4,29.6,21.5,29.9,23.8,29.0
3571.436,25.2,29.5,23.3,29.7,21.0,30.0,23.7,29.0
3572.436,25.5,29.6,23.4,29.9,21.2,30.1,23.8,29.1
3573.436,25.8,29.7,23.7,30.1,21.7,30.2,24.4,29.2
3574.436,25.7,29.8,23.6,30.2,21.3,30.4,23.9,29.3
3575.436,25.5,29.9,23.6,30.3,21.0,30.6,23.6,29.5
3576.436,25.7,30.0,23.5,30.4,21.3,30.7,23.9,29.6
3577.436,25.9,30.0,23.8,30.5,21.8,30.8,24.5,29.7
3578.436,26.1,30.1,23.8,30.6,21.8,30.9,24.3,29.8
3579.436,25.9,30.2,23.7,30.7,21.5,31.1,24.1,29.9
3580.460,20.0,30.3,18.6,30.9,16.4,31.2,18.8,30.0
3581.460,0.7,30.6,0.8,31.1,0.5,31.5,0.9,30.3
3582.460,-8.2,30.5,-4.2,31.2,-4.2,31.5,-7.1,30.2
3583.460,-22.6,30.1,-22.6,30.7,-17.8,31.0,-19.2,29.9
3584.460,-27.2,29.9,-28.2,30.5,-23.4,30.8,-24.2,29.7
3585.462,-27.5,29.7,-28.5,30.3,-23.8,30.6,-24.5,29.5
3586.462,-27.2,29.5,-28.4,30.0,-23.5,30.3,-24.2,29.3
3587.462,-27.2,29.3,-28.4,29.8,-23.4,30.1,-24.1,29.2
3588.462,-27.3,29.1,-28.4,29.7,-23.3,29.9,-24.2,29.1
3589.462,-27.4,29.1,-28.5,29.6,-23.5,29.9,-24.2,29.0
3590.462,-27.5,29.1,-28.5,29.6,-23.6,29.8,-24.2,29.0
3591.462,-27.6,29.0,-28.5,29.5,-23.6,29.8,-24.2,29.0
3592.462,-27.5,29.0,-28.5,29.5,-23.6,29.8,-24.2,28.9
3593.462,-27.7,29.0,-28.7,29.5,-23.8,29.8,-24.4,28.9
3594.462,-27.8,29.0,-28.7,29.5,-23.6,29.8,-24.3,28.9
3595.462,-27.6,29.0,-28.5,29.5,-23.5,29.7,-24.2,28.9
3596.462,-27.7,29.0,-28.7,29.4,-23.9,29.7,-24.4,28.9
3597.462,-24.9,29.0,-28.4,29.4,-19.2,29.7,-21.2,28.9
3598.462,-24.7,29.0,-25.0,29.4,-21.1,29.7,-21.3,28.9
3599.468,-21.2,29.0,-20.9,29.4,-20.0,29.6,-20.3,28.8
3600.468,0.1,29.4,-0.3,29.8,-0.7,30.0,-0.4,29.2
3601.468,2.4,29.8,0.5,30.1,2.4,30.4,5.9,29.4
3602.468,16.4,29.2,15.0,29.7,12.8,29.8,14.2,29.0
3603.468,23.6,28.9,21.2,29.4,20.0,29.6,21.8,28.9
3604.468,22.4,28.9,22.4,29.3,17.6,29.6,21.2,28.9
3605.468,24.7,28.9,23.5,29.3,20.5,29.6,23.8,28.9
3606.468,25.2,28.9,23.5,29.4,21.5,29.7,24.0,28.9
3607.468,25.6,29.0,23.6,29.5,21.3,29.7,23.9,28.9
3608.468,25.4,29.2,23.5,29.5,21.3,29.8,23.9,29.0
3609.468,25.2,29.4,23.4,29.7,21.0,29.9,23.7,29.0
3610.468,25.5,29.5,23.5,29.9,21.2,30.0,23.9,29.1
3611.470,25.6,29.6,23.7,30.0,21.5,30.2,24.1,29.2
3612.470,25.6,29.7,23.6,30.2,21.3,30.4,23.8,29.3
3613.470,25.7,29.8,23.7,30.3,21.4,30.5,23.9,29.4
3614.470,25.3,29.9,23.5,30.4,21.1,30.6,23.8,29.6
3615.470,25.9,30.0,23.9,30.5,21.9,30.8,24.6,29.7
3616.470,25.8,30.1,23.7,30.6,21.5,30.9,24.1,29.8
3617.470,25.9,30.1,23.9,30.7,21.6,31.0,24.2,29.9
3618.470,25.5,30.2,23.3,30.8,21.2,31.1,23.8,29.9
3619.470,2.0,30.5,2.8,31.0,2.1,31.3,2.4,30.2
3620.470,-8.5,30.4,-5.2,31.2,-4.7,31.4,-7.7,30.2
3621.470,-25.1,30.1,-24.8,30.7,-19.9,31.0,-21.1,29.9
3622.470,-27.3,29.9,-28.2,30.5,-23.4,30.8,-24.2,29.7
3623.470,-27.5,29.7,-28.5,30.3,-23.8,30.5,-24.5,29.5
3624.470,-27.1,29.4,-28.3,30.0,-23.4,30.2,-24.1,29.3
3625.470,-27.3,29.2,-28.4,29.8,-23.5,30.0,-24.2,29.2
3626.470,-27.3,29.1,-28.4,29.7,-23.5,29.9,-24.2,29.1
3627.470,-27.4,29.1,-28.4,29.6,-23.4,29.9,-24.1,29.0
3628.470,-27.5,29.1,-28.5,29.6,-23.5,29.8,-24.2,29.0
3629.470,-27.6,29.0,-28.6,29.5,-23.6,29.8,-24.3,28.9
3630.470,-27.4,29.0,-28.4,29.5,-23.4,29.8,-24.1,28.9
3631.470,-27.7,29.0,-28.7,29.5,-23.7,29.7,-24.4,28.9
3632.470,-27.8,29.0,-28.7,29.4,-23.8,29.7,-24.4,28.9
3633.470,-27.6,29.0,-28.5,29.4,-23.5,29.7,-24.2,28.9
3634.470,-27.5,29.0,-28.6,29.4,-23.3,29.7,-24.3,28.9
3635.470,-24.0,29.0,-28.2,29.4,-19.4,29.7,-20.7,28.9
3636.470,-25.2,29.0,-25.2,29.4,-20.2,29.7,-22.2,28.9
3637.470,-18.8,29.0,-19.5,29.4,-18.3,29.7,-18.2,28.9
3638.470,-0.2,29.5,-0.1,29.8,-0.3,30.1,-0.0,29.3
3639.470,0.4,29.8,0.0,30.1,0.3,30.4,1.1,29.5
3640.470,13.3,29.4,10.3,29.8,10.7,30.0,13.1,29.1
3641.471,22.1,29.0,20.6,29.3,19.1,29.6,20.8,28.9
3642.471,22.0,28.9,21.7,29.3,18.1,29.6,21.1,28.8
3643.471,24.4,28.9,23.6,29.3,19.2,29.6,23.4,28.8
3644.471,25.5,28.9,23.4,29.3,21.3,29.7,23.8,28.9
3645.471,25.5,29.0,23.6,29.4,21.5,29.7,24.1,28.9
3646.471,25.4,29.2,23.6,29.5,21.3,29.8,23.8,29.0
3647.471,25.2,29.3,23.5,29.6,21.2,29.9,23.9,29.0
3648.471,25.2,29.5,23.4,29.8,21.0,30.0,23.6,29.0
3649.471,25.5,29.6,23.6,30.0,21.4,30.1,24.0,29.1
3650.471,25.5,29.7,23.7,30.1,21.6,30.3,24.2,29.2
3651.471,25.5,29.8,23.5,30.3,21.1,30.4,23.6,29.4
3652.471,25.6,29.9,23.6,30.4,21.1,30.6,23.6,29.5
3653.471,25.4,30.0,23.6,30.5,21.5,30.7,24.2,29.6
3654.471,26.0,30.0,24.0,30.6,21.9,30.9,24.6,29.7
3655.471,25.6,30.1,23.7,30.7,21.3,31.0,23.9,29.8
3656.471,25.9,30.2,23.8,30.8,21.7,31.1,24.3,29.9
3657.471,11.5,30.3,11.4,30.9,9.6,31.2,11.6,30.1
3658.471,-3.6,30.6,-0.4,31.2,-0.6,31.6,-2.6,30.3
3659.471,-13.6,30.3,-12.8,31.0,-10.2,31.2,-12.1,30.0
3660.471,-27.1,30.0,-27.2,30.5,-22.7,30.9,-23.6,29.8
3661.471,-27.5,29.8,-28.3,30.4,-23.5,30.7,-24.2,29.6
3662.471,-27.5,29.5,-28.5,30.2,-23.7,30.4,-24.4,29.4
3663.471,-27.2,29.3,-28.4,29.9,-23.5,30.1,-24.2,29.2
3664.471,-27.3,29.2,-28.4,29.8,-23.4,30.0,-24.1,29.1
3665.471,-27.3,29.1,-28.4,29.6,-23.4,29.9,-24.2,29.0
3666.471,-27.5,29.1,-28.5,29.6,-23.6,29.8,-24.3,29.0
3667.471,-27.4,29.1,-28.4,29.5,-23.4,29.8,-24.1,29.0
3668.471,-27.6,29.0,-28.6,29.5,-23.6,29.8,-24.3,28.9
3669.471,-27.7,29.0,-28.5,29.5,-23.5,29.8,-24.2,28.9
3670.471,-27.8,29.0,-28.7,29.5,-23.7,29.7,-24.3,28.9
3671.471,-27.6,29.0,-28.7,29.4,-23.8,29.7,-24.5,28.9
3672.471,-27.8,29.0,-28.7,29.4,-23.6,29.7,-24.3,28.9
3673.471,-26.5,28.9,-28.4,29.4,-21.3,29.7,-23.6,28.9
3674.471,-23.4,29.0,-27.1,29.4,-20.4,29.7,-21.0,28.8
3675.471,-25.0,28.9,-25.4,29.4,-21.5,29.6,-21.8,28.8
3676.471,-11.9,29.0,-10.5,29.5,-10.0,29.7,-9.9,29.0
