time_s,s1_flow_ml_min,s1_temp_c,s2_flow_ml_min,s2_temp_c,s3_flow_ml_min,s3_temp_c,s4_flow_ml_min,s4_temp_c
0.005,0.0,29.1,0.0,29.2,0.0,29.6,0.0,28.6
1.005,-0.0,29.1,0.0,29.2,0.0,29.6,0.0,28.6
2.005,-0.2,29.1,-0.3,29.2,-0.2,29.6,-0.2,28.6
3.005,-0.7,29.1,-0.1,29.2,-0.3,29.4,-0.5,28.5
4.005,-3.2,28.5,-0.0,29.2,-0.1,29.3,-1.7,28.2
5.005,-3.1,27.9,-0.9,29.1,-1.1,29.1,-2.6,27.7
6.005,-4.6,27.7,-5.0,28.4,-3.4,28.4,-4.6,27.4
7.005,-6.1,27.5,-6.9,27.8,-4.9,28.0,-6.8,27.2
8.005,-13.1,27.4,-12.8,27.6,-8.4,27.8,-9.7,27.1
9.005,-12.9,27.3,-13.7,27.6,-9.3,27.8,-11.1,27.1
10.005,-13.1,27.3,-14.1,27.5,-9.4,27.7,-11.3,27.1
11.005,-13.1,27.2,-13.9,27.5,-9.4,27.7,-11.3,27.0
12.005,-13.1,27.2,-13.9,27.4,-9.4,27.6,-11.2,27.0
13.005,-13.2,27.1,-14.0,27.4,-9.6,27.6,-11.4,26.9
14.005,-13.2,27.1,-14.0,27.4,-9.5,27.5,-11.4,26.8
15.005,-13.3,27.0,-14.1,27.3,-9.5,27.5,-11.2,26.8
16.005,-13.2,27.0,-14.0,27.3,-9.5,27.4,-11.3,26.8
17.005,-13.1,27.0,-13.9,27.2,-9.4,27.4,-11.2,26.7
18.005,-13.1,26.9,-13.8,27.2,-9.3,27.3,-11.0,26.7
19.005,-13.1,26.9,-13.9,27.2,-9.4,27.3,-11.2,26.7
20.005,-13.1,26.9,-13.8,27.1,-9.3,27.3,-11.1,26.6
21.006,-12.9,26.9,-13.8,27.1,-9.3,27.3,-11.2,26.6
22.006,-12.8,26.8,-13.7,27.1,-9.3,27.2,-11.2,26.6
23.006,-13.0,26.8,-13.8,27.0,-9.3,27.2,-11.1,26.6
24.006,-13.0,26.8,-13.9,27.0,-9.4,27.2,-11.3,26.6
25.006,-13.0,26.8,-13.8,27.0,-9.3,27.1,-11.2,26.5
26.006,-13.1,26.8,-14.0,27.0,-9.5,27.1,-11.3,26.5
27.006,-13.0,26.8,-13.8,27.0,-9.3,27.1,-11.1,26.5
28.006,-13.1,26.7,-13.8,27.0,-9.3,27.1,-11.1,26.5
29.006,-13.0,26.7,-13.8,26.9,-9.3,27.1,-11.1,26.5
30.006,-13.1,26.7,-13.9,26.9,-9.4,27.1,-11.2,26.5
31.006,-13.0,26.7,-13.8,26.9,-9.4,27.1,-11.3,26.5
32.006,-13.1,26.7,-13.7,26.9,-9.1,27.1,-10.9,26.5
33.006,-13.2,26.7,-14.0,26.9,-9.4,27.1,-11.1,26.5
34.006,-12.9,26.7,-13.8,26.9,-9.4,27.1,-11.3,26.4
35.020,-13.2,26.7,-14.0,26.9,-9.5,27.0,-11.3,26.4
36.020,-13.3,26.7,-14.0,26.9,-9.5,27.1,-11.3,26.4
37.020,-12.9,26.7,-13.6,26.9,-9.2,27.1,-10.9,26.4
38.020,-13.2,26.7,-14.0,26.9,-9.5,27.0,-11.3,26.4
39.025,-13.1,26.7,-13.9,26.9,-9.4,27.0,-11.2,26.4
40.025,-13.3,26.7,-14.0,26.9,-9.5,27.0,-11.2,26.4
41.025,-13.2,26.7,-14.0,26.9,-9.5,27.0,-11.4,26.4
42.025,-13.1,26.7,-13.8,26.9,-9.2,27.0,-11.0,26.4
43.025,-13.0,26.7,-13.8,26.9,-9.4,27.0,-11.2,26.4
44.025,-13.2,26.7,-13.9,26.9,-9.3,27.0,-11.1,26.4
45.025,-13.3,26.7,-14.0,26.9,-9.5,27.0,-11.3,26.4
46.025,-12.9,26.7,-13.7,26.9,-9.3,27.0,-11.2,26.4
47.025,-13.3,26.7,-13.9,26.9,-9.3,27.0,-10.9,26.4
48.026,-13.0,26.7,-13.9,26.9,-9.4,27.0,-11.2,26.4
49.026,-12.9,26.7,-13.8,26.9,-7.7,27.0,-11.1,26.4
50.026,-11.0,26.7,-14.0,26.8,-7.8,27.0,-9.6,26.4
51.026,-11.0,26.7,-13.8,26.9,-8.2,27.0,-9.3,26.4
52.026,-11.3,26.7,-11.6,26.9,-7.6,27.0,-9.6,26.4
53.026,-11.6,26.7,-11.8,26.9,-7.9,27.0,-9.4,26.4
54.026,-11.6,26.7,-12.2,26.9,-8.2,27.0,-9.7,26.4
55.026,-11.6,26.7,-11.9,26.9,-8.6,27.0,-10.3,26.4
56.026,-11.6,26.7,-11.5,26.9,-8.6,27.0,-9.9,26.4
57.026,-6.2,26.8,-6.1,26.9,-4.3,27.1,-4.8,26.5
58.026,0.1,27.3,-0.0,27.4,0.0,27.5,0.1,26.9
59.026,0.4,27.5,-0.1,27.6,0.1,27.8,0.4,27.1
60.026,2.1,27.5,0.1,27.8,0.5,28.0,2.0,27.1
61.026,4.4,27.2,1.8,27.8,2.3,27.7,3.1,26.9
62.026,6.5,26.9,7.3,27.2,5.1,27.2,7.1,26.6
63.026,6.7,26.8,6.3,27.0,4.8,27.1,6.0,26.5
64.026,5.3,26.9,5.3,27.0,4.0,27.1,4.6,26.6
65.026,8.2,26.8,8.1,26.9,5.2,27.0,6.1,26.5
66.026,13.1,26.6,12.3,26.7,9.8,26.9,12.6,26.4
67.026,11.4,26.6,10.8,26.7,7.7,26.9,9.2,26.4
68.026,10.6,26.6,10.8,26.7,7.1,26.9,9.7,26.4
69.026,10.9,26.6,12.1,26.7,7.2,26.8,8.6,26.4
70.026,10.6,26.5,12.8,26.6,7.7,26.8,10.4,26.3
71.027,13.4,26.5,12.9,26.6,8.4,26.8,12.1,26.3
72.027,12.7,26.5,12.6,26.6,9.2,26.8,11.5,26.3
73.027,12.4,26.5,12.3,26.7,9.1,26.8,11.5,26.3
74.027,12.2,26.5,12.0,26.7,8.5,26.8,10.5,26.3
75.027,13.3,26.5,13.0,26.7,9.2,26.9,11.5,26.3
76.027,12.5,26.6,12.3,26.7,8.8,26.9,11.2,26.3
77.027,12.7,26.6,12.4,26.7,8.8,26.9,11.0,26.4
78.027,13.0,26.6,12.8,26.7,9.3,26.9,11.8,26.4
79.027,13.0,26.6,12.7,26.8,9.1,26.9,11.4,26.4
80.027,12.5,26.7,12.3,26.8,8.8,27.0,11.2,26.4
81.027,12.9,26.7,12.6,26.8,9.0,27.0,11.4,26.4
82.058,12.4,26.7,12.2,26.9,8.7,27.0,11.1,26.4
83.059,12.1,26.8,11.7,26.9,8.0,27.0,10.0,26.5
84.059,12.4,26.8,12.3,26.9,8.8,27.1,11.2,26.5
85.059,12.4,26.8,12.2,27.0,8.8,27.1,11.2,26.5
86.059,12.7,26.9,12.4,27.0,8.9,27.1,11.2,26.5
87.059,12.8,26.9,12.6,27.0,9.0,27.1,11.4,26.5
88.059,12.5,26.9,12.3,27.1,8.7,27.2,11.0,26.5
89.059,12.6,26.9,12.3,27.1,8.7,27.2,11.1,26.5
90.059,12.8,27.0,12.5,27.1,8.9,27.2,11.2,26.6
91.059,13.0,27.0,12.7,27.2,9.1,27.2,11.4,26.6
92.059,13.3,27.0,13.1,27.2,9.7,27.3,12.3,26.6
93.059,12.9,27.1,12.6,27.3,9.0,27.3,11.3,26.6
94.059,12.7,27.1,12.5,27.3,8.9,27.4,11.3,26.6
95.059,12.8,27.1,12.5,27.3,8.9,27.4,11.2,26.7
96.059,12.3,27.2,12.1,27.4,8.6,27.4,10.9,26.7
97.059,12.7,27.2,12.1,27.4,8.4,27.5,10.4,26.7
98.059,13.1,27.2,12.6,27.4,8.7,27.5,10.8,26.7
99.059,12.8,27.2,12.4,27.5,8.8,27.5,11.0,26.8
100.059,13.1,27.3,12.8,27.5,9.2,27.6,11.6,26.8
101.059,12.4,27.3,12.3,27.5,8.9,27.6,11.4,26.8
102.059,12.7,27.3,12.5,27.6,9.1,27.6,11.6,26.8
103.059,12.6,27.3,12.3,27.6,8.8,27.7,11.1,26.8
104.059,12.4,27.3,12.3,27.6,8.8,27.7,11.3,26.8
105.059,13.2,27.4,12.8,27.6,9.1,27.7,11.4,26.9
106.059,12.9,27.4,12.7,27.7,9.2,27.8,11.8,26.9
107.059,12.7,27.4,12.5,27.7,8.9,27.8,11.3,26.9
108.059,12.8,27.4,12.5,27.7,8.9,27.8,11.2,26.9
109.059,12.7,27.4,12.4,27.8,8.8,27.9,11.2,26.9
110.059,12.7,27.4,12.4,27.8,8.8,27.9,11.2,27.0
111.059,13.1,27.5,12.6,27.8,8.9,27.9,11.1,27.0
112.060,12.6,27.5,11.9,27.8,8.9,27.9,11.3,27.0
113.060,6.3,27.6,6.0,27.9,4.3,28.1,5.7,27.1
114.060,-0.1,28.0,-0.2,28.3,-0.1,28.4,-0.0,27.4
115.060,-0.6,28.2,-0.1,28.5,-0.2,28.6,-0.6,27.6
116.060,-3.3,28.0,0.0,28.6,-0.1,28.7,-2.0,27.5
117.060,-2.8,27.8,-1.2,28.6,-1.3,28.6,-2.3,27.3
118.060,-4.6,27.7,-4.8,28.2,-3.5,28.2,-4.8,27.2
119.060,-6.2,27.5,-6.6,27.8,-4.6,27.9,-6.2,27.0
120.060,-13.2,27.3,-13.0,27.6,-8.7,27.7,-10.1,26.9
121.060,-12.8,27.2,-13.9,27.5,-9.3,27.6,-11.1,26.8
122.060,-13.0,27.2,-13.8,27.5,-9.4,27.6,-11.1,26.8
123.060,-13.0,27.1,-13.7,27.4,-9.3,27.5,-11.1,26.7
124.060,-13.0,27.1,-13.9,27.3,-9.5,27.4,-11.3,26.7
125.060,-13.2,27.0,-13.9,27.3,-9.4,27.4,-11.2,26.7
126.060,-13.1,27.0,-14.0,27.2,-9.5,27.3,-11.3,26.6
127.060,-13.1,26.9,-14.0,27.1,-9.5,27.2,-11.3,26.6
128.060,-13.1,26.9,-13.8,27.1,-9.3,27.2,-11.1,26.5
129.060,-13.1,26.8,-14.0,27.0,-9.5,27.1,-11.3,26.5
130.060,-12.9,26.8,-13.8,27.0,-9.3,27.1,-11.1,26.4
131.060,-13.0,26.7,-13.8,26.9,-9.4,27.0,-11.2,26.4
132.060,-12.9,26.7,-13.7,26.9,-9.2,27.0,-10.9,26.4
133.060,-13.0,26.6,-13.8,26.9,-9.3,26.9,-11.1,26.4
134.060,-12.9,26.6,-13.7,26.8,-9.3,26.9,-11.1,26.3
135.060,-13.0,26.6,-13.8,26.8,-9.4,26.9,-11.2,26.3
136.060,-12.9,26.6,-13.8,26.8,-9.4,26.9,-11.2,26.3
137.060,-12.8,26.6,-13.6,26.8,-9.2,26.8,-11.0,26.3
138.060,-13.1,26.5,-14.0,26.7,-9.4,26.8,-11.2,26.3
139.060,-13.2,26.5,-13.9,26.7,-9.4,26.8,-11.1,26.3
140.060,-13.2,26.5,-13.9,26.7,-9.3,26.8,-11.1,26.2
141.060,-13.0,26.5,-13.8,26.7,-9.3,26.8,-11.1,26.2
142.060,-12.8,26.5,-13.7,26.7,-9.2,26.7,-11.1,26.2
143.060,-13.0,26.5,-13.8,26.6,-9.3,26.7,-11.1,26.2
144.060,-13.2,26.5,-13.9,26.6,-9.4,26.7,-11.1,26.2
145.060,-13.1,26.5,-13.9,26.6,-9.4,26.7,-11.1,26.2
146.060,-13.0,26.4,-13.9,26.6,-9.5,26.7,-11.3,26.2
147.060,-13.2,26.4,-14.0,26.6,-9.4,26.7,-11.1,26.2
148.060,-13.1,26.4,-13.9,26.6,-9.4,26.7,-11.1,26.2
149.060,-13.0,26.4,-13.8,26.6,-9.4,26.7,-11.2,26.2
150.060,-13.2,26.4,-14.0,26.6,-9.5,26.7,-11.2,26.2
151.060,-13.1,26.4,-13.9,26.6,-9.4,26.7,-11.2,26.2
152.060,-13.2,26.4,-13.9,26.6,-9.3,26.7,-11.0,26.2
153.060,-13.2,26.4,-14.1,26.5,-9.5,26.7,-11.3,26.2
154.060,-13.0,26.4,-13.8,26.5,-9.4,26.7,-11.1,26.1
155.060,-12.9,26.4,-13.8,26.5,-9.4,26.7,-11.2,26.2
156.060,-13.0,26.4,-13.8,26.5,-9.3,26.7,-11.1,26.2
157.060,-13.2,26.4,-14.0,26.5,-9.4,26.7,-11.1,26.1
158.060,-13.0,26.4,-13.9,26.5,-9.3,26.7,-11.2,26.1
159.060,-13.2,26.4,-14.0,26.5,-9.4,26.6,-11.1,26.1
160.060,-12.9,26.4,-13.8,26.5,-9.3,26.6,-11.2,26.1
161.060,-12.2,26.4,-13.6,26.5,-7.5,26.7,-10.4,26.1
162.060,-10.7,26.4,-13.9,26.5,-7.5,26.7,-9.5,26.2
163.060,-11.1,26.4,-13.7,26.5,-8.0,26.7,-9.0,26.2
164.061,-11.3,26.4,-11.7,26.5,-7.8,26.7,-9.5,26.1
165.061,-11.4,26.4,-11.5,26.5,-8.0,26.7,-9.5,26.2
166.061,-11.4,26.4,-12.0,26.5,-8.3,26.6,-10.0,26.1
167.061,-11.3,26.4,-11.6,26.5,-8.3,26.6,-9.8,26.1
168.061,-12.3,26.4,-12.3,26.5,-9.1,26.6,-10.5,26.1
169.061,-4.0,26.5,-4.1,26.7,-2.8,26.8,-3.3,26.2
170.061,0.1,27.0,-0.1,27.1,0.0,27.2,0.1,26.7
171.061,0.8,27.3,-0.0,27.3,0.3,27.5,0.9,26.9
172.061,2.7,27.1,0.5,27.5,1.0,27.4,2.7,26.7
173.061,5.5,26.8,4.4,27.2,3.4,27.1,4.6,26.5
174.061,7.9,26.6,7.7,26.7,5.9,26.8,7.2,26.3
175.061,6.4,26.5,6.4,26.6,4.4,26.7,6.0,26.3
176.061,5.2,26.6,5.1,26.7,3.5,26.8,4.8,26.3
177.061,8.5,26.5,8.3,26.6,5.3,26.7,6.4,26.3
178.061,13.3,26.4,12.7,26.4,9.6,26.6,11.7,26.1
179.061,11.3,26.3,10.8,26.4,8.0,26.5,10.1,26.1
180.061,10.9,26.3,11.1,26.4,7.6,26.5,9.4,26.1
181.063,11.3,26.3,12.8,26.3,7.2,26.5,10.1,26.1
182.063,11.6,26.3,12.7,26.4,7.6,26.5,10.3,26.1
183.063,12.8,26.3,12.3,26.4,8.0,26.5,10.8,26.1
184.063,12.6,26.3,12.5,26.4,9.0,26.5,11.5,26.1
185.063,13.0,26.3,12.8,26.4,9.4,26.5,11.8,26.1
186.063,12.2,26.3,12.1,26.4,8.7,26.5,11.0,26.1
187.063,12.8,26.4,12.5,26.4,8.9,26.6,11.2,26.1
188.063,12.8,26.4,12.5,26.5,8.9,26.6,11.2,26.1
189.063,12.8,26.4,12.6,26.5,8.9,26.6,11.3,26.1
190.063,12.8,26.4,12.5,26.5,8.8,26.6,11.0,26.2
191.063,12.3,26.4,12.2,26.6,8.8,26.7,11.2,26.2
192.063,12.9,26.5,12.6,26.6,8.9,26.7,11.2,26.2
193.063,12.7,26.5,12.4,26.6,8.9,26.7,11.2,26.2
194.065,12.6,26.5,12.4,26.6,8.9,26.8,11.2,26.2
195.065,12.6,26.6,12.3,26.7,8.7,26.8,11.1,26.3
196.065,12.2,26.6,12.0,26.7,8.5,26.8,10.8,26.3
197.065,12.6,26.7,12.4,26.7,8.9,26.8,11.3,26.3
198.065,12.7,26.7,12.4,26.8,8.9,26.9,11.2,26.3
199.065,12.3,26.7,12.1,26.8,8.7,26.9,11.0,26.3
200.065,12.4,26.7,12.2,26.9,8.7,26.9,11.1,26.3
201.065,12.5,26.8,12.3,26.9,8.8,27.0,11.1,26.4
202.065,12.9,26.8,12.7,26.9,9.1,27.0,11.5,26.4
203.065,12.9,26.8,12.5,27.0,8.9,27.0,11.2,26.4
204.065,13.0,26.9,12.6,27.0,9.0,27.1,11.2,26.4
205.065,12.6,26.9,12.4,27.1,8.9,27.1,11.3,26.4
206.065,12.8,26.9,12.5,27.1,8.9,27.2,11.2,26.4
207.065,12.7,27.0,12.4,27.1,8.8,27.2,11.2,26.5
208.065,12.8,27.0,12.4,27.2,8.7,27.2,10.9,26.5
209.065,12.8,27.0,12.5,27.2,8.8,27.3,11.1,26.5
210.065,12.7,27.0,12.3,27.2,8.6,27.3,10.8,26.5
211.065,12.8,27.1,12.6,27.3,9.1,27.3,11.5,26.6
212.065,12.6,27.1,12.4,27.3,8.9,27.4,11.3,26.6
213.065,12.5,27.1,12.3,27.3,8.9,27.4,11.4,26.6
214.065,12.8,27.1,12.5,27.4,8.9,27.4,11.3,26.6
215.065,12.6,27.2,12.3,27.4,8.7,27.5,11.1,26.6
216.065,12.9,27.2,12.8,27.4,9.3,27.5,11.9,26.7
217.065,13.0,27.2,12.7,27.5,9.1,27.5,11.4,26.7
218.065,12.8,27.2,12.6,27.5,9.0,27.6,11.5,26.7
219.065,12.9,27.2,12.5,27.5,8.9,27.6,11.2,26.7
220.065,12.7,27.2,12.5,27.5,8.9,27.6,11.3,26.7
221.065,12.7,27.3,12.4,27.6,8.8,27.7,11.2,26.8
222.065,12.8,27.3,12.5,27.6,8.8,27.7,11.1,26.8
223.065,13.0,27.3,12.5,27.6,9.2,27.7,11.6,26.8
224.067,12.6,27.3,12.0,27.7,8.9,27.7,11.3,26.8
225.067,4.4,27.5,4.1,27.8,2.9,27.9,4.0,26.9
226.067,-0.1,27.9,-0.2,28.1,-0.2,28.3,-0.2,27.3
227.067,-0.9,28.0,-0.1,28.3,-0.2,28.4,-0.7,27.4
228.067,-3.4,27.8,-0.1,28.4,-0.3,28.5,-2.4,27.3
229.067,-2.7,27.6,-1.6,28.3,-1.4,28.3,-2.4,27.1
230.067,-5.4,27.4,-5.9,27.9,-4.3,27.9,-5.7,26.9
231.067,-8.0,27.3,-8.1,27.6,-5.5,27.7,-6.9,26.8
232.067,-13.2,27.1,-13.3,27.4,-9.2,27.5,-10.9,26.7
233.067,-12.8,27.1,-14.1,27.3,-9.3,27.4,-11.1,26.6
234.067,-13.0,27.0,-13.8,27.3,-9.4,27.4,-11.2,26.6
235.068,-12.9,27.0,-13.7,27.2,-9.3,27.3,-11.1,26.5
236.068,-13.1,26.9,-13.9,27.1,-9.4,27.2,-11.2,26.5
237.068,-13.1,26.9,-13.9,27.1,-9.5,27.2,-11.3,26.5
238.068,-13.1,26.8,-13.9,27.0,-9.4,27.1,-11.2,26.4
239.068,-13.2,26.7,-14.0,27.0,-9.4,27.0,-11.2,26.4
240.068,-13.0,26.7,-13.8,26.9,-9.3,27.0,-11.0,26.3
241.068,-13.1,26.6,-14.0,26.8,-9.5,26.9,-11.3,26.3
242.068,-12.9,26.6,-13.8,26.8,-9.3,26.9,-11.1,26.3
243.068,-13.0,26.5,-13.8,26.7,-9.3,26.8,-11.2,26.2
244.068,-12.9,26.5,-13.7,26.7,-9.2,26.8,-10.9,26.2
245.068,-12.9,26.5,-13.8,26.7,-9.3,26.7,-11.1,26.2
246.068,-12.9,26.5,-13.8,26.6,-9.4,26.7,-11.2,26.2
247.068,-12.9,26.4,-13.8,26.6,-9.4,26.7,-11.2,26.1
248.068,-12.9,26.4,-13.8,26.6,-9.3,26.6,-11.2,26.1
249.068,-12.9,26.4,-13.8,26.5,-9.3,26.6,-11.1,26.1
250.068,-13.0,26.4,-13.8,26.5,-9.3,26.6,-11.0,26.1
251.068,-13.0,26.4,-13.9,26.5,-9.4,26.6,-11.2,26.1
252.068,-12.9,26.3,-13.7,26.5,-9.2,26.6,-11.0,26.1
253.068,-13.0,26.3,-13.9,26.5,-9.4,26.5,-11.2,26.1
254.068,-12.9,26.3,-13.7,26.4,-9.3,26.5,-11.0,26.0
255.116,-12.9,26.3,-13.7,26.4,-9.2,26.5,-10.9,26.0
256.116,-13.2,26.3,-14.0,26.4,-9.5,26.5,-11.2,26.0
257.116,-12.9,26.3,-13.8,26.4,-9.4,26.5,-11.2,26.0
258.116,-13.0,26.3,-13.9,26.4,-9.4,26.5,-11.2,26.0
259.116,-13.1,26.3,-13.9,26.4,-9.3,26.5,-11.0,26.0
260.116,-13.0,26.3,-13.8,26.4,-9.3,26.5,-11.1,26.0
261.116,-13.1,26.3,-14.0,26.4,-9.5,26.5,-11.3,26.0
262.116,-13.0,26.3,-13.9,26.4,-9.4,26.5,-11.3,26.0
263.116,-13.1,26.3,-13.9,26.3,-9.4,26.5,-11.1,26.0
264.116,-13.2,26.3,-14.0,26.3,-9.4,26.5,-11.1,26.0
265.116,-13.3,26.3,-14.1,26.3,-9.5,26.5,-11.3,26.0
266.116,-12.9,26.3,-13.8,26.3,-9.3,26.5,-11.1,26.0
267.116,-13.1,26.2,-13.9,26.3,-9.3,26.4,-11.1,26.0
268.116,-13.1,26.2,-13.9,26.3,-9.4,26.5,-11.2,26.0
269.116,-13.0,26.2,-13.7,26.3,-9.2,26.5,-10.9,26.0
270.116,-13.2,26.3,-14.0,26.3,-9.5,26.4,-11.3,26.0
271.116,-13.1,26.2,-13.9,26.3,-9.4,26.4,-11.2,26.0
272.116,-13.0,26.2,-13.9,26.3,-9.0,26.4,-11.2,26.0
273.116,-11.6,26.2,-13.8,26.3,-7.4,26.5,-10.0,26.0
274.116,-10.8,26.3,-13.7,26.3,-7.5,26.5,-9.3,26.0
275.116,-11.6,26.3,-13.0,26.3,-8.0,26.4,-9.7,26.0
276.116,-11.2,26.3,-11.4,26.4,-7.9,26.5,-9.4,26.0
277.116,-11.5,26.3,-12.3,26.3,-8.0,26.5,-9.5,26.0
278.116,-11.4,26.2,-11.7,26.3,-8.1,26.4,-9.7,26.0
279.116,-11.5,26.2,-11.9,26.3,-8.6,26.4,-10.1,26.0
280.116,-12.4,26.2,-12.2,26.3,-9.0,26.4,-10.3,25.9
281.116,-0.9,26.5,-1.0,26.6,-0.6,26.7,-0.8,26.2
282.116,0.1,26.9,-0.1,27.0,-0.1,27.1,0.2,26.6
283.116,0.9,27.2,-0.1,27.2,0.2,27.3,1.2,26.7
284.116,2.7,26.9,0.4,27.3,1.2,27.3,2.3,26.5
285.116,5.8,26.7,4.8,27.1,3.8,26.9,5.2,26.3
286.116,7.4,26.5,7.2,26.6,5.4,26.6,6.5,26.1
287.116,5.8,26.4,5.6,26.5,3.8,26.6,4.9,26.2
288.116,5.7,26.4,5.4,26.5,3.7,26.6,4.5,26.2
289.116,10.8,26.3,9.9,26.4,7.6,26.5,9.9,26.1
290.116,11.5,26.2,11.5,26.3,8.3,26.4,9.7,26.0
291.116,11.5,26.2,11.3,26.2,7.8,26.3,10.2,26.0
292.116,10.3,26.2,10.8,26.2,7.4,26.4,9.2,26.0
293.116,10.7,26.2,12.2,26.2,6.9,26.4,9.5,26.0
294.116,11.9,26.2,12.9,26.2,7.7,26.3,10.8,25.9
295.116,13.1,26.1,12.7,26.2,8.6,26.3,11.3,25.9
296.116,12.6,26.2,12.3,26.2,8.9,26.3,11.3,25.9
297.116,12.8,26.2,12.6,26.2,9.1,26.3,11.5,26.0
298.116,13.0,26.2,12.7,26.3,9.1,26.4,11.4,25.9
299.116,12.4,26.2,12.4,26.3,9.0,26.4,11.6,26.0
300.116,12.3,26.3,11.9,26.3,8.2,26.4,10.2,26.0
301.116,13.2,26.3,12.8,26.3,9.3,26.5,11.6,26.0
302.116,11.5,26.3,11.4,26.4,8.0,26.5,10.2,26.0
303.116,13.1,26.3,12.9,26.4,9.3,26.5,11.9,26.0
304.116,12.6,26.4,12.4,26.4,8.8,26.5,11.2,26.0
305.116,12.6,26.4,12.3,26.5,8.8,26.6,11.1,26.1
306.116,12.7,26.4,12.4,26.5,8.9,26.6,11.2,26.1
307.116,12.4,26.5,12.1,26.5,8.6,26.6,10.9,26.1
308.116,12.6,26.5,12.3,26.6,8.8,26.6,11.1,26.1
309.116,12.6,26.5,12.3,26.6,8.8,26.7,11.1,26.1
310.116,12.7,26.6,12.4,26.6,8.8,26.7,11.2,26.1
311.116,12.5,26.6,12.3,26.7,8.8,26.7,11.2,26.2
312.116,13.0,26.6,12.7,26.7,9.1,26.8,11.5,26.2
313.116,12.4,26.7,12.3,26.7,8.9,26.8,11.4,26.2
314.116,12.3,26.7,12.0,26.8,8.4,26.8,10.6,26.2
315.116,12.6,26.7,12.4,26.8,8.9,26.9,11.3,26.3
316.116,12.1,26.8,11.9,26.9,8.4,26.9,10.7,26.3
317.116,12.8,26.8,12.5,26.9,8.9,26.9,11.2,26.3
318.116,12.8,26.8,12.5,26.9,8.8,27.0,11.1,26.3
319.116,13.1,26.8,12.6,27.0,8.8,27.0,11.0,26.3
320.116,12.8,26.8,12.5,27.0,8.8,27.0,11.2,26.3
321.116,12.6,26.9,12.3,27.0,8.8,27.1,11.1,26.4
322.116,12.8,26.9,12.5,27.1,9.0,27.1,11.5,26.4
323.116,12.9,26.9,12.7,27.1,9.1,27.2,11.5,26.4
324.116,12.8,26.9,12.5,27.1,9.0,27.2,11.4,26.4
325.116,12.8,27.0,12.5,27.2,8.9,27.2,11.3,26.4
326.116,13.3,27.0,13.1,27.2,9.7,27.2,12.5,26.5
327.116,12.8,27.0,12.5,27.2,8.9,27.3,11.2,26.5
328.116,12.7,27.0,12.5,27.3,8.9,27.3,11.3,26.5
329.116,12.5,27.1,12.3,27.3,8.8,27.4,11.1,26.5
330.116,12.6,27.1,12.3,27.3,8.7,27.4,11.0,26.5
331.116,12.6,27.1,12.4,27.3,8.9,27.4,11.3,26.6
332.116,13.1,27.1,12.6,27.4,8.9,27.5,11.1,26.6
333.116,12.9,27.1,12.5,27.4,8.8,27.5,11.0,26.6
334.116,12.9,27.1,12.6,27.4,9.0,27.5,11.5,26.6
335.116,13.0,27.1,12.3,27.4,8.9,27.5,11.2,26.6
336.116,12.6,27.2,12.0,27.5,8.9,27.6,11.3,26.6
337.116,1.9,27.4,1.8,27.7,1.4,27.8,2.1,26.8
338.117,-0.1,27.8,-0.3,28.0,-0.2,28.1,-0.3,27.2
339.117,-1.8,27.9,-0.1,28.2,-0.2,28.3,-1.1,27.2
340.117,-3.2,27.5,-0.2,28.2,-0.5,28.3,-2.3,27.0
341.117,-2.9,27.5,-2.2,28.1,-1.7,28.0,-2.7,27.0
342.117,-5.5,27.3,-6.1,27.6,-4.4,27.7,-6.0,26.8
343.117,-9.4,27.2,-9.1,27.4,-5.9,27.5,-7.1,26.7
344.117,-12.7,27.0,-13.2,27.2,-9.3,27.3,-11.1,26.5
345.117,-12.9,26.9,-14.2,27.2,-9.4,27.3,-11.2,26.5
346.117,-13.0,26.9,-13.8,27.1,-9.3,27.2,-11.1,26.4
347.117,-13.0,26.8,-13.7,27.0,-9.3,27.1,-11.1,26.4
348.117,-13.0,26.8,-13.9,27.0,-9.4,27.1,-11.3,26.4
349.117,-13.1,26.8,-14.0,26.9,-9.5,27.0,-11.3,26.3
350.117,-13.1,26.7,-14.0,26.9,-9.5,27.0,-11.3,26.3
351.117,-13.1,26.6,-13.9,26.8,-9.4,26.9,-11.1,26.2
352.117,-13.1,26.6,-13.9,26.8,-9.3,26.8,-11.0,26.2
353.117,-12.9,26.5,-13.8,26.7,-9.4,26.8,-11.1,26.2
354.117,-12.8,26.5,-13.8,26.6,-9.3,26.7,-11.2,26.1
355.117,-12.9,26.4,-13.8,26.6,-9.3,26.7,-11.1,26.1
356.117,-12.9,26.4,-13.7,26.5,-9.2,26.6,-10.9,26.1
357.117,-12.9,26.4,-13.8,26.5,-9.4,26.6,-11.2,26.1
358.117,-12.9,26.3,-13.7,26.5,-9.3,26.5,-11.1,26.0
359.117,-12.8,26.3,-13.8,26.4,-9.3,26.5,-11.2,26.0
360.117,-12.8,26.3,-13.7,26.4,-9.3,26.5,-11.1,26.0
361.117,-12.8,26.3,-13.8,26.4,-9.3,26.5,-11.1,26.0
362.117,-13.0,26.2,-13.8,26.4,-9.3,26.4,-11.1,26.0
363.117,-13.0,26.2,-13.9,26.3,-9.3,26.4,-11.1,25.9
364.117,-13.1,26.2,-13.9,26.3,-9.3,26.4,-11.0,25.9
365.119,-12.9,26.2,-13.8,26.3,-9.3,26.4,-11.0,25.9
366.119,-12.9,26.2,-13.7,26.3,-9.3,26.4,-11.0,25.9
367.119,-13.0,26.2,-13.8,26.3,-9.3,26.4,-11.0,25.9
368.119,-13.3,26.2,-14.1,26.3,-9.5,26.4,-11.2,25.9
369.119,-12.9,26.2,-13.9,26.2,-9.4,26.3,-11.3,25.9
370.119,-13.0,26.2,-13.8,26.2,-9.4,26.3,-11.1,25.9
371.119,-13.2,26.1,-14.0,26.2,-9.4,26.3,-11.1,25.9
372.119,-13.0,26.1,-13.8,26.2,-9.3,26.3,-11.0,25.9
373.119,-13.1,26.1,-14.0,26.2,-9.4,26.3,-11.2,25.9
374.119,-13.0,26.2,-13.9,26.2,-9.5,26.3,-11.3,25.9
375.119,-13.2,26.1,-14.0,26.2,-9.3,26.3,-11.0,25.9
376.120,-13.3,26.1,-14.1,26.2,-9.4,26.3,-11.1,25.9
377.120,-13.1,26.1,-14.0,26.2,-9.5,26.3,-11.3,25.9
378.120,-13.0,26.1,-13.8,26.2,-9.3,26.3,-11.1,25.8
379.120,-13.0,26.1,-13.8,26.2,-9.3,26.3,-11.0,25.8
380.120,-13.2,26.2,-13.9,26.2,-9.4,26.3,-11.1,25.8
381.120,-13.1,26.1,-13.9,26.2,-9.3,26.3,-11.1,25.8
382.120,-13.1,26.1,-13.9,26.2,-9.4,26.3,-11.2,25.8
383.120,-13.1,26.1,-13.9,26.2,-9.4,26.3,-11.2,25.8
384.120,-12.9,26.1,-13.8,26.2,-8.5,26.3,-11.1,25.8
385.120,-11.5,26.1,-13.9,26.2,-7.5,26.3,-9.8,25.8
386.120,-10.4,26.2,-13.8,26.2,-8.0,26.3,-9.3,25.9
387.120,-12.0,26.1,-12.5,26.2,-7.8,26.3,-9.7,25.8
388.120,-11.2,26.1,-11.6,26.2,-7.9,26.3,-9.5,25.8
389.120,-11.3,26.2,-12.2,26.2,-8.0,26.3,-9.6,25.8
390.120,-11.5,26.1,-11.7,26.2,-8.2,26.3,-9.8,25.8
391.120,-11.7,26.1,-12.0,26.2,-8.7,26.3,-10.3,25.8
392.120,-11.1,26.1,-10.7,26.2,-8.0,26.3,-9.1,25.8
393.120,-0.7,26.5,-0.9,26.5,-0.5,26.6,-0.7,26.1
394.120,-0.1,26.8,-0.2,26.8,-0.1,26.9,-0.2,26.4
395.120,-0.3,27.0,-0.0,27.0,0.0,27.2,0.2,26.6
396.120,1.7,27.1,-0.0,27.2,0.1,27.4,1.1,26.7
397.120,2.3,26.9,0.3,27.3,1.0,27.4,2.3,26.5
398.120,5.6,26.6,4.3,27.1,3.6,26.9,4.9,26.3
399.120,7.5,26.4,7.6,26.5,5.7,26.5,7.0,26.0
400.120,6.0,26.3,5.9,26.4,4.0,26.5,5.3,26.0
401.120,6.1,26.3,5.6,26.4,3.8,26.5,4.6,26.1
402.120,10.2,26.3,9.9,26.3,6.8,26.4,8.6,26.0
403.120,11.6,26.1,11.1,26.1,8.5,26.2,10.0,25.8
404.120,11.1,26.1,10.8,26.1,7.8,26.3,10.1,25.9
405.120,10.6,26.1,11.2,26.1,7.6,26.2,9.7,25.8
406.120,10.9,26.1,12.3,26.1,7.0,26.2,9.9,25.8
407.120,11.4,26.1,12.7,26.1,7.6,26.2,10.4,25.8
408.120,12.6,26.1,12.2,26.1,8.1,26.2,10.8,25.8
409.120,12.8,26.1,12.5,26.1,9.0,26.2,11.4,25.8
410.120,12.8,26.1,12.6,26.1,9.3,26.2,11.8,25.8
411.120,12.8,26.1,12.6,26.1,9.2,26.2,11.5,25.8
412.128,12.4,26.1,12.3,26.2,8.8,26.3,11.2,25.9
413.128,12.2,26.2,11.8,26.2,8.2,26.3,10.3,25.9
414.128,11.8,26.2,11.5,26.2,8.1,26.3,10.3,25.9
415.128,12.5,26.2,12.3,26.3,8.8,26.3,11.2,25.9
416.128,13.1,26.2,12.8,26.3,9.2,26.4,11.5,25.9
417.128,12.6,26.3,12.4,26.3,8.9,26.4,11.3,25.9
418.128,13.0,26.3,12.5,26.3,8.8,26.4,10.9,26.0
419.128,12.8,26.3,12.7,26.4,9.2,26.5,11.8,26.0
420.128,12.6,26.4,12.4,26.4,8.9,26.5,11.2,26.0
421.128,12.5,26.4,12.3,26.4,8.8,26.5,11.2,26.0
422.128,12.0,26.4,11.8,26.5,8.3,26.5,10.5,26.0
423.128,12.9,26.4,12.5,26.5,8.9,26.6,11.1,26.0
424.128,12.6,26.5,12.6,26.5,9.2,26.6,11.9,26.0
425.128,12.4,26.5,12.2,26.6,8.7,26.6,11.0,26.1
426.128,12.8,26.5,12.4,26.6,8.7,26.7,10.9,26.1
427.128,12.3,26.6,12.1,26.7,8.5,26.7,10.8,26.1
428.128,12.7,26.6,12.4,26.7,8.7,26.7,11.0,26.1
429.128,13.0,26.6,12.7,26.7,9.2,26.8,11.7,26.1
430.128,12.8,26.7,12.5,26.8,8.9,26.8,11.3,26.2
431.128,12.7,26.7,12.4,26.8,8.9,26.8,11.2,26.2
432.128,13.1,26.7,12.7,26.8,9.0,26.9,11.4,26.2
433.128,12.5,26.8,12.4,26.9,8.9,26.9,11.4,26.2
434.128,12.6,26.8,12.4,26.9,8.8,27.0,11.2,26.2
435.128,12.7,26.8,12.4,26.9,8.8,27.0,11.1,26.3
436.128,12.8,26.8,12.3,27.0,8.6,27.0,10.6,26.3
437.128,13.1,26.8,12.8,27.0,9.1,27.0,11.5,26.3
438.128,12.8,26.9,12.6,27.0,9.1,27.1,11.6,26.3
439.128,12.7,26.9,12.5,27.1,9.0,27.1,11.4,26.3
440.128,12.7,26.9,12.4,27.1,8.9,27.2,11.3,26.4
441.128,12.2,26.9,12.0,27.1,8.5,27.2,10.9,26.4
442.129,12.9,26.9,12.6,27.2,9.0,27.2,11.4,26.4
443.129,12.8,27.0,12.5,27.2,9.0,27.3,11.4,26.4
444.129,12.8,27.0,12.5,27.2,8.8,27.3,11.1,26.4
445.129,12.7,27.0,12.5,27.2,9.0,27.3,11.4,26.4
446.129,12.9,27.0,12.6,27.3,9.0,27.3,11.4,26.5
447.129,12.6,27.0,12.5,27.3,9.1,27.4,11.7,26.5
448.129,12.9,27.0,12.4,27.3,9.1,27.4,11.6,26.5
449.129,12.4,27.0,11.8,27.4,8.6,27.4,10.8,26.5
450.129,4.0,27.2,3.7,27.5,2.6,27.6,3.6,26.7
451.129,-0.1,27.6,-0.2,27.8,-0.2,27.9,-0.1,27.0
452.129,-0.7,27.8,-0.1,28.0,-0.2,28.1,-0.6,27.1
453.130,-3.1,27.6,-0.0,28.1,-0.1,28.2,-2.0,27.0
454.130,-2.8,27.4,-1.1,28.1,-1.2,28.1,-2.4,26.9
455.130,-4.5,27.3,-4.7,27.7,-3.4,27.7,-4.8,26.7
456.130,-7.0,27.1,-7.3,27.3,-5.1,27.4,-6.7,26.5
457.130,-13.2,26.9,-13.2,27.1,-8.9,27.2,-10.5,26.4
458.130,-12.8,26.9,-14.0,27.1,-9.3,27.2,-11.2,26.4
459.130,-13.1,26.8,-13.8,27.0,-9.3,27.1,-11.1,26.4
460.130,-13.0,26.8,-13.7,27.0,-9.3,27.0,-11.1,26.3
461.130,-13.0,26.7,-13.8,26.9,-9.4,27.0,-11.2,26.3
462.130,-13.1,26.7,-13.9,26.9,-9.4,26.9,-11.2,26.2
463.130,-13.1,26.6,-14.0,26.8,-9.5,26.9,-11.3,26.2
464.130,-13.2,26.6,-14.0,26.7,-9.4,26.8,-11.2,26.2
465.130,-13.0,26.5,-13.8,26.7,-9.3,26.7,-11.0,26.1
466.130,-13.1,26.5,-14.0,26.6,-9.4,26.6,-11.2,26.1
467.130,-12.9,26.4,-13.8,26.6,-9.3,26.6,-11.1,26.0
468.130,-12.9,26.4,-13.9,26.5,-9.4,26.6,-11.3,26.0
469.130,-12.9,26.3,-13.6,26.5,-9.1,26.5,-10.8,26.0
470.132,-12.9,26.3,-13.8,26.4,-9.3,26.5,-11.0,26.0
471.132,-12.9,26.3,-13.7,26.4,-9.3,26.4,-11.1,25.9
472.134,-12.9,26.2,-13.8,26.3,-9.4,26.4,-11.2,25.9
473.134,-13.0,26.2,-13.9,26.3,-9.4,26.4,-11.2,25.9
474.134,-12.8,26.2,-13.6,26.3,-9.1,26.4,-10.9,25.9
475.134,-13.1,26.2,-13.9,26.3,-9.4,26.3,-11.1,25.9
476.134,-13.1,26.1,-13.9,26.2,-9.4,26.3,-11.1,25.9
477.134,-13.1,26.1,-13.9,26.2,-9.4,26.3,-11.2,25.8
478.134,-13.1,26.1,-13.9,26.2,-9.4,26.3,-11.1,25.8
479.134,-12.8,26.1,-13.6,26.2,-9.1,26.3,-10.9,25.8
480.134,-13.0,26.1,-13.8,26.2,-9.2,26.3,-11.0,25.8
481.134,-13.2,26.1,-13.9,26.2,-9.4,26.2,-11.1,25.8
482.134,-13.1,26.1,-13.9,26.1,-9.4,26.2,-11.2,25.8
483.135,-12.9,26.1,-13.9,26.1,-9.5,26.2,-11.3,25.8
484.135,-13.1,26.1,-13.9,26.1,-9.3,26.2,-11.0,25.8
485.135,-13.0,26.1,-13.9,26.1,-9.3,26.2,-11.1,25.8
486.135,-13.1,26.1,-13.9,26.1,-9.3,26.2,-11.1,25.8
487.135,-13.1,26.1,-14.0,26.1,-9.6,26.2,-11.4,25.8
488.135,-13.2,26.1,-14.0,26.1,-9.4,26.2,-11.2,25.8
489.135,-13.3,26.0,-14.0,26.1,-9.3,26.2,-11.0,25.7
490.135,-13.3,26.1,-14.1,26.1,-9.5,26.2,-11.3,25.7
491.135,-13.0,26.1,-13.8,26.1,-9.3,26.2,-11.1,25.8
492.135,-13.1,26.1,-13.9,26.1,-9.5,26.2,-11.3,25.7
493.135,-13.0,26.0,-13.8,26.1,-9.3,26.2,-11.1,25.7
494.135,-13.1,26.0,-13.7,26.1,-9.0,26.2,-10.6,25.7
495.135,-13.3,26.0,-14.0,26.1,-9.4,26.2,-11.1,25.7
496.135,-13.0,26.0,-13.9,26.1,-9.4,26.2,-11.3,25.7
497.135,-13.1,26.0,-14.0,26.0,-9.5,26.2,-11.4,25.7
498.135,-12.2,26.0,-13.7,26.1,-7.6,26.2,-10.6,25.7
499.135,-10.8,26.1,-13.6,26.1,-7.3,26.2,-9.3,25.8
500.135,-11.4,26.1,-13.6,26.1,-7.9,26.2,-8.9,25.8
501.135,-11.2,26.1,-11.7,26.1,-7.8,26.2,-9.7,25.7
502.135,-11.5,26.1,-11.6,26.1,-8.1,26.2,-9.7,25.7
503.135,-11.4,26.1,-11.9,26.1,-8.0,26.2,-9.6,25.7
504.135,-11.6,26.0,-11.8,26.1,-8.3,26.2,-9.8,25.7
505.135,-12.6,26.0,-12.5,26.1,-9.1,26.1,-10.4,25.7
506.135,-3.4,26.2,-3.1,26.3,-2.2,26.3,-2.8,25.9
507.135,0.1,26.7,0.0,26.6,-0.1,26.8,0.1,26.2
508.135,0.4,26.9,-0.0,26.9,0.0,27.0,0.4,26.5
509.135,2.0,27.0,-0.0,27.0,0.2,27.2,1.9,26.5
510.135,3.4,26.7,1.4,27.1,2.3,27.0,3.0,26.3
511.135,7.1,26.4,7.1,26.6,4.8,26.5,6.7,26.0
512.135,7.2,26.2,7.0,26.3,5.0,26.3,6.2,25.9
513.135,5.6,26.3,5.0,26.3,3.9,26.4,4.4,26.0
514.135,6.3,26.2,6.1,26.3,3.5,26.4,4.6,25.9
515.135,13.0,26.1,12.0,26.1,9.4,26.2,11.4,25.8
516.135,10.9,26.0,10.2,26.0,7.1,26.1,8.8,25.8
517.135,11.1,26.0,11.3,26.0,8.3,26.1,11.1,25.7
518.135,11.3,26.0,12.7,26.0,7.7,26.1,9.5,25.7
519.135,10.1,26.0,12.1,26.0,7.0,26.1,9.3,25.7
520.135,13.0,26.0,12.5,26.0,7.5,26.1,11.1,25.7
521.135,12.7,26.0,12.5,26.0,9.0,26.1,11.2,25.7
522.135,13.0,26.0,12.9,26.0,9.6,26.1,12.3,25.7
523.135,12.7,26.0,12.5,26.0,9.1,26.1,11.5,25.7
524.135,12.4,26.0,12.1,26.0,8.6,26.1,10.8,25.8
525.135,10.2,26.1,10.2,26.1,7.1,26.2,9.1,25.8
526.135,14.3,26.1,13.8,26.1,10.0,26.2,12.3,25.8
527.135,12.6,26.1,12.3,26.1,8.8,26.2,11.1,25.8
528.135,12.3,26.1,12.2,26.2,8.8,26.3,11.4,25.8
529.135,12.6,26.2,12.4,26.2,8.8,26.3,11.1,25.8
530.135,12.9,26.2,12.7,26.2,9.1,26.3,11.4,25.8
531.135,12.5,26.2,12.4,26.2,8.9,26.3,11.4,25.8
532.135,12.6,26.2,12.4,26.3,8.8,26.3,11.2,25.9
533.135,12.3,26.3,11.9,26.3,8.3,26.4,10.4,25.9
534.135,12.5,26.3,12.2,26.3,8.6,26.4,10.9,25.9
535.135,12.9,26.3,12.8,26.4,9.3,26.4,11.9,25.9
536.135,12.4,26.4,12.3,26.4,9.0,26.5,11.6,25.9
537.135,12.4,26.4,12.2,26.5,8.7,26.5,11.1,25.9
538.135,12.5,26.5,12.2,26.5,8.6,26.5,10.8,26.0
539.135,12.2,26.5,11.9,26.5,8.4,26.6,10.6,26.0
540.135,12.7,26.5,12.4,26.6,8.8,26.6,11.0,26.0
541.135,12.7,26.5,12.5,26.6,9.0,26.6,11.5,26.0
542.135,13.0,26.6,12.7,26.6,9.1,26.7,11.5,26.0
543.135,13.1,26.6,12.6,26.7,8.9,26.7,11.0,26.0
544.135,12.9,26.6,12.6,26.7,9.0,26.7,11.4,26.1
545.135,12.6,26.6,12.4,26.7,8.8,26.8,11.2,26.1
546.135,12.6,26.7,12.3,26.8,8.8,26.8,11.1,26.1
547.135,12.2,26.7,11.9,26.8,8.3,26.9,10.6,26.2
548.135,12.7,26.7,12.5,26.8,8.9,26.9,11.3,26.2
549.135,12.9,26.8,12.9,26.9,9.4,26.9,12.1,26.2
550.135,12.8,26.8,12.6,26.9,9.0,26.9,11.4,26.2
551.135,13.0,26.8,12.6,26.9,9.0,27.0,11.3,26.2
552.135,12.7,26.8,12.4,27.0,8.8,27.0,11.1,26.3
553.135,12.3,26.8,12.1,27.0,8.5,27.1,10.8,26.3
554.135,12.9,26.9,12.6,27.0,9.0,27.1,11.4,26.3
555.135,12.7,26.9,12.5,27.0,8.9,27.1,11.4,26.3
556.135,12.8,26.9,12.5,27.1,8.9,27.1,11.3,26.3
557.135,12.8,26.9,12.5,27.1,8.8,27.2,11.1,26.3
558.135,12.8,26.9,12.6,27.1,9.0,27.2,11.4,26.3
559.135,12.7,26.9,12.4,27.2,8.8,27.2,11.2,26.4
560.135,12.9,26.9,12.7,27.2,9.1,27.3,11.6,26.4
561.135,12.7,27.0,11.8,27.2,8.6,27.3,10.7,26.4
562.135,10.0,27.0,9.5,27.3,6.8,27.3,8.8,26.4
563.135,0.5,27.3,0.4,27.6,0.3,27.6,0.6,26.7
564.135,-0.1,27.6,-0.2,27.8,-0.2,27.9,-0.3,27.0
565.135,-2.3,27.7,-0.0,28.0,-0.2,28.0,-1.3,27.0
566.135,-3.2,27.3,-0.5,28.0,-0.8,28.0,-2.4,26.8
567.135,-3.6,27.2,-3.1,27.8,-2.3,27.7,-3.4,26.7
568.137,-5.4,27.1,-6.0,27.3,-4.3,27.3,-5.9,26.5
569.137,-11.3,26.9,-11.1,27.1,-7.2,27.2,-8.5,26.4
570.137,-12.7,26.8,-13.2,27.0,-9.2,27.0,-11.0,26.3
571.137,-12.9,26.8,-14.2,26.9,-9.4,27.0,-11.2,26.3
572.137,-13.0,26.7,-13.8,26.9,-9.4,26.9,-11.2,26.2
573.137,-12.9,26.7,-13.7,26.8,-9.3,26.9,-11.1,26.2
574.137,-13.1,26.6,-13.9,26.8,-9.4,26.8,-11.2,26.2
575.137,-13.1,26.6,-13.9,26.7,-9.5,26.8,-11.3,26.1
576.137,-13.2,26.5,-14.0,26.7,-9.5,26.7,-11.2,26.1
577.137,-13.0,26.5,-13.9,26.6,-9.4,26.6,-11.1,26.1
578.137,-13.1,26.4,-13.8,26.6,-9.2,26.6,-10.9,26.0
579.137,-13.1,26.4,-13.9,26.5,-9.4,26.5,-11.1,26.0
580.137,-12.9,26.3,-13.8,26.4,-9.3,26.5,-11.2,25.9
581.137,-13.0,26.3,-13.8,26.4,-9.3,26.4,-11.0,25.9
582.137,-12.9,26.2,-13.7,26.3,-9.2,26.4,-10.9,25.9
583.137,-12.9,26.2,-13.8,26.3,-9.3,26.3,-11.1,25.9
584.137,-12.9,26.2,-13.8,26.2,-9.3,26.3,-11.1,25.8
585.137,-12.9,26.2,-13.8,26.2,-9.3,26.3,-11.1,25.8
586.137,-12.8,26.1,-13.7,26.2,-9.3,26.3,-11.1,25.8
587.137,-13.0,26.1,-13.8,26.2,-9.3,26.3,-11.1,25.8
588.137,-13.1,26.1,-13.9,26.2,-9.3,26.2,-11.1,25.8
589.137,-13.0,26.1,-13.8,26.1,-9.3,26.2,-11.1,25.8
590.139,-13.1,26.1,-13.9,26.1,-9.4,26.2,-11.1,25.7
591.140,-13.0,26.1,-13.9,26.1,-9.4,26.2,-11.1,25.7
592.140,-12.6,26.1,-13.5,26.1,-9.1,26.2,-10.9,25.7
593.140,-13.1,26.0,-13.8,26.1,-9.2,26.2,-10.9,25.7
594.140,-13.2,26.0,-14.0,26.0,-9.4,26.1,-11.2,25.7
595.140,-12.8,26.0,-13.8,26.1,-9.4,26.1,-11.3,25.7
596.140,-13.1,26.0,-14.0,26.0,-9.5,26.1,-11.2,25.7
597.140,-13.0,26.0,-13.8,26.0,-9.2,26.1,-10.9,25.7
598.140,-13.1,26.0,-13.9,26.0,-9.3,26.1,-11.0,25.7
599.140,-13.1,26.0,-14.0,26.0,-9.5,26.1,-11.3,25.7
600.140,-13.0,26.0,-13.9,26.0,-9.4,26.1,-11.2,25.7
601.141,-13.2,26.0,-14.0,26.0,-9.4,26.1,-11.1,25.7
602.141,-13.3,26.0,-14.0,26.0,-9.4,26.1,-11.0,25.7
603.142,-13.1,26.0,-14.0,26.0,-9.5,26.1,-11.3,25.7
604.142,-12.9,26.0,-13.8,26.0,-9.3,26.1,-11.1,25.7
605.142,-13.1,26.0,-13.8,26.0,-9.3,26.1,-11.0,25.7
606.142,-13.1,26.0,-13.9,26.0,-9.4,26.1,-11.2,25.6
607.142,-13.0,26.0,-13.8,26.0,-9.3,26.1,-11.0,25.6
608.142,-13.1,26.0,-13.9,26.0,-9.4,26.1,-11.2,25.6
609.142,-13.1,26.0,-13.9,26.0,-9.4,26.1,-11.2,25.6
610.142,-12.9,26.0,-13.8,26.0,-8.3,26.1,-11.1,25.6
611.142,-11.0,26.0,-13.9,26.0,-7.5,26.1,-9.5,25.6
612.142,-11.1,26.0,-13.8,26.0,-8.0,26.1,-9.3,25.7
613.142,-11.5,26.0,-12.0,26.0,-7.7,26.1,-9.8,25.7
614.142,-11.1,26.0,-11.5,26.0,-7.9,26.1,-9.4,25.7
615.142,-11.5,26.0,-12.6,26.0,-8.1,26.1,-9.6,25.7
616.142,-11.5,26.0,-11.6,26.0,-8.2,26.1,-9.8,25.6
617.169,-11.8,26.0,-12.0,26.0,-8.7,26.1,-10.2,25.6
618.169,-8.6,26.0,-8.1,26.0,-6.2,26.1,-7.1,25.7
619.169,0.1,26.5,-0.2,26.4,0.0,26.6,-0.0,26.1
620.169,0.3,26.8,-0.1,26.8,-0.0,26.9,0.3,26.4
621.169,1.8,26.9,-0.1,26.9,0.2,27.1,1.8,26.4
622.169,4.0,26.6,1.3,27.0,2.4,26.9,3.0,26.2
623.169,6.7,26.3,7.1,26.5,4.7,26.4,6.7,25.9
624.169,6.6,26.2,6.7,26.2,4.7,26.3,6.0,25.9
625.169,6.0,26.2,5.2,26.2,4.0,26.3,4.5,25.9
626.169,9.2,26.2,8.8,26.2,5.5,26.3,6.7,25.9
627.169,10.9,26.0,10.4,26.0,8.4,26.1,11.2,25.7
628.169,10.9,26.0,10.5,26.0,7.5,26.1,8.9,25.7
629.169,11.1,26.0,11.0,25.9,7.7,26.0,10.3,25.7
630.169,10.9,26.0,12.4,25.9,7.4,26.0,9.0,25.7
631.169,10.8,26.0,12.8,25.9,7.5,26.1,10.0,25.7
632.169,13.0,25.9,12.6,25.9,8.0,26.0,11.8,25.6
633.169,12.6,25.9,12.4,25.9,9.0,26.0,11.3,25.6
634.169,12.5,26.0,12.3,25.9,9.0,26.0,11.5,25.6
635.169,12.1,26.0,11.9,26.0,8.4,26.1,10.5,25.7
636.169,13.3,26.0,12.9,26.0,9.1,26.1,11.3,25.7
637.169,13.1,26.0,12.9,26.0,9.3,26.1,11.8,25.7
638.169,11.6,26.1,11.6,26.0,8.2,26.1,10.5,25.7
639.169,12.4,26.1,12.2,26.0,8.7,26.1,11.0,25.7
640.169,12.7,26.1,12.5,26.1,9.0,26.2,11.5,25.7
641.169,12.7,26.1,12.4,26.1,8.9,26.2,11.3,25.7
642.169,12.6,26.1,12.4,26.1,8.8,26.2,11.2,25.8
643.169,12.6,26.2,12.3,26.2,8.8,26.2,11.1,25.8
644.169,12.2,26.2,11.8,26.2,8.1,26.3,10.1,25.8
645.169,12.6,26.2,12.4,26.2,8.9,26.3,11.3,25.8
646.169,12.8,26.3,12.6,26.3,9.0,26.3,11.5,25.8
647.169,12.4,26.3,12.2,26.3,8.7,26.3,11.0,25.8
648.169,12.2,26.3,12.2,26.3,8.8,26.4,11.3,25.9
649.169,12.3,26.3,12.0,26.4,8.3,26.4,10.4,25.9
650.169,12.8,26.4,12.4,26.4,8.8,26.4,11.1,25.9
651.169,13.1,26.4,12.9,26.4,9.4,26.5,12.0,25.9
652.169,12.7,26.4,12.4,26.5,8.8,26.5,11.2,25.9
653.169,12.7,26.5,12.5,26.5,9.0,26.5,11.5,25.9
654.169,12.9,26.5,12.5,26.5,8.9,26.6,11.0,26.0
655.169,12.8,26.5,12.5,26.6,8.9,26.6,11.2,26.0
656.169,12.7,26.5,12.4,26.6,8.8,26.6,11.1,26.0
657.169,12.4,26.6,12.1,26.7,8.6,26.7,10.8,26.0
658.169,12.6,26.6,12.2,26.7,8.5,26.7,10.7,26.0
659.169,12.7,26.6,12.5,26.7,8.9,26.7,11.3,26.1
660.169,12.8,26.6,12.6,26.7,9.1,26.8,11.6,26.1
661.169,12.8,26.6,12.6,26.8,9.0,26.8,11.5,26.1
662.169,12.6,26.7,12.3,26.8,8.8,26.8,11.1,26.1
663.169,12.6,26.7,12.3,26.8,8.7,26.9,10.9,26.1
664.169,12.9,26.7,12.6,26.9,8.9,26.9,11.2,26.1
665.169,12.7,26.7,12.7,26.9,9.3,26.9,11.9,26.2
666.169,12.7,26.7,12.5,26.9,9.1,27.0,11.6,26.2
667.169,12.9,26.8,12.6,27.0,8.9,27.0,11.2,26.2
668.169,13.0,26.8,12.6,27.0,8.9,27.0,11.2,26.2
669.169,12.7,26.8,12.5,27.0,8.9,27.1,11.3,26.2
670.169,12.7,26.8,12.4,27.0,8.7,27.1,11.0,26.3
671.169,12.3,26.8,12.0,27.1,8.4,27.1,10.7,26.3
672.169,13.3,26.8,12.9,27.1,9.2,27.1,11.6,26.3
673.169,12.9,26.9,12.2,27.1,9.2,27.2,11.6,26.3
674.169,8.6,26.9,8.1,27.2,6.0,27.3,7.8,26.3
675.169,-0.1,27.3,-0.1,27.5,-0.1,27.6,0.1,26.7
676.169,-0.3,27.6,-0.2,27.8,-0.2,27.8,-0.5,26.9
677.169,-2.8,27.5,-0.0,27.9,-0.1,27.9,-1.6,26.9
678.169,-3.1,27.2,-0.8,27.9,-1.0,27.9,-2.4,26.7
679.169,-4.2,27.1,-4.0,27.6,-2.9,27.5,-4.1,26.6
680.169,-6.1,26.9,-6.7,27.2,-4.8,27.2,-6.6,26.4
681.169,-11.7,26.8,-11.6,27.0,-7.6,27.1,-9.0,26.3
682.169,-12.7,26.7,-13.7,26.9,-9.2,27.0,-11.0,26.2
683.169,-13.0,26.6,-13.9,26.8,-9.4,26.9,-11.1,26.2
684.169,-13.1,26.6,-13.8,26.8,-9.3,26.8,-11.1,26.1
685.169,-13.0,26.6,-13.8,26.7,-9.4,26.8,-11.2,26.1
686.169,-13.1,26.5,-13.9,26.7,-9.4,26.7,-11.2,26.1
687.169,-13.0,26.5,-13.9,26.6,-9.5,26.7,-11.3,26.0
688.169,-13.2,26.4,-14.0,26.6,-9.4,26.6,-11.2,26.0
689.169,-13.1,26.4,-13.9,26.5,-9.4,26.5,-11.1,26.0
690.169,-13.1,26.3,-13.9,26.5,-9.4,26.5,-11.1,25.9
691.169,-12.8,26.3,-13.6,26.4,-9.2,26.4,-11.0,25.9
692.169,-13.0,26.2,-13.8,26.3,-9.3,26.4,-11.1,25.8
693.169,-12.9,26.2,-13.7,26.3,-9.2,26.3,-10.9,25.8
694.169,-13.0,26.1,-13.8,26.3,-9.3,26.3,-11.1,25.8
695.169,-12.9,26.1,-13.8,26.2,-9.4,26.3,-11.2,25.8
696.169,-13.0,26.1,-13.8,26.2,-9.4,26.2,-11.1,25.7
697.169,-12.8,26.1,-13.6,26.2,-9.2,26.2,-10.9,25.7
698.169,-12.8,26.1,-13.7,26.1,-9.2,26.2,-11.0,25.7
699.169,-13.0,26.0,-13.9,26.1,-9.4,26.2,-11.2,25.7
700.169,-13.0,26.0,-13.9,26.1,-9.3,26.1,-11.1,25.7
701.169,-13.0,26.0,-13.9,26.1,-9.3,26.1,-11.1,25.7
702.169,-13.0,26.0,-13.8,26.1,-9.2,26.1,-10.9,25.7
703.169,-12.9,26.0,-13.8,26.0,-9.3,26.1,-11.1,25.7
704.169,-13.0,26.0,-13.8,26.0,-9.4,26.1,-11.2,25.6
705.169,-13.1,26.0,-13.9,26.0,-9.3,26.1,-11.1,25.6
706.169,-13.0,26.0,-13.8,26.0,-9.3,26.1,-11.1,25.6
707.169,-12.8,26.0,-13.8,26.0,-9.3,26.1,-11.2,25.6
708.169,-13.2,25.9,-14.0,25.9,-9.4,26.1,-11.2,25.6
709.169,-13.1,26.0,-13.9,26.0,-9.3,26.1,-11.1,25.6
710.169,-13.1,25.9,-13.9,25.9,-9.4,26.0,-11.2,25.6
711.169,-13.0,25.9,-13.9,25.9,-9.5,26.0,-11.3,25.6
712.169,-13.0,25.9,-13.8,25.9,-9.2,26.0,-11.0,25.6
713.169,-13.3,25.9,-14.0,25.9,-9.4,26.0,-11.0,25.6
714.169,-13.4,25.9,-14.1,25.9,-9.5,26.0,-11.2,25.6
715.169,-13.1,25.9,-14.0,25.9,-9.5,26.0,-11.3,25.6
716.169,-12.9,25.9,-13.8,25.9,-9.3,26.0,-11.2,25.6
717.169,-13.1,25.9,-13.8,25.9,-9.1,26.0,-10.8,25.6
718.169,-13.2,25.9,-13.9,25.9,-9.4,26.0,-11.1,25.6
719.169,-13.1,25.9,-13.9,25.9,-9.3,26.0,-11.0,25.6
720.169,-13.2,25.9,-14.1,25.9,-9.6,26.0,-11.5,25.6
721.169,-13.0,25.9,-13.8,25.9,-9.3,26.0,-11.1,25.6
722.169,-12.9,25.9,-13.8,25.9,-7.8,26.0,-11.1,25.6
723.169,-10.8,26.0,-13.6,25.9,-7.4,26.0,-9.1,25.6
724.169,-10.7,26.0,-13.8,25.9,-8.3,26.0,-9.1,25.6
725.169,-11.4,25.9,-11.8,25.9,-7.7,26.0,-10.0,25.6
726.169,-11.5,26.0,-11.8,25.9,-7.9,26.0,-9.3,25.6
727.169,-11.5,25.9,-12.3,25.9,-8.1,26.0,-9.6,25.6
728.169,-11.3,25.9,-11.5,25.9,-8.2,26.0,-9.8,25.6
729.169,-12.2,25.9,-12.2,25.9,-8.9,26.0,-10.3,25.6
730.169,-6.0,26.0,-6.0,26.0,-4.5,26.1,-5.0,25.6
731.169,0.1,26.5,-0.1,26.5,-0.0,26.6,-0.1,26.1
732.169,0.4,26.8,-0.1,26.7,0.0,26.9,0.4,26.3
733.169,2.1,26.8,0.1,26.9,0.3,27.0,2.2,26.3
734.169,5.0,26.5,2.6,26.9,3.0,26.7,3.6,26.1
735.169,7.0,26.2,7.4,26.3,5.5,26.3,7.0,25.8
736.169,6.7,26.1,6.4,26.1,4.4,26.2,5.7,25.8
737.169,5.4,26.2,5.0,26.2,3.6,26.2,4.4,25.8
738.169,8.0,26.1,7.8,26.1,4.9,26.2,5.9,25.8
739.169,13.4,25.9,12.7,25.9,9.7,26.0,12.4,25.6
740.169,11.4,25.9,10.7,25.9,7.7,26.0,9.1,25.6
741.169,10.9,25.9,11.0,25.9,7.6,26.0,9.9,25.6
742.169,11.3,25.9,12.9,25.8,7.6,26.0,10.5,25.6
743.169,10.9,25.9,12.6,25.8,7.6,26.0,10.0,25.6
744.169,12.2,25.9,11.8,25.8,7.3,26.0,10.4,25.6
745.169,12.5,25.9,12.3,25.9,8.8,26.0,11.0,25.6
746.169,12.0,25.9,11.9,25.9,8.6,26.0,11.0,25.6
747.169,13.6,25.9,13.4,25.9,9.9,26.0,12.4,25.6
748.169,12.5,25.9,12.4,25.9,8.9,26.0,11.3,25.6
749.169,12.1,26.0,12.0,26.0,8.5,26.1,10.8,25.6
750.169,13.1,26.0,12.5,26.0,8.7,26.1,10.6,25.7
751.169,11.4,26.0,11.2,26.0,7.8,26.1,9.9,25.7
752.169,13.1,26.0,12.9,26.0,9.3,26.1,11.7,25.7
753.169,12.6,26.1,12.4,26.0,8.9,26.1,11.3,25.7
754.169,12.7,26.1,12.4,26.1,8.8,26.1,11.0,25.7
755.169,12.5,26.1,12.4,26.1,8.9,26.2,11.3,25.7
756.169,12.8,26.1,12.6,26.1,9.1,26.2,11.6,25.7
757.169,12.5,26.2,12.3,26.2,8.8,26.2,11.1,25.7
758.169,12.3,26.2,12.1,26.2,8.5,26.3,10.7,25.8
759.169,12.7,26.2,12.4,26.2,8.8,26.3,11.2,25.8
760.169,12.7,26.3,12.6,26.2,9.1,26.3,11.6,25.8
761.169,12.5,26.3,12.5,26.3,9.1,26.3,11.6,25.8
762.169,12.3,26.3,12.1,26.3,8.6,26.4,10.9,25.8
763.169,12.7,26.4,12.4,26.4,8.7,26.4,11.0,25.8
764.169,12.4,26.4,12.1,26.4,8.5,26.5,10.7,25.9
765.169,13.0,26.4,12.6,26.5,8.8,26.5,11.0,25.9
766.169,12.7,26.4,12.5,26.5,9.0,26.5,11.4,25.9
767.169,12.7,26.5,12.4,26.5,8.9,26.5,11.2,25.9
768.169,12.6,26.5,12.4,26.6,8.8,26.6,11.2,25.9
769.169,12.9,26.5,12.7,26.6,9.1,26.6,11.5,25.9
770.169,12.6,26.5,12.3,26.6,8.8,26.6,11.2,26.0
771.169,12.4,26.6,12.2,26.7,8.6,26.7,11.0,26.0
772.169,12.8,26.6,12.5,26.7,8.8,26.7,11.2,26.0
773.169,12.3,26.6,12.1,26.7,8.7,26.8,11.1,26.0
774.169,13.0,26.6,12.7,26.7,9.0,26.8,11.4,26.0
775.169,12.8,26.6,12.6,26.8,9.2,26.8,11.7,26.1
776.169,12.8,26.7,12.5,26.8,8.9,26.8,11.3,26.1
777.169,13.0,26.7,12.6,26.9,8.9,26.9,11.1,26.1
778.169,12.9,26.7,12.6,26.9,9.0,26.9,11.4,26.1
779.169,12.8,26.7,12.4,26.9,8.7,26.9,10.9,26.1
780.169,12.7,26.7,12.4,26.9,8.9,27.0,11.3,26.1
781.169,12.6,26.8,12.4,26.9,8.9,27.0,11.4,26.2
782.169,12.6,26.8,12.4,27.0,8.8,27.0,11.3,26.2
783.169,12.8,26.8,12.6,27.0,9.2,27.0,11.8,26.2
784.169,13.1,26.8,12.8,27.0,9.1,27.1,11.5,26.2
785.169,12.6,26.8,11.7,27.1,8.8,27.1,11.1,26.2
786.169,8.0,26.9,7.5,27.1,5.5,27.2,7.2,26.3
787.169,0.5,27.2,0.4,27.4,0.2,27.5,0.5,26.6
788.169,-0.1,27.5,-0.2,27.7,-0.2,27.8,-0.4,26.8
789.169,-2.1,27.5,-0.0,27.8,-0.2,27.9,-1.3,26.9
790.169,-3.4,27.2,-0.6,27.9,-0.9,27.9,-2.6,26.6
791.169,-3.7,27.1,-3.5,27.6,-2.6,27.5,-3.7,26.5
792.169,-6.0,26.9,-6.6,27.2,-4.8,27.1,-6.6,26.3
793.169,-10.9,26.8,-10.7,27.0,-7.0,27.0,-8.3,26.2
794.169,-12.7,26.6,-13.3,26.8,-9.3,26.9,-11.2,26.1
795.169,-13.0,26.6,-14.2,26.8,-9.4,26.8,-11.1,26.1
796.169,-13.1,26.6,-13.8,26.7,-9.4,26.8,-11.2,26.1
797.169,-13.0,26.5,-13.8,26.7,-9.4,26.7,-11.2,26.0
798.169,-13.1,26.5,-13.9,26.6,-9.4,26.7,-11.2,26.0
799.169,-13.1,26.4,-14.0,26.6,-9.5,26.6,-11.3,26.0
800.169,-13.1,26.4,-13.9,26.5,-9.3,26.5,-11.1,25.9
801.169,-13.1,26.3,-13.9,26.5,-9.4,26.5,-11.1,25.9
802.169,-13.0,26.3,-13.8,26.4,-9.3,26.4,-11.0,25.8
803.169,-12.9,26.2,-13.8,26.4,-9.4,26.4,-11.2,25.8
804.169,-12.9,26.2,-13.9,26.3,-9.4,26.3,-11.3,25.8
805.169,-12.9,26.1,-13.8,26.2,-9.2,26.3,-10.9,25.8
806.169,-12.8,26.1,-13.7,26.2,-9.2,26.2,-11.0,25.7
807.169,-12.9,26.1,-13.8,26.2,-9.4,26.2,-11.2,25.7
808.169,-12.8,26.1,-13.6,26.1,-9.1,26.2,-10.9,25.7
809.169,-12.9,26.0,-13.9,26.1,-9.4,26.2,-11.2,25.7
810.169,-12.8,26.0,-13.7,26.1,-9.3,26.1,-11.1,25.7
811.169,-13.0,26.0,-13.9,26.1,-9.4,26.1,-11.2,25.6
812.169,-12.9,26.0,-13.8,26.0,-9.3,26.1,-11.0,25.6
813.169,-12.9,26.0,-13.7,26.0,-9.1,26.1,-10.9,25.6
814.169,-13.0,26.0,-13.9,26.0,-9.3,26.1,-11.1,25.6
815.169,-12.9,25.9,-13.8,26.0,-9.4,26.0,-11.2,25.6
816.169,-13.0,26.0,-13.8,26.0,-9.3,26.0,-11.0,25.6
817.169,-12.9,25.9,-13.8,26.0,-9.3,26.0,-11.1,25.6
818.169,-13.0,25.9,-13.8,25.9,-9.2,26.0,-10.9,25.6
819.169,-12.9,25.9,-13.9,25.9,-9.5,26.0,-11.4,25.6
820.169,-13.1,25.9,-14.0,25.9,-9.5,26.0,-11.2,25.6
821.169,-13.1,25.9,-13.9,25.9,-9.4,26.0,-11.1,25.6
822.169,-12.8,25.9,-13.7,25.9,-9.2,26.0,-11.0,25.6
823.169,-13.1,25.9,-14.0,25.9,-9.5,26.0,-11.4,25.6
824.169,-13.0,25.9,-13.9,25.9,-9.5,26.0,-11.3,25.5
825.169,-13.3,25.9,-14.0,25.9,-9.3,26.0,-11.0,25.6
826.169,-13.2,25.9,-14.0,25.9,-9.5,26.0,-11.3,25.5
827.169,-13.0,25.9,-13.8,25.9,-9.3,26.0,-11.1,25.5
828.169,-13.0,25.9,-13.9,25.9,-9.5,26.0,-11.4,25.5
829.169,-13.1,25.9,-13.8,25.9,-9.3,26.0,-11.0,25.5
830.169,-13.1,25.9,-13.9,25.9,-9.4,26.0,-11.1,25.5
831.169,-13.0,25.9,-13.7,25.9,-9.2,25.9,-11.0,25.5
832.169,-13.1,25.9,-13.8,25.9,-9.2,25.9,-10.9,25.5
833.169,-13.1,25.9,-14.0,25.9,-9.5,25.9,-11.4,25.5
834.169,-12.9,25.9,-13.7,25.8,-8.2,26.0,-11.1,25.5
835.169,-10.8,25.9,-13.9,25.8,-7.5,26.0,-9.5,25.5
836.169,-10.9,25.9,-13.8,25.8,-8.1,26.0,-9.2,25.5
837.169,-11.6,25.9,-11.8,25.9,-7.5,26.0,-9.6,25.6
838.169,-11.3,25.9,-11.6,25.9,-8.0,26.0,-9.4,25.6
839.169,-11.6,25.9,-12.6,25.9,-8.0,26.0,-9.5,25.5
840.169,-11.4,25.9,-11.6,25.9,-8.3,26.0,-9.9,25.5
841.169,-12.0,25.9,-12.1,25.9,-8.8,25.9,-10.2,25.5
842.169,-7.4,25.9,-7.0,25.9,-5.3,26.0,-6.1,25.6
843.169,0.1,26.4,-0.3,26.4,0.2,26.5,0.0,26.0
844.169,0.3,26.8,-0.1,26.7,-0.1,26.7,0.3,26.3
845.169,1.8,26.8,-0.0,26.8,0.3,27.0,2.0,26.2
846.169,4.5,26.5,1.5,26.9,2.1,26.8,3.2,26.1
847.169,6.9,26.2,7.4,26.4,5.4,26.3,6.8,25.8
848.169,6.7,26.1,6.6,26.1,4.6,26.2,6.1,25.7
849.169,6.0,26.1,5.4,26.1,3.7,26.2,4.5,25.8
850.169,8.8,26.1,8.8,26.1,5.5,26.2,6.7,25.8
851.169,11.6,25.9,11.1,25.9,8.5,26.0,11.1,25.6
852.169,11.5,25.9,10.8,25.9,7.8,25.9,9.0,25.6
853.169,10.8,25.9,11.0,25.8,7.8,25.9,10.2,25.5
854.169,10.5,25.9,12.5,25.8,7.1,25.9,9.4,25.6
855.169,11.2,25.9,12.6,25.8,7.6,25.9,10.0,25.6
856.169,13.0,25.9,12.5,25.8,7.7,25.9,11.2,25.5
857.169,12.4,25.8,12.4,25.8,9.1,25.9,11.5,25.5
858.169,12.8,25.9,12.6,25.8,9.2,25.9,11.6,25.5
859.169,11.4,25.9,11.2,25.9,7.9,25.9,9.9,25.6
860.169,13.4,25.9,13.2,25.9,9.6,25.9,12.1,25.6
861.169,12.4,25.9,12.2,25.9,8.7,26.0,11.0,25.6
862.169,12.8,25.9,12.5,25.9,8.8,26.0,11.0,25.6
863.169,12.4,26.0,12.2,25.9,8.6,26.0,10.9,25.6
864.169,12.3,26.0,12.1,26.0,8.7,26.0,11.1,25.6
865.169,13.0,26.0,12.7,26.0,9.1,26.1,11.6,25.6
866.169,12.8,26.0,12.5,26.0,8.9,26.1,11.2,25.6
867.169,12.6,26.1,12.2,26.0,8.6,26.1,10.7,25.7
868.169,12.7,26.1,12.4,26.1,8.7,26.1,11.0,25.7
869.169,12.3,26.1,12.2,26.1,8.7,26.2,11.1,25.7
870.169,12.4,26.2,12.2,26.1,8.7,26.2,11.2,25.7
871.169,12.6,26.2,12.4,26.2,8.8,26.2,11.2,25.7
872.169,12.7,26.2,12.5,26.2,9.1,26.2,11.6,25.7
873.169,12.1,26.3,12.0,26.3,8.6,26.3,10.9,25.8
874.169,12.8,26.3,12.5,26.3,8.9,26.3,11.2,25.8
875.169,12.7,26.3,12.4,26.3,8.7,26.3,11.0,25.8
876.169,12.5,26.3,12.3,26.3,8.8,26.4,11.2,25.8
877.169,12.8,26.3,12.5,26.4,8.8,26.4,11.1,25.8
878.169,12.7,26.4,12.5,26.4,9.0,26.4,11.4,25.8
879.169,12.9,26.4,12.5,26.5,8.8,26.5,11.1,25.9
880.169,12.7,26.4,12.4,26.5,8.8,26.5,11.1,25.9
881.169,12.5,26.4,12.2,26.5,8.7,26.5,11.0,25.9
882.169,12.6,26.5,12.4,26.6,8.8,26.6,11.2,25.9
883.169,12.6,26.5,12.4,26.6,8.8,26.6,11.2,25.9
884.169,12.8,26.5,12.5,26.6,8.9,26.6,11.3,25.9
885.169,13.0,26.5,12.6,26.6,8.9,26.7,11.2,25.9
886.169,12.9,26.5,12.7,26.7,9.1,26.7,11.6,25.9
887.169,12.5,26.6,12.3,26.7,8.8,26.7,11.2,26.0
888.169,12.6,26.6,12.4,26.7,8.8,26.8,11.2,26.0
889.169,12.5,26.6,12.3,26.8,8.8,26.8,11.3,26.0
890.169,12.8,26.6,12.7,26.8,9.3,26.8,12.0,26.0
891.169,12.7,26.6,12.4,26.8,8.8,26.9,11.2,26.1
892.169,12.8,26.7,12.5,26.8,8.9,26.9,11.2,26.1
893.169,12.7,26.7,12.5,26.9,8.9,26.9,11.2,26.1
894.169,12.5,26.7,12.3,26.9,8.7,26.9,11.1,26.1
895.169,12.7,26.7,12.4,26.9,8.7,27.0,11.0,26.1
896.169,13.2,26.7,12.9,26.9,9.2,27.0,11.5,26.2
897.169,12.8,26.7,12.0,27.0,9.0,27.0,11.4,26.2
898.169,8.1,26.8,7.7,27.1,5.6,27.1,7.4,26.2
899.169,0.1,27.2,-0.0,27.4,-0.1,27.5,0.1,26.5
900.169,-0.2,27.5,-0.1,27.6,-0.2,27.7,-0.5,26.8
901.169,-2.8,27.4,-0.0,27.8,-0.1,27.8,-1.8,26.8
902.169,-3.1,27.1,-0.9,27.8,-1.1,27.7,-2.4,26.6
903.169,-4.1,27.0,-4.2,27.5,-3.1,27.4,-4.3,26.4
904.169,-6.3,26.8,-6.9,27.0,-4.9,27.1,-6.7,26.2
905.169,-12.8,26.6,-12.8,26.8,-8.5,26.9,-10.0,26.1
906.169,-12.8,26.6,-13.9,26.7,-9.3,26.8,-11.1,26.1
907.169,-13.0,26.6,-13.8,26.7,-9.3,26.7,-11.1,26.0
908.169,-13.0,26.5,-13.8,26.6,-9.4,26.7,-11.2,26.0
909.169,-13.0,26.5,-13.8,26.6,-9.4,26.6,-11.2,26.0
910.169,-13.0,26.4,-13.8,26.5,-9.3,26.6,-11.1,25.9
911.169,-13.1,26.4,-13.9,26.5,-9.5,26.5,-11.3,25.9
912.169,-13.1,26.3,-13.9,26.4,-9.4,26.5,-11.2,25.9
913.169,-13.0,26.3,-13.9,26.4,-9.4,26.4,-11.1,25.8
914.169,-13.0,26.2,-13.8,26.3,-9.3,26.4,-11.0,25.8
915.169,-12.9,26.2,-13.8,26.3,-9.2,26.3,-11.0,25.8
916.169,-13.0,26.1,-13.9,26.2,-9.4,26.3,-11.2,25.7
917.169,-12.9,26.1,-13.7,26.2,-9.2,26.2,-10.9,25.7
918.169,-12.9,26.1,-13.8,26.1,-9.3,26.2,-11.1,25.7
919.169,-12.9,26.0,-13.8,26.1,-9.3,26.1,-11.1,25.6
920.169,-12.8,26.0,-13.7,26.1,-9.3,26.1,-11.1,25.6
921.169,-13.0,26.0,-13.8,26.0,-9.3,26.1,-11.1,25.6
922.169,-12.8,26.0,-13.7,26.0,-9.3,26.1,-11.1,25.6
923.169,-12.9,26.0,-13.8,26.0,-9.3,26.0,-11.0,25.6
924.169,-13.0,26.0,-13.8,26.0,-9.3,26.0,-11.0,25.6
925.169,-13.1,25.9,-13.9,25.9,-9.3,26.0,-11.1,25.5
926.169,-13.1,25.9,-13.9,25.9,-9.3,26.0,-11.1,25.5
927.169,-13.0,25.9,-13.8,25.9,-9.3,26.0,-11.1,25.6
928.169,-13.0,25.9,-13.9,25.9,-9.3,26.0,-11.1,25.5
929.169,-13.0,25.9,-13.8,25.9,-9.3,25.9,-11.0,25.5
930.169,-13.0,25.9,-13.9,25.9,-9.3,25.9,-11.1,25.5
931.169,-12.8,25.9,-13.8,25.9,-9.4,25.9,-11.3,25.5
932.169,-13.0,25.9,-13.9,25.8,-9.4,25.9,-11.1,25.5
933.169,-13.1,25.9,-13.9,25.8,-9.3,25.9,-11.0,25.5
934.169,-13.1,25.9,-13.9,25.8,-9.3,25.9,-11.1,25.5
935.169,-13.0,25.9,-13.9,25.8,-9.4,25.9,-11.2,25.5
936.169,-13.1,25.9,-13.9,25.8,-9.4,25.9,-11.2,25.5
937.169,-13.3,25.9,-13.9,25.8,-9.3,25.9,-11.0,25.5
938.169,-13.3,25.9,-14.1,25.8,-9.5,25.9,-11.2,25.5
939.169,-13.1,25.9,-13.8,25.8,-9.3,25.9,-11.1,25.5
940.169,-13.1,25.9,-13.9,25.8,-9.4,25.9,-11.3,25.5
941.169,-13.2,25.9,-14.0,25.8,-9.3,25.9,-11.1,25.5
942.169,-13.1,25.9,-13.8,25.8,-9.2,25.9,-10.9,25.5
943.169,-13.1,25.9,-13.9,25.8,-9.3,25.9,-11.0,25.5
944.169,-13.2,25.8,-14.0,25.8,-9.4,25.9,-11.2,25.5
945.169,-12.8,25.9,-13.8,25.8,-9.3,25.9,-11.2,25.5
946.169,-12.8,25.9,-13.7,25.8,-7.8,25.9,-11.0,25.5
947.169,-11.0,25.9,-13.9,25.8,-7.7,25.9,-9.5,25.5
948.169,-10.9,25.9,-13.8,25.8,-8.2,25.9,-8.9,25.5
949.169,-11.3,25.9,-11.6,25.8,-7.6,25.9,-9.7,25.5
950.169,-11.5,25.9,-11.7,25.8,-7.9,25.9,-9.4,25.5
951.169,-11.4,25.9,-12.0,25.8,-8.0,25.9,-9.6,25.5
952.169,-11.5,25.8,-11.7,25.8,-8.3,25.9,-9.5,25.5
953.169,-12.4,25.8,-12.3,25.8,-8.9,25.9,-9.0,25.5
954.169,-4.7,26.0,-4.6,25.9,-3.4,26.0,-4.8,25.6
955.169,0.0,26.5,-0.1,26.4,-0.1,26.5,-0.3,26.0
956.169,0.4,26.8,-0.1,26.6,0.1,26.8,0.1,26.2
957.169,2.4,26.7,0.1,26.8,0.4,26.9,0.2,26.4
958.169,4.7,26.4,3.0,26.8,2.9,26.6,2.7,26.4
959.169,7.7,26.2,7.5,26.2,5.8,26.2,7.1,25.8
960.169,6.4,26.1,6.2,26.0,4.1,26.1,6.6,25.7
961.169,5.9,26.1,5.4,26.1,3.7,26.1,4.8,25.7
962.169,9.5,26.0,9.2,26.0,6.0,26.1,7.4,25.7
963.169,11.8,25.9,11.4,25.8,8.7,25.9,11.0,25.5
964.169,10.6,25.9,10.5,25.8,7.8,25.9,10.1,25.5
965.169,11.5,25.8,11.7,25.8,8.0,25.9,9.8,25.5
966.169,11.0,25.8,12.5,25.7,7.1,25.9,9.9,25.5
967.169,11.4,25.8,12.6,25.7,7.4,25.9,10.2,25.5
968.169,12.7,25.8,12.2,25.7,8.0,25.9,10.8,25.5
969.169,12.8,25.8,12.7,25.8,9.4,25.9,12.1,25.5
970.169,12.3,25.8,12.1,25.8,8.8,25.9,11.2,25.5
971.169,12.5,25.8,12.3,25.8,8.8,25.9,11.1,25.5
972.169,12.9,25.9,12.6,25.8,9.0,25.9,11.2,25.5
973.169,12.8,25.9,12.5,25.8,8.9,25.9,11.2,25.5
974.169,9.2,26.0,9.1,25.9,6.1,26.0,7.8,25.6
975.169,13.8,25.9,13.6,25.9,10.1,26.0,12.6,25.5
976.169,12.8,25.9,12.5,25.9,8.9,26.0,11.2,25.6
977.169,13.3,26.0,12.8,25.9,9.0,26.0,11.2,25.6
978.169,12.7,26.0,12.6,25.9,9.1,26.0,11.6,25.6
979.169,12.6,26.0,12.3,26.0,8.8,26.1,11.2,25.6
980.169,12.6,26.1,12.3,26.0,8.6,26.1,10.9,25.6
981.169,12.3,26.1,12.2,26.0,8.7,26.1,11.1,25.6
982.169,12.5,26.1,12.3,26.1,8.8,26.1,11.2,25.6
983.169,12.6,26.1,12.4,26.1,9.0,26.2,11.5,25.6
984.169,12.4,26.2,12.3,26.2,8.8,26.2,11.2,25.7
985.169,12.6,26.2,12.3,26.2,8.7,26.2,11.0,25.7
986.169,12.6,26.2,12.4,26.2,8.8,26.2,11.3,25.7
987.169,12.7,26.3,12.3,26.3,8.7,26.3,10.9,25.7
988.169,12.5,26.3,12.4,26.3,8.9,26.3,11.3,25.7
989.169,12.8,26.3,12.6,26.3,9.0,26.3,11.4,25.7
990.169,12.6,26.3,12.2,26.4,8.5,26.4,10.7,25.8
991.169,13.0,26.3,12.7,26.4,9.0,26.4,11.4,25.8
992.169,12.5,26.4,12.3,26.4,8.8,26.4,11.2,25.8
993.169,12.7,26.4,12.5,26.5,8.9,26.5,11.3,25.8
994.169,12.6,26.4,12.4,26.5,8.8,26.5,11.2,25.8
995.169,12.7,26.4,12.3,26.5,8.6,26.5,10.8,25.9
996.169,13.2,26.5,12.7,26.6,9.0,26.6,11.3,25.9
997.169,12.7,26.5,12.5,26.6,9.0,26.6,11.5,25.9
998.169,12.6,26.5,12.4,26.6,8.8,26.6,11.2,25.9
999.169,12.9,26.5,12.6,26.6,9.0,26.7,11.5,25.9
1000.169,12.5,26.5,12.3,26.7,8.8,26.7,11.3,25.9
1001.169,12.6,26.6,12.4,26.7,8.9,26.7,11.4,26.0
1002.169,13.0,26.6,12.8,26.7,9.3,26.7,11.8,26.0
1003.169,12.8,26.6,12.4,26.8,8.7,26.8,11.0,26.0
1004.169,12.7,26.6,12.3,26.8,8.6,26.8,10.9,26.0
1005.169,12.8,26.6,12.7,26.8,9.2,26.9,11.7,26.0
1006.169,12.6,26.7,12.4,26.8,8.8,26.9,11.2,26.0
1007.169,12.7,26.7,12.4,26.9,8.8,26.9,11.2,26.1
1008.169,13.2,26.7,12.7,26.9,9.1,26.9,11.5,26.1
1009.169,12.6,26.7,11.7,26.9,8.6,27.0,10.9,26.1
1010.169,6.6,26.8,6.2,27.0,4.4,27.1,5.8,26.2
1011.169,0.4,27.1,0.4,27.3,0.2,27.4,0.6,26.5
1012.169,-0.2,27.4,-0.3,27.6,-0.3,27.6,-0.4,26.7
1013.169,-2.2,27.4,-0.1,27.7,-0.2,27.7,-1.2,26.7
1014.169,-3.4,27.1,-0.5,27.7,-0.8,27.7,-2.6,26.5
1015.169,-3.6,27.0,-3.1,27.5,-2.3,27.4,-3.3,26.4
1016.169,-5.6,26.8,-6.2,27.0,-4.4,27.0,-6.1,26.2
1017.169,-11.2,26.6,-11.0,26.8,-7.2,26.9,-8.6,26.1
1018.169,-12.6,26.5,-13.1,26.7,-9.2,26.7,-11.0,26.0
1019.169,-12.9,26.5,-14.2,26.6,-9.4,26.7,-11.2,26.0
1020.169,-13.1,26.5,-13.8,26.6,-9.3,26.6,-11.1,25.9
1021.169,-13.0,26.4,-13.8,26.5,-9.3,26.6,-11.1,25.9
1022.169,-13.1,26.4,-13.9,26.5,-9.4,26.5,-11.1,25.9
1023.169,-13.1,26.3,-13.9,26.4,-9.4,26.5,-11.2,25.8
1024.169,-13.2,26.3,-14.0,26.4,-9.4,26.4,-11.2,25.8
1025.169,-13.0,26.2,-13.9,26.3,-9.4,26.4,-11.2,25.8
1026.169,-13.1,26.2,-13.9,26.3,-9.4,26.3,-11.1,25.7
1027.169,-13.0,26.1,-13.8,26.2,-9.2,26.2,-11.0,25.7
1028.169,-13.0,26.1,-13.8,26.2,-9.3,26.2,-11.1,25.7
1029.169,-13.0,26.0,-13.7,26.1,-9.2,26.1,-11.0,25.6
1030.169,-13.0,26.0,-13.8,26.1,-9.2,26.1,-11.0,25.6
1031.169,-12.9,26.0,-13.8,26.0,-9.4,26.1,-11.3,25.6
1032.169,-12.9,26.0,-13.6,26.0,-9.1,26.1,-10.8,25.6
1033.169,-12.9,25.9,-13.8,26.0,-9.3,26.0,-11.2,25.6
1034.169,-12.8,25.9,-13.7,25.9,-9.3,26.0,-11.1,25.5
1035.169,-13.0,25.9,-13.9,25.9,-9.4,26.0,-11.2,25.5
1036.169,-13.1,25.9,-13.9,25.9,-9.4,26.0,-11.2,25.5
1037.169,-13.0,25.9,-13.7,25.9,-9.1,25.9,-10.8,25.5
1038.169,-13.1,25.9,-13.9,25.9,-9.3,25.9,-11.1,25.5
1039.169,-13.1,25.9,-13.9,25.8,-9.3,25.9,-11.1,25.5
1040.169,-13.0,25.8,-13.8,25.8,-9.3,25.9,-11.1,25.5
1041.169,-13.1,25.8,-13.9,25.8,-9.4,25.9,-11.1,25.5
1042.169,-13.1,25.8,-13.8,25.8,-9.1,25.9,-10.8,25.5
1043.169,-12.9,25.8,-13.8,25.8,-9.4,25.9,-11.3,25.5
1044.169,-13.1,25.8,-14.0,25.8,-9.5,25.9,-11.3,25.4
1045.169,-13.2,25.8,-14.0,25.8,-9.4,25.9,-11.1,25.5
1046.169,-13.2,25.8,-13.9,25.8,-9.3,25.9,-11.0,25.4
1047.169,-13.1,25.8,-13.9,25.8,-9.4,25.8,-11.2,25.5
1048.169,-13.1,25.8,-13.9,25.7,-9.4,25.9,-11.2,25.4
1049.169,-13.3,25.8,-14.0,25.8,-9.4,25.8,-11.1,25.4
1050.169,-13.5,25.8,-14.2,25.7,-9.5,25.8,-11.2,25.4
1051.169,-13.1,25.8,-13.8,25.7,-9.3,25.8,-11.1,25.4
1052.169,-13.0,25.8,-13.7,25.7,-9.2,25.9,-11.0,25.4
1053.169,-13.1,25.8,-13.8,25.7,-9.3,25.8,-11.0,25.4
1054.169,-13.2,25.8,-13.9,25.7,-9.4,25.8,-11.1,25.4
1055.169,-13.3,25.8,-14.0,25.7,-9.4,25.8,-11.2,25.4
1056.169,-13.0,25.8,-13.7,25.7,-9.2,25.8,-11.0,25.4
1057.169,-13.0,25.8,-13.8,25.7,-9.4,25.8,-11.2,25.4
1058.169,-13.0,25.8,-13.8,25.7,-8.5,25.8,-11.1,25.4
1059.169,-11.0,25.8,-13.9,25.7,-7.5,25.9,-9.6,25.4
1060.169,-11.3,25.8,-14.1,25.7,-8.2,25.9,-9.5,25.4
1061.169,-11.5,25.8,-12.0,25.7,-7.5,25.8,-9.5,25.4
1062.169,-11.2,25.8,-11.5,25.8,-7.9,25.9,-8.4,25.4
1063.169,-11.5,25.8,-12.4,25.8,-8.0,25.8,-9.1,25.4
1064.169,-11.6,25.8,-11.8,25.8,-8.3,25.8,-9.8,25.4
1065.169,-12.0,25.8,-12.1,25.7,-8.8,25.8,-10.0,25.4
1066.169,-8.4,25.8,-7.9,25.8,-6.0,25.8,-7.2,25.5
1067.169,-0.2,26.3,-0.5,26.2,0.0,26.3,-0.5,25.8
1068.169,0.2,26.6,-0.1,26.5,-0.0,26.7,0.1,26.1
1069.169,1.5,26.8,-0.0,26.7,0.2,26.8,0.1,26.3
1070.169,4.1,26.5,0.5,26.8,1.6,26.8,0.4,26.4
1071.169,5.7,26.2,6.6,26.4,4.4,26.3,6.4,26.0
1072.169,7.4,26.0,7.2,26.0,5.1,26.0,6.7,25.7
1073.169,6.5,26.0,5.5,26.0,4.2,26.1,4.3,25.7
1074.169,7.1,26.1,7.1,26.0,4.1,26.1,5.2,25.7
1075.169,10.4,25.9,9.9,25.8,7.9,25.9,9.6,25.5
1076.169,12.3,25.8,11.5,25.7,8.1,25.8,10.7,25.5
1077.169,10.9,25.8,10.9,25.7,7.8,25.8,11.0,25.4
1078.169,11.3,25.8,12.8,25.7,7.7,25.8,9.3,25.4
1079.169,11.0,25.8,12.9,25.7,7.7,25.8,10.3,25.4
1080.169,13.0,25.7,12.7,25.7,7.9,25.8,11.8,25.4
1081.169,12.6,25.8,12.4,25.7,8.9,25.8,11.2,25.4
1082.169,12.4,25.8,12.3,25.7,9.0,25.8,11.5,25.4
1083.169,12.1,25.8,11.7,25.7,8.1,25.8,10.1,25.4
1084.169,12.9,25.8,12.6,25.7,9.1,25.8,11.5,25.4
1085.169,13.1,25.8,12.8,25.7,9.2,25.8,11.6,25.4
1086.169,11.4,25.8,11.5,25.8,8.2,25.9,10.6,25.5
1087.169,13.0,25.9,12.7,25.8,9.2,25.9,11.7,25.5
1088.169,12.1,25.9,11.9,25.8,8.4,25.9,10.6,25.5
1089.169,12.7,25.9,12.2,25.8,8.6,25.9,10.7,25.5
1090.169,12.9,25.9,12.5,25.9,8.9,25.9,11.3,25.5
1091.169,12.8,25.9,12.4,25.9,8.8,26.0,11.1,25.5
1092.169,12.6,26.0,12.3,25.9,8.8,26.0,11.1,25.5
1093.169,12.6,26.0,12.4,26.0,8.8,26.0,11.1,25.6
1094.169,12.5,26.0,12.4,26.0,9.0,26.0,11.5,25.6
1095.169,12.4,26.1,12.2,26.0,8.8,26.1,11.2,25.6
1096.169,12.4,26.1,12.2,26.1,8.7,26.1,11.1,25.6
1097.169,12.5,26.1,12.1,26.1,8.5,26.1,10.7,25.6
1098.169,12.7,26.2,12.4,26.1,8.8,26.2,11.2,25.6
1099.169,12.9,26.2,12.8,26.2,9.3,26.2,11.9,25.6
1100.169,12.8,26.2,12.5,26.2,8.8,26.2,11.1,25.7
1101.169,12.6,26.2,12.4,26.2,8.9,26.3,11.4,25.7
1102.169,12.8,26.2,12.5,26.3,9.0,26.3,11.5,25.7
1103.169,12.9,26.3,12.3,26.3,8.5,26.3,10.4,25.7
1104.169,12.7,26.3,12.3,26.3,8.7,26.3,11.0,25.7
1105.169,12.7,26.3,12.4,26.4,8.8,26.4,11.2,25.7
1106.169,12.7,26.3,12.4,26.4,8.8,26.4,11.2,25.8
1107.169,12.8,26.4,12.5,26.4,8.8,26.4,11.2,25.8
1108.169,12.9,26.4,12.6,26.5,9.0,26.5,11.4,25.8
1109.169,12.7,26.4,12.4,26.5,8.8,26.5,11.2,25.8
1110.169,12.5,26.4,12.3,26.5,8.8,26.5,11.2,25.8
1111.169,12.6,26.4,12.2,26.6,8.6,26.6,10.9,25.9
1112.169,13.2,26.4,12.8,26.6,9.1,26.6,11.5,25.9
1113.169,12.5,26.5,12.5,26.6,9.2,26.6,11.9,25.9
1114.169,12.9,26.5,12.7,26.6,9.1,26.7,11.6,25.9
1115.169,12.9,26.5,12.5,26.7,8.9,26.7,11.2,25.9
1116.169,12.7,26.5,12.3,26.7,8.7,26.7,11.0,25.9
1117.169,12.8,26.5,12.5,26.7,8.8,26.8,11.2,26.0
1118.169,12.6,26.5,12.3,26.8,8.8,26.8,11.2,26.0
1119.169,12.8,26.6,12.5,26.8,9.0,26.8,11.4,26.0
1120.169,13.1,26.6,12.8,26.8,9.1,26.8,11.5,26.0
1121.169,13.1,26.6,12.3,26.8,9.2,26.9,11.6,26.0
1122.169,10.4,26.6,10.0,26.9,7.3,26.9,9.5,26.0
1123.169,0.7,27.0,0.7,27.2,0.4,27.2,0.9,26.3
1124.169,-0.2,27.3,-0.3,27.4,-0.2,27.5,-0.3,26.6
1125.169,-1.8,27.3,-0.1,27.6,-0.2,27.6,-1.1,26.7
1126.169,-3.4,27.0,-0.3,27.7,-0.7,27.6,-2.7,26.4
1127.169,-3.2,27.0,-2.7,27.5,-2.0,27.3,-3.1,26.3
1128.169,-5.7,26.8,-6.3,27.0,-4.6,27.0,-6.3,26.1
1129.169,-10.2,26.6,-10.0,26.8,-6.5,26.8,-7.8,26.1
1130.169,-12.8,26.5,-13.2,26.6,-9.3,26.7,-11.1,25.9
1131.169,-12.9,26.4,-14.2,26.6,-9.3,26.6,-11.1,25.9
1132.169,-13.1,26.4,-13.8,26.5,-9.3,26.6,-11.1,25.8
1133.169,-13.1,26.4,-13.8,26.5,-9.3,26.5,-11.1,25.8
1134.169,-13.1,26.3,-13.9,26.4,-9.4,26.5,-11.2,25.8
1135.169,-13.1,26.3,-13.9,26.4,-9.4,26.4,-11.2,25.8
1136.169,-13.2,26.2,-13.9,26.3,-9.4,26.3,-11.2,25.7
1137.169,-13.1,26.2,-13.9,26.3,-9.4,26.3,-11.2,25.7
1138.169,-13.1,26.1,-13.8,26.2,-9.3,26.2,-11.0,25.7
1139.169,-13.1,26.1,-13.9,26.1,-9.4,26.2,-11.1,25.6
1140.169,-13.0,26.0,-13.8,26.1,-9.3,26.1,-11.0,25.6
1141.169,-13.0,26.0,-13.8,26.0,-9.3,26.1,-11.1,25.6
1142.169,-12.9,26.0,-13.6,26.0,-9.2,26.1,-10.9,25.6
1143.169,-12.9,26.0,-13.8,26.0,-9.3,26.0,-11.1,25.5
1144.169,-13.0,25.9,-13.8,25.9,-9.2,26.0,-11.0,25.5
1145.169,-12.9,25.9,-13.7,25.9,-9.2,26.0,-11.0,25.5
1146.169,-12.9,25.9,-13.8,25.9,-9.3,25.9,-11.1,25.5
1147.169,-13.0,25.9,-13.8,25.9,-9.3,25.9,-11.1,25.5
1148.169,-13.1,25.8,-13.8,25.8,-9.3,25.9,-11.1,25.5
1149.169,-13.0,25.8,-13.8,25.8,-9.3,25.9,-11.1,25.4
1150.169,-13.0,25.8,-13.8,25.8,-9.2,25.9,-10.9,25.4
1151.169,-13.1,25.8,-13.9,25.8,-9.3,25.9,-11.1,25.4
1152.169,-13.0,25.8,-13.8,25.8,-9.3,25.8,-11.1,25.4
1153.169,-13.1,25.8,-13.9,25.8,-9.3,25.8,-11.0,25.4
1154.169,-13.2,25.8,-13.9,25.7,-9.4,25.8,-11.1,25.4
1155.169,-12.8,25.8,-13.7,25.7,-9.2,25.8,-11.1,25.4
1156.169,-13.1,25.8,-13.9,25.7,-9.5,25.8,-11.3,25.4
1157.170,-13.2,25.8,-13.9,25.7,-9.3,25.8,-11.0,25.4
1158.170,-13.1,25.8,-13.8,25.7,-9.3,25.8,-11.0,25.4
1159.170,-13.1,25.8,-13.9,25.7,-9.4,25.8,-11.2,25.4
1160.170,-13.1,25.8,-13.9,25.7,-9.4,25.8,-11.2,25.4
1161.170,-13.3,25.8,-14.0,25.7,-9.4,25.8,-11.1,25.4
1162.170,-13.4,25.7,-14.1,25.7,-9.4,25.8,-11.1,25.4
1163.170,-13.2,25.7,-14.0,25.7,-9.5,25.8,-11.3,25.4
1164.170,-12.9,25.8,-13.7,25.7,-9.3,25.8,-11.1,25.4
1165.170,-13.2,25.7,-13.8,25.7,-9.2,25.8,-10.9,25.4
1166.170,-13.2,25.7,-13.9,25.7,-9.4,25.8,-11.1,25.4
1167.170,-13.2,25.7,-13.9,25.7,-9.3,25.8,-11.1,25.4
1168.170,-13.2,25.7,-13.9,25.7,-9.4,25.8,-11.2,25.3
1169.170,-13.1,25.7,-14.0,25.6,-9.5,25.7,-11.4,25.3
1170.170,-13.0,25.7,-13.8,25.7,-8.7,25.8,-11.0,25.3
1171.170,-11.4,25.8,-13.9,25.6,-7.5,25.8,-9.8,25.4
1172.170,-10.9,25.8,-13.8,25.7,-7.8,25.8,-9.2,25.4
1173.170,-11.9,25.8,-12.7,25.7,-7.9,25.8,-9.9,25.4
1174.170,-10.8,25.8,-11.2,25.7,-7.6,25.8,-8.2,25.4
1175.170,-11.6,25.8,-12.3,25.7,-8.0,25.8,-8.8,25.4
1176.170,-11.5,25.8,-11.6,25.7,-8.1,25.8,-9.8,25.4
1177.170,-11.9,25.7,-12.1,25.7,-8.6,25.8,-11.1,25.3
1178.170,-10.3,25.8,-9.7,25.7,-7.3,25.7,-7.1,25.4
1179.170,0.2,26.2,-0.1,26.1,0.2,26.2,-0.2,25.7
1180.170,0.3,26.6,-0.1,26.4,-0.0,26.5,0.1,26.0
1181.170,2.2,26.6,-0.0,26.6,0.3,26.7,0.2,26.2
1182.170,3.9,26.3,1.5,26.7,2.1,26.5,1.2,26.3
1183.170,6.7,26.1,6.9,26.1,5.1,26.1,6.9,25.8
1184.170,7.1,25.9,6.9,25.9,4.7,26.0,6.1,25.6
1185.170,6.0,26.0,5.5,25.9,3.7,26.0,4.4,25.7
1186.170,8.0,25.9,7.8,25.9,4.7,26.0,5.3,25.6
1187.170,11.6,25.8,10.8,25.7,8.5,25.8,10.6,25.4
1188.170,11.7,25.7,11.0,25.6,7.7,25.8,10.7,25.4
1189.170,11.0,25.7,11.0,25.6,7.7,25.8,10.9,25.4
1190.170,11.5,25.7,13.3,25.6,8.2,25.7,10.3,25.4
1191.170,10.6,25.7,12.4,25.6,7.4,25.8,9.6,25.4
1192.170,13.1,25.7,12.5,25.6,7.8,25.8,11.4,25.3
1193.170,11.8,25.7,11.7,25.6,8.4,25.7,10.7,25.4
1194.170,12.8,25.7,12.4,25.6,8.9,25.7,11.2,25.4
1195.170,13.2,25.7,12.9,25.6,9.4,25.7,11.8,25.4
1196.170,12.7,25.7,12.3,25.7,8.7,25.8,10.9,25.4
1197.170,12.3,25.8,12.1,25.7,8.7,25.8,11.2,25.4
1198.170,12.4,25.8,12.1,25.7,8.5,25.8,10.7,25.4
1199.170,11.9,25.8,11.6,25.7,8.2,25.9,10.3,25.4
1200.170,12.7,25.8,12.5,25.8,9.0,25.9,11.5,25.4
1201.170,13.2,25.8,12.7,25.8,8.9,25.9,11.0,25.4
1202.170,12.8,25.9,12.5,25.8,8.9,25.9,11.2,25.4
1203.170,12.9,25.9,12.6,25.8,8.9,25.9,11.2,25.5
1204.170,12.8,25.9,12.6,25.9,9.2,25.9,11.7,25.5
1205.170,12.6,26.0,12.4,25.9,8.9,26.0,11.3,25.5
1206.170,12.4,26.0,12.1,25.9,8.6,26.0,10.9,25.5
1207.170,12.0,26.0,11.7,26.0,8.2,26.0,10.5,25.5
1208.170,12.8,26.0,12.5,26.0,8.9,26.0,11.2,25.5
1209.170,12.5,26.1,12.5,26.0,9.1,26.1,11.8,25.5
1210.170,12.1,26.1,11.9,26.1,8.4,26.1,10.7,25.6
1211.170,12.6,26.1,12.3,26.1,8.7,26.1,11.0,25.6
1212.170,12.6,26.1,12.3,26.1,8.8,26.2,11.1,25.6
1213.185,12.7,26.2,12.4,26.2,8.8,26.2,11.0,25.6
1214.185,13.2,26.2,12.8,26.2,9.2,26.2,11.5,25.6
1215.185,12.8,26.2,12.4,26.2,8.8,26.2,11.1,25.6
1216.185,12.7,26.2,12.3,26.3,8.7,26.3,11.0,25.7
1217.185,13.0,26.2,12.6,26.3,9.0,26.3,11.3,25.7
1218.185,12.6,26.3,12.4,26.3,9.0,26.3,11.4,25.7
1219.185,12.8,26.3,12.4,26.4,8.8,26.4,11.0,25.7
1220.185,12.7,26.3,12.4,26.4,8.8,26.4,11.2,25.7
1221.186,12.5,26.3,12.1,26.4,8.6,26.4,10.9,25.8
1222.186,13.0,26.4,12.6,26.5,8.9,26.5,11.2,25.8
1223.186,12.9,26.4,12.7,26.5,9.3,26.5,11.9,25.8
1224.192,12.8,26.4,12.5,26.5,8.9,26.6,11.3,25.8
1225.192,12.7,26.4,12.4,26.6,8.9,26.6,11.3,25.8
1226.192,12.6,26.4,12.4,26.6,9.0,26.6,11.4,25.8
1227.192,12.9,26.5,12.5,26.6,8.9,26.6,11.2,25.9
1228.192,12.8,26.5,12.5,26.6,8.9,26.7,11.3,25.9
1229.192,12.6,26.5,12.4,26.7,8.8,26.7,11.2,25.9
1230.192,12.5,26.5,12.3,26.7,8.7,26.7,11.1,25.9
1231.192,12.9,26.5,12.7,26.7,9.1,26.8,11.5,25.9
1232.192,13.0,26.5,12.9,26.7,9.3,26.8,11.8,25.9
1233.192,12.9,26.5,12.0,26.8,9.0,26.8,11.4,26.0
1234.192,9.2,26.6,8.7,26.8,6.4,26.9,8.3,26.0
1235.192,-0.0,27.0,-0.0,27.2,-0.0,27.2,0.2,26.3
1236.192,-0.2,27.3,-0.2,27.4,-0.2,27.5,-0.5,26.5
1237.192,-2.3,27.2,-0.0,27.5,-0.1,27.6,-1.4,26.6
1238.192,-3.3,26.9,-0.7,27.6,-1.0,27.5,-2.7,26.3
1239.192,-4.3,26.8,-4.1,27.2,-3.0,27.1,-4.2,26.2
1240.192,-6.4,26.6,-7.1,26.8,-5.2,26.8,-7.0,26.0
1241.192,-11.8,26.5,-11.7,26.7,-7.8,26.7,-9.3,25.9
1242.192,-12.8,26.4,-13.6,26.5,-9.2,26.6,-11.0,25.8
1243.192,-13.0,26.3,-13.9,26.5,-9.3,26.5,-11.1,25.8
1244.192,-13.1,26.3,-13.7,26.4,-9.3,26.5,-11.0,25.8
1245.192,-13.0,26.3,-13.8,26.4,-9.3,26.4,-11.1,25.8
1246.192,-13.1,26.2,-13.9,26.3,-9.4,26.4,-11.1,25.7
1247.192,-13.1,26.2,-13.9,26.3,-9.4,26.3,-11.2,25.7
1248.192,-13.2,26.1,-13.9,26.2,-9.4,26.3,-11.1,25.6
1249.192,-13.1,26.1,-13.8,26.2,-9.2,26.2,-11.0,25.6
1250.192,-13.1,26.0,-13.9,26.1,-9.4,26.1,-11.2,25.6
1251.192,-13.0,26.0,-13.8,26.1,-9.3,26.1,-11.0,25.6
1252.193,-12.9,26.0,-13.8,26.0,-9.4,26.0,-11.2,25.5
1253.193,-13.0,25.9,-13.7,26.0,-9.1,26.0,-10.8,25.5
1254.193,-12.9,25.9,-13.7,25.9,-9.2,26.0,-10.9,25.5
1255.193,-13.0,25.9,-13.8,25.9,-9.3,25.9,-11.1,25.5
1256.193,-12.9,25.8,-13.7,25.9,-9.3,25.9,-11.0,25.4
1257.193,-12.9,25.8,-13.8,25.8,-9.3,25.9,-11.2,25.4
1258.193,-12.8,25.8,-13.6,25.8,-9.1,25.9,-10.8,25.4
1259.193,-13.0,25.8,-13.9,25.8,-9.4,25.8,-11.2,25.4
1260.193,-13.1,25.7,-13.8,25.8,-9.3,25.8,-11.0,25.4
1261.193,-13.0,25.7,-13.8,25.7,-9.3,25.8,-11.0,25.4
1262.193,-13.1,25.7,-13.9,25.7,-9.4,25.8,-11.2,25.4
1263.193,-12.9,25.7,-13.6,25.7,-9.1,25.8,-10.9,25.4
1264.193,-13.0,25.7,-13.8,25.7,-9.3,25.8,-11.0,25.3
1265.193,-13.1,25.7,-13.9,25.7,-9.3,25.8,-11.0,25.3
1266.193,-13.0,25.7,-13.8,25.7,-9.3,25.8,-11.1,25.3
1267.193,-12.9,25.7,-13.9,25.7,-9.5,25.7,-11.4,25.3
1268.193,-13.2,25.7,-13.9,25.7,-9.4,25.7,-11.1,25.3
1269.193,-13.1,25.7,-13.8,25.6,-9.3,25.7,-11.0,25.3
1270.193,-13.1,25.7,-13.9,25.6,-9.3,25.7,-11.1,25.3
1271.198,-13.2,25.7,-14.0,25.6,-9.5,25.7,-11.2,25.3
1272.198,-13.1,25.7,-13.9,25.6,-9.4,25.7,-11.2,25.3
1273.198,-13.3,25.7,-13.8,25.6,-9.1,25.7,-10.7,25.3
1274.198,-13.3,25.7,-14.1,25.6,-9.5,25.7,-11.2,25.3
1275.198,-13.1,25.7,-13.9,25.6,-9.4,25.7,-11.2,25.3
1276.198,-13.0,25.7,-13.8,25.6,-9.3,25.7,-11.1,25.3
1277.198,-13.1,25.7,-13.8,25.6,-9.3,25.7,-11.1,25.3
1278.198,-13.2,25.7,-13.8,25.6,-9.2,25.7,-10.8,25.3
1279.198,-13.2,25.7,-13.9,25.6,-9.4,25.7,-11.2,25.3
1280.198,-13.2,25.7,-13.9,25.6,-9.4,25.7,-11.2,25.3
1281.198,-13.1,25.6,-13.9,25.6,-9.4,25.7,-11.2,25.3
1282.198,-13.0,25.6,-13.8,25.6,-8.0,25.7,-11.2,25.3
1283.198,-10.8,25.7,-13.6,25.6,-7.3,25.7,-9.0,25.3
1284.198,-10.9,25.7,-13.8,25.6,-8.2,25.7,-9.1,25.3
1285.198,-11.4,25.7,-11.7,25.6,-7.7,25.7,-9.9,25.3
1286.198,-11.6,25.7,-11.9,25.6,-8.0,25.7,-9.4,25.3
1287.198,-11.4,25.7,-12.2,25.6,-7.8,25.7,-9.3,25.3
1288.198,-11.5,25.7,-11.6,25.6,-8.2,25.7,-9.8,25.3
1289.198,-12.2,25.7,-12.2,25.6,-8.8,25.7,-10.2,25.3
1290.198,-5.3,25.8,-5.1,25.7,-3.6,25.8,-4.2,25.4
1291.198,-0.1,26.3,-0.1,26.2,0.0,26.3,-0.0,25.8
1292.198,0.4,26.6,-0.1,26.4,0.1,26.6,0.3,26.1
1293.198,3.3,26.5,0.0,26.6,0.5,26.7,2.1,26.0
1294.198,3.2,26.2,2.4,26.6,2.4,26.4,3.6,25.8
1295.198,7.5,26.0,7.4,26.0,5.5,26.0,6.9,25.6
1296.198,7.1,25.9,6.6,25.8,4.5,25.9,5.8,25.5
1297.198,5.4,25.9,5.1,25.9,3.5,25.9,4.7,25.5
1298.198,11.1,25.8,10.2,25.7,6.8,25.9,8.0,25.5
1299.198,9.8,25.7,9.6,25.6,7.0,25.8,9.0,25.4
1300.198,11.5,25.6,11.0,25.6,8.2,25.7,9.8,25.3
1301.198,11.1,25.6,11.3,25.6,7.8,25.7,9.9,25.3
1302.198,11.2,25.6,12.8,25.5,7.3,25.7,10.2,25.3
1303.198,10.6,25.6,12.1,25.5,7.1,25.7,9.6,25.3
1304.198,13.1,25.6,12.6,25.5,8.1,25.7,11.3,25.3
1305.198,13.0,25.6,12.7,25.5,9.2,25.7,11.5,25.3
1306.198,13.1,25.6,13.0,25.6,9.6,25.7,12.3,25.3
1307.198,12.5,25.6,12.3,25.6,8.8,25.7,11.1,25.3
1308.198,12.7,25.7,12.5,25.6,8.9,25.7,11.3,25.3
1309.198,12.4,25.7,12.1,25.6,8.5,25.7,10.7,25.3
1310.198,11.7,25.7,11.2,25.7,7.7,25.8,9.6,25.4
1311.198,13.1,25.7,12.8,25.6,9.3,25.8,11.7,25.3
1312.198,11.9,25.8,11.8,25.7,8.3,25.8,10.6,25.4
1313.198,13.0,25.8,12.8,25.7,9.2,25.8,11.6,25.4
1314.198,13.0,25.8,12.7,25.7,9.0,25.8,11.3,25.4
1315.198,12.8,25.8,12.6,25.8,9.1,25.8,11.5,25.4
1316.198,12.4,25.8,12.2,25.8,8.7,25.9,11.1,25.4
1317.198,12.4,25.9,12.0,25.8,8.3,25.9,10.4,25.4
1318.198,12.5,25.9,12.2,25.9,8.7,25.9,11.0,25.5
1319.198,12.9,25.9,12.6,25.9,9.0,25.9,11.5,25.4
1320.198,12.6,26.0,12.5,25.9,9.2,26.0,11.9,25.5
1321.198,12.5,26.0,12.2,26.0,8.7,26.0,11.0,25.5
1322.198,12.4,26.0,12.1,26.0,8.6,26.0,10.9,25.5
1323.198,12.3,26.1,12.0,26.0,8.4,26.1,10.6,25.5
1324.198,12.6,26.1,12.3,26.1,8.7,26.1,10.9,25.5
1325.198,12.7,26.1,12.5,26.1,9.0,26.1,11.4,25.5
1326.198,12.9,26.1,12.6,26.1,9.0,26.1,11.4,25.6
1327.198,12.8,26.1,12.5,26.2,8.9,26.2,11.2,25.6
1328.198,13.2,26.2,12.8,26.2,9.0,26.2,11.3,25.6
1329.198,12.7,26.2,12.4,26.2,8.8,26.3,11.2,25.6
1330.198,12.5,26.2,12.3,26.3,8.8,26.3,11.2,25.6
1331.198,12.5,26.2,12.1,26.3,8.4,26.3,10.6,25.6
1332.198,12.7,26.3,12.4,26.3,8.9,26.3,11.3,25.7
1333.198,13.0,26.3,12.9,26.4,9.4,26.4,12.0,25.7
1334.198,12.6,26.3,12.4,26.4,9.0,26.4,11.4,25.7
1335.198,12.8,26.3,12.5,26.4,8.9,26.5,11.3,25.7
1336.198,12.8,26.3,12.5,26.5,8.9,26.5,11.2,25.7
1337.198,12.4,26.4,12.1,26.5,8.6,26.5,10.9,25.7
1338.198,12.9,26.4,12.6,26.5,9.0,26.5,11.4,25.8
1339.198,12.7,26.4,12.5,26.6,9.0,26.6,11.4,25.8
1340.198,12.7,26.4,12.5,26.6,8.9,26.6,11.3,25.8
1341.198,13.0,26.4,12.6,26.6,9.0,26.6,11.3,25.8
1342.198,12.6,26.5,12.4,26.6,8.9,26.7,11.3,25.9
1343.198,12.7,26.5,12.4,26.7,8.8,26.7,11.2,25.9
1344.198,12.9,26.5,12.5,26.7,9.0,26.7,11.5,25.9
1345.198,12.8,26.5,11.8,26.7,8.7,26.7,10.9,25.9
1346.198,6.6,26.6,6.3,26.8,4.6,26.9,6.1,26.0
1347.198,-0.1,27.0,-0.2,27.2,-0.2,27.2,-0.0,26.3
1348.198,-0.4,27.2,-0.1,27.4,-0.3,27.4,-0.6,26.5
1349.198,-3.2,27.1,-0.0,27.5,-0.1,27.5,-2.1,26.4
1350.198,-2.7,26.8,-1.1,27.5,-1.2,27.4,-2.3,26.3
1351.198,-4.3,26.8,-4.4,27.1,-3.2,27.1,-4.5,26.1
1352.198,-6.8,26.6,-7.1,26.8,-4.8,26.8,-6.3,26.0
1353.198,-13.0,26.4,-13.0,26.5,-8.8,26.6,-10.4,25.8
1354.198,-12.9,26.3,-13.9,26.5,-9.2,26.5,-11.0,25.8
1355.198,-13.1,26.3,-13.8,26.4,-9.3,26.5,-11.1,25.8
1356.198,-13.1,26.2,-13.7,26.4,-9.3,26.4,-11.0,25.7
1357.198,-13.1,26.2,-13.8,26.3,-9.4,26.4,-11.2,25.7
1358.198,-13.1,26.2,-13.9,26.3,-9.4,26.3,-11.2,25.7
1359.198,-13.2,26.1,-13.9,26.2,-9.4,26.3,-11.2,25.6
1360.198,-13.2,26.1,-13.9,26.1,-9.4,26.2,-11.2,25.6
1361.199,-13.1,26.0,-13.8,26.1,-9.2,26.1,-10.9,25.6
1362.199,-13.0,26.0,-13.8,26.0,-9.4,26.1,-11.2,25.5
1363.199,-13.1,25.9,-13.8,26.0,-9.3,26.0,-11.0,25.5
1364.199,-13.0,25.9,-13.8,25.9,-9.3,26.0,-11.1,25.5
1365.199,-13.0,25.8,-13.7,25.9,-9.1,26.0,-10.8,25.4
1366.199,-12.9,25.8,-13.7,25.9,-9.2,25.9,-11.0,25.4
1367.199,-13.0,25.8,-13.7,25.8,-9.3,25.9,-11.0,25.4
1368.199,-12.9,25.8,-13.8,25.8,-9.3,25.8,-11.1,25.4
1369.199,-13.0,25.8,-13.8,25.8,-9.4,25.8,-11.2,25.4
1370.199,-12.8,25.7,-13.5,25.7,-9.1,25.8,-10.8,25.4
1371.199,-13.1,25.7,-13.8,25.7,-9.3,25.8,-11.1,25.3
1372.199,-13.1,25.7,-13.8,25.7,-9.3,25.8,-11.0,25.3
1373.199,-13.1,25.7,-13.8,25.7,-9.3,25.8,-11.0,25.3
1374.199,-13.1,25.7,-13.9,25.7,-9.4,25.7,-11.2,25.3
1375.199,-13.0,25.7,-13.7,25.6,-9.1,25.7,-10.9,25.3
1376.199,-13.0,25.6,-13.8,25.6,-9.3,25.7,-11.1,25.3
1377.199,-13.2,25.6,-13.9,25.6,-9.3,25.7,-11.0,25.3
1378.199,-13.0,25.6,-13.8,25.6,-9.3,25.7,-11.1,25.3
1379.199,-13.0,25.7,-13.9,25.6,-9.5,25.7,-11.3,25.3
1380.199,-13.2,25.6,-13.8,25.6,-9.2,25.7,-10.9,25.3
1381.199,-13.1,25.6,-13.8,25.6,-9.3,25.7,-11.0,25.3
1382.199,-13.1,25.6,-13.9,25.6,-9.3,25.7,-11.1,25.3
1383.199,-13.1,25.6,-13.9,25.6,-9.4,25.7,-11.2,25.3
1384.199,-13.2,25.6,-13.9,25.6,-9.4,25.6,-11.2,25.2
1385.199,-13.4,25.6,-13.9,25.6,-9.2,25.7,-10.8,25.2
1386.199,-13.3,25.6,-14.0,25.6,-9.4,25.6,-11.2,25.2
1387.199,-13.2,25.6,-13.9,25.6,-9.4,25.6,-11.2,25.2
1388.199,-13.0,25.6,-13.8,25.6,-9.3,25.7,-11.1,25.2
1389.199,-13.1,25.6,-13.8,25.5,-9.3,25.6,-11.2,25.2
1390.199,-13.2,25.6,-13.8,25.6,-9.2,25.6,-10.9,25.2
1391.199,-13.1,25.6,-13.8,25.5,-9.3,25.7,-11.1,25.2
1392.199,-13.3,25.6,-14.0,25.5,-9.4,25.6,-11.1,25.2
1393.199,-13.1,25.6,-13.9,25.5,-9.4,25.6,-11.3,25.2
1394.199,-12.8,25.6,-13.7,25.5,-7.7,25.6,-11.1,25.2
1395.199,-11.0,25.6,-13.7,25.5,-7.4,25.7,-9.2,25.2
1396.199,-10.9,25.6,-13.7,25.5,-8.2,25.7,-9.0,25.3
1397.199,-11.4,25.6,-11.7,25.5,-7.6,25.7,-9.6,25.2
1398.199,-11.6,25.6,-11.9,25.5,-8.0,25.7,-9.5,25.2
1399.199,-11.3,25.6,-11.9,25.5,-7.9,25.6,-9.5,25.2
1400.199,-11.6,25.6,-11.6,25.6,-8.2,25.6,-9.8,25.2
1401.199,-12.3,25.6,-12.3,25.5,-8.9,25.6,-10.3,25.2
1402.199,-3.5,25.8,-3.3,25.7,-2.3,25.8,-2.8,25.4
1403.199,0.1,26.3,-0.1,26.1,-0.0,26.3,0.1,25.8
1404.199,0.5,26.5,-0.1,26.4,0.1,26.6,0.3,26.0
1405.199,3.3,26.3,0.1,26.6,0.6,26.7,2.5,25.9
1406.199,3.4,26.2,2.7,26.6,2.6,26.3,3.6,25.7
1407.199,7.7,25.9,7.5,25.9,5.5,25.9,6.8,25.5
1408.201,7.1,25.8,6.5,25.8,4.8,25.9,5.9,25.4
1409.201,5.4,25.8,5.6,25.8,3.2,25.9,4.4,25.5
1410.201,9.8,25.8,8.5,25.7,6.2,25.8,7.5,25.5
1411.201,11.8,25.6,11.4,25.6,8.4,25.7,10.1,25.3
1412.201,11.1,25.6,11.1,25.5,7.9,25.6,10.3,25.3
1413.201,11.1,25.6,11.5,25.5,7.9,25.6,9.7,25.3
1414.201,11.2,25.6,12.6,25.4,7.3,25.6,10.0,25.2
1415.201,10.8,25.6,12.0,25.5,6.9,25.6,9.6,25.2
1416.201,12.9,25.5,12.5,25.5,8.5,25.6,11.1,25.2
1417.201,12.8,25.5,12.6,25.5,9.2,25.6,11.7,25.2
1418.201,12.7,25.6,12.6,25.5,9.3,25.6,11.9,25.2
1419.201,12.7,25.6,12.5,25.5,9.0,25.6,11.3,25.2
1420.201,12.5,25.6,12.3,25.5,8.8,25.6,11.1,25.3
1421.202,12.2,25.6,11.9,25.6,8.3,25.7,10.4,25.3
1422.204,12.7,25.7,12.3,25.6,8.7,25.7,10.9,25.3
1423.204,11.6,25.7,11.5,25.6,8.2,25.7,10.4,25.3
1424.204,13.0,25.7,12.7,25.6,9.1,25.7,11.4,25.3
1425.204,12.9,25.7,12.6,25.6,9.0,25.7,11.4,25.3
1426.204,13.2,25.7,12.8,25.7,9.0,25.8,11.2,25.3
1427.204,12.7,25.8,12.5,25.7,9.0,25.8,11.4,25.4
1428.204,12.5,25.8,12.3,25.7,8.7,25.8,11.1,25.4
1429.204,12.0,25.8,11.7,25.8,8.2,25.8,10.4,25.4
1430.204,12.5,25.9,12.3,25.8,8.7,25.9,11.1,25.4
1431.204,13.1,25.9,12.7,25.8,9.1,25.9,11.5,25.4
1432.204,12.4,25.9,12.3,25.9,8.9,25.9,11.5,25.4
1433.204,12.5,25.9,12.3,25.9,8.8,25.9,11.1,25.4
1434.204,12.6,26.0,12.3,25.9,8.8,26.0,11.1,25.4
1435.204,12.5,26.0,12.2,26.0,8.6,26.0,10.9,25.5
1436.204,12.8,26.0,12.5,26.0,8.9,26.0,11.3,25.5
1437.204,12.8,26.0,12.6,26.0,9.0,26.1,11.4,25.5
1438.204,12.3,26.1,11.9,26.1,8.3,26.1,10.5,25.5
1439.204,12.9,26.1,12.5,26.1,8.8,26.1,11.0,25.5
1440.205,12.8,26.1,12.5,26.1,9.0,26.2,11.4,25.5
1441.205,12.7,26.1,12.4,26.2,8.8,26.2,11.1,25.5
1442.205,12.7,26.2,12.4,26.2,8.9,26.2,11.2,25.6
1443.205,12.4,26.2,12.1,26.3,8.6,26.3,10.9,25.6
1444.205,13.4,26.2,12.7,26.3,8.8,26.3,10.8,25.6
1445.205,13.1,26.2,12.9,26.3,9.4,26.3,12.0,25.6
1446.205,12.7,26.3,12.5,26.4,9.0,26.4,11.5,25.6
1447.205,12.7,26.3,12.4,26.4,8.8,26.4,11.1,25.7
1448.205,12.4,26.3,12.3,26.4,8.9,26.4,11.4,25.7
1449.205,12.7,26.3,12.4,26.4,8.9,26.5,11.4,25.7
1450.205,13.1,26.3,12.8,26.5,9.2,26.5,11.7,25.7
1451.206,12.5,26.3,12.2,26.5,8.7,26.5,11.0,25.7
1452.206,12.8,26.4,12.3,26.5,8.6,26.6,10.8,25.8
1453.206,12.8,26.4,12.6,26.5,9.1,26.6,11.6,25.8
1454.206,12.6,26.4,12.3,26.6,8.8,26.6,11.2,25.8
1455.206,12.8,26.4,12.4,26.6,8.8,26.6,11.2,25.8
1456.206,12.9,26.4,12.5,26.6,9.0,26.7,11.4,25.8
1457.206,12.8,26.4,11.9,26.6,8.6,26.7,10.8,25.9
1458.206,6.6,26.5,6.2,26.7,4.5,26.8,5.9,25.9
1459.206,0.0,26.9,-0.1,27.1,-0.1,27.2,0.1,26.3
1460.206,-0.3,27.2,-0.2,27.3,-0.3,27.4,-0.5,26.5
1461.206,-3.1,27.0,-0.0,27.4,-0.1,27.5,-1.9,26.4
1462.206,-2.8,26.8,-0.8,27.5,-1.0,27.4,-2.3,26.2
1463.206,-4.2,26.7,-4.2,27.1,-3.0,27.0,-4.3,26.1
1464.206,-6.1,26.5,-6.6,26.7,-4.6,26.7,-6.2,25.9
1465.206,-13.0,26.3,-12.9,26.5,-8.6,26.6,-10.2,25.8
1466.208,-12.8,26.3,-13.7,26.4,-9.2,26.5,-11.1,25.7
1467.208,-13.1,26.2,-13.9,26.3,-9.3,26.4,-11.0,25.7
1468.210,-13.0,26.2,-13.7,26.3,-9.3,26.3,-11.1,25.7
1469.210,-13.0,26.1,-13.8,26.2,-9.3,26.3,-11.2,25.6
1470.210,-13.2,26.1,-13.9,26.2,-9.4,26.2,-11.2,25.6
1471.210,-13.2,26.1,-13.9,26.1,-9.4,26.2,-11.2,25.6
1472.210,-13.1,26.0,-13.8,26.1,-9.3,26.1,-11.0,25.5
1473.210,-13.1,26.0,-13.8,26.0,-9.3,26.1,-11.1,25.5
1474.210,-13.1,25.9,-13.9,26.0,-9.4,26.0,-11.3,25.5
1475.210,-12.9,25.9,-13.7,25.9,-9.2,26.0,-11.0,25.4
1476.210,-13.1,25.8,-13.9,25.9,-9.4,25.9,-11.2,25.4
1477.210,-12.9,25.8,-13.6,25.8,-9.1,25.9,-10.8,25.4
1478.210,-12.9,25.8,-13.7,25.8,-9.2,25.9,-11.0,25.3
1479.210,-13.0,25.7,-13.8,25.8,-9.3,25.8,-11.1,25.3
1480.210,-12.9,25.7,-13.8,25.7,-9.3,25.8,-11.1,25.3
1481.210,-12.9,25.7,-13.7,25.7,-9.3,25.8,-11.1,25.3
1482.210,-12.8,25.7,-13.5,25.7,-9.1,25.7,-10.8,25.3
1483.210,-13.1,25.6,-13.9,25.6,-9.4,25.7,-11.2,25.3
1484.210,-13.1,25.6,-13.9,25.6,-9.3,25.7,-11.0,25.3
1485.210,-13.0,25.6,-13.7,25.6,-9.2,25.7,-10.9,25.3
1486.210,-13.0,25.6,-13.8,25.6,-9.3,25.7,-11.0,25.2
1487.210,-12.8,25.6,-13.6,25.6,-9.1,25.7,-10.9,25.2
1488.210,-13.0,25.6,-13.8,25.6,-9.3,25.6,-11.1,25.2
1489.210,-13.3,25.6,-14.0,25.6,-9.5,25.7,-11.2,25.2
1490.210,-13.1,25.6,-13.8,25.5,-9.3,25.6,-11.1,25.2
1491.210,-12.8,25.6,-13.7,25.5,-9.3,25.6,-11.1,25.2
1492.210,-13.2,25.6,-13.9,25.5,-9.4,25.6,-11.1,25.2
1493.210,-13.1,25.6,-13.8,25.5,-9.4,25.6,-11.1,25.2
1494.210,-13.1,25.6,-13.9,25.5,-9.3,25.6,-11.1,25.2
1495.210,-13.1,25.6,-13.9,25.5,-9.5,25.6,-11.3,25.2
1496.210,-13.1,25.6,-13.8,25.5,-9.3,25.6,-11.0,25.2
1497.210,-13.4,25.5,-14.0,25.5,-9.4,25.6,-11.1,25.2
1498.210,-13.4,25.6,-14.2,25.5,-9.6,25.6,-11.4,25.2
1499.210,-13.0,25.5,-13.8,25.5,-9.3,25.6,-11.1,25.2
1500.210,-13.1,25.6,-13.8,25.5,-9.3,25.6,-11.1,25.2
1501.210,-13.1,25.6,-13.7,25.5,-9.2,25.6,-10.9,25.2
1502.210,-13.3,25.5,-13.9,25.5,-9.3,25.6,-11.0,25.2
1503.210,-13.1,25.5,-13.9,25.5,-9.4,25.6,-11.3,25.2
1504.210,-13.2,25.5,-13.9,25.5,-9.4,25.6,-11.1,25.1
1505.210,-12.8,25.5,-13.6,25.4,-9.2,25.6,-11.0,25.1
1506.210,-13.1,25.5,-13.7,25.5,-7.8,25.6,-10.7,25.2
1507.212,-11.1,25.6,-13.9,25.4,-7.5,25.6,-9.4,25.2
1508.212,-11.0,25.6,-13.8,25.4,-8.3,25.6,-9.4,25.2
1509.212,-11.3,25.6,-11.7,25.5,-7.6,25.6,-9.8,25.2
1510.212,-11.4,25.6,-11.7,25.5,-7.8,25.6,-9.1,25.2
1511.212,-11.5,25.6,-12.3,25.5,-8.0,25.6,-9.0,25.2
1512.212,-11.5,25.6,-11.6,25.5,-8.4,25.6,-8.8,25.2
1513.212,-12.2,25.5,-12.2,25.5,-8.9,25.6,-10.6,25.1
1514.212,-4.7,25.7,-4.5,25.6,-3.2,25.7,-4.1,25.3
1515.212,-0.0,26.2,-0.1,26.1,-0.0,26.2,-0.2,25.6
1516.212,0.4,26.5,-0.0,26.3,0.1,26.5,0.1,25.9
1517.212,3.5,26.3,0.2,26.5,0.7,26.6,0.1,26.1
1518.212,3.6,26.1,3.1,26.5,2.7,26.3,2.7,26.1
1519.212,8.0,25.8,7.8,25.8,5.6,25.8,7.0,25.5
1520.212,6.9,25.7,6.3,25.7,4.6,25.8,5.1,25.4
1521.212,5.7,25.8,5.8,25.7,3.2,25.8,4.5,25.5
1522.212,10.5,25.7,9.7,25.6,6.9,25.7,9.1,25.4
1523.212,10.4,25.6,9.8,25.5,7.2,25.6,9.7,25.2
1524.212,12.0,25.5,11.6,25.5,8.1,25.6,10.1,25.2
1525.212,10.7,25.5,11.2,25.4,7.6,25.6,9.5,25.2
1526.212,11.1,25.5,12.6,25.4,7.4,25.6,10.1,25.2
1527.212,12.0,25.5,13.1,25.4,7.9,25.6,11.1,25.2
1528.212,12.4,25.5,12.2,25.4,8.6,25.5,11.2,25.1
1529.212,12.4,25.5,12.1,25.4,8.6,25.6,10.9,25.2
1530.212,12.1,25.5,11.9,25.5,8.7,25.6,11.0,25.2
1531.212,13.3,25.5,12.9,25.5,9.3,25.6,11.6,25.2
1532.212,12.8,25.5,12.5,25.5,8.9,25.6,11.2,25.2
1533.212,12.5,25.6,12.3,25.5,8.8,25.6,11.2,25.2
1534.212,12.8,25.6,12.4,25.5,8.7,25.6,11.0,25.2
1535.212,11.7,25.6,11.5,25.5,8.1,25.7,10.2,25.2
1536.212,12.6,25.6,12.3,25.6,8.8,25.7,11.2,25.3
1537.212,13.0,25.7,12.7,25.6,9.0,25.7,11.3,25.2
1538.212,12.9,25.7,12.5,25.6,8.8,25.7,11.1,25.3
1539.212,12.7,25.7,12.4,25.6,8.8,25.7,11.1,25.3
1540.212,12.7,25.7,12.3,25.7,8.8,25.8,11.1,25.3
1541.212,12.8,25.8,12.4,25.7,8.8,25.8,11.2,25.3
1542.212,12.3,25.8,12.1,25.7,8.8,25.8,11.3,25.3
1543.212,12.4,25.8,12.1,25.8,8.5,25.8,10.7,25.3
1544.212,12.5,25.9,12.3,25.8,8.8,25.8,11.3,25.3
1545.212,12.5,25.9,12.2,25.9,8.7,25.9,11.1,25.4
1546.212,13.2,25.9,12.8,25.9,9.2,25.9,11.5,25.4
1547.212,12.9,25.9,12.6,25.9,9.1,25.9,11.5,25.4
1548.212,12.8,26.0,12.4,26.0,8.8,26.0,11.2,25.4
1549.212,12.4,26.0,12.2,26.0,8.7,26.0,11.0,25.4
1550.212,12.6,26.0,12.2,26.0,8.6,26.1,10.7,25.5
1551.212,13.0,26.0,12.5,26.1,8.8,26.1,11.0,25.5
1552.212,12.7,26.1,12.4,26.1,8.8,26.1,11.2,25.5
1553.212,12.6,26.1,12.3,26.1,8.7,26.1,11.0,25.5
1554.212,12.6,26.1,12.3,26.2,8.8,26.2,11.3,25.5
1555.212,13.0,26.1,12.7,26.2,9.1,26.2,11.5,25.5
1556.212,12.9,26.2,12.5,26.2,9.0,26.2,11.4,25.5
1557.212,12.6,26.2,12.3,26.3,8.8,26.3,11.1,25.6
1558.214,12.6,26.2,12.3,26.3,8.8,26.3,11.2,25.6
1559.214,13.0,26.2,12.5,26.3,8.9,26.3,11.2,25.6
1560.214,13.2,26.2,12.8,26.4,9.2,26.4,11.6,25.6
1561.214,12.9,26.2,12.6,26.4,9.1,26.4,11.6,25.7
1562.214,12.7,26.3,12.5,26.4,9.0,26.4,11.6,25.7
1563.214,12.3,26.3,12.0,26.4,8.5,26.5,10.8,25.7
1564.214,13.0,26.3,12.5,26.5,8.8,26.5,11.0,25.7
1565.214,12.9,26.3,12.5,26.5,9.0,26.5,11.3,25.7
1566.214,12.7,26.3,12.3,26.5,8.7,26.5,11.1,25.7
1567.214,12.8,26.3,12.5,26.6,8.9,26.6,11.3,25.8
1568.214,13.2,26.3,12.7,26.6,9.2,26.6,11.7,25.8
1569.214,13.0,26.4,12.4,26.6,9.3,26.6,11.8,25.8
1570.214,5.2,26.5,4.9,26.7,3.5,26.8,4.7,25.9
1571.214,-0.1,26.9,-0.1,27.1,-0.1,27.1,-0.0,26.2
1572.214,-0.7,27.2,-0.2,27.3,-0.2,27.3,-0.5,26.4
1573.214,-3.4,26.9,-0.0,27.4,-0.2,27.4,-2.2,26.3
1574.214,-3.0,26.7,-1.5,27.4,-1.4,27.3,-2.4,26.2
1575.214,-5.3,26.6,-5.6,26.9,-4.0,26.9,-5.4,26.0
1576.214,-7.1,26.4,-7.4,26.6,-5.1,26.6,-6.7,25.8
1577.214,-13.1,26.3,-13.1,26.4,-8.9,26.5,-10.5,25.7
1578.214,-12.9,26.2,-13.9,26.3,-9.2,26.4,-11.0,25.7
1579.214,-13.1,26.2,-13.8,26.3,-9.3,26.3,-11.1,25.6
1580.214,-13.0,26.1,-13.7,26.2,-9.3,26.3,-11.1,25.6
1581.214,-13.1,26.1,-13.8,26.2,-9.4,26.2,-11.1,25.6
1582.214,-13.1,26.1,-13.9,26.1,-9.4,26.2,-11.2,25.5
1583.214,-13.1,26.0,-13.9,26.1,-9.4,26.1,-11.2,25.5
1584.214,-13.1,26.0,-13.9,26.0,-9.4,26.1,-11.2,25.5
1585.214,-13.1,25.9,-13.8,26.0,-9.3,26.0,-11.0,25.4
1586.214,-13.2,25.9,-13.9,25.9,-9.4,25.9,-11.1,25.4
1587.214,-12.8,25.8,-13.6,25.9,-9.2,25.9,-11.0,25.4
1588.214,-13.0,25.8,-13.7,25.8,-9.2,25.9,-11.0,25.3
1589.214,-12.9,25.7,-13.6,25.8,-9.1,25.8,-10.8,25.3
1590.214,-13.0,25.7,-13.8,25.7,-9.3,25.8,-11.1,25.3
1591.214,-12.9,25.7,-13.7,25.7,-9.3,25.8,-11.1,25.3
1592.214,-12.9,25.7,-13.7,25.7,-9.3,25.7,-11.1,25.2
1593.214,-12.9,25.7,-13.8,25.7,-9.3,25.7,-11.1,25.2
1594.214,-12.9,25.6,-13.7,25.6,-9.2,25.7,-11.0,25.2
1595.214,-12.9,25.6,-13.8,25.6,-9.4,25.7,-11.2,25.2
1596.214,-13.0,25.6,-13.8,25.6,-9.3,25.6,-11.1,25.2
1597.214,-13.0,25.6,-13.7,25.6,-9.2,25.6,-10.9,25.2
1598.214,-13.1,25.6,-13.9,25.5,-9.3,25.6,-11.0,25.2
1599.214,-12.9,25.6,-13.7,25.5,-9.2,25.6,-11.0,25.2
1600.214,-13.0,25.6,-13.8,25.5,-9.3,25.6,-11.1,25.2
1601.214,-13.1,25.5,-13.9,25.5,-9.3,25.6,-11.0,25.2
1602.214,-12.9,25.5,-13.7,25.5,-9.3,25.6,-11.1,25.2
1603.214,-13.0,25.6,-13.9,25.5,-9.4,25.6,-11.2,25.2
1604.214,-13.1,25.5,-13.9,25.5,-9.4,25.6,-11.1,25.1
1605.214,-13.1,25.5,-13.8,25.5,-9.3,25.6,-11.1,25.1
1606.214,-13.0,25.5,-13.8,25.5,-9.3,25.5,-11.1,25.1
1607.214,-13.0,25.5,-13.8,25.4,-9.4,25.5,-11.2,25.1
1608.214,-13.1,25.5,-13.9,25.4,-9.3,25.6,-11.1,25.1
1609.214,-13.3,25.5,-14.0,25.5,-9.4,25.6,-11.1,25.1
1610.214,-13.3,25.5,-14.1,25.4,-9.5,25.5,-11.2,25.1
1611.214,-12.9,25.5,-13.7,25.4,-9.3,25.5,-11.2,25.1
1612.214,-13.2,25.5,-13.8,25.4,-9.2,25.5,-10.9,25.1
1613.214,-13.1,25.5,-13.9,25.4,-9.4,25.5,-11.2,25.1
1614.214,-13.1,25.5,-13.9,25.4,-9.3,25.5,-11.1,25.1
1615.214,-13.2,25.5,-13.9,25.4,-9.3,25.5,-11.1,25.1
1616.214,-13.0,25.5,-13.8,25.4,-9.3,25.5,-11.1,25.1
1617.215,-13.0,25.5,-13.8,25.4,-9.2,25.5,-11.0,25.1
1618.215,-12.8,25.5,-13.8,25.4,-7.7,25.5,-11.0,25.1
1619.215,-10.7,25.5,-13.8,25.4,-7.6,25.6,-9.5,25.1
1620.215,-10.8,25.5,-13.7,25.4,-8.2,25.5,-9.0,25.1
1621.215,-11.3,25.5,-11.6,25.4,-7.5,25.6,-9.5,25.1
1622.215,-11.6,25.5,-11.7,25.4,-7.9,25.6,-8.6,25.2
1623.215,-11.4,25.5,-11.9,25.4,-8.0,25.5,-9.0,25.1
1624.217,-11.5,25.5,-11.8,25.4,-8.4,25.5,-10.0,25.1
1625.217,-12.3,25.5,-12.2,25.4,-8.9,25.5,-10.4,25.1
1626.217,-2.2,25.7,-2.5,25.6,-1.7,25.7,-2.7,25.3
1627.217,0.2,26.2,-0.1,26.1,-0.1,26.2,-0.0,25.7
1628.217,2.3,26.3,-0.1,26.3,0.2,26.4,0.1,25.9
1629.217,1.5,26.2,0.1,26.5,0.6,26.6,0.2,26.1
1630.217,4.5,26.1,4.1,26.4,3.4,26.2,3.9,25.9
1631.217,8.2,25.7,7.9,25.7,6.1,25.8,7.1,25.4
1632.217,6.7,25.7,5.9,25.7,4.4,25.7,5.6,25.4
1633.217,5.2,25.8,5.4,25.7,3.1,25.8,5.2,25.4
1634.217,10.5,25.6,9.5,25.6,6.6,25.7,7.1,25.3
1635.217,12.5,25.5,11.9,25.4,9.0,25.5,11.5,25.2
1636.217,11.1,25.5,10.8,25.4,7.6,25.5,10.8,25.1
1637.217,11.0,25.5,12.0,25.4,7.5,25.5,9.3,25.1
1638.217,11.3,25.5,12.8,25.4,7.7,25.5,10.3,25.1
1639.217,12.1,25.5,12.6,25.4,7.5,25.5,11.4,25.1
1640.217,12.9,25.4,12.4,25.4,8.8,25.5,10.8,25.1
1641.217,12.3,25.5,11.9,25.4,8.5,25.5,10.8,25.1
1642.217,12.6,25.5,12.3,25.4,8.8,25.5,11.1,25.1
1643.217,12.9,25.5,12.8,25.4,9.4,25.5,12.0,25.1
1644.217,12.2,25.5,12.0,25.5,8.5,25.6,10.7,25.2
1645.217,12.7,25.5,12.3,25.5,8.8,25.6,11.1,25.2
1646.217,11.8,25.6,11.6,25.5,8.1,25.6,10.2,25.2
1647.217,12.9,25.6,12.7,25.5,9.1,25.6,11.6,25.2
1648.218,12.6,25.6,12.4,25.5,8.9,25.6,11.3,25.2
1649.218,12.8,25.6,12.5,25.5,8.9,25.6,11.1,25.2
1650.218,12.4,25.7,12.1,25.6,8.4,25.7,10.6,25.2
1651.218,13.0,25.7,12.6,25.6,9.0,25.7,11.4,25.2
1652.218,12.5,25.7,12.2,25.6,8.8,25.7,11.2,25.2
1653.218,12.5,25.7,12.2,25.7,8.7,25.7,11.1,25.3
1654.219,12.6,25.8,12.3,25.7,8.7,25.8,11.0,25.3
1655.219,12.4,25.8,12.1,25.7,8.6,25.8,11.0,25.3
1656.219,12.7,25.8,12.3,25.8,8.7,25.8,11.0,25.3
1657.219,12.5,25.8,12.4,25.8,9.0,25.8,11.5,25.3
1658.219,12.3,25.9,12.1,25.8,8.6,25.9,10.9,25.3
1659.219,12.8,25.9,12.5,25.9,9.0,25.9,11.4,25.3
1660.219,13.0,25.9,12.5,25.9,8.8,25.9,11.0,25.4
1661.221,13.0,26.0,12.7,26.0,9.1,26.0,11.6,25.4
1662.221,12.8,26.0,12.4,26.0,8.8,26.0,11.1,25.4
1663.221,12.7,26.0,12.4,26.0,8.8,26.0,11.2,25.4
1664.221,12.4,26.0,12.0,26.1,8.4,26.1,10.5,25.4
1665.222,12.7,26.0,12.5,26.1,9.1,26.1,11.6,25.5
1666.222,12.7,26.1,12.3,26.1,8.7,26.1,11.0,25.5
1667.222,12.6,26.1,12.3,26.2,8.8,26.2,11.2,25.5
1668.222,12.8,26.1,12.5,26.2,8.9,26.2,11.3,25.5
1669.222,12.5,26.1,12.2,26.2,8.6,26.2,10.9,25.5
1670.222,12.9,26.2,12.5,26.2,8.9,26.3,11.3,25.5
1671.222,12.7,26.2,12.5,26.3,9.1,26.3,11.7,25.6
1672.222,12.6,26.2,12.4,26.3,8.9,26.3,11.3,25.6
1673.222,13.0,26.2,12.6,26.3,9.0,26.4,11.3,25.6
1674.222,13.1,26.2,12.8,26.4,9.2,26.4,11.6,25.6
1675.222,12.9,26.2,12.5,26.4,8.9,26.4,11.2,25.6
1676.222,12.6,26.3,12.4,26.4,8.8,26.5,11.3,25.6
1677.222,12.6,26.2,12.3,26.4,8.8,26.5,11.2,25.7
1678.222,13.1,26.3,12.5,26.5,8.8,26.5,10.9,25.7
1679.222,12.8,26.3,12.5,26.5,8.9,26.5,11.4,25.7
1680.222,13.1,26.3,12.4,26.5,9.2,26.5,11.6,25.7
1681.222,12.6,26.3,12.0,26.6,8.7,26.6,11.0,25.7
1682.222,2.4,26.5,2.4,26.8,1.8,26.8,2.7,25.9
1683.222,-0.1,27.0,-0.3,27.1,-0.2,27.2,-0.2,26.3
1684.222,-1.1,27.1,-0.1,27.3,-0.2,27.3,-0.7,26.4
1685.222,-3.5,26.8,-0.1,27.4,-0.3,27.4,-2.4,26.2
1686.222,-2.7,26.7,-1.8,27.3,-1.4,27.2,-2.4,26.1
1687.222,-5.4,26.5,-5.9,26.8,-4.3,26.8,-5.9,25.9
1688.222,-8.1,26.4,-8.0,26.5,-5.3,26.6,-6.6,25.8
1689.222,-13.0,26.2,-13.2,26.4,-9.1,26.4,-10.8,25.7
1690.222,-13.0,26.2,-14.1,26.3,-9.3,26.3,-11.1,25.6
1691.222,-13.0,26.1,-13.7,26.2,-9.3,26.3,-11.1,25.6
1692.222,-12.9,26.1,-13.7,26.2,-9.3,26.2,-11.1,25.5
1693.222,-13.0,26.0,-13.8,26.1,-9.4,26.2,-11.2,25.5
1694.222,-13.1,26.0,-13.9,26.1,-9.4,26.1,-11.2,25.5
1695.222,-13.2,25.9,-14.0,26.0,-9.4,26.1,-11.2,25.4
1696.222,-13.1,25.9,-13.9,26.0,-9.4,26.0,-11.2,25.4
1697.222,-13.0,25.8,-13.8,25.9,-9.3,25.9,-11.0,25.4
1698.222,-13.1,25.8,-13.9,25.9,-9.3,25.9,-11.1,25.4
1699.222,-12.9,25.8,-13.7,25.8,-9.3,25.8,-11.1,25.3
1700.222,-12.9,25.7,-13.7,25.8,-9.3,25.8,-11.0,25.3
1701.222,-12.9,25.7,-13.7,25.7,-9.2,25.8,-11.0,25.3
1702.222,-12.8,25.7,-13.7,25.7,-9.4,25.7,-11.2,25.2
1703.222,-12.8,25.6,-13.5,25.7,-9.0,25.7,-10.7,25.2
1704.222,-12.9,25.6,-13.7,25.6,-9.3,25.7,-11.1,25.2
1705.222,-12.8,25.6,-13.7,25.6,-9.3,25.7,-11.1,25.2
1706.222,-12.9,25.6,-13.8,25.6,-9.3,25.6,-11.1,25.2
1707.222,-13.0,25.6,-13.8,25.6,-9.3,25.6,-11.0,25.2
1708.222,-12.9,25.5,-13.6,25.5,-9.1,25.6,-10.9,25.2
1709.222,-13.1,25.5,-13.8,25.5,-9.3,25.6,-11.0,25.1
1710.222,-13.1,25.5,-14.0,25.5,-9.4,25.6,-11.2,25.1
1711.222,-12.9,25.5,-13.8,25.5,-9.4,25.5,-11.2,25.1
1712.222,-12.9,25.5,-13.7,25.5,-9.1,25.5,-10.9,25.1
1713.222,-13.1,25.5,-13.8,25.4,-9.2,25.5,-10.8,25.1
1714.222,-12.8,25.5,-13.7,25.5,-9.3,25.5,-11.2,25.1
1715.222,-13.1,25.5,-13.9,25.4,-9.5,25.5,-11.3,25.1
1716.222,-13.2,25.5,-14.0,25.4,-9.4,25.5,-11.1,25.1
1717.222,-12.9,25.5,-13.6,25.4,-9.1,25.5,-10.9,25.1
1718.222,-13.2,25.5,-13.9,25.4,-9.4,25.5,-11.1,25.1
1719.222,-13.0,25.5,-13.9,25.4,-9.5,25.5,-11.3,25.1
1720.222,-13.2,25.5,-14.0,25.4,-9.4,25.5,-11.2,25.1
1721.222,-13.3,25.5,-14.0,25.4,-9.4,25.5,-11.1,25.1
1722.223,-13.0,25.5,-13.8,25.4,-9.3,25.5,-11.0,25.1
1723.223,-13.1,25.5,-13.8,25.4,-9.3,25.5,-11.1,25.1
1724.223,-13.0,25.4,-13.7,25.4,-9.2,25.5,-11.0,25.1
1725.223,-13.2,25.5,-14.1,25.4,-9.6,25.5,-11.4,25.1
1726.223,-13.1,25.5,-13.8,25.4,-9.3,25.5,-11.0,25.0
1727.223,-13.0,25.5,-13.6,25.4,-9.1,25.5,-10.8,25.1
1728.223,-13.2,25.4,-14.0,25.4,-9.4,25.5,-11.1,25.1
1729.223,-12.9,25.5,-13.8,25.4,-9.3,25.5,-11.2,25.0
1730.223,-12.0,25.5,-13.9,25.4,-7.8,25.5,-10.7,25.1
1731.223,-10.8,25.5,-13.8,25.4,-7.5,25.5,-9.5,25.1
1732.223,-11.3,25.5,-13.4,25.4,-7.8,25.5,-8.8,25.1
1733.223,-11.3,25.5,-11.7,25.4,-7.7,25.5,-8.3,25.1
1734.223,-11.5,25.5,-11.6,25.4,-8.0,25.5,-9.1,25.1
1735.223,-11.5,25.5,-11.9,25.4,-8.1,25.5,-10.2,25.1
1736.223,-11.5,25.4,-11.8,25.4,-8.4,25.5,-10.5,25.0
1737.223,-11.6,25.5,-11.3,25.4,-8.2,25.4,-8.8,25.1
1738.223,-0.0,25.8,-0.3,25.7,-0.2,25.8,-0.6,25.4
1739.223,0.1,26.2,-0.1,26.1,-0.0,26.2,-0.0,25.7
1740.223,1.8,26.4,-0.1,26.3,0.2,26.5,0.1,25.9
1741.223,2.1,26.1,0.3,26.4,0.8,26.5,0.2,26.1
1742.223,5.0,26.0,4.5,26.3,3.7,26.1,4.6,25.9
1743.223,8.0,25.7,7.6,25.7,5.7,25.7,7.3,25.4
1744.225,6.3,25.7,5.6,25.6,3.9,25.7,4.1,25.4
1745.225,5.5,25.7,5.8,25.6,3.5,25.7,4.9,25.3
1746.225,12.1,25.5,11.4,25.5,8.7,25.6,9.9,25.2
1747.225,11.0,25.5,10.4,25.4,7.2,25.5,9.9,25.1
1748.225,11.3,25.4,11.0,25.4,8.1,25.5,11.4,25.1
1749.225,10.8,25.4,12.1,25.3,7.3,25.5,8.7,25.1
1750.225,10.8,25.4,12.5,25.3,7.3,25.5,9.7,25.1
1751.225,12.5,25.4,12.7,25.3,7.6,25.5,11.4,25.1
1752.225,13.1,25.4,12.7,25.3,9.2,25.4,11.4,25.1
1753.225,12.6,25.4,12.5,25.3,9.2,25.4,11.9,25.0
1754.225,12.7,25.4,12.5,25.4,9.0,25.5,11.3,25.1
1755.225,11.7,25.5,11.4,25.4,8.0,25.5,10.0,25.1
1756.225,12.5,25.5,12.1,25.4,8.4,25.5,10.6,25.1
1757.225,12.8,25.5,12.6,25.4,9.0,25.5,11.4,25.1
1758.227,12.4,25.5,12.2,25.4,8.7,25.6,11.0,25.1
1759.229,12.7,25.5,12.5,25.5,9.0,25.5,11.4,25.1
1760.229,12.4,25.5,12.2,25.5,8.8,25.6,11.2,25.1
1761.229,13.0,25.6,12.8,25.5,9.2,25.6,11.6,25.2
1762.229,12.8,25.6,12.5,25.5,9.0,25.6,11.3,25.1
1763.229,12.4,25.6,12.1,25.6,8.4,25.6,10.5,25.2
1764.229,12.5,25.6,12.2,25.6,8.7,25.7,11.1,25.2
1765.229,12.4,25.7,12.2,25.6,8.7,25.7,11.1,25.2
1766.229,12.8,25.7,12.6,25.7,9.0,25.7,11.4,25.2
1767.229,12.4,25.7,12.3,25.7,8.9,25.7,11.4,25.2
1768.229,12.6,25.8,12.4,25.7,8.8,25.8,11.2,25.3
1769.229,11.5,25.8,11.3,25.8,7.8,25.8,10.0,25.3
1770.229,12.6,25.8,12.3,25.8,8.6,25.8,10.9,25.3
1771.229,12.6,25.9,12.4,25.8,8.9,25.9,11.3,25.3
1772.229,12.6,25.9,12.4,25.9,8.8,25.9,11.2,25.3
1773.229,12.9,25.9,12.6,25.9,9.0,25.9,11.4,25.3
1774.229,12.9,25.9,12.6,25.9,8.9,26.0,11.1,25.4
1775.229,13.3,26.0,13.0,26.0,9.4,26.0,11.8,25.4
1776.229,12.7,26.0,12.7,26.0,9.3,26.0,11.8,25.4
1777.229,12.3,26.0,12.1,26.0,8.5,26.1,10.8,25.4
1778.229,12.0,26.0,11.7,26.1,8.2,26.1,10.4,25.4
1779.229,12.7,26.0,12.3,26.1,8.7,26.1,11.0,25.4
1780.229,12.9,26.1,12.5,26.2,8.9,26.1,11.1,25.5
1781.229,12.7,26.1,12.4,26.2,8.9,26.2,11.3,25.5
1782.229,12.5,26.1,12.3,26.2,8.8,26.2,11.2,25.5
1783.229,12.5,26.1,12.3,26.2,8.8,26.3,11.2,25.5
1784.229,12.8,26.1,12.6,26.3,9.0,26.3,11.4,25.5
1785.229,12.6,26.1,12.5,26.3,9.0,26.3,11.5,25.6
1786.229,12.8,26.2,12.6,26.3,9.0,26.3,11.4,25.6
1787.229,13.0,26.2,12.6,26.3,8.9,26.4,11.1,25.6
1788.229,12.8,26.2,12.6,26.4,9.0,26.4,11.3,25.6
1789.229,12.8,26.2,12.8,26.4,9.4,26.4,12.0,25.6
1790.229,12.5,26.2,12.4,26.4,8.8,26.5,11.2,25.7
1791.231,12.7,26.2,12.5,26.5,8.9,26.5,11.4,25.7
1792.231,13.0,26.3,12.1,26.5,8.7,26.5,10.8,25.7
1793.231,12.0,26.3,11.6,26.5,8.5,26.5,10.9,25.7
1794.231,1.9,26.5,1.9,26.7,1.3,26.8,2.0,25.9
1795.231,-0.2,26.9,-0.3,27.1,-0.2,27.1,-0.3,26.2
1796.231,-1.3,27.1,-0.1,27.2,-0.2,27.3,-1.0,26.3
1797.231,-3.4,26.7,-0.2,27.3,-0.6,27.3,-2.6,26.1
1798.231,-2.9,26.6,-2.1,27.2,-1.7,27.0,-2.7,26.0
1799.231,-5.5,26.5,-6.2,26.7,-4.5,26.7,-6.1,25.8
1800.231,-9.7,26.3,-9.6,26.5,-6.3,26.5,-7.6,25.7
1801.231,-12.9,26.1,-13.2,26.3,-9.3,26.3,-11.1,25.6
1802.231,-12.9,26.1,-14.2,26.2,-9.4,26.3,-11.2,25.5
1803.231,-13.0,26.1,-13.7,26.2,-9.3,26.2,-11.1,25.5
1804.231,-13.1,26.0,-13.7,26.1,-9.3,26.2,-11.1,25.5
1805.231,-13.0,26.0,-13.8,26.1,-9.4,26.1,-11.2,25.5
1806.231,-13.1,25.9,-13.9,26.0,-9.4,26.1,-11.2,25.4
1807.231,-13.1,25.9,-13.9,26.0,-9.4,26.0,-11.2,25.4
1808.231,-13.1,25.9,-13.8,25.9,-9.4,26.0,-11.2,25.4
1809.231,-13.1,25.8,-13.8,25.9,-9.3,25.9,-11.0,25.3
1810.231,-12.9,25.8,-13.7,25.8,-9.2,25.8,-11.0,25.3
1811.231,-13.0,25.7,-13.8,25.8,-9.3,25.8,-11.0,25.3
1812.231,-13.0,25.7,-13.7,25.7,-9.2,25.8,-11.0,25.2
1813.231,-12.9,25.6,-13.7,25.7,-9.2,25.7,-11.0,25.2
1814.231,-12.9,25.6,-13.7,25.6,-9.3,25.7,-11.1,25.2
1815.231,-12.9,25.6,-13.7,25.6,-9.2,25.7,-11.0,25.2
1816.231,-12.9,25.6,-13.8,25.6,-9.4,25.6,-11.2,25.2
1817.231,-12.9,25.5,-13.8,25.6,-9.3,25.6,-11.1,25.1
1818.231,-12.9,25.5,-13.6,25.5,-9.1,25.6,-10.9,25.1
1819.231,-13.1,25.5,-13.9,25.5,-9.3,25.6,-11.1,25.1
1820.231,-13.0,25.5,-13.8,25.5,-9.3,25.6,-11.0,25.1
1821.231,-13.1,25.5,-13.8,25.5,-9.3,25.5,-11.0,25.1
1822.231,-13.0,25.5,-13.8,25.5,-9.3,25.5,-11.1,25.1
1823.231,-12.9,25.5,-13.5,25.5,-9.1,25.5,-10.8,25.1
1824.231,-13.0,25.5,-13.8,25.4,-9.3,25.5,-11.0,25.1
1825.231,-13.3,25.4,-14.0,25.4,-9.5,25.5,-11.2,25.1
1826.231,-12.8,25.4,-13.7,25.4,-9.4,25.5,-11.3,25.1
1827.231,-13.0,25.4,-13.8,25.4,-9.4,25.5,-11.2,25.1
1828.231,-13.1,25.4,-13.7,25.4,-9.2,25.5,-10.9,25.1
1829.231,-13.1,25.4,-13.8,25.4,-9.3,25.5,-11.0,25.0
1830.231,-13.2,25.4,-14.0,25.4,-9.5,25.5,-11.2,25.0
1831.231,-13.0,25.4,-13.8,25.3,-9.4,25.5,-11.3,25.0
1832.231,-13.2,25.4,-13.9,25.3,-9.3,25.5,-11.1,25.0
1833.231,-13.3,25.4,-13.9,25.4,-9.3,25.4,-10.9,25.1
1834.231,-13.2,25.4,-13.9,25.3,-9.5,25.4,-11.3,25.0
1835.231,-13.1,25.4,-13.9,25.3,-9.4,25.4,-11.2,25.0
1836.231,-13.0,25.4,-13.7,25.3,-9.2,25.4,-10.9,25.0
1837.231,-13.0,25.4,-13.7,25.3,-9.3,25.4,-11.1,25.0
1838.231,-13.2,25.4,-13.7,25.3,-9.2,25.4,-10.8,25.0
1839.231,-13.2,25.4,-13.9,25.3,-9.4,25.4,-11.1,25.0
1840.231,-13.2,25.4,-14.0,25.3,-9.5,25.4,-11.3,25.0
1841.231,-12.8,25.4,-13.7,25.3,-9.2,25.4,-11.2,25.0
1842.231,-11.6,25.4,-13.6,25.3,-7.4,25.5,-9.9,25.0
1843.231,-10.8,25.4,-13.7,25.3,-7.4,25.5,-9.5,25.0
1844.231,-11.7,25.4,-13.2,25.3,-7.9,25.5,-9.2,25.0
1845.231,-11.5,25.4,-11.5,25.3,-7.9,25.4,-9.5,25.0
1846.231,-11.5,25.4,-11.8,25.3,-8.0,25.4,-9.5,25.0
1847.231,-11.3,25.4,-11.4,25.3,-7.9,25.4,-9.5,25.0
1848.231,-11.9,25.4,-12.1,25.3,-8.5,25.4,-8.6,25.0
1849.231,-10.2,25.4,-9.5,25.3,-7.1,25.4,-8.3,25.0
1850.231,-0.1,25.8,-0.4,25.7,-0.1,25.8,-1.4,25.3
1851.231,0.2,26.2,-0.1,26.1,0.0,26.2,0.0,25.6
1852.231,1.8,26.4,-0.1,26.3,0.2,26.4,0.2,25.8
1853.231,2.8,26.0,0.4,26.4,1.2,26.4,1.1,25.9
1854.231,5.7,25.9,5.5,26.1,4.3,25.9,5.4,25.5
1855.231,8.1,25.6,7.6,25.6,5.3,25.6,6.7,25.3
1856.231,6.6,25.6,6.2,25.6,4.0,25.6,5.5,25.2
1857.231,7.2,25.6,6.8,25.6,4.2,25.7,4.6,25.3
1858.231,11.1,25.5,10.3,25.4,7.9,25.5,11.0,25.1
1859.231,11.6,25.4,10.6,25.3,7.6,25.4,9.7,25.1
1860.231,10.6,25.4,10.4,25.3,7.4,25.4,9.6,25.1
1861.231,11.7,25.4,13.1,25.3,8.2,25.4,10.3,25.1
1862.231,10.3,25.4,12.3,25.3,7.2,25.4,9.8,25.0
1863.231,12.5,25.4,12.1,25.3,7.4,25.4,10.9,25.0
1864.231,12.8,25.4,12.4,25.3,9.0,25.4,11.1,25.0
1865.231,12.6,25.4,12.4,25.3,9.0,25.4,11.4,25.0
1866.231,13.0,25.4,12.9,25.3,9.6,25.4,12.2,25.0
1867.231,12.4,25.4,12.2,25.3,8.7,25.4,11.0,25.0
1868.231,11.7,25.4,11.6,25.4,8.2,25.5,10.5,25.0
1869.231,12.8,25.4,12.3,25.4,8.6,25.5,10.6,25.1
1870.231,12.7,25.4,12.5,25.4,8.9,25.5,11.1,25.1
1871.231,12.4,25.5,12.2,25.4,8.7,25.5,11.1,25.1
1872.231,12.9,25.5,12.6,25.4,9.0,25.5,11.3,25.1
1873.231,12.7,25.5,12.4,25.5,8.8,25.5,11.1,25.1
1874.231,13.2,25.6,12.7,25.5,8.9,25.6,11.0,25.1
1875.231,12.7,25.6,12.5,25.5,9.0,25.6,11.5,25.1
1876.231,12.2,25.6,11.9,25.6,8.4,25.6,10.6,25.2
1877.231,12.4,25.7,12.1,25.6,8.7,25.6,11.0,25.2
1878.231,12.4,25.7,12.2,25.6,8.7,25.7,11.1,25.2
1879.231,12.7,25.7,12.5,25.6,9.0,25.7,11.4,25.2
1880.231,12.4,25.7,12.3,25.7,8.9,25.7,11.4,25.2
1881.231,12.1,25.8,11.8,25.7,8.3,25.8,10.6,25.2
1882.231,12.1,25.8,11.8,25.8,8.3,25.8,10.4,25.3
1883.231,12.9,25.8,12.4,25.8,8.7,25.8,10.9,25.3
1884.231,12.8,25.8,12.5,25.8,8.9,25.8,11.3,25.3
1885.233,13.0,25.9,12.7,25.9,9.2,25.9,11.6,25.3
1886.233,12.7,25.9,12.4,25.9,8.8,25.9,11.1,25.3
1887.233,12.6,25.9,12.4,25.9,8.8,25.9,11.2,25.3
1888.233,13.1,25.9,12.7,26.0,9.1,26.0,11.5,25.3
1889.233,12.5,26.0,12.3,26.0,8.9,26.0,11.4,25.4
1890.233,12.4,26.0,12.1,26.0,8.6,26.0,10.9,25.4
1891.233,12.6,26.0,12.2,26.1,8.6,26.1,10.9,25.4
1892.233,13.1,26.0,12.6,26.1,8.9,26.1,11.2,25.4
1893.233,13.2,26.0,12.7,26.1,9.1,26.1,11.4,25.4
1894.233,13.0,26.0,12.8,26.2,9.4,26.2,12.0,25.4
1895.233,12.8,26.1,12.4,26.2,8.8,26.2,11.2,25.5
1896.233,12.1,26.1,11.9,26.2,8.4,26.2,10.7,25.5
1897.233,12.8,26.1,12.5,26.3,9.0,26.3,11.5,25.5
1898.233,12.9,26.1,12.6,26.3,9.0,26.3,11.4,25.5
1899.233,12.8,26.1,12.5,26.3,8.9,26.3,11.3,25.5
1900.233,12.8,26.2,12.4,26.3,8.8,26.3,11.1,25.6
1901.233,12.6,26.2,12.4,26.4,8.8,26.4,11.2,25.6
1902.233,12.8,26.2,12.6,26.4,9.2,26.4,11.7,25.6
1903.233,13.0,26.2,12.7,26.4,9.1,26.4,11.4,25.6
1904.233,12.7,26.2,12.0,26.4,9.0,26.5,11.4,25.6
1905.233,11.4,26.2,10.7,26.5,7.6,26.5,9.6,25.7
1906.233,0.4,26.6,0.4,26.8,0.3,26.8,0.6,25.9
1907.245,-0.1,26.9,-0.2,27.1,-0.2,27.1,-0.3,26.2
1908.245,-1.6,27.0,-0.0,27.2,-0.2,27.2,-1.1,26.3
1909.245,-3.3,26.7,-0.2,27.3,-0.6,27.3,-2.5,26.1
1910.245,-2.8,26.6,-2.1,27.2,-1.7,27.0,-2.7,26.0
1911.245,-5.4,26.4,-6.0,26.7,-4.4,26.6,-6.0,25.8
1912.245,-11.2,26.2,-10.9,26.4,-7.2,26.4,-8.6,25.6
1913.245,-12.7,26.1,-13.1,26.2,-9.2,26.3,-11.0,25.6
1914.245,-13.0,26.1,-14.2,26.2,-9.4,26.2,-11.2,25.5
1915.245,-13.2,26.0,-13.8,26.1,-9.3,26.2,-11.1,25.5
1916.245,-13.0,26.0,-13.6,26.1,-9.2,26.1,-11.0,25.5
1917.245,-13.1,25.9,-13.8,26.0,-9.4,26.1,-11.2,25.4
1918.245,-13.2,25.9,-13.9,26.0,-9.4,26.0,-11.2,25.4
1919.245,-13.3,25.9,-13.9,25.9,-9.4,26.0,-11.1,25.4
1920.245,-13.2,25.8,-13.8,25.9,-9.3,25.9,-11.0,25.3
1921.245,-13.1,25.7,-13.9,25.8,-9.4,25.8,-11.2,25.3
1922.245,-13.0,25.7,-13.8,25.8,-9.4,25.8,-11.1,25.3
1923.245,-13.0,25.7,-13.7,25.7,-9.2,25.7,-10.9,25.2
1924.245,-13.1,25.6,-13.7,25.7,-9.3,25.7,-11.0,25.2
1925.245,-13.0,25.6,-13.7,25.6,-9.2,25.7,-10.9,25.2
1926.245,-13.0,25.6,-13.8,25.6,-9.4,25.7,-11.2,25.2
1927.245,-13.0,25.6,-13.8,25.6,-9.3,25.6,-11.1,25.1
1928.245,-12.9,25.5,-13.6,25.5,-9.1,25.6,-10.9,25.1
1929.245,-12.9,25.5,-13.6,25.5,-9.2,25.6,-11.0,25.1
1930.245,-13.0,25.5,-13.8,25.5,-9.3,25.6,-11.1,25.1
1931.245,-13.0,25.5,-13.8,25.5,-9.3,25.5,-11.1,25.1
1932.245,-13.0,25.5,-13.8,25.5,-9.3,25.5,-11.1,25.1
1933.245,-13.2,25.5,-13.7,25.4,-9.2,25.5,-10.8,25.1
1934.245,-13.1,25.4,-13.8,25.4,-9.3,25.5,-11.1,25.0
1935.245,-13.1,25.4,-13.7,25.4,-9.3,25.5,-11.0,25.0
1936.245,-13.1,25.4,-13.9,25.4,-9.4,25.5,-11.2,25.0
1937.245,-13.2,25.4,-13.8,25.4,-9.2,25.5,-10.9,25.0
1938.245,-12.9,25.4,-13.7,25.4,-9.3,25.4,-11.1,25.0
1939.245,-13.2,25.4,-13.9,25.4,-9.4,25.4,-11.2,25.0
1940.245,-13.3,25.4,-13.9,25.3,-9.3,25.4,-11.1,25.0
1941.245,-13.2,25.4,-13.8,25.3,-9.4,25.4,-11.1,25.0
1942.245,-13.1,25.4,-13.8,25.3,-9.3,25.4,-11.1,25.0
1943.245,-13.2,25.4,-13.9,25.3,-9.3,25.4,-11.1,25.0
1944.245,-13.3,25.4,-13.9,25.3,-9.3,25.4,-11.0,25.0
1945.245,-13.5,25.4,-14.1,25.3,-9.5,25.4,-11.2,25.0
1946.245,-13.2,25.4,-14.0,25.3,-9.6,25.4,-11.4,25.0
1947.245,-13.1,25.4,-13.7,25.3,-9.3,25.4,-11.0,25.0
1948.245,-13.3,25.4,-13.8,25.3,-9.2,25.4,-10.9,25.0
1949.245,-13.2,25.4,-13.8,25.3,-9.3,25.4,-11.1,25.0
1950.247,-13.3,25.4,-14.0,25.3,-9.5,25.4,-11.3,25.0
1951.247,-13.2,25.4,-13.9,25.3,-9.4,25.4,-11.2,25.0
1952.247,-13.0,25.4,-13.7,25.3,-9.2,25.4,-11.0,25.0
1953.247,-12.9,25.4,-13.5,25.3,-8.6,25.4,-10.7,25.0
1954.247,-11.2,25.4,-13.8,25.3,-7.4,25.4,-9.8,25.0
1955.247,-11.0,25.4,-13.9,25.3,-7.8,25.4,-9.5,25.0
1956.247,-11.9,25.4,-12.4,25.3,-7.8,25.4,-9.6,25.0
1957.247,-11.2,25.4,-11.4,25.3,-7.8,25.4,-9.3,25.0
1958.247,-11.4,25.4,-12.1,25.3,-7.8,25.4,-9.3,25.0
1959.247,-11.5,25.4,-11.6,25.3,-8.1,25.4,-9.0,25.0
1960.247,-12.1,25.4,-12.2,25.3,-8.8,25.4,-9.8,25.0
1961.247,-8.0,25.4,-7.4,25.3,-5.6,25.4,-6.6,25.0
1962.247,-0.8,25.8,-1.0,25.7,-0.4,25.8,-0.9,25.4
1963.247,-0.2,26.1,-0.1,26.0,-0.0,26.1,-0.3,25.6
1964.247,0.1,26.4,-0.0,26.2,0.0,26.4,0.0,25.8
1965.247,1.3,26.5,-0.0,26.4,0.1,26.5,0.1,26.0
1966.247,2.7,26.1,0.2,26.5,0.8,26.6,0.2,26.1
1967.247,4.8,25.9,4.4,26.3,3.6,26.1,4.6,25.9
1968.247,8.0,25.6,7.5,25.6,5.8,25.6,6.5,25.3
1969.249,6.2,25.6,5.6,25.5,3.9,25.6,4.7,25.3
1970.249,5.8,25.6,5.8,25.5,3.4,25.7,5.1,25.3
1971.249,11.0,25.5,10.4,25.4,7.8,25.5,10.1,25.2
1972.249,11.2,25.4,10.4,25.3,7.6,25.4,9.3,25.1
1973.249,10.8,25.4,10.6,25.3,7.5,25.4,9.6,25.0
1974.249,11.2,25.4,12.2,25.3,7.7,25.4,9.5,25.0
1975.249,11.2,25.4,12.6,25.2,7.4,25.4,9.9,25.0
1976.249,12.4,25.3,13.0,25.2,8.0,25.4,12.0,25.0
1977.249,12.4,25.3,11.9,25.3,8.3,25.4,10.1,25.0
1978.249,12.3,25.3,12.0,25.3,8.7,25.4,11.1,25.0
1979.249,12.5,25.4,12.2,25.3,8.9,25.4,11.1,25.0
1980.249,13.1,25.4,12.8,25.3,9.2,25.4,11.5,25.0
1981.249,12.3,25.4,12.4,25.3,9.1,25.4,11.8,25.0
1982.249,12.4,25.4,12.0,25.4,8.5,25.4,10.6,25.0
1983.249,12.5,25.4,12.2,25.4,8.7,25.5,10.9,25.1
1984.249,12.1,25.5,11.9,25.4,8.5,25.5,10.8,25.0
1985.249,12.8,25.5,12.5,25.4,8.8,25.5,11.1,25.1
1986.249,12.8,25.5,12.5,25.4,8.9,25.5,11.2,25.1
1987.249,12.9,25.5,12.5,25.5,8.8,25.5,11.0,25.1
1988.249,12.6,25.6,12.3,25.5,8.7,25.6,11.0,25.1
1989.249,12.8,25.6,12.5,25.5,8.9,25.5,11.2,25.1
1990.249,12.5,25.6,12.4,25.6,9.0,25.6,11.6,25.1
1991.249,12.0,25.6,11.8,25.6,8.3,25.6,10.6,25.2
1992.249,12.6,25.7,12.3,25.6,8.7,25.7,11.0,25.2
1993.249,12.6,25.7,12.3,25.6,8.7,25.7,11.0,25.2
1994.249,12.5,25.7,12.3,25.7,8.8,25.7,11.3,25.2
1995.249,12.7,25.7,12.5,25.7,9.1,25.7,11.6,25.2
1996.249,12.8,25.8,12.4,25.8,8.8,25.8,11.0,25.2
1997.249,12.7,25.8,12.4,25.8,8.9,25.8,11.2,25.2
1998.249,12.6,25.8,12.4,25.8,8.9,25.8,11.2,25.2
1999.249,12.7,25.8,12.2,25.9,8.5,25.9,10.7,25.3
2000.249,12.8,25.9,12.4,25.9,8.8,25.9,11.0,25.3
2001.249,12.8,25.9,12.4,25.9,8.8,25.9,11.0,25.3
2002.249,12.6,25.9,12.3,26.0,8.7,26.0,11.1,25.3
2003.249,12.9,25.9,12.6,26.0,8.9,26.0,11.2,25.3
2004.249,12.4,26.0,12.3,26.0,8.9,26.0,11.5,25.3
2005.249,12.2,26.0,12.0,26.1,8.6,26.1,10.9,25.4
2006.249,12.6,26.0,12.3,26.1,8.8,26.1,11.2,25.4
2007.249,12.7,26.0,12.4,26.1,8.8,26.1,11.2,25.4
2008.249,12.8,26.0,12.5,26.1,9.0,26.2,11.3,25.4
2009.249,12.9,26.0,12.7,26.2,9.3,26.2,11.8,25.4
2010.249,12.7,26.1,12.5,26.2,9.0,26.2,11.5,25.5
2011.249,13.0,26.1,12.7,26.2,9.1,26.2,11.5,25.5
2012.249,12.5,26.1,12.1,26.3,8.6,26.3,10.8,25.5
2013.249,12.8,26.1,12.4,26.3,8.8,26.3,11.0,25.5
2014.249,12.7,26.1,12.5,26.3,9.0,26.3,11.5,25.5
2015.249,12.7,26.2,12.4,26.3,8.8,26.4,11.2,25.5
2016.249,12.9,26.2,12.5,26.4,8.9,26.4,11.2,25.6
2017.249,13.3,26.2,12.7,26.4,9.6,26.4,12.2,25.6
2018.249,12.4,26.2,11.8,26.4,8.6,26.4,10.8,25.6
2019.249,2.4,26.4,2.3,26.6,1.6,26.7,2.3,25.8
2020.249,-0.1,26.8,-0.2,27.0,-0.2,27.0,-0.2,26.1
2021.249,-1.0,27.0,-0.1,27.1,-0.2,27.2,-0.6,26.3
2022.249,-3.5,26.7,-0.1,27.2,-0.3,27.2,-2.4,26.1
2023.249,-2.7,26.5,-1.6,27.2,-1.4,27.0,-2.5,26.0
2024.249,-5.2,26.4,-5.7,26.7,-4.2,26.6,-5.7,25.8
2025.249,-8.3,26.2,-8.3,26.4,-5.6,26.4,-7.0,25.6
2026.249,-13.0,26.1,-13.1,26.2,-9.1,26.3,-10.9,25.5
2027.249,-13.0,26.0,-14.1,26.1,-9.3,26.2,-11.1,25.5
2028.249,-13.1,26.0,-13.7,26.1,-9.3,26.1,-11.0,25.5
2029.249,-13.0,26.0,-13.6,26.1,-9.3,26.1,-11.0,25.4
2030.249,-13.1,25.9,-13.8,26.0,-9.4,26.0,-11.2,25.4
2031.249,-13.1,25.9,-13.8,26.0,-9.4,26.0,-11.2,25.3
2032.249,-13.2,25.8,-13.9,25.9,-9.4,25.9,-11.1,25.3
2033.249,-13.0,25.8,-13.8,25.8,-9.4,25.9,-11.2,25.3
2034.249,-13.1,25.7,-13.8,25.8,-9.3,25.8,-11.1,25.2
2035.249,-13.2,25.7,-13.9,25.7,-9.4,25.8,-11.2,25.2
2036.249,-13.0,25.6,-13.7,25.7,-9.3,25.7,-11.1,25.2
2037.249,-13.1,25.6,-13.8,25.6,-9.3,25.7,-11.1,25.2
2038.249,-13.0,25.6,-13.6,25.6,-9.1,25.7,-10.9,25.1
2039.249,-13.0,25.5,-13.8,25.6,-9.3,25.6,-11.1,25.1
2040.249,-12.9,25.5,-13.6,25.5,-9.2,25.6,-11.0,25.1
2041.249,-13.0,25.5,-13.7,25.5,-9.2,25.5,-10.9,25.1
2042.249,-12.9,25.5,-13.7,25.5,-9.3,25.5,-11.1,25.1
2043.249,-13.0,25.5,-13.7,25.5,-9.3,25.5,-11.0,25.0
2044.249,-13.1,25.4,-13.9,25.4,-9.4,25.5,-11.2,25.0
2045.249,-13.0,25.4,-13.7,25.4,-9.2,25.5,-10.9,25.0
2046.249,-13.1,25.4,-13.7,25.4,-9.2,25.4,-10.9,25.0
2047.249,-13.1,25.4,-13.8,25.4,-9.3,25.4,-11.1,25.0
2048.249,-13.0,25.4,-13.7,25.3,-9.3,25.4,-11.0,25.0
2049.249,-13.1,25.4,-13.8,25.3,-9.3,25.4,-11.1,25.0
2050.249,-13.2,25.4,-13.8,25.3,-9.3,25.4,-11.0,25.0
2051.249,-13.0,25.4,-13.7,25.3,-9.3,25.4,-11.2,25.0
2052.249,-13.0,25.4,-13.8,25.3,-9.4,25.4,-11.2,25.0
2053.249,-13.3,25.3,-13.9,25.3,-9.3,25.4,-11.0,25.0
2054.249,-13.1,25.3,-13.8,25.3,-9.3,25.4,-11.1,25.0
2055.249,-13.1,25.4,-13.7,25.3,-9.2,25.4,-10.9,25.0
2056.249,-13.2,25.3,-13.9,25.3,-9.4,25.4,-11.2,24.9
2057.249,-13.3,25.3,-13.9,25.3,-9.3,25.4,-11.0,24.9
2058.249,-13.4,25.3,-14.0,25.3,-9.4,25.4,-11.1,24.9
2059.249,-13.2,25.3,-14.0,25.3,-9.5,25.4,-11.4,24.9
2060.249,-13.1,25.3,-13.7,25.3,-9.2,25.4,-11.0,24.9
2061.249,-13.2,25.3,-13.8,25.3,-9.3,25.4,-11.0,24.9
2062.249,-13.3,25.3,-13.9,25.2,-9.4,25.3,-11.2,24.9
2063.249,-13.3,25.3,-13.9,25.2,-9.4,25.4,-11.1,24.9
2064.249,-12.9,25.3,-13.6,25.2,-9.2,25.4,-11.0,24.9
2065.249,-13.3,25.3,-13.9,25.2,-9.3,25.3,-11.1,24.9
2066.249,-13.0,25.3,-13.7,25.2,-9.3,25.3,-11.1,24.9
2067.249,-12.4,25.3,-13.8,25.2,-7.7,25.4,-10.5,24.9
2068.249,-10.9,25.4,-14.0,25.2,-7.7,25.4,-9.7,24.9
2069.249,-11.3,25.4,-13.6,25.2,-8.1,25.3,-9.2,24.9
2070.249,-11.4,25.3,-11.6,25.3,-7.7,25.4,-9.5,24.9
2071.249,-11.7,25.3,-11.7,25.2,-7.9,25.4,-9.5,24.9
2072.249,-11.5,25.3,-11.7,25.2,-8.0,25.4,-8.6,25.0
2073.249,-11.7,25.3,-11.8,25.2,-8.2,25.3,-9.5,24.9
2074.249,-11.6,25.3,-11.3,25.2,-8.4,25.3,-9.8,24.9
2075.249,0.2,25.7,-0.2,25.6,-0.2,25.7,-0.5,25.2
2076.249,0.3,26.1,-0.2,25.9,-0.0,26.1,0.1,25.6
2077.249,2.3,26.1,-0.1,26.1,0.2,26.3,0.1,25.8
2078.249,1.9,26.0,0.4,26.3,1.2,26.3,0.3,25.9
2079.249,5.8,25.8,5.5,26.0,4.3,25.8,5.2,25.6
2080.249,7.9,25.5,7.7,25.5,5.4,25.6,7.2,25.2
2081.249,5.7,25.6,5.4,25.5,3.6,25.6,4.1,25.2
2082.249,6.4,25.6,5.9,25.5,3.4,25.6,3.9,25.2
2083.249,12.1,25.4,11.5,25.3,8.9,25.4,10.5,25.1
2084.249,11.6,25.3,10.6,25.2,7.3,25.4,10.2,25.0
2085.249,10.8,25.3,10.8,25.2,7.7,25.3,10.6,25.0
2086.249,11.0,25.3,12.5,25.2,7.6,25.3,9.4,25.0
2087.249,10.3,25.3,12.4,25.2,7.3,25.3,9.9,25.0
2088.249,13.4,25.3,12.9,25.2,8.2,25.3,12.0,24.9
2089.249,12.5,25.3,12.3,25.2,8.9,25.3,11.2,24.9
2090.249,12.1,25.3,11.9,25.2,8.7,25.3,11.1,24.9
2091.251,12.4,25.3,12.0,25.2,8.4,25.3,10.5,25.0
2092.251,12.7,25.3,12.4,25.2,8.9,25.3,11.2,24.9
2093.251,13.3,25.3,12.9,25.2,9.1,25.4,11.3,25.0
2094.251,12.2,25.4,12.1,25.3,8.8,25.4,11.2,25.0
2095.251,12.3,25.4,12.0,25.3,8.5,25.4,10.6,25.0
2096.251,12.6,25.4,12.4,25.3,8.9,25.4,11.3,25.0
2097.251,12.5,25.4,12.3,25.3,8.9,25.4,11.3,25.0
2098.251,12.6,25.4,12.1,25.4,8.5,25.5,10.6,25.0
2099.251,12.6,25.5,12.3,25.4,8.8,25.5,11.1,25.0
2100.251,12.5,25.5,12.3,25.4,8.8,25.5,11.2,25.0
2101.251,12.6,25.5,12.4,25.4,8.9,25.5,11.2,25.1
2102.251,12.6,25.6,12.4,25.5,8.9,25.5,11.4,25.1
2103.251,12.4,25.6,12.2,25.5,8.7,25.6,11.0,25.1
2104.251,12.1,25.6,11.9,25.6,8.5,25.6,10.9,25.1
2105.251,12.1,25.6,11.8,25.6,8.3,25.6,10.5,25.1
2106.251,12.8,25.7,12.4,25.6,8.8,25.7,11.1,25.1
2107.251,13.2,25.7,12.8,25.7,9.2,25.7,11.6,25.1
2108.251,12.7,25.7,12.5,25.7,9.0,25.7,11.5,25.2
2109.251,12.8,25.7,12.5,25.7,9.0,25.8,11.4,25.2
2110.251,12.9,25.8,12.6,25.8,9.0,25.8,11.3,25.2
2111.251,12.6,25.8,12.3,25.8,8.7,25.8,11.0,25.2
2112.251,12.5,25.8,12.1,25.8,8.4,25.9,10.6,25.2
2113.251,12.6,25.8,12.3,25.9,8.8,25.9,11.1,25.3
2114.251,12.7,25.9,12.3,25.9,8.7,25.9,11.0,25.3
2115.251,12.6,25.9,12.3,25.9,8.8,26.0,11.2,25.3
2116.251,12.9,25.9,12.6,26.0,9.1,26.0,11.5,25.3
2117.251,13.1,25.9,12.7,26.0,9.1,26.0,11.3,25.3
2118.251,12.0,25.9,11.9,26.1,8.6,26.1,11.0,25.4
2119.251,12.6,26.0,12.3,26.1,8.7,26.1,11.1,25.4
2120.251,13.2,26.0,12.6,26.1,8.9,26.1,11.0,25.4
2121.251,12.9,26.0,12.7,26.1,9.4,26.1,12.0,25.4
2122.251,12.7,26.0,12.5,26.1,9.0,26.2,11.4,25.4
2123.251,12.9,26.0,12.6,26.2,9.0,26.2,11.4,25.4
2124.251,12.8,26.1,12.5,26.2,8.9,26.3,11.3,25.5
2125.251,12.5,26.1,12.1,26.3,8.5,26.3,10.7,25.5
2126.251,12.8,26.1,12.4,26.3,8.7,26.3,10.9,25.5
2127.251,12.5,26.1,12.2,26.3,8.7,26.3,11.1,25.5
2128.251,12.8,26.1,12.6,26.3,9.1,26.3,11.6,25.5
2129.251,13.2,26.1,12.5,26.3,9.4,26.4,11.8,25.6
2130.251,11.8,26.2,11.2,26.4,8.2,26.4,10.5,25.6
2131.251,1.4,26.4,1.4,26.6,1.0,26.7,1.6,25.8
2132.251,-0.2,26.8,-0.3,26.9,-0.2,27.0,-0.3,26.1
2133.251,-0.9,26.9,0.0,27.1,-0.1,27.1,-0.5,26.2
2134.251,-3.5,26.7,-0.1,27.2,-0.3,27.2,-2.5,26.1
2135.251,-2.8,26.5,-1.7,27.1,-1.4,27.0,-2.4,25.9
2136.251,-5.4,26.4,-5.9,26.7,-4.3,26.6,-5.8,25.7
2137.251,-7.2,26.2,-7.4,26.3,-5.2,26.4,-6.8,25.6
2138.251,-12.9,26.0,-12.8,26.2,-8.7,26.2,-10.2,25.5
2139.251,-13.0,26.0,-14.0,26.1,-9.3,26.2,-11.1,25.4
2140.251,-13.2,25.9,-13.7,26.0,-9.3,26.1,-10.9,25.4
2141.251,-13.1,25.9,-13.7,26.0,-9.3,26.1,-11.0,25.4
2142.251,-13.1,25.9,-13.8,26.0,-9.4,26.0,-11.2,25.3
2143.251,-13.0,25.8,-13.8,25.9,-9.4,26.0,-11.2,25.3
2144.251,-13.2,25.8,-13.9,25.9,-9.4,25.9,-11.1,25.3
2145.251,-13.1,25.7,-13.9,25.8,-9.4,25.9,-11.1,25.3
2146.251,-13.1,25.7,-13.8,25.7,-9.3,25.8,-11.0,25.2
2147.251,-13.2,25.6,-13.9,25.7,-9.4,25.7,-11.2,25.2
2148.252,-13.0,25.6,-13.8,25.6,-9.3,25.7,-11.1,25.1
2149.252,-13.1,25.5,-13.8,25.6,-9.3,25.6,-11.1,25.1
2150.254,-12.9,25.5,-13.6,25.5,-9.1,25.6,-10.9,25.1
2151.254,-13.0,25.5,-13.8,25.5,-9.3,25.6,-11.1,25.1
2152.254,-13.0,25.5,-13.8,25.5,-9.3,25.5,-11.1,25.1
2153.254,-12.9,25.4,-13.7,25.5,-9.3,25.5,-11.0,25.0
2154.254,-12.9,25.4,-13.6,25.4,-9.1,25.5,-10.8,25.0
2155.254,-12.9,25.4,-13.7,25.4,-9.2,25.5,-11.0,25.0
2156.254,-13.0,25.4,-13.8,25.4,-9.3,25.4,-11.1,25.0
2157.254,-13.1,25.4,-13.9,25.4,-9.4,25.4,-11.2,25.0
2158.254,-13.0,25.4,-13.8,25.3,-9.3,25.4,-11.0,25.0
2159.254,-13.0,25.4,-13.7,25.3,-9.1,25.4,-10.8,25.0
2160.254,-13.0,25.3,-13.7,25.3,-9.3,25.4,-11.1,25.0
2161.254,-12.9,25.3,-13.7,25.3,-9.3,25.4,-11.0,25.0
2162.254,-13.3,25.3,-14.0,25.3,-9.4,25.4,-11.1,24.9
2163.254,-12.9,25.3,-13.7,25.3,-9.3,25.3,-11.0,24.9
2164.254,-13.0,25.3,-13.8,25.3,-9.3,25.3,-11.1,24.9
2165.254,-13.3,25.3,-13.9,25.2,-9.4,25.3,-11.0,24.9
2166.254,-13.1,25.3,-13.8,25.2,-9.3,25.3,-11.0,24.9
2167.254,-13.2,25.3,-14.0,25.2,-9.5,25.3,-11.2,24.9
2168.254,-13.0,25.3,-13.8,25.2,-9.3,25.3,-11.0,24.9
2169.254,-13.3,25.3,-13.9,25.2,-9.3,25.3,-11.0,24.9
2170.254,-13.3,25.3,-14.0,25.2,-9.4,25.3,-11.1,24.9
2171.254,-13.3,25.3,-14.1,25.2,-9.6,25.3,-11.3,24.9
2172.254,-13.0,25.3,-13.8,25.2,-9.4,25.3,-11.2,24.9
2173.254,-12.9,25.3,-13.6,25.2,-9.1,25.3,-10.8,24.9
2174.254,-13.3,25.3,-13.9,25.2,-9.2,25.3,-10.9,24.9
2175.254,-13.1,25.3,-13.8,25.2,-9.4,25.3,-11.1,24.9
2176.254,-13.4,25.3,-14.0,25.2,-9.5,25.3,-11.2,24.9
2177.254,-13.3,25.3,-14.1,25.2,-9.5,25.3,-11.3,24.9
2178.254,-12.8,25.3,-13.5,25.2,-9.0,25.3,-10.7,24.9
2179.254,-12.8,25.3,-13.8,25.2,-7.8,25.3,-10.9,24.9
2180.254,-10.8,25.3,-13.8,25.2,-7.6,25.3,-9.5,24.9
2181.254,-10.9,25.3,-13.8,25.2,-8.3,25.3,-9.2,24.9
2182.255,-11.4,25.3,-11.7,25.2,-7.6,25.3,-9.2,24.9
2183.255,-11.5,25.3,-11.4,25.2,-7.7,25.3,-7.8,24.9
2184.255,-11.4,25.3,-11.9,25.2,-8.0,25.3,-9.8,24.9
2185.255,-11.6,25.3,-11.8,25.2,-8.4,25.3,-9.9,24.9
2186.255,-12.5,25.3,-12.3,25.2,-9.0,25.3,-10.2,24.9
2187.255,-0.9,25.6,-1.0,25.5,-0.7,25.6,-1.1,25.1
2188.255,0.3,26.0,-0.1,25.9,0.0,26.0,-0.0,25.5
2189.255,2.0,26.1,-0.0,26.1,0.2,26.3,0.1,25.7
2190.255,2.3,25.9,0.3,26.3,0.9,26.3,0.2,25.9
2191.255,5.3,25.8,4.9,26.0,4.1,25.8,5.1,25.6
2192.255,7.9,25.5,7.6,25.5,5.6,25.5,7.1,25.2
2193.255,6.6,25.5,6.2,25.4,4.1,25.5,4.8,25.2
2194.257,5.5,25.5,5.2,25.4,3.5,25.6,4.2,25.2
2195.257,11.8,25.4,11.1,25.3,8.1,25.4,9.4,25.1
2196.257,10.7,25.3,10.0,25.2,7.1,25.3,9.9,25.0
2197.257,11.0,25.3,10.8,25.2,7.6,25.3,9.9,24.9
2198.257,11.0,25.3,12.2,25.1,7.7,25.3,10.4,24.9
2199.257,11.2,25.3,12.9,25.1,7.8,25.3,10.3,24.9
2200.257,12.5,25.3,12.6,25.1,7.9,25.3,11.7,24.9
2201.257,11.8,25.3,11.5,25.2,8.2,25.3,10.1,24.9
2202.257,12.4,25.3,12.1,25.2,8.6,25.3,10.8,24.9
2203.257,12.8,25.2,12.5,25.2,9.1,25.3,11.4,24.9
2204.257,13.3,25.3,13.1,25.2,9.6,25.3,12.1,24.9
2205.257,12.4,25.3,12.3,25.2,8.9,25.3,11.3,24.9
2206.259,12.6,25.3,12.3,25.3,8.7,25.3,10.9,24.9
2207.259,12.5,25.3,12.1,25.3,8.4,25.4,10.4,25.0
2208.259,12.1,25.3,11.9,25.3,8.4,25.4,10.6,25.0
2209.259,12.8,25.4,12.7,25.3,9.3,25.4,11.8,25.0
2210.259,12.5,25.4,12.3,25.3,8.8,25.4,11.2,25.0
2211.259,12.6,25.4,12.3,25.3,8.8,25.4,11.0,25.0
2212.259,12.7,25.5,12.4,25.4,8.8,25.5,11.1,25.0
2213.259,12.7,25.5,12.6,25.4,9.2,25.5,11.8,25.0
2214.259,12.6,25.5,12.3,25.4,8.8,25.5,11.1,25.0
2215.259,11.9,25.6,11.6,25.5,8.1,25.5,10.2,25.1
2216.259,12.6,25.6,12.3,25.5,8.8,25.6,11.1,25.1
2217.259,12.7,25.6,12.4,25.6,8.8,25.6,11.2,25.1
2218.259,12.6,25.6,12.6,25.6,9.3,25.6,12.0,25.1
2219.259,12.3,25.6,12.1,25.6,8.6,25.7,10.9,25.1
2220.259,12.8,25.7,12.4,25.6,8.8,25.7,11.0,25.1
2221.260,12.6,25.7,12.3,25.7,8.7,25.7,11.0,25.1
2222.260,13.0,25.7,12.7,25.7,9.2,25.7,11.6,25.1
2223.260,12.8,25.8,12.4,25.8,8.8,25.8,11.1,25.2
2224.260,12.0,25.8,11.7,25.8,8.3,25.8,10.5,25.2
2225.260,12.7,25.8,12.4,25.8,8.7,25.8,10.9,25.2
2226.260,12.9,25.8,12.5,25.9,8.8,25.9,11.0,25.2
2227.260,12.6,25.8,12.4,25.9,9.0,25.9,11.4,25.2
2228.262,12.6,25.9,12.4,25.9,8.8,25.9,11.1,25.3
2229.262,12.4,25.9,12.2,26.0,8.7,26.0,11.2,25.3
2230.262,12.7,25.9,12.4,26.0,8.8,26.0,11.2,25.3
2231.262,12.7,25.9,12.4,26.0,8.9,26.0,11.2,25.3
2232.262,12.9,25.9,12.8,26.0,9.4,26.0,12.0,25.3
2233.262,12.6,25.9,12.3,26.1,8.8,26.1,11.2,25.4
2234.262,12.9,26.0,12.6,26.1,9.0,26.1,11.3,25.4
2235.262,13.0,26.0,12.6,26.1,9.0,26.1,11.4,25.4
2236.262,12.7,26.0,12.5,26.2,9.0,26.2,11.4,25.4
2237.262,12.3,26.0,12.1,26.2,8.6,26.2,11.0,25.4
2238.262,12.7,26.0,12.2,26.2,8.5,26.3,10.6,25.5
2239.262,12.6,26.0,12.3,26.2,8.7,26.3,11.0,25.5
2240.262,13.1,26.1,12.9,26.3,9.4,26.3,11.9,25.5
2241.262,13.0,26.1,12.3,26.3,9.1,26.3,11.5,25.5
2242.262,12.2,26.1,11.6,26.3,8.6,26.4,11.0,25.5
2243.262,2.7,26.3,2.6,26.5,1.8,26.6,2.7,25.7
2244.262,-0.2,26.7,-0.2,26.9,-0.2,26.9,-0.2,26.0
2245.263,-0.4,26.9,-0.1,27.0,-0.2,27.1,-0.6,26.2
2246.263,-3.0,26.8,-0.0,27.1,-0.2,27.2,-2.1,26.1
2247.263,-2.9,26.5,-1.1,27.1,-1.3,27.0,-2.4,25.9
2248.263,-4.6,26.4,-4.9,26.7,-3.6,26.6,-4.9,25.7
2249.263,-6.9,26.2,-7.3,26.3,-5.1,26.4,-6.8,25.6
2250.263,-13.1,26.0,-12.9,26.2,-8.7,26.2,-10.2,25.5
2251.263,-12.8,25.9,-13.9,26.1,-9.3,26.1,-11.1,25.4
2252.263,-13.1,25.9,-13.8,26.0,-9.2,26.1,-10.9,25.4
2253.263,-13.1,25.9,-13.7,26.0,-9.3,26.0,-11.0,25.4
2254.263,-13.0,25.8,-13.7,25.9,-9.4,26.0,-11.1,25.3
2255.263,-13.1,25.8,-13.8,25.9,-9.4,25.9,-11.1,25.3
2256.263,-13.2,25.8,-13.9,25.8,-9.4,25.9,-11.2,25.2
2257.263,-13.1,25.7,-13.8,25.8,-9.3,25.8,-11.1,25.2
2258.263,-13.0,25.7,-13.8,25.7,-9.3,25.8,-11.1,25.2
2259.263,-13.1,25.6,-13.9,25.7,-9.4,25.7,-11.2,25.1
2260.263,-13.0,25.6,-13.7,25.6,-9.3,25.7,-11.0,25.1
2261.263,-13.0,25.5,-13.7,25.6,-9.3,25.6,-11.0,25.1
2262.263,-13.0,25.5,-13.7,25.5,-9.1,25.6,-10.8,25.1
2263.263,-12.9,25.5,-13.7,25.5,-9.3,25.5,-11.1,25.0
2264.263,-13.0,25.4,-13.8,25.4,-9.4,25.5,-11.1,25.0
2265.263,-13.0,25.4,-13.7,25.4,-9.3,25.5,-11.1,25.0
2266.263,-12.8,25.4,-13.6,25.4,-9.2,25.4,-11.0,25.0
2267.263,-12.9,25.4,-13.6,25.4,-9.1,25.4,-10.8,25.0
2268.263,-13.1,25.4,-13.9,25.4,-9.4,25.4,-11.1,25.0
2269.263,-13.0,25.3,-13.8,25.3,-9.3,25.4,-11.1,24.9
2270.263,-13.0,25.3,-13.7,25.3,-9.2,25.4,-10.9,24.9
2271.263,-13.0,25.3,-13.7,25.3,-9.1,25.4,-10.8,24.9
2272.263,-12.9,25.3,-13.7,25.3,-9.3,25.3,-11.0,24.9
2273.263,-13.1,25.3,-13.8,25.3,-9.3,25.3,-11.0,24.9
2274.263,-13.2,25.3,-14.0,25.3,-9.4,25.3,-11.2,24.9
2275.263,-13.0,25.3,-13.8,25.2,-9.3,25.3,-11.1,24.9
2276.263,-12.8,25.3,-13.7,25.2,-9.3,25.3,-11.1,24.9
2277.263,-13.4,25.3,-14.0,25.2,-9.4,25.3,-11.0,24.9
2278.263,-13.1,25.3,-13.9,25.2,-9.4,25.3,-11.1,24.9
2279.263,-13.1,25.3,-13.9,25.2,-9.4,25.3,-11.2,24.9
2280.263,-13.0,25.3,-13.7,25.2,-9.3,25.3,-11.1,24.9
2281.263,-13.2,25.3,-13.9,25.2,-9.3,25.3,-10.9,24.9
2282.263,-13.3,25.3,-14.0,25.2,-9.4,25.3,-11.0,24.9
2283.263,-13.3,25.3,-14.1,25.2,-9.6,25.3,-11.4,24.9
2284.263,-13.1,25.3,-13.9,25.2,-9.4,25.3,-11.2,24.9
2285.263,-12.9,25.3,-13.5,25.2,-9.1,25.3,-10.8,24.9
2286.263,-13.3,25.3,-13.9,25.2,-9.3,25.3,-11.0,24.9
2287.263,-13.2,25.3,-13.9,25.2,-9.4,25.3,-11.1,24.8
2288.263,-13.2,25.2,-14.0,25.1,-9.5,25.3,-11.4,24.8
2289.263,-13.2,25.2,-13.9,25.1,-9.4,25.3,-11.1,24.8
2290.263,-12.9,25.2,-13.5,25.2,-9.0,25.3,-10.7,24.8
2291.263,-13.1,25.2,-13.8,25.1,-7.9,25.3,-11.0,24.8
2292.263,-10.9,25.3,-13.8,25.2,-7.5,25.3,-9.5,24.9
2293.263,-10.9,25.3,-13.9,25.2,-8.4,25.3,-9.3,24.9
2294.263,-11.3,25.3,-11.6,25.2,-7.5,25.3,-8.4,24.9
2295.263,-11.5,25.3,-11.6,25.2,-7.7,25.3,-9.0,24.9
2296.265,-11.5,25.3,-12.1,25.2,-8.0,25.3,-9.6,24.9
2297.265,-11.5,25.3,-11.7,25.2,-8.4,25.3,-9.9,24.8
2298.265,-12.3,25.2,-12.3,25.2,-9.0,25.2,-10.4,24.8
2299.265,-2.9,25.5,-2.6,25.4,-1.9,25.5,-2.6,25.0
2300.265,0.2,25.9,-0.1,25.8,0.1,25.9,-0.1,25.4
2301.265,0.5,26.2,-0.2,26.0,0.1,26.2,0.1,25.6
2302.265,2.4,26.1,-0.1,26.2,0.2,26.3,0.1,25.8
2303.265,3.6,25.9,2.3,26.3,2.4,26.2,2.1,25.8
2304.265,7.5,25.6,7.3,25.6,5.5,25.6,6.6,25.3
2305.265,6.6,25.5,6.3,25.4,4.6,25.5,6.2,25.1
2306.265,6.0,25.5,6.0,25.4,3.2,25.5,4.2,25.2
2307.267,10.1,25.4,9.0,25.3,6.5,25.5,7.7,25.1
2308.267,10.1,25.3,10.1,25.2,7.4,25.3,10.0,24.9
2309.267,11.7,25.3,11.5,25.2,8.1,25.3,9.3,24.9
2310.267,11.3,25.3,11.5,25.1,7.7,25.3,10.1,24.9
2311.267,11.2,25.2,12.6,25.1,7.3,25.3,10.3,24.9
2312.267,11.8,25.2,13.2,25.1,8.0,25.3,11.8,24.9
2313.267,12.7,25.2,12.3,25.1,8.5,25.3,11.1,24.9
2314.267,11.7,25.2,11.5,25.2,8.2,25.3,10.4,24.9
2315.267,12.7,25.2,12.4,25.2,9.0,25.2,11.2,24.9
2316.267,12.5,25.3,12.2,25.2,8.8,25.3,11.0,24.9
2317.267,12.7,25.3,12.5,25.2,9.0,25.3,11.4,24.9
2318.267,13.3,25.3,13.0,25.2,9.4,25.3,11.8,24.9
2319.267,12.1,25.3,11.7,25.2,8.2,25.4,10.3,24.9
2320.267,12.4,25.3,12.2,25.3,8.8,25.4,11.2,24.9
2321.267,11.7,25.4,11.5,25.3,8.2,25.4,10.6,25.0
2322.267,13.0,25.4,12.6,25.3,9.0,25.4,11.2,25.0
2323.267,12.6,25.4,12.3,25.3,8.8,25.4,11.1,25.0
2324.267,12.5,25.4,12.2,25.4,8.7,25.4,11.1,25.0
2325.267,12.6,25.4,12.3,25.4,8.8,25.4,11.2,25.0
2326.267,12.7,25.5,12.3,25.4,8.8,25.5,11.0,25.0
2327.267,12.7,25.5,12.4,25.4,9.0,25.5,11.5,25.0
2328.267,12.3,25.5,11.9,25.5,8.3,25.5,10.5,25.0
2329.267,12.5,25.6,12.3,25.5,8.8,25.6,11.2,25.1
2330.267,12.5,25.6,12.2,25.6,8.7,25.6,11.0,25.1
2331.267,12.8,25.6,12.4,25.6,8.8,25.6,11.1,25.1
2332.267,13.2,25.6,12.9,25.6,9.4,25.6,11.8,25.1
2333.267,12.4,25.7,12.2,25.6,8.6,25.7,11.0,25.1
2334.267,13.0,25.7,12.7,25.7,9.3,25.7,11.8,25.1
2335.267,12.1,25.7,11.8,25.7,8.3,25.7,10.6,25.1
2336.267,12.8,25.7,12.4,25.8,8.7,25.8,10.9,25.2
2337.267,12.7,25.7,12.3,25.8,8.8,25.8,11.1,25.2
2338.267,12.6,25.8,12.3,25.8,8.8,25.8,11.1,25.2
2339.267,12.7,25.8,12.3,25.9,8.7,25.9,10.9,25.2
2340.267,12.5,25.8,12.3,25.9,8.8,25.9,11.3,25.2
2341.267,12.8,25.8,12.5,25.9,9.0,25.9,11.5,25.2
2342.267,12.7,25.8,12.3,25.9,8.7,26.0,11.0,25.3
2343.267,12.5,25.9,12.2,26.0,8.8,26.0,11.1,25.3
2344.267,12.7,25.9,12.3,26.0,8.8,26.0,11.2,25.3
2345.267,13.0,25.9,12.6,26.0,8.9,26.1,11.2,25.3
2346.267,12.7,25.9,12.7,26.1,9.4,26.1,12.1,25.3
2347.267,13.1,26.0,12.8,26.1,9.3,26.1,11.8,25.3
2348.267,12.6,26.0,12.4,26.1,8.9,26.1,11.4,25.4
2349.267,12.4,26.0,11.9,26.2,8.2,26.2,10.3,25.4
2350.267,13.1,26.0,12.5,26.2,8.8,26.2,10.9,25.4
2351.267,12.6,26.0,12.3,26.2,8.8,26.2,11.1,25.4
2352.267,12.7,26.0,12.3,26.2,8.8,26.3,11.1,25.5
2353.267,12.9,26.0,12.6,26.3,9.2,26.3,11.7,25.5
2354.267,12.8,26.1,12.0,26.3,9.0,26.3,11.4,25.5
2355.267,7.7,26.1,7.3,26.4,5.4,26.4,7.6,25.5
2356.267,-0.0,26.5,-0.0,26.7,-0.0,26.8,0.2,25.9
2357.267,-0.3,26.8,-0.2,27.0,-0.2,27.0,-0.5,26.1
2358.267,-2.6,26.7,-0.0,27.1,-0.1,27.1,-1.6,26.1
2359.267,-3.1,26.4,-0.8,27.1,-1.1,27.0,-2.6,25.9
2360.267,-4.4,26.4,-4.4,26.8,-3.2,26.6,-4.3,25.7
2361.267,-6.3,26.2,-6.8,26.4,-4.9,26.4,-6.6,25.6
2362.267,-12.3,26.0,-12.1,26.2,-8.2,26.2,-9.3,25.5
2363.267,-12.8,25.9,-13.4,26.1,-9.2,26.1,-10.9,25.4
2364.267,-13.1,25.9,-14.1,26.0,-9.3,26.1,-11.1,25.3
2365.267,-13.1,25.8,-13.7,25.9,-9.3,26.0,-11.1,25.3
2366.267,-13.1,25.8,-13.8,25.9,-9.3,26.0,-11.1,25.3
2367.267,-13.1,25.8,-13.8,25.8,-9.3,25.9,-11.1,25.2
2368.267,-13.1,25.7,-13.9,25.8,-9.5,25.8,-11.3,25.2
2369.267,-13.1,25.7,-13.8,25.7,-9.4,25.8,-11.2,25.2
2370.267,-13.1,25.6,-13.8,25.7,-9.4,25.7,-11.1,25.2
2371.267,-13.2,25.6,-13.9,25.6,-9.3,25.7,-11.1,25.1
2372.267,-12.9,25.5,-13.7,25.6,-9.2,25.6,-10.9,25.1
2373.267,-12.9,25.5,-13.8,25.5,-9.4,25.6,-11.2,25.0
2374.267,-13.0,25.5,-13.7,25.5,-9.2,25.6,-10.9,25.0
2375.267,-13.0,25.4,-13.7,25.4,-9.2,25.5,-11.0,25.0
2376.267,-12.9,25.4,-13.7,25.4,-9.2,25.5,-11.0,25.0
2377.267,-12.9,25.4,-13.7,25.4,-9.2,25.4,-11.0,25.0
2378.267,-12.9,25.4,-13.7,25.4,-9.3,25.4,-11.1,25.0
2379.267,-12.8,25.3,-13.6,25.3,-9.2,25.4,-11.0,24.9
2380.267,-13.0,25.3,-13.8,25.3,-9.3,25.4,-11.1,24.9
2381.267,-13.2,25.3,-13.8,25.3,-9.3,25.4,-11.0,24.9
2382.267,-13.1,25.3,-13.8,25.3,-9.3,25.3,-11.0,24.9
2383.267,-13.1,25.3,-13.8,25.3,-9.3,25.3,-11.0,24.9
2384.267,-13.0,25.3,-13.7,25.2,-9.3,25.3,-11.0,24.9
2385.267,-13.0,25.3,-13.8,25.2,-9.3,25.3,-11.0,24.9
2386.267,-13.2,25.3,-13.8,25.2,-9.2,25.3,-10.9,24.9
2387.267,-13.1,25.3,-13.8,25.2,-9.4,25.3,-11.1,24.9
2388.268,-12.9,25.2,-13.8,25.2,-9.4,25.3,-11.2,24.9
2389.268,-13.2,25.3,-13.9,25.2,-9.4,25.3,-11.1,24.9
2390.268,-13.2,25.2,-13.9,25.2,-9.3,25.3,-11.0,24.8
2391.268,-13.2,25.2,-13.8,25.2,-9.2,25.3,-10.9,24.9
2392.268,-13.1,25.2,-13.9,25.2,-9.5,25.2,-11.3,24.8
2393.268,-13.2,25.2,-13.9,25.2,-9.3,25.2,-11.1,24.8
2394.268,-13.3,25.2,-14.0,25.1,-9.4,25.3,-11.1,24.8
2395.268,-13.3,25.2,-13.9,25.1,-9.4,25.2,-11.1,24.8
2396.268,-13.1,25.2,-13.9,25.2,-9.4,25.3,-11.1,24.8
2397.268,-13.0,25.2,-13.8,25.1,-9.4,25.3,-11.2,24.8
2398.268,-13.1,25.2,-13.8,25.1,-9.3,25.2,-11.0,24.8
2399.268,-13.2,25.2,-13.9,25.1,-9.4,25.2,-11.1,24.8
2400.268,-13.1,25.2,-13.8,25.1,-9.3,25.2,-11.0,24.8
2401.268,-13.1,25.2,-13.8,25.1,-9.3,25.2,-11.1,24.8
2402.268,-12.9,25.2,-13.8,25.1,-9.3,25.2,-11.1,24.8
2403.268,-13.0,25.2,-13.8,25.1,-8.4,25.2,-11.0,24.8
2404.268,-10.9,25.2,-13.8,25.1,-7.5,25.3,-9.9,24.8
2405.268,-10.9,25.3,-13.6,25.1,-7.9,25.3,-9.1,24.8
2406.268,-11.6,25.2,-12.2,25.1,-7.8,25.3,-9.5,24.8
2407.268,-11.3,25.2,-11.5,25.2,-7.9,25.2,-8.4,24.8
2408.268,-11.6,25.2,-12.5,25.1,-8.0,25.2,-9.6,24.8
2409.268,-11.5,25.2,-11.6,25.1,-8.2,25.2,-9.9,24.8
2410.268,-11.9,25.2,-12.0,25.1,-8.6,25.2,-10.0,24.8
2411.268,-4.5,25.3,-4.2,25.3,-3.4,25.4,-4.0,24.9
2412.268,0.1,25.8,-0.2,25.7,0.0,25.8,-0.0,25.3
2413.268,0.9,26.1,-0.1,26.0,0.1,26.1,0.1,25.6
2414.268,2.3,25.9,0.1,26.2,0.4,26.3,0.1,25.8
2415.268,3.9,25.8,2.7,26.1,2.7,26.0,2.3,25.8
2416.268,7.8,25.5,7.6,25.5,5.8,25.5,7.0,25.2
2417.268,7.2,25.4,6.4,25.3,4.6,25.4,6.0,25.1
2418.270,5.8,25.5,5.7,25.4,3.7,25.5,4.5,25.1
2419.270,9.9,25.4,9.1,25.3,5.9,25.4,7.1,25.1
2420.270,10.2,25.2,9.7,25.2,7.3,25.3,9.0,24.9
2421.270,12.0,25.2,11.7,25.1,8.3,25.2,10.7,24.9
2422.270,10.4,25.2,11.1,25.1,7.4,25.2,9.9,24.8
2423.270,11.0,25.2,12.5,25.1,7.3,25.2,10.2,24.8
2424.270,11.8,25.2,12.6,25.1,7.4,25.2,11.0,24.8
2425.272,12.7,25.2,12.4,25.1,8.9,25.2,11.3,24.8
2426.272,12.6,25.2,12.4,25.1,9.0,25.2,11.6,24.8
2427.272,12.4,25.2,12.1,25.1,8.8,25.2,11.1,24.8
2428.272,13.2,25.2,12.9,25.1,9.3,25.2,11.7,24.8
2429.272,12.3,25.2,12.0,25.2,8.5,25.3,10.8,24.8
2430.272,12.5,25.2,12.3,25.2,8.7,25.3,11.0,24.9
2431.272,12.0,25.2,11.7,25.2,8.3,25.3,10.5,24.9
2432.272,12.2,25.3,12.0,25.2,8.6,25.3,11.0,24.9
2433.272,12.9,25.3,12.6,25.2,9.1,25.3,11.5,24.9
2434.272,12.5,25.3,12.3,25.3,8.8,25.3,11.2,24.9
2435.272,12.5,25.3,12.3,25.3,8.8,25.4,11.1,24.9
2436.272,12.6,25.4,12.1,25.3,8.4,25.4,10.5,24.9
2437.272,12.5,25.4,12.3,25.3,8.8,25.4,11.1,24.9
2438.272,12.4,25.4,12.2,25.4,8.7,25.4,11.1,25.0
2439.272,12.4,25.5,12.2,25.4,8.7,25.5,11.1,25.0
2440.272,12.6,25.5,12.3,25.4,8.8,25.5,11.1,25.0
2441.272,12.4,25.5,12.2,25.5,8.8,25.5,11.2,25.0
2442.272,12.6,25.5,12.3,25.5,8.8,25.5,11.1,25.0
2443.272,12.4,25.6,12.2,25.5,8.7,25.6,11.1,25.0
2444.272,12.8,25.6,12.5,25.6,8.9,25.6,11.2,25.0
2445.272,12.6,25.6,12.3,25.6,8.8,25.6,11.2,25.0
2446.272,12.8,25.6,12.5,25.6,9.0,25.6,11.4,25.1
2447.272,12.8,25.6,12.4,25.7,8.8,25.7,11.1,25.1
2448.272,12.6,25.7,12.3,25.7,8.8,25.7,11.1,25.1
2449.272,12.6,25.7,12.3,25.8,8.8,25.8,11.1,25.2
2450.272,12.4,25.7,12.2,25.8,8.7,25.8,11.0,25.1
2451.272,12.6,25.7,12.3,25.8,8.8,25.8,11.1,25.1
2452.272,12.6,25.8,12.3,25.8,8.7,25.8,11.0,25.2
2453.272,12.5,25.8,12.3,25.9,8.9,25.9,11.3,25.2
2454.272,12.8,25.8,12.5,25.9,8.9,25.9,11.2,25.2
2455.272,12.8,25.8,12.4,25.9,8.7,25.9,10.9,25.2
2456.272,12.7,25.9,12.5,26.0,9.0,26.0,11.5,25.2
2457.272,12.6,25.9,12.3,26.0,8.8,26.0,11.1,25.3
2458.272,12.5,25.9,12.3,26.0,8.9,26.0,11.3,25.3
2459.272,12.9,25.9,12.7,26.0,9.2,26.1,11.7,25.3
2460.272,12.8,25.9,12.5,26.1,8.9,26.1,11.3,25.3
2461.272,12.6,25.9,12.4,26.1,8.9,26.1,11.3,25.3
2462.272,12.7,26.0,12.4,26.1,8.9,26.2,11.3,25.4
2463.272,12.6,26.0,12.3,26.2,8.7,26.2,11.1,25.4
2464.272,12.5,26.0,12.3,26.2,8.8,26.2,11.2,25.4
2465.274,13.0,26.0,12.3,26.2,9.1,26.2,11.4,25.4
2466.274,12.6,26.0,12.0,26.2,8.8,26.3,11.1,25.4
2467.274,5.3,26.2,5.1,26.4,3.7,26.4,5.1,25.5
2468.274,-0.1,26.6,-0.2,26.7,-0.1,26.8,-0.1,25.9
2469.274,-0.5,26.8,-0.1,26.9,-0.2,27.0,-0.6,26.1
2470.274,-3.3,26.6,-0.0,27.0,-0.2,27.1,-2.1,26.0
2471.274,-2.7,26.4,-1.2,27.1,-1.3,26.9,-2.4,25.8
2472.274,-4.6,26.3,-4.9,26.6,-3.6,26.5,-5.0,25.7
2473.274,-7.2,26.1,-7.5,26.3,-5.1,26.3,-6.7,25.5
2474.274,-13.1,25.9,-13.0,26.1,-8.8,26.1,-10.3,25.4
2475.274,-12.8,25.8,-13.9,26.0,-9.3,26.0,-11.1,25.3
2476.274,-13.1,25.8,-13.8,25.9,-9.3,26.0,-11.0,25.3
2477.274,-13.0,25.8,-13.7,25.9,-9.3,25.9,-11.1,25.3
2478.274,-12.9,25.8,-13.8,25.8,-9.4,25.9,-11.2,25.2
2479.274,-13.0,25.7,-13.8,25.8,-9.4,25.8,-11.2,25.2
2480.274,-13.2,25.7,-13.9,25.7,-9.4,25.8,-11.2,25.2
2481.274,-13.1,25.6,-13.9,25.7,-9.4,25.7,-11.2,25.1
2482.276,-13.0,25.6,-13.8,25.6,-9.3,25.7,-11.0,25.1
2483.276,-13.1,25.5,-13.9,25.6,-9.4,25.6,-11.1,25.1
2484.276,-12.8,25.5,-13.6,25.5,-9.1,25.6,-10.9,25.0
2485.278,-13.0,25.4,-13.8,25.5,-9.3,25.5,-11.0,25.0
2486.278,-12.9,25.4,-13.7,25.5,-9.2,25.5,-10.9,25.0
2487.278,-12.9,25.4,-13.7,25.4,-9.3,25.5,-11.1,25.0
2488.278,-12.9,25.4,-13.7,25.4,-9.3,25.4,-11.0,24.9
2489.278,-12.8,25.3,-13.6,25.3,-9.2,25.4,-10.9,24.9
2490.278,-12.9,25.3,-13.8,25.3,-9.3,25.4,-11.2,24.9
2491.278,-12.8,25.3,-13.7,25.3,-9.3,25.4,-11.1,24.9
2492.278,-13.1,25.3,-13.9,25.3,-9.3,25.3,-11.1,24.9
2493.278,-13.1,25.3,-13.8,25.3,-9.3,25.3,-11.0,24.9
2494.278,-12.9,25.2,-13.7,25.2,-9.1,25.3,-10.8,24.9
2495.278,-13.1,25.2,-13.9,25.2,-9.4,25.3,-11.2,24.9
2496.278,-12.9,25.2,-13.7,25.2,-9.2,25.3,-11.0,24.9
2497.278,-12.9,25.2,-13.7,25.2,-9.2,25.3,-11.0,24.8
2498.278,-13.1,25.2,-13.9,25.2,-9.3,25.2,-11.0,24.9
2499.278,-12.8,25.2,-13.6,25.2,-9.2,25.3,-11.0,24.8
2500.278,-13.0,25.2,-13.9,25.2,-9.5,25.2,-11.3,24.8
2501.278,-13.2,25.2,-13.9,25.1,-9.4,25.2,-11.0,24.8
2502.278,-13.0,25.2,-13.8,25.1,-9.3,25.2,-11.0,24.8
2503.278,-13.1,25.2,-13.8,25.1,-9.3,25.2,-11.1,24.8
2504.278,-13.0,25.2,-13.8,25.1,-9.3,25.2,-11.0,24.8
2505.278,-13.2,25.2,-14.0,25.1,-9.4,25.2,-11.1,24.8
2506.278,-13.3,25.2,-14.0,25.1,-9.4,25.2,-11.1,24.8
2507.278,-13.3,25.2,-14.0,25.1,-9.4,25.2,-11.1,24.8
2508.278,-12.9,25.2,-13.7,25.1,-9.3,25.2,-11.1,24.8
2509.278,-13.0,25.2,-13.7,25.1,-9.2,25.2,-10.9,24.8
2510.278,-13.2,25.2,-14.0,25.1,-9.5,25.2,-11.3,24.8
2511.278,-13.2,25.2,-13.8,25.1,-9.3,25.2,-11.0,24.8
2512.278,-13.1,25.2,-13.8,25.1,-9.3,25.2,-11.0,24.8
2513.278,-13.2,25.2,-14.0,25.1,-9.4,25.2,-11.2,24.8
2514.278,-12.7,25.2,-13.5,25.1,-9.1,25.2,-11.0,24.8
2515.278,-12.9,25.1,-13.8,25.1,-7.9,25.2,-11.1,24.8
2516.278,-10.9,25.2,-13.8,25.1,-7.6,25.2,-9.4,24.8
2517.278,-11.0,25.2,-13.7,25.1,-8.2,25.2,-8.3,24.8
2518.278,-10.9,25.2,-11.4,25.1,-7.5,25.2,-9.2,24.8
2519.278,-11.5,25.2,-11.8,25.1,-7.9,25.2,-9.3,24.8
2520.278,-11.5,25.2,-12.2,25.1,-8.0,25.2,-10.7,24.8
2521.278,-11.5,25.2,-11.7,25.1,-8.3,25.2,-10.0,24.8
2522.278,-12.3,25.2,-12.2,25.1,-8.9,25.2,-10.2,24.8
2523.279,-1.8,25.4,-1.6,25.3,-1.2,25.4,-1.5,25.0
2524.279,0.0,25.9,-0.2,25.7,0.0,25.9,0.1,25.4
2525.281,1.0,26.1,-0.2,25.9,0.1,26.1,0.4,25.6
2526.281,2.3,25.9,0.1,26.1,0.4,26.3,2.4,25.5
2527.281,4.5,25.7,3.6,26.1,3.2,25.9,4.3,25.3
2528.281,7.9,25.4,7.5,25.5,5.8,25.5,6.8,25.1
2529.281,6.4,25.4,5.7,25.3,4.0,25.4,5.1,25.0
2530.281,5.8,25.4,5.7,25.3,3.4,25.4,4.4,25.0
2531.281,10.4,25.3,9.8,25.3,6.7,25.4,7.9,25.0
2532.281,11.2,25.2,10.6,25.1,8.1,25.2,9.8,24.9
2533.281,10.9,25.1,11.0,25.1,7.6,25.2,10.1,24.8
2534.281,11.0,25.2,11.8,25.1,7.7,25.2,9.7,24.8
2535.281,11.4,25.2,12.5,25.0,7.3,25.2,9.8,24.8
2536.281,11.4,25.1,12.5,25.0,7.3,25.2,10.9,24.8
2537.281,12.8,25.1,12.5,25.0,8.9,25.2,11.2,24.8
2538.281,12.2,25.1,12.1,25.1,8.8,25.2,11.4,24.8
2539.281,12.7,25.1,12.4,25.1,9.0,25.2,11.3,24.8
2540.281,12.8,25.1,12.6,25.1,9.1,25.2,11.4,24.8
2541.281,12.5,25.2,12.2,25.1,8.6,25.2,10.9,24.8
2542.281,12.5,25.2,12.2,25.1,8.6,25.2,10.9,24.8
2543.281,12.1,25.2,11.8,25.2,8.3,25.3,10.4,24.9
2544.281,12.3,25.2,12.0,25.2,8.5,25.3,10.8,24.8
2545.281,12.7,25.3,12.5,25.2,9.0,25.3,11.4,24.9
2546.281,12.7,25.3,12.4,25.2,8.9,25.3,11.2,24.9
2547.281,12.9,25.3,12.7,25.2,9.2,25.3,11.6,24.9
2548.281,12.6,25.3,12.4,25.3,8.8,25.3,11.2,24.9
2549.281,12.6,25.4,12.3,25.3,8.7,25.4,11.0,24.9
2550.281,12.2,25.4,12.0,25.3,8.6,25.4,10.9,24.9
2551.281,12.5,25.4,12.3,25.3,8.9,25.4,11.3,24.9
2552.283,12.3,25.4,12.2,25.4,8.8,25.4,11.2,24.9
2553.283,12.4,25.5,12.2,25.4,8.7,25.5,11.1,25.0
2554.283,12.6,25.5,12.3,25.5,8.7,25.5,10.9,25.0
2555.283,12.3,25.5,12.1,25.5,8.6,25.5,11.0,25.0
2556.283,12.6,25.6,12.4,25.5,8.9,25.6,11.3,25.0
2557.283,12.4,25.6,12.0,25.6,8.5,25.6,10.6,25.0
2558.283,12.8,25.6,12.5,25.6,8.9,25.6,11.3,25.0
2559.283,12.9,25.6,12.5,25.6,8.9,25.7,11.1,25.0
2560.283,13.1,25.6,12.7,25.7,9.0,25.7,11.2,25.1
2561.283,12.6,25.7,12.4,25.7,8.9,25.7,11.4,25.1
2562.283,12.5,25.7,12.3,25.7,8.7,25.8,11.0,25.1
2563.283,12.5,25.7,12.3,25.8,8.8,25.8,11.2,25.1
2564.283,12.5,25.7,12.3,25.8,8.8,25.8,11.3,25.2
2565.283,12.6,25.8,12.2,25.8,8.6,25.9,10.7,25.2
2566.283,12.9,25.8,12.6,25.9,9.1,25.9,11.5,25.2
2567.283,12.6,25.8,12.3,25.9,8.8,25.9,11.2,25.2
2568.285,12.5,25.8,12.3,25.9,8.8,25.9,11.2,25.2
2569.285,12.5,25.8,12.3,26.0,8.8,26.0,11.2,25.3
2570.285,12.4,25.8,12.2,26.0,8.8,26.0,11.3,25.2
2571.285,12.7,25.9,12.4,26.0,8.8,26.0,11.1,25.3
2572.285,12.8,25.9,12.5,26.0,9.0,26.1,11.4,25.3
2573.285,12.8,25.9,12.5,26.1,8.9,26.1,11.3,25.3
2574.285,12.7,25.9,12.6,26.1,9.1,26.1,11.6,25.3
2575.285,12.6,25.9,12.3,26.1,8.8,26.2,11.2,25.4
2576.285,12.7,26.0,12.4,26.1,8.9,26.2,11.2,25.4
2577.285,13.1,26.0,12.4,26.2,9.1,26.2,11.5,25.4
2578.285,12.5,26.0,11.9,26.2,8.7,26.2,11.0,25.4
2579.285,4.1,26.1,4.0,26.4,2.9,26.4,4.0,25.5
2580.285,-0.1,26.5,-0.2,26.7,-0.1,26.8,-0.1,25.9
2581.285,-0.5,26.8,-0.2,26.9,-0.2,27.0,-0.5,26.1
2582.285,-2.9,26.6,-0.0,27.0,-0.1,27.0,-1.8,26.0
2583.285,-3.0,26.4,-1.1,27.0,-1.2,26.9,-2.4,25.8
2584.285,-4.4,26.2,-4.4,26.6,-3.1,26.6,-4.3,25.7
2585.285,-6.4,26.1,-6.9,26.3,-4.9,26.2,-6.7,25.5
2586.285,-12.0,25.9,-11.8,26.1,-8.0,26.1,-9.4,25.4
2587.285,-12.8,25.8,-13.7,26.0,-9.3,26.0,-11.0,25.3
2588.285,-13.0,25.8,-14.0,25.9,-9.3,26.0,-11.0,25.3
2589.285,-13.0,25.8,-13.7,25.9,-9.3,25.9,-11.1,25.2
2590.285,-13.0,25.7,-13.8,25.8,-9.4,25.9,-11.1,25.2
2591.285,-13.1,25.7,-13.8,25.8,-9.4,25.8,-11.1,25.2
2592.285,-13.1,25.6,-13.9,25.7,-9.4,25.8,-11.2,25.1
2593.285,-13.1,25.6,-13.9,25.7,-9.4,25.7,-11.1,25.1
2594.285,-12.9,25.6,-13.7,25.6,-9.2,25.7,-11.0,25.1
2595.285,-13.1,25.5,-13.9,25.6,-9.4,25.6,-11.1,25.0
2596.285,-12.9,25.5,-13.7,25.5,-9.3,25.6,-11.1,25.0
2597.285,-12.9,25.4,-13.8,25.5,-9.4,25.5,-11.1,25.0
2598.285,-12.9,25.4,-13.6,25.4,-9.1,25.5,-10.8,25.0
2599.285,-12.9,25.4,-13.7,25.4,-9.2,25.4,-11.0,25.0
2600.285,-12.9,25.3,-13.7,25.4,-9.2,25.4,-11.0,24.9
2601.285,-12.9,25.3,-13.8,25.3,-9.3,25.4,-11.1,24.9
2602.285,-12.9,25.3,-13.7,25.3,-9.3,25.3,-11.1,24.9
2603.285,-12.7,25.3,-13.5,25.3,-9.1,25.3,-10.9,24.9
2604.285,-13.0,25.3,-13.8,25.2,-9.3,25.3,-11.1,24.9
2605.285,-13.1,25.2,-13.9,25.2,-9.3,25.3,-11.0,24.9
2606.293,-13.0,25.2,-13.8,25.2,-9.3,25.3,-11.0,24.8
2607.293,-13.0,25.2,-13.8,25.2,-9.3,25.3,-11.0,24.8
2608.293,-12.8,25.2,-13.6,25.2,-9.1,25.2,-10.9,24.8
2609.295,-13.0,25.2,-13.8,25.2,-9.3,25.2,-11.1,24.8
2610.365,-13.1,25.2,-13.9,25.2,-9.3,25.2,-11.0,24.8
2611.365,-13.0,25.2,-13.8,25.1,-9.4,25.2,-11.1,24.8
2612.365,-12.8,25.2,-13.8,25.1,-9.4,25.2,-11.2,24.8
2613.382,-13.0,25.2,-13.8,25.1,-9.3,25.2,-11.0,24.8
2614.382,-13.1,25.2,-13.8,25.1,-9.3,25.2,-11.1,24.8
2615.498,-13.1,25.2,-13.8,25.1,-9.3,25.2,-11.0,24.8
2616.498,-13.0,25.2,-13.9,25.1,-9.4,25.2,-11.3,24.8
2617.498,-13.0,25.2,-13.7,25.1,-9.2,25.2,-10.9,24.8
2618.498,-13.3,25.1,-14.0,25.1,-9.3,25.2,-11.0,24.8
2619.498,-13.2,25.2,-14.0,25.1,-9.5,25.2,-11.3,24.8
2620.498,-13.0,25.2,-13.8,25.1,-9.3,25.2,-11.1,24.8
2621.498,-13.0,25.1,-13.7,25.1,-9.2,25.2,-11.0,24.8
2622.498,-13.0,25.2,-13.8,25.1,-9.4,25.2,-11.2,24.8
2623.498,-13.3,25.1,-14.0,25.1,-9.4,25.2,-11.0,24.8
2624.498,-13.2,25.1,-14.0,25.1,-9.5,25.2,-11.3,24.8
2625.506,-13.2,25.1,-14.0,25.1,-9.5,25.2,-11.2,24.7
2626.506,-12.6,25.1,-13.2,25.1,-8.8,25.2,-10.5,24.8
2627.511,-12.7,25.1,-13.8,25.1,-7.7,25.2,-10.9,24.7
2628.511,-10.9,25.2,-13.9,25.0,-7.7,25.2,-9.5,24.8
2629.511,-11.0,25.2,-13.8,25.0,-8.2,25.2,-8.3,24.8
2630.511,-11.3,25.2,-11.7,25.1,-7.5,25.2,-9.1,24.8
2631.511,-11.3,25.2,-11.4,25.1,-7.8,25.2,-9.0,24.8
2632.511,-11.5,25.1,-12.1,25.1,-8.0,25.2,-10.7,24.7
2633.511,-11.8,25.1,-12.0,25.1,-8.6,25.1,-10.0,24.8
2634.511,-12.2,25.1,-12.1,25.0,-8.8,25.1,-10.4,24.7
2635.511,-0.5,25.4,-0.7,25.3,-0.6,25.4,-0.9,25.0
2636.511,0.5,25.9,-0.1,25.8,0.0,25.9,0.2,25.4
2637.511,2.1,25.9,-0.1,26.0,0.2,26.1,0.8,25.6
2638.511,1.6,25.9,0.3,26.1,0.9,26.2,2.5,25.4
2639.511,5.7,25.6,5.2,25.8,4.3,25.7,5.5,25.2
2640.511,8.5,25.4,8.2,25.3,6.0,25.4,7.6,25.0
2641.511,6.0,25.4,5.9,25.3,3.9,25.4,5.2,25.0
2642.511,5.8,25.4,5.9,25.3,3.5,25.4,4.5,25.1
2643.511,11.8,25.2,10.6,25.2,8.1,25.3,9.5,24.9
2644.511,10.0,25.2,9.3,25.1,6.2,25.2,7.9,24.8
2645.511,11.5,25.2,11.2,25.1,8.1,25.2,10.4,24.8
2646.519,11.1,25.2,12.7,25.0,7.7,25.2,9.5,24.8
2647.519,10.8,25.1,12.6,25.0,7.4,25.2,9.9,24.8
2648.519,13.2,25.1,13.0,25.0,8.3,25.2,12.2,24.8
2649.519,12.7,25.1,12.4,25.0,9.1,25.1,11.3,24.8
2650.523,11.8,25.1,11.7,25.1,8.5,25.1,10.9,24.8
2651.523,12.5,25.2,12.2,25.1,8.7,25.2,10.9,24.8
2652.523,12.7,25.2,12.4,25.1,8.9,25.2,11.2,24.8
2653.523,12.8,25.2,12.6,25.1,9.1,25.2,11.6,24.8
2654.523,12.4,25.2,12.2,25.1,8.7,25.2,11.0,24.8
2655.523,12.3,25.2,12.1,25.2,8.6,25.2,11.0,24.8
2656.523,12.4,25.2,12.2,25.2,8.7,25.3,10.9,24.8
2657.523,12.7,25.3,12.3,25.2,8.6,25.3,10.8,24.8
2658.523,12.7,25.3,12.4,25.2,8.9,25.3,11.2,24.9
2659.523,12.7,25.3,12.4,25.2,8.8,25.3,11.1,24.9
2660.523,12.5,25.3,12.3,25.3,8.7,25.3,11.0,24.9
2661.523,12.6,25.4,12.3,25.3,8.8,25.4,11.1,24.9
2662.523,12.5,25.4,12.4,25.3,9.0,25.4,11.6,24.9
2663.523,12.4,25.4,12.2,25.4,8.7,25.4,11.1,24.9
2664.523,12.1,25.5,11.9,25.4,8.4,25.4,10.6,24.9
2665.523,12.3,25.5,12.1,25.4,8.6,25.5,10.8,25.0
2666.523,12.6,25.5,12.3,25.5,8.8,25.5,11.1,25.0
2667.523,12.9,25.5,12.7,25.5,9.2,25.5,11.8,25.0
2668.523,12.5,25.6,12.4,25.5,8.9,25.5,11.3,25.0
2669.524,12.7,25.6,12.4,25.6,8.9,25.6,11.2,25.0
2670.524,12.6,25.6,12.2,25.6,8.6,25.6,10.7,25.0
2671.524,12.7,25.6,12.4,25.7,8.7,25.7,11.0,25.0
2672.524,12.6,25.7,12.3,25.7,8.8,25.7,11.2,25.1
2673.524,12.5,25.7,12.3,25.7,8.8,25.7,11.1,25.1
2674.524,12.5,25.7,12.3,25.7,8.7,25.7,11.1,25.1
2675.524,12.8,25.7,12.4,25.8,8.8,25.8,11.0,25.1
2676.524,12.8,25.7,12.6,25.8,9.2,25.8,11.7,25.1
2677.524,12.6,25.8,12.4,25.8,8.9,25.8,11.2,25.2
2678.524,12.4,25.8,12.1,25.9,8.5,25.9,10.8,25.2
2679.524,12.5,25.8,12.2,25.9,8.7,25.9,11.0,25.2
2680.524,12.5,25.8,12.4,25.9,8.9,25.9,11.4,25.2
2681.525,12.9,25.8,12.7,26.0,9.3,26.0,11.9,25.2
2682.529,12.8,25.8,12.6,26.0,9.1,26.0,11.5,25.2
2683.529,13.0,25.9,12.7,26.0,9.1,26.0,11.4,25.3
2684.529,12.4,25.9,12.0,26.0,8.4,26.1,10.7,25.3
2685.529,12.7,25.9,12.4,26.1,8.8,26.1,11.1,25.3
2686.529,12.5,25.9,12.3,26.1,8.7,26.1,11.1,25.3
2687.529,12.5,25.9,12.3,26.1,8.8,26.1,11.2,25.4
2688.529,13.0,25.9,12.7,26.1,9.1,26.2,11.4,25.4
2689.529,13.2,26.0,12.4,26.2,9.3,26.2,11.8,25.4
2690.529,11.3,26.0,10.8,26.2,8.0,26.2,10.3,25.4
2691.529,0.5,26.3,0.5,26.5,0.4,26.5,0.8,25.7
2692.529,-0.2,26.6,-0.2,26.8,-0.2,26.8,-0.3,25.9
2693.529,-1.6,26.7,-0.1,26.9,-0.2,27.0,-0.9,26.0
2694.529,-3.5,26.4,-0.4,27.0,-0.7,27.0,-2.7,25.8
2695.529,-3.5,26.3,-3.0,26.8,-2.2,26.7,-3.2,25.7
2696.529,-6.1,26.1,-6.8,26.3,-4.9,26.3,-6.7,25.5
2697.529,-10.5,25.9,-10.2,26.1,-6.7,26.2,-8.0,25.4
2698.529,-12.7,25.8,-13.1,26.0,-9.2,26.0,-11.0,25.3
2699.531,-12.9,25.8,-14.2,25.9,-9.3,26.0,-11.1,25.2
2700.531,-13.1,25.7,-13.8,25.9,-9.4,25.9,-11.1,25.2
2701.531,-13.0,25.7,-13.7,25.8,-9.3,25.9,-11.0,25.2
2702.531,-13.0,25.7,-13.8,25.8,-9.4,25.8,-11.2,25.2
2703.531,-13.1,25.6,-13.9,25.7,-9.4,25.8,-11.1,25.1
2704.532,-13.1,25.6,-13.9,25.7,-9.4,25.7,-11.2,25.1
2705.532,-13.0,25.5,-13.8,25.6,-9.3,25.6,-11.0,25.1
2706.532,-13.0,25.5,-13.8,25.6,-9.3,25.6,-11.1,25.0
2707.532,-13.0,25.4,-13.8,25.5,-9.3,25.5,-11.0,25.0
2708.532,-12.9,25.4,-13.7,25.5,-9.3,25.5,-11.0,25.0
2709.538,-12.9,25.4,-13.7,25.4,-9.2,25.4,-10.9,25.0
2710.538,-12.8,25.4,-13.6,25.4,-9.2,25.4,-10.9,24.9
2711.538,-12.9,25.3,-13.7,25.4,-9.3,25.4,-11.0,24.9
2712.538,-12.9,25.3,-13.7,25.3,-9.2,25.4,-11.0,24.9
2713.538,-12.9,25.3,-13.7,25.3,-9.3,25.3,-11.1,24.9
2714.538,-12.7,25.3,-13.6,25.3,-9.2,25.3,-11.0,24.9
2715.538,-13.0,25.2,-13.8,25.2,-9.4,25.3,-11.1,24.8
2716.538,-13.0,25.2,-13.8,25.2,-9.3,25.3,-11.1,24.9
2717.538,-13.0,25.2,-13.7,25.2,-9.2,25.3,-10.9,24.8
2718.538,-13.1,25.2,-13.8,25.2,-9.3,25.3,-11.0,24.8
2719.538,-12.9,25.2,-13.8,25.2,-9.3,25.2,-11.1,24.8
2720.538,-12.8,25.2,-13.7,25.1,-9.2,25.2,-11.0,24.8
2721.538,-13.0,25.2,-13.7,25.1,-9.3,25.2,-11.0,24.8
2722.538,-13.2,25.2,-13.9,25.1,-9.3,25.2,-11.0,24.8
2723.538,-12.9,25.2,-13.7,25.1,-9.4,25.2,-11.2,24.8
2724.586,-13.1,25.2,-13.9,25.1,-9.4,25.2,-11.2,24.8
2725.586,-13.1,25.2,-13.8,25.1,-9.3,25.2,-11.0,24.8
2726.586,-13.1,25.2,-13.8,25.1,-9.3,25.2,-11.0,24.8
2727.586,-13.0,25.2,-13.8,25.1,-9.4,25.2,-11.2,24.8
2728.586,-13.0,25.1,-13.8,25.1,-9.4,25.2,-11.2,24.8
2729.586,-13.2,25.1,-13.9,25.1,-9.3,25.2,-11.0,24.8
2730.586,-13.3,25.1,-14.0,25.1,-9.4,25.2,-11.1,24.8
2731.586,-13.0,25.1,-13.8,25.1,-9.3,25.2,-11.1,24.8
2732.586,-13.1,25.1,-13.8,25.0,-9.3,25.2,-11.1,24.7
2733.586,-13.0,25.1,-13.7,25.0,-9.2,25.2,-10.9,24.8
2734.586,-13.2,25.1,-13.9,25.1,-9.4,25.1,-11.1,24.7
2735.587,-13.1,25.1,-13.9,25.0,-9.4,25.2,-11.1,24.7
2736.587,-13.3,25.1,-14.1,25.0,-9.5,25.1,-11.3,24.7
2737.587,-12.9,25.1,-13.6,25.0,-9.1,25.1,-10.8,24.7
2738.587,-12.9,25.1,-13.7,25.0,-9.0,25.1,-11.1,24.7
2739.587,-11.7,25.1,-13.8,25.0,-7.3,25.2,-10.0,24.7
2740.587,-10.7,25.2,-13.8,25.0,-7.6,25.2,-8.8,24.8
2741.587,-11.8,25.1,-12.6,25.0,-7.9,25.2,-8.8,24.8
2742.587,-11.1,25.1,-11.5,25.1,-7.7,25.2,-9.5,24.8
2743.587,-11.3,25.1,-12.0,25.0,-7.9,25.2,-9.6,24.7
2744.587,-11.4,25.1,-11.7,25.0,-8.1,25.1,-10.4,24.7
2745.587,-12.0,25.1,-12.1,25.0,-8.6,25.1,-10.1,24.7
2746.588,-8.1,25.2,-7.5,25.1,-5.7,25.2,-6.5,24.8
2747.588,-0.0,25.6,-0.6,25.5,-0.1,25.6,-0.4,25.1
2748.588,0.2,26.0,-0.1,25.8,0.0,26.0,0.2,25.4
2749.588,2.6,26.0,-0.0,26.0,0.2,26.2,1.5,25.5
2750.588,2.2,25.8,0.5,26.1,1.3,26.1,2.7,25.3
2751.588,6.4,25.6,6.4,25.7,4.9,25.6,6.1,25.1
2752.588,8.0,25.3,7.6,25.3,5.4,25.4,6.9,24.9
2753.588,5.9,25.4,5.6,25.3,3.6,25.4,4.9,25.0
2754.588,7.5,25.4,6.9,25.3,4.2,25.4,4.6,25.0
2755.588,10.8,25.2,10.2,25.1,8.2,25.3,10.2,24.9
2756.588,11.3,25.1,10.4,25.0,7.5,25.2,9.5,24.8
2757.588,11.0,25.1,11.0,25.0,7.7,25.1,10.1,24.8
2758.588,11.4,25.1,12.7,25.0,7.7,25.1,9.5,24.8
2759.588,10.5,25.1,12.7,25.0,7.8,25.2,10.6,24.7
2760.588,12.9,25.1,12.4,25.0,7.8,25.2,11.1,24.7
2761.588,12.3,25.1,12.2,25.0,8.8,25.1,11.2,24.7
2762.590,12.2,25.1,11.9,25.0,8.5,25.1,10.8,24.8
2763.590,13.1,25.1,12.8,25.0,9.3,25.1,11.7,24.8
2764.590,12.6,25.1,12.5,25.1,9.1,25.2,11.6,24.8
2765.590,12.4,25.1,12.2,25.1,8.8,25.2,11.2,24.8
2766.590,12.0,25.2,11.7,25.1,8.2,25.2,10.3,24.8
2767.590,12.4,25.2,12.2,25.1,8.8,25.2,11.1,24.8
2768.592,12.5,25.2,12.2,25.1,8.5,25.2,10.7,24.8
2769.592,12.7,25.2,12.5,25.1,9.0,25.2,11.4,24.8
2770.592,12.7,25.2,12.3,25.2,8.8,25.3,11.0,24.8
2771.592,12.5,25.3,12.2,25.2,8.8,25.3,11.1,24.9
2772.592,12.6,25.3,12.5,25.2,8.9,25.3,11.2,24.8
2773.592,12.9,25.3,12.5,25.3,9.0,25.3,11.4,24.9
2774.592,12.5,25.4,12.2,25.3,8.7,25.4,11.0,24.9
2775.592,12.3,25.4,12.0,25.3,8.6,25.4,10.9,24.9
2776.592,12.1,25.4,11.8,25.4,8.3,25.4,10.5,24.9
2777.592,12.9,25.4,12.7,25.4,9.2,25.4,11.8,24.9
2778.592,12.3,25.5,12.2,25.4,8.9,25.5,11.4,24.9
2779.592,12.3,25.5,12.1,25.5,8.6,25.5,10.9,25.0
2780.592,12.5,25.5,12.2,25.5,8.7,25.5,11.0,25.0
2781.592,12.7,25.5,12.4,25.5,8.8,25.5,11.1,25.0
2782.618,12.8,25.6,12.5,25.6,8.9,25.6,11.2,25.0
2783.618,12.7,25.6,12.4,25.6,8.8,25.6,11.0,25.0
2784.618,12.5,25.6,12.2,25.6,8.8,25.6,11.2,25.0
2785.618,12.6,25.6,12.3,25.7,8.8,25.7,11.1,25.0
2786.618,12.7,25.7,12.4,25.7,8.9,25.7,11.2,25.1
2787.618,12.6,25.7,12.3,25.7,8.8,25.7,11.1,25.1
2788.618,12.6,25.7,12.3,25.8,8.8,25.8,11.2,25.1
2789.618,12.8,25.7,12.5,25.8,9.0,25.8,11.4,25.1
2790.618,12.5,25.7,12.1,25.8,8.6,25.8,10.8,25.2
2791.618,12.9,25.8,12.7,25.9,9.3,25.9,11.8,25.1
2792.618,12.9,25.8,12.5,25.9,8.8,25.9,11.0,25.2
2793.618,12.3,25.8,12.2,25.9,8.9,25.9,11.4,25.2
2794.618,12.7,25.8,12.5,25.9,9.0,26.0,11.4,25.2
2795.620,12.6,25.8,12.2,26.0,8.7,26.0,11.0,25.3
2796.620,12.7,25.8,12.4,26.0,8.9,26.0,11.2,25.3
2797.620,12.6,25.9,12.3,26.0,8.8,26.1,11.1,25.3
2798.620,12.5,25.9,12.3,26.1,8.9,26.1,11.3,25.3
2799.620,12.9,25.9,12.6,26.1,9.0,26.1,11.4,25.3
2800.620,13.0,25.9,12.7,26.1,9.1,26.1,11.6,25.3
2801.620,12.8,25.9,12.0,26.1,9.0,26.2,11.4,25.3
2802.620,11.0,25.9,10.4,26.2,7.6,26.2,9.8,25.4
2803.620,0.3,26.3,0.2,26.5,0.2,26.5,0.5,25.6
2804.620,-0.1,26.6,-0.2,26.8,-0.2,26.8,-0.4,25.9
2805.622,-1.9,26.7,-0.1,26.9,-0.2,26.9,-1.3,26.0
2806.622,-3.3,26.3,-0.5,27.0,-0.8,26.9,-2.6,25.7
2807.622,-3.4,26.3,-3.0,26.8,-2.3,26.6,-3.4,25.7
2808.622,-5.8,26.1,-6.4,26.3,-4.6,26.2,-6.3,25.5
2809.622,-11.0,25.9,-10.8,26.0,-7.1,26.1,-8.5,25.4
2810.622,-12.7,25.8,-13.1,26.0,-9.2,26.0,-11.0,25.3
2811.622,-12.9,25.8,-14.2,25.9,-9.3,25.9,-11.1,25.2
2812.622,-13.0,25.7,-13.7,25.9,-9.4,25.9,-11.1,25.2
2813.622,-12.9,25.7,-13.6,25.8,-9.3,25.8,-11.1,25.2
2814.622,-13.0,25.6,-13.8,25.7,-9.4,25.8,-11.2,25.1
2815.622,-13.1,25.6,-13.8,25.7,-9.4,25.7,-11.2,25.1
2816.622,-13.1,25.5,-13.8,25.6,-9.3,25.7,-11.0,25.1
2817.622,-13.0,25.5,-13.8,25.6,-9.4,25.6,-11.1,25.0
2818.622,-13.0,25.5,-13.8,25.5,-9.3,25.5,-11.0,25.0
2819.622,-12.9,25.4,-13.7,25.5,-9.2,25.5,-11.0,24.9
2820.622,-12.9,25.4,-13.7,25.4,-9.3,25.5,-11.1,24.9
2821.622,-12.9,25.4,-13.6,25.4,-9.1,25.4,-10.8,24.9
2822.622,-12.9,25.3,-13.7,25.4,-9.3,25.4,-11.0,24.9
2823.622,-12.9,25.3,-13.7,25.3,-9.3,25.3,-11.1,24.9
2824.622,-12.9,25.3,-13.7,25.3,-9.2,25.3,-10.9,24.9
2825.622,-12.9,25.2,-13.8,25.2,-9.3,25.3,-11.1,24.8
2826.622,-12.8,25.2,-13.6,25.2,-9.2,25.3,-11.0,24.8
2827.622,-12.9,25.2,-13.8,25.2,-9.3,25.2,-11.1,24.8
2828.622,-13.0,25.2,-13.8,25.2,-9.3,25.2,-11.0,24.8
2829.622,-12.9,25.2,-13.7,25.1,-9.3,25.2,-11.0,24.8
2830.622,-12.9,25.2,-13.6,25.1,-9.1,25.2,-10.8,24.8
2831.622,-12.9,25.2,-13.7,25.1,-9.2,25.2,-11.0,24.8
2832.622,-12.7,25.1,-13.6,25.1,-9.3,25.2,-11.1,24.8
2833.748,-12.9,25.1,-13.7,25.1,-9.2,25.2,-11.0,24.7
2834.749,-13.0,25.1,-13.8,25.1,-9.3,25.1,-11.1,24.7
2835.749,-12.8,25.1,-13.8,25.1,-9.4,25.1,-11.2,24.7
2836.749,-13.2,25.1,-14.0,25.0,-9.5,25.1,-11.2,24.7
2837.749,-13.0,25.1,-13.8,25.0,-9.3,25.1,-11.1,24.7
2838.749,-12.9,25.1,-13.6,25.0,-9.1,25.1,-10.8,24.7
2839.749,-13.0,25.1,-13.9,25.0,-9.4,25.1,-11.2,24.7
2840.749,-13.0,25.1,-13.9,25.0,-9.4,25.1,-11.2,24.7
2841.749,-13.2,25.1,-14.0,25.0,-9.5,25.1,-11.2,24.7
2842.749,-13.2,25.1,-13.9,25.0,-9.4,25.1,-11.1,24.7
2843.749,-13.0,25.1,-13.7,25.0,-9.2,25.1,-10.9,24.7
2844.749,-13.0,25.1,-13.8,25.0,-9.3,25.1,-11.1,24.7
2845.749,-13.0,25.1,-13.8,25.0,-9.4,25.1,-11.2,24.7
2846.749,-13.0,25.1,-13.9,25.0,-9.5,25.1,-11.3,24.7
2847.749,-13.1,25.1,-13.8,25.0,-9.3,25.1,-11.0,24.7
2848.749,-13.0,25.1,-13.6,25.0,-9.1,25.1,-10.8,24.7
2849.749,-13.0,25.1,-13.8,25.0,-9.4,25.1,-11.1,24.7
2850.749,-13.0,25.1,-13.8,25.0,-8.7,25.1,-11.2,24.7
2851.749,-10.9,25.1,-13.7,25.0,-7.4,25.1,-9.6,24.7
2852.749,-10.8,25.1,-13.6,25.0,-7.8,25.1,-8.7,24.7
2853.749,-11.8,25.1,-12.1,25.0,-7.6,25.1,-8.5,24.7
2854.749,-11.3,25.1,-11.5,25.0,-7.9,25.1,-10.1,24.7
2855.749,-11.5,25.1,-12.5,25.0,-8.1,25.1,-10.3,24.7
2856.749,-11.4,25.1,-11.7,25.0,-8.2,25.1,-10.0,24.7
2857.749,-11.8,25.1,-11.9,25.0,-8.5,25.1,-10.1,24.7
2858.750,-5.7,25.2,-5.1,25.1,-3.9,25.2,-4.5,24.8
2859.750,0.1,25.7,-0.2,25.6,0.0,25.7,0.0,25.2
2860.750,0.4,26.0,-0.1,25.8,0.0,26.0,0.3,25.5
2861.750,2.2,25.9,-0.0,26.0,0.2,26.1,1.9,25.4
2862.750,2.8,25.8,1.3,26.1,1.9,26.0,3.0,25.3
2863.750,6.8,25.5,6.6,25.6,5.2,25.5,6.1,25.0
2864.750,8.2,25.3,7.7,25.2,5.5,25.3,7.1,24.9
2865.750,5.8,25.3,5.7,25.2,3.6,25.3,4.9,24.9
2866.750,7.5,25.3,6.6,25.2,4.1,25.4,5.1,25.0
2867.750,12.2,25.1,12.0,25.0,9.1,25.1,10.8,24.8
2868.750,10.7,25.1,10.2,25.0,7.4,25.1,9.5,24.8
2869.750,10.0,25.1,10.3,25.0,7.1,25.1,8.8,24.7
2870.750,11.0,25.1,12.7,24.9,7.2,25.1,10.1,24.8
2871.750,11.1,25.1,12.5,24.9,7.6,25.1,10.2,24.7
2872.750,12.8,25.0,12.4,24.9,8.2,25.1,11.3,24.7
2873.750,13.2,25.0,12.9,25.0,9.3,25.1,11.6,24.7
2874.750,11.9,25.1,11.8,25.0,8.6,25.1,11.0,24.7
2875.750,12.8,25.1,12.4,25.0,8.9,25.1,11.0,24.7
2876.750,12.4,25.1,12.2,25.0,8.7,25.1,11.0,24.7
2877.750,12.5,25.1,12.3,25.0,8.9,25.1,11.3,24.7
2878.750,13.1,25.1,12.9,25.0,9.4,25.1,11.9,24.7
2879.750,11.9,25.2,11.7,25.1,8.4,25.2,10.6,24.8
2880.752,12.2,25.2,12.0,25.1,8.7,25.2,11.0,24.8
2881.752,12.6,25.2,12.4,25.1,8.9,25.2,11.3,24.8
2882.752,12.8,25.2,12.5,25.1,8.9,25.2,11.1,24.8
2883.752,12.0,25.2,11.8,25.2,8.4,25.3,10.6,24.8
2884.752,12.4,25.3,12.0,25.2,8.5,25.3,10.6,24.8
2885.752,12.3,25.3,12.1,25.2,8.7,25.3,11.2,24.8
2886.752,12.6,25.3,12.4,25.2,8.9,25.3,11.3,24.8
2887.752,12.8,25.3,12.6,25.3,9.0,25.3,11.4,24.8
2888.752,12.4,25.4,12.2,25.3,8.8,25.4,11.2,24.9
2889.752,12.1,25.4,11.9,25.4,8.4,25.4,10.6,24.9
2890.752,12.4,25.4,12.2,25.4,8.7,25.4,11.1,24.9
2891.752,12.6,25.4,12.3,25.4,8.8,25.4,11.1,24.9
2892.752,13.2,25.5,12.8,25.4,9.3,25.5,11.6,24.9
2893.752,12.7,25.5,12.4,25.5,8.9,25.5,11.1,24.9
2894.752,12.7,25.5,12.5,25.5,9.1,25.5,11.5,24.9
2895.752,12.6,25.5,12.3,25.6,8.8,25.6,11.2,25.0
2896.752,12.5,25.6,12.3,25.6,8.8,25.6,11.1,25.0
2897.752,12.1,25.6,11.8,25.6,8.3,25.6,10.4,25.0
2898.752,12.7,25.6,12.3,25.7,8.7,25.7,10.9,25.0
2899.752,12.4,25.6,12.2,25.7,8.8,25.7,11.1,25.0
2900.752,12.9,25.7,12.6,25.7,9.1,25.7,11.5,25.1
2901.752,12.6,25.7,12.4,25.8,9.0,25.8,11.4,25.1
2902.752,12.3,25.7,12.2,25.8,8.8,25.8,11.3,25.1
2903.752,12.6,25.7,12.3,25.8,8.7,25.8,10.9,25.1
2904.752,12.5,25.7,12.3,25.8,8.8,25.9,11.2,25.1
2905.752,12.8,25.8,12.5,25.9,9.0,25.9,11.3,25.2
2906.752,13.2,25.8,13.0,25.9,9.5,25.9,12.0,25.2
2907.752,12.7,25.8,12.5,25.9,9.0,26.0,11.5,25.2
2908.752,12.6,25.8,12.3,26.0,8.8,26.0,11.2,25.2
2909.752,12.6,25.8,12.4,26.0,8.9,26.0,11.3,25.2
2910.752,12.7,25.9,12.4,26.0,8.8,26.1,11.1,25.3
2911.752,12.5,25.9,12.0,26.1,8.4,26.1,10.4,25.3
2912.752,12.8,25.9,12.6,26.1,9.0,26.1,11.4,25.3
2913.752,12.6,25.9,11.8,26.1,8.8,26.1,11.1,25.3
2914.752,8.3,25.9,8.0,26.2,5.9,26.2,7.7,25.3
2915.752,0.3,26.3,0.2,26.5,0.1,26.5,0.5,25.6
2916.752,-0.1,26.6,-0.2,26.8,-0.2,26.8,-0.3,25.9
2917.752,-2.2,26.6,-0.0,26.9,-0.2,26.9,-1.2,25.9
2918.752,-3.2,26.3,-0.5,27.0,-0.7,26.9,-2.4,25.7
2919.752,-3.3,26.2,-2.8,26.7,-2.1,26.6,-3.2,25.6
2920.752,-5.5,26.1,-6.1,26.3,-4.4,26.2,-6.0,25.4
2921.752,-11.2,25.9,-11.0,26.0,-7.2,26.0,-8.6,25.3
2922.752,-12.7,25.7,-13.0,25.9,-9.2,25.9,-11.0,25.2
2923.752,-12.9,25.7,-14.2,25.8,-9.3,25.9,-11.1,25.2
2924.752,-13.0,25.7,-13.7,25.8,-9.3,25.8,-11.1,25.2
2925.752,-13.0,25.6,-13.7,25.7,-9.3,25.8,-11.1,25.1
2926.752,-13.0,25.6,-13.8,25.7,-9.4,25.7,-11.1,25.1
2927.752,-13.0,25.5,-13.9,25.6,-9.4,25.7,-11.2,25.0
2928.752,-13.0,25.5,-13.8,25.6,-9.4,25.6,-11.2,25.0
2929.752,-13.1,25.5,-13.8,25.5,-9.3,25.6,-11.1,25.0
2930.752,-13.0,25.4,-13.8,25.5,-9.4,25.5,-11.1,25.0
2931.752,-12.9,25.4,-13.8,25.4,-9.3,25.5,-11.1,24.9
2932.752,-12.8,25.3,-13.5,25.4,-9.1,25.4,-10.8,24.9
2933.753,-12.8,25.3,-13.6,25.3,-9.2,25.4,-10.9,24.9
2934.753,-12.9,25.3,-13.7,25.3,-9.2,25.3,-10.9,24.9
2935.753,-12.9,25.2,-13.8,25.2,-9.4,25.3,-11.1,24.8
2936.753,-12.9,25.2,-13.7,25.2,-9.3,25.3,-11.0,24.8
2937.753,-12.8,25.2,-13.6,25.2,-9.2,25.2,-10.9,24.8
2938.753,-12.7,25.2,-13.6,25.2,-9.2,25.2,-11.0,24.8
2939.753,-13.1,25.2,-13.9,25.2,-9.3,25.2,-11.1,24.8
2940.753,-13.0,25.2,-13.8,25.1,-9.4,25.2,-11.1,24.8
2941.753,-12.9,25.1,-13.7,25.1,-9.2,25.2,-10.9,24.8
2942.753,-12.9,25.1,-13.6,25.1,-9.1,25.2,-10.8,24.7
2943.753,-13.0,25.1,-13.8,25.1,-9.3,25.1,-11.1,24.7
2944.753,-12.9,25.1,-13.7,25.0,-9.3,25.1,-11.0,24.7
2945.753,-13.0,25.1,-13.9,25.0,-9.4,25.1,-11.1,24.7
2946.753,-13.1,25.1,-13.8,25.0,-9.3,25.1,-11.0,24.7
2947.753,-12.7,25.1,-13.6,25.0,-9.2,25.1,-11.1,24.7
2948.753,-13.1,25.1,-13.9,25.0,-9.4,25.1,-11.2,24.7
2949.753,-13.2,25.1,-13.9,25.0,-9.4,25.1,-11.1,24.7
2950.753,-13.0,25.1,-13.8,25.0,-9.3,25.1,-11.0,24.7
2951.753,-13.1,25.1,-13.9,25.0,-9.4,25.1,-11.1,24.7
2952.755,-12.9,25.1,-13.7,25.0,-9.3,25.1,-11.1,24.7
2953.755,-13.2,25.1,-13.9,25.0,-9.3,25.1,-11.0,24.7
2954.755,-13.4,25.1,-14.1,25.0,-9.5,25.1,-11.2,24.7
2955.755,-13.1,25.0,-13.9,25.0,-9.4,25.1,-11.2,24.7
2956.755,-12.9,25.0,-13.7,24.9,-9.3,25.1,-11.1,24.7
2957.755,-13.0,25.1,-13.6,25.0,-9.0,25.1,-10.6,24.7
2958.755,-13.1,25.0,-13.9,24.9,-9.4,25.1,-11.1,24.6
2959.755,-13.2,25.0,-13.9,24.9,-9.4,25.0,-11.2,24.6
2960.755,-13.1,25.0,-13.8,24.9,-9.3,25.0,-11.0,24.6
2961.755,-12.9,25.0,-13.7,24.9,-9.3,25.0,-11.0,24.6
2962.755,-12.8,25.0,-13.5,24.9,-8.9,25.0,-10.8,24.6
2963.755,-11.4,25.1,-13.8,24.9,-7.5,25.1,-10.0,24.6
2964.755,-11.0,25.1,-14.0,24.9,-7.7,25.1,-8.8,24.7
2965.756,-11.8,25.1,-12.4,24.9,-7.8,25.1,-8.9,24.7
2966.756,-11.0,25.1,-11.3,25.0,-7.8,25.1,-9.7,24.7
2967.756,-11.4,25.1,-12.1,25.0,-7.9,25.1,-9.7,24.7
2968.756,-11.4,25.1,-11.7,24.9,-8.2,25.1,-10.4,24.6
2969.756,-11.9,25.0,-12.1,24.9,-8.7,25.0,-10.1,24.7
2970.756,-7.7,25.1,-7.1,25.0,-5.4,25.1,-6.0,24.7
2971.756,0.2,25.6,-0.3,25.5,-0.1,25.5,-0.2,25.1
2972.756,0.3,25.9,-0.1,25.7,0.0,25.9,0.2,25.4
2973.756,2.2,25.9,-0.0,25.9,0.2,26.1,1.9,25.4
2974.756,2.4,25.7,0.7,26.0,1.7,26.0,2.5,25.2
2975.756,6.8,25.4,6.8,25.5,5.1,25.5,6.4,25.0
2976.756,8.0,25.2,7.6,25.2,5.6,25.3,6.9,24.8
2977.756,5.6,25.3,5.8,25.2,3.5,25.3,4.8,24.9
2978.756,6.7,25.3,6.0,25.2,3.7,25.3,4.4,24.9
2979.756,11.7,25.1,11.0,25.0,8.2,25.1,10.6,24.8
2980.756,11.7,25.0,11.0,24.9,8.3,25.1,9.8,24.7
2981.756,11.0,25.0,11.2,24.9,7.7,25.0,9.8,24.7
2982.756,11.5,25.0,12.8,24.9,7.4,25.0,9.8,24.7
2983.756,10.6,25.0,12.6,24.9,7.7,25.0,10.4,24.7
2984.756,13.1,25.0,12.7,24.9,8.4,25.0,11.6,24.6
2985.757,11.9,25.0,11.8,24.9,8.4,25.1,10.7,24.7
2986.757,12.4,25.0,12.1,24.9,8.8,25.0,11.1,24.6
2987.757,12.6,25.0,12.3,24.9,8.9,25.1,11.2,24.7
2988.757,13.0,25.0,12.7,25.0,9.1,25.1,11.5,24.7
2989.757,12.2,25.1,12.1,25.0,8.8,25.1,11.3,24.7
2990.757,12.9,25.1,12.5,25.0,9.0,25.1,11.3,24.7
2991.760,11.6,25.1,11.4,25.0,8.1,25.1,10.2,24.7
2992.760,12.8,25.1,12.4,25.0,8.9,25.2,11.2,24.7
2993.760,12.7,25.1,12.4,25.1,8.9,25.2,11.2,24.7
2994.760,13.1,25.2,12.6,25.1,9.0,25.2,11.1,24.7
2995.760,12.6,25.2,12.3,25.1,8.8,25.2,11.1,24.7
2996.760,12.5,25.2,12.2,25.1,8.7,25.2,11.0,24.8
2997.760,12.6,25.2,12.4,25.2,9.0,25.2,11.4,24.8
2998.760,12.2,25.3,12.0,25.2,8.6,25.3,11.0,24.8
2999.760,12.2,25.3,12.0,25.2,8.5,25.3,10.8,24.8
3000.760,12.3,25.3,12.1,25.3,8.7,25.3,11.1,24.8
3001.760,12.5,25.4,12.2,25.3,8.8,25.3,11.1,24.8
3002.760,12.5,25.4,12.5,25.3,9.3,25.4,12.0,24.8
3003.760,12.3,25.4,12.0,25.4,8.6,25.4,10.8,24.8
3004.760,12.6,25.4,12.3,25.4,8.8,25.4,11.1,24.9
3005.760,12.2,25.5,11.8,25.5,8.3,25.5,10.5,24.9
3006.760,13.0,25.5,12.6,25.5,9.1,25.5,11.5,24.9
3007.760,12.8,25.5,12.4,25.5,8.8,25.5,11.0,24.9
3008.760,12.6,25.5,12.3,25.6,8.8,25.6,11.0,25.0
3009.760,12.6,25.5,12.3,25.6,8.7,25.6,11.0,25.0
3010.760,12.5,25.6,12.2,25.6,8.7,25.6,11.1,25.0
3011.760,12.7,25.6,12.5,25.6,9.1,25.7,11.6,25.0
3012.760,12.9,25.6,12.5,25.7,8.9,25.7,11.1,25.0
3013.760,12.7,25.6,12.4,25.7,8.9,25.7,11.2,25.0
3014.760,12.1,25.7,11.8,25.8,8.4,25.8,10.7,25.1
3015.760,12.7,25.7,12.4,25.8,8.9,25.8,11.2,25.1
3016.760,12.8,25.7,12.6,25.8,9.2,25.8,11.8,25.1
3017.760,12.5,25.7,12.3,25.8,8.8,25.9,11.3,25.1
3018.760,12.9,25.7,12.6,25.9,9.2,25.9,11.7,25.1
3019.760,12.6,25.7,12.3,25.9,8.8,25.9,11.1,25.2
3020.760,12.8,25.8,12.4,25.9,8.8,25.9,11.1,25.2
3021.760,12.7,25.8,12.4,25.9,8.8,26.0,11.1,25.2
3022.760,12.4,25.8,12.2,26.0,8.7,26.0,11.1,25.2
3023.760,12.8,25.8,12.4,26.0,8.8,26.0,11.1,25.2
3024.760,13.0,25.8,12.8,26.0,9.2,26.0,11.7,25.3
3025.760,12.7,25.8,11.9,26.1,9.0,26.1,11.4,25.3
3026.760,9.4,25.9,8.9,26.1,6.5,26.1,8.4,25.3
3027.760,0.0,26.3,0.0,26.4,0.0,26.5,0.3,25.6
3028.760,-0.2,26.6,-0.2,26.7,-0.2,26.7,-0.4,25.9
3029.760,-2.1,26.6,-0.0,26.9,-0.2,26.9,-1.2,25.9
3030.760,-3.2,26.2,-0.5,26.9,-0.8,26.9,-2.5,25.7
3031.760,-3.7,26.2,-3.4,26.6,-2.5,26.5,-3.6,25.6
3032.760,-5.9,26.0,-6.5,26.2,-4.7,26.2,-6.5,25.4
3033.760,-10.4,25.8,-10.3,26.0,-6.8,26.0,-8.3,25.3
3034.760,-12.6,25.7,-13.0,25.9,-9.2,25.9,-11.0,25.2
3035.760,-12.9,25.7,-14.2,25.8,-9.3,25.8,-11.1,25.1
3036.760,-13.0,25.6,-13.7,25.7,-9.3,25.8,-11.1,25.1
3037.760,-13.0,25.6,-13.7,25.7,-9.3,25.7,-11.1,25.1
3038.760,-13.1,25.6,-13.8,25.6,-9.4,25.7,-11.1,25.0
3039.760,-13.1,25.5,-13.9,25.6,-9.4,25.6,-11.2,25.0
3040.760,-13.1,25.5,-13.8,25.5,-9.3,25.6,-11.0,25.0
3041.760,-13.0,25.4,-13.8,25.5,-9.3,25.5,-11.1,24.9
3042.760,-13.1,25.4,-13.8,25.4,-9.3,25.5,-11.1,24.9
3043.760,-12.8,25.3,-13.6,25.4,-9.3,25.4,-11.0,24.9
3044.760,-12.9,25.3,-13.7,25.3,-9.3,25.4,-11.1,24.8
3045.760,-12.9,25.3,-13.8,25.3,-9.3,25.3,-11.1,24.8
3046.760,-12.9,25.2,-13.7,25.3,-9.2,25.3,-11.0,24.8
3047.760,-12.8,25.2,-13.7,25.2,-9.2,25.3,-11.0,24.8
3048.760,-12.8,25.2,-13.5,25.2,-9.1,25.2,-10.8,24.8
3049.761,-12.9,25.2,-13.7,25.1,-9.3,25.2,-11.1,24.8
3050.761,-12.7,25.1,-13.6,25.1,-9.2,25.2,-11.0,24.7
3051.761,-12.9,25.1,-13.8,25.1,-9.3,25.2,-11.1,24.7
3052.761,-12.9,25.1,-13.7,25.1,-9.2,25.1,-10.9,24.7
3053.761,-12.8,25.1,-13.6,25.1,-9.1,25.1,-10.8,24.7
3054.761,-13.1,25.1,-13.9,25.0,-9.3,25.1,-11.1,24.7
3055.761,-12.9,25.1,-13.8,25.0,-9.3,25.1,-11.1,24.7
3056.761,-12.8,25.1,-13.7,25.0,-9.3,25.1,-11.1,24.7
3057.761,-12.8,25.1,-13.6,25.0,-9.2,25.1,-10.9,24.7
3058.761,-13.1,25.1,-13.8,25.0,-9.3,25.1,-11.0,24.7
3059.764,-12.8,25.0,-13.8,25.0,-9.5,25.1,-11.3,24.6
3060.766,-13.1,25.0,-13.9,25.0,-9.4,25.0,-11.1,24.6
3061.766,-13.1,25.0,-13.8,24.9,-9.3,25.1,-11.0,24.6
3062.766,-12.9,25.0,-13.6,25.0,-9.2,25.0,-10.8,24.6
3063.766,-13.1,25.0,-13.9,24.9,-9.4,25.0,-11.1,24.6
3064.767,-13.0,25.0,-13.9,24.9,-9.5,25.0,-11.3,24.6
3065.767,-13.2,25.0,-13.9,24.9,-9.3,25.0,-11.0,24.6
3066.767,-13.3,25.0,-14.0,24.9,-9.4,25.0,-11.1,24.6
3067.767,-13.0,25.0,-13.7,24.9,-9.3,25.0,-11.0,24.6
3068.767,-13.0,25.0,-13.8,24.9,-9.4,25.0,-11.2,24.6
3069.767,-13.0,25.0,-13.8,24.9,-9.4,25.0,-11.2,24.6
3070.767,-13.2,25.0,-13.9,24.9,-9.4,25.0,-11.1,24.6
3071.767,-12.9,25.0,-13.6,24.9,-9.1,25.0,-10.8,24.6
3072.767,-13.1,25.0,-13.8,24.9,-9.2,25.0,-10.8,24.6
3073.767,-13.0,25.0,-13.8,24.9,-9.4,25.0,-11.2,24.6
3074.767,-13.1,25.0,-13.9,24.9,-9.1,25.0,-11.3,24.6
3075.767,-11.3,25.0,-13.8,24.9,-7.4,25.1,-9.7,24.6
3076.767,-10.6,25.0,-13.4,24.9,-7.5,25.1,-9.0,24.6
3077.767,-11.8,25.0,-12.5,24.9,-7.7,25.0,-8.3,24.6
3078.767,-11.2,25.0,-11.6,24.9,-8.0,25.0,-10.1,24.6
3079.767,-11.3,25.0,-12.2,24.9,-8.0,25.0,-10.2,24.6
3080.767,-11.3,25.0,-11.6,24.9,-8.1,25.0,-9.8,24.6
3081.767,-11.6,25.0,-11.7,24.9,-8.3,25.0,-9.8,24.6
3082.767,-7.0,25.1,-6.5,25.0,-5.0,25.1,-5.6,24.7
3083.767,-0.1,25.6,-0.4,25.4,-0.1,25.5,-0.1,25.1
3084.767,0.4,25.9,-0.1,25.7,0.0,25.8,0.3,25.3
3085.767,1.9,25.9,-0.0,25.9,0.2,26.0,1.7,25.4
3086.767,3.0,25.6,0.9,26.0,1.7,25.9,3.0,25.2
3087.767,6.0,25.4,6.0,25.5,4.6,25.4,5.3,24.9
3088.767,7.9,25.2,7.5,25.2,5.4,25.2,6.7,24.8
3089.767,5.6,25.2,6.0,25.1,3.5,25.2,4.7,24.8
3090.767,6.5,25.3,5.5,25.1,3.6,25.3,4.7,24.9
3091.767,11.9,25.1,11.2,25.0,8.3,25.1,10.2,24.7
3092.767,11.8,25.0,11.0,24.9,7.9,25.0,9.7,24.7
3093.767,10.7,25.0,10.9,24.9,7.7,25.0,9.4,24.7
3094.767,11.1,25.0,12.7,24.8,7.3,25.0,9.7,24.6
3095.767,11.1,25.0,12.6,24.8,7.7,25.0,10.3,24.6
3096.767,12.9,25.0,12.5,24.8,8.0,25.0,11.2,24.6
3097.767,12.6,25.0,12.4,24.8,9.0,25.0,11.3,24.6
3098.767,12.6,25.0,12.6,24.9,9.5,25.0,12.4,24.6
3099.767,12.4,25.0,12.2,24.9,8.8,25.0,11.1,24.6
3100.767,12.2,25.0,11.9,24.9,8.3,25.0,10.5,24.6
3101.767,12.3,25.0,12.0,24.9,8.6,25.0,10.8,24.6
3102.767,12.5,25.1,12.2,25.0,8.6,25.1,10.8,24.7
3103.767,12.4,25.0,12.2,25.0,8.8,25.1,11.2,24.7
3104.767,12.8,25.1,12.4,25.0,8.8,25.1,11.0,24.7
3105.767,12.8,25.1,12.6,25.0,9.1,25.1,11.4,24.7
3106.767,13.0,25.1,12.7,25.0,9.3,25.1,11.8,24.7
3107.767,12.3,25.2,12.0,25.1,8.5,25.2,10.6,24.7
3108.767,12.5,25.2,12.2,25.1,8.6,25.2,10.9,24.7
3109.767,12.3,25.2,12.1,25.1,8.7,25.2,11.1,24.8
3110.767,12.5,25.2,12.2,25.2,8.7,25.2,11.1,24.8
3111.767,12.6,25.3,12.4,25.2,8.9,25.3,11.2,24.8
3112.767,12.1,25.3,12.1,25.2,8.9,25.3,11.6,24.8
3113.767,12.5,25.3,12.2,25.3,8.6,25.3,10.8,24.8
3114.767,11.9,25.4,11.7,25.3,8.3,25.3,10.5,24.8
3115.767,12.5,25.4,12.2,25.3,8.6,25.4,10.8,24.8
3116.767,12.7,25.4,12.4,25.4,8.9,25.4,11.3,24.8
3117.769,12.8,25.4,12.5,25.4,9.0,25.4,11.3,24.9
3118.769,13.0,25.4,12.7,25.4,9.0,25.5,11.3,24.9
3119.769,12.6,25.5,12.3,25.5,8.8,25.5,11.0,24.9
3120.769,12.8,25.5,12.5,25.5,9.0,25.5,11.5,24.9
3121.769,12.2,25.5,11.9,25.5,8.4,25.6,10.6,24.9
3122.769,12.6,25.5,12.3,25.6,8.8,25.6,11.1,25.0
3123.769,12.6,25.6,12.3,25.6,8.8,25.6,11.2,25.0
3124.769,12.7,25.6,12.4,25.6,8.9,25.7,11.3,25.0
3125.769,13.1,25.6,12.9,25.7,9.4,25.7,11.9,25.0
3126.769,12.5,25.6,12.4,25.7,8.9,25.7,11.4,25.0
3127.769,12.6,25.6,12.3,25.7,8.8,25.8,11.1,25.0
3128.769,12.3,25.7,12.0,25.8,8.4,25.8,10.7,25.1
3129.769,12.5,25.7,12.3,25.8,8.9,25.8,11.3,25.1
3130.770,12.9,25.7,12.7,25.8,9.2,25.8,11.6,25.1
3131.770,12.9,25.7,12.5,25.9,8.9,25.9,11.3,25.1
3132.770,12.7,25.7,12.4,25.9,8.9,25.9,11.3,25.1
3133.770,12.7,25.7,12.4,25.9,8.9,25.9,11.2,25.1
3134.770,12.4,25.7,12.3,25.9,8.9,26.0,11.4,25.1
3135.770,12.5,25.8,12.0,26.0,8.4,26.0,10.6,25.2
3136.770,13.1,25.8,12.7,26.0,9.0,26.0,11.2,25.2
3137.770,12.7,25.8,11.9,26.0,9.0,26.0,11.3,25.2
3138.770,9.5,25.8,9.0,26.1,6.6,26.1,8.6,25.3
3139.770,0.2,26.2,0.1,26.4,0.1,26.4,0.4,25.6
3140.770,-0.1,26.5,-0.2,26.7,-0.2,26.7,-0.4,25.8
3141.770,-2.0,26.5,-0.0,26.8,-0.2,26.8,-1.2,25.9
3142.770,-3.5,26.2,-0.5,26.9,-0.8,26.8,-2.5,25.6
3143.771,-3.7,26.1,-3.5,26.6,-2.5,26.5,-3.7,25.5
3144.771,-5.8,26.0,-6.4,26.2,-4.5,26.1,-6.2,25.3
3145.771,-11.6,25.7,-11.4,25.9,-7.6,25.9,-8.9,25.2
3146.771,-12.7,25.7,-13.2,25.8,-9.2,25.8,-11.0,25.1
3147.771,-13.0,25.6,-14.2,25.7,-9.3,25.8,-11.0,25.1
3148.771,-13.0,25.6,-13.7,25.7,-9.3,25.7,-11.1,25.1
3149.771,-12.9,25.6,-13.7,25.6,-9.3,25.7,-11.0,25.0
3150.771,-13.0,25.5,-13.8,25.6,-9.3,25.7,-11.1,25.0
3151.771,-13.1,25.5,-13.8,25.5,-9.4,25.6,-11.1,25.0
3152.771,-13.0,25.4,-13.8,25.5,-9.4,25.5,-11.1,24.9
3153.771,-12.9,25.4,-13.7,25.4,-9.3,25.5,-11.1,24.9
3154.771,-13.0,25.3,-13.8,25.4,-9.3,25.4,-11.0,24.9
3155.771,-12.9,25.3,-13.7,25.3,-9.3,25.4,-11.1,24.8
3156.771,-12.9,25.3,-13.7,25.3,-9.3,25.3,-11.1,24.8
3157.771,-12.8,25.2,-13.6,25.3,-9.2,25.3,-10.9,24.8
3158.772,-12.9,25.2,-13.7,25.2,-9.3,25.3,-11.0,24.8
3159.772,-12.7,25.2,-13.6,25.2,-9.2,25.2,-10.9,24.7
3160.772,-12.8,25.1,-13.7,25.1,-9.3,25.2,-11.0,24.7
3161.772,-12.9,25.1,-13.7,25.1,-9.3,25.2,-11.1,24.7
3162.772,-12.7,25.1,-13.6,25.1,-9.3,25.2,-11.1,24.7
3163.772,-13.0,25.1,-13.8,25.1,-9.3,25.1,-11.0,24.7
3164.772,-13.0,25.1,-13.8,25.0,-9.3,25.1,-11.0,24.7
3165.772,-12.9,25.0,-13.7,25.0,-9.2,25.1,-10.9,24.7
3166.772,-13.0,25.0,-13.7,25.0,-9.2,25.1,-11.0,24.7
3167.772,-12.8,25.0,-13.7,25.0,-9.3,25.1,-11.0,24.6
3168.772,-12.8,25.0,-13.6,25.0,-9.1,25.1,-10.9,24.7
3169.772,-12.9,25.0,-13.7,25.0,-9.2,25.1,-10.9,24.6
3170.772,-13.0,25.0,-13.8,25.0,-9.3,25.1,-11.0,24.6
3171.772,-12.8,25.0,-13.7,24.9,-9.4,25.0,-11.2,24.6
3172.772,-13.0,25.0,-13.9,24.9,-9.4,25.0,-11.2,24.6
3173.772,-12.9,25.0,-13.7,24.9,-9.2,25.0,-10.9,24.6
3174.772,-13.0,25.0,-13.7,24.9,-9.3,25.0,-11.0,24.6
3175.772,-13.0,25.0,-13.9,24.9,-9.4,25.0,-11.2,24.6
3176.772,-13.0,25.0,-13.8,24.9,-9.4,25.0,-11.1,24.6
3177.772,-13.1,25.0,-13.8,24.9,-9.3,25.0,-11.0,24.6
3178.772,-13.2,25.0,-13.9,24.9,-9.4,25.0,-11.1,24.6
3179.772,-13.0,25.0,-13.8,24.9,-9.4,25.0,-11.2,24.6
3180.772,-13.0,25.0,-13.8,24.9,-9.3,25.0,-11.0,24.6
3181.772,-12.9,25.0,-13.7,24.9,-9.3,25.0,-11.0,24.6
3182.772,-13.0,25.0,-13.7,24.9,-9.3,25.0,-11.0,24.6
3183.772,-13.0,25.0,-13.7,24.9,-9.2,25.0,-10.9,24.6
3184.772,-13.1,25.0,-13.9,24.9,-9.4,25.0,-11.1,24.6
3185.772,-13.0,25.0,-13.8,24.9,-9.4,25.0,-11.1,24.6
3186.773,-12.8,25.0,-13.6,24.9,-8.7,25.0,-11.1,24.5
3187.773,-11.0,25.0,-13.6,24.9,-7.3,25.0,-9.4,24.6
3188.773,-11.0,25.0,-13.8,24.8,-7.9,25.0,-9.2,24.6
3189.773,-11.7,25.0,-12.3,24.9,-7.8,25.0,-8.3,24.6
3190.773,-11.1,25.0,-11.6,24.9,-7.9,25.0,-9.9,24.6
3191.773,-11.4,25.0,-12.2,24.9,-8.0,25.0,-10.3,24.6
3192.773,-11.2,25.0,-11.4,24.9,-8.0,25.0,-9.4,24.6
3193.773,-12.1,25.0,-12.2,24.9,-8.7,25.0,-10.1,24.6
3194.773,-6.2,25.0,-5.7,25.0,-4.5,25.1,-5.1,24.6
3195.773,0.1,25.6,-0.2,25.4,0.0,25.5,0.1,25.1
3196.773,0.6,25.8,-0.1,25.7,0.1,25.8,0.3,25.3
3197.773,2.1,25.8,0.0,25.9,0.2,26.0,1.9,25.3
3198.773,3.4,25.6,2.0,25.9,2.4,25.8,3.6,25.1
3199.773,7.3,25.3,7.1,25.4,5.4,25.3,6.2,24.9
3200.773,6.8,25.2,6.2,25.1,4.4,25.2,5.7,24.8
3201.773,5.9,25.2,5.7,25.1,3.5,25.2,4.5,24.9
3202.773,8.0,25.2,7.0,25.1,4.7,25.2,5.8,24.8
3203.773,10.9,25.0,10.6,25.0,8.5,25.0,9.8,24.7
3204.773,11.3,25.0,10.7,24.9,7.7,25.0,10.0,24.6
3205.773,10.9,25.0,11.3,24.9,7.6,25.0,9.4,24.6
3206.773,11.3,25.0,12.8,24.8,7.3,25.0,9.8,24.6
3207.773,11.4,24.9,12.7,24.8,7.6,25.0,10.5,24.6
3208.773,12.8,24.9,12.7,24.8,8.8,25.0,11.7,24.6
3209.773,12.5,24.9,12.3,24.8,8.9,25.0,11.4,24.6
3210.773,12.4,25.0,12.2,24.8,8.9,25.0,11.2,24.6
3211.773,12.1,25.0,12.0,24.9,8.7,25.0,10.9,24.6
3212.773,12.8,25.0,12.3,24.9,8.5,25.0,10.5,24.6
3213.773,13.1,25.0,12.8,24.9,9.3,25.0,11.7,24.6
3214.773,12.2,25.0,12.1,25.0,8.7,25.1,11.0,24.6
3215.773,12.1,25.1,12.0,25.0,8.6,25.1,10.9,24.6
3216.773,11.8,25.1,11.7,25.0,8.3,25.1,10.6,24.7
3217.773,12.9,25.1,12.7,25.0,9.3,25.1,11.7,24.7
3218.773,12.7,25.1,12.4,25.0,8.8,25.1,11.1,24.7
3219.773,12.7,25.1,12.4,25.0,8.8,25.1,11.1,24.7
3220.773,12.0,25.2,11.9,25.1,8.5,25.2,10.8,24.7
3221.773,12.3,25.2,11.9,25.1,8.4,25.2,10.5,24.7
3222.773,12.5,25.2,12.3,25.2,8.8,25.2,11.2,24.7
3223.773,12.6,25.2,12.4,25.2,9.0,25.2,11.5,24.7
3224.773,12.6,25.3,12.4,25.2,8.9,25.2,11.3,24.7
3225.773,12.4,25.3,12.2,25.2,8.7,25.3,11.0,24.8
3226.773,12.2,25.3,11.8,25.3,8.2,25.3,10.3,24.8
3227.773,12.9,25.3,12.7,25.3,9.1,25.3,11.5,24.8
3228.773,12.5,25.4,12.4,25.3,9.1,25.4,11.6,24.8
3229.773,12.7,25.4,12.4,25.4,8.9,25.4,11.2,24.8
3230.773,12.9,25.4,12.6,25.4,9.0,25.4,11.3,24.8
3231.773,12.5,25.4,12.2,25.5,8.7,25.5,11.1,24.9
3232.773,12.7,25.5,12.5,25.5,9.0,25.5,11.3,24.9
3233.773,12.6,25.5,12.3,25.5,8.7,25.5,11.0,24.9
3234.773,12.2,25.5,11.9,25.6,8.4,25.6,10.6,24.9
3235.773,12.7,25.5,12.3,25.6,8.7,25.6,10.9,24.9
3236.773,12.9,25.5,12.7,25.6,9.2,25.6,11.7,24.9
3237.773,12.7,25.6,12.5,25.6,8.9,25.7,11.3,25.0
3238.773,12.8,25.6,12.4,25.7,8.8,25.7,11.0,25.0
3239.773,12.4,25.6,12.1,25.7,8.6,25.7,10.8,25.0
3240.773,12.4,25.6,12.2,25.8,8.7,25.8,11.1,25.0
3241.773,13.0,25.7,12.8,25.8,9.2,25.8,11.6,25.1
3242.773,12.7,25.7,12.6,25.8,9.2,25.8,11.8,25.1
3243.773,12.8,25.7,12.5,25.8,8.9,25.8,11.3,25.1
3244.773,12.6,25.7,12.4,25.9,8.8,25.9,11.2,25.1
3245.773,12.5,25.7,12.3,25.9,8.8,25.9,11.2,25.1
3246.773,12.3,25.7,12.2,25.9,8.8,25.9,11.3,25.1
3247.773,12.6,25.8,12.3,25.9,8.8,25.9,11.2,25.2
3248.773,12.8,25.8,12.4,26.0,8.8,26.0,11.0,25.2
3249.773,12.8,25.8,12.1,26.0,9.2,26.0,11.6,25.2
3250.773,7.6,25.9,7.4,26.1,5.5,26.1,7.4,25.3
3251.773,0.1,26.2,0.1,26.4,0.0,26.4,0.2,25.6
3252.773,-0.2,26.5,-0.3,26.6,-0.3,26.7,-0.5,25.8
3253.774,-2.2,26.5,-0.0,26.8,-0.1,26.8,-1.5,25.8
3254.774,-3.2,26.2,-0.6,26.8,-0.9,26.8,-2.6,25.6
3255.774,-4.0,26.1,-3.8,26.5,-2.8,26.4,-4.0,25.5
3256.774,-5.9,25.9,-6.5,26.1,-4.7,26.1,-6.4,25.3
3257.774,-11.9,25.7,-11.7,25.9,-7.8,25.9,-9.3,25.2
3258.774,-12.7,25.6,-13.2,25.8,-9.2,25.8,-11.0,25.1
3259.774,-13.0,25.6,-14.2,25.7,-9.3,25.7,-11.1,25.1
3260.774,-12.9,25.6,-13.7,25.6,-9.3,25.7,-11.1,25.0
3261.774,-12.9,25.5,-13.7,25.6,-9.3,25.7,-11.1,25.0
3262.774,-13.0,25.5,-13.8,25.5,-9.4,25.6,-11.1,25.0
3263.774,-13.1,25.5,-13.9,25.5,-9.4,25.6,-11.2,24.9
3264.774,-13.2,25.4,-13.9,25.4,-9.4,25.5,-11.1,24.9
3265.774,-12.9,25.4,-13.7,25.4,-9.3,25.4,-11.0,24.9
3266.774,-13.0,25.3,-13.8,25.4,-9.3,25.4,-11.1,24.8
3267.774,-12.8,25.3,-13.6,25.3,-9.1,25.3,-10.9,24.8
3268.774,-12.8,25.2,-13.7,25.3,-9.3,25.3,-11.1,24.8
3269.775,-12.9,25.2,-13.6,25.2,-9.2,25.3,-10.8,24.8
3270.775,-12.8,25.2,-13.7,25.2,-9.3,25.2,-11.0,24.7
3271.775,-12.8,25.1,-13.6,25.1,-9.2,25.2,-11.0,24.7
3272.775,-12.9,25.1,-13.7,25.1,-9.2,25.2,-10.9,24.7
3273.775,-12.8,25.1,-13.7,25.1,-9.3,25.1,-11.1,24.7
3274.775,-12.7,25.1,-13.6,25.0,-9.2,25.1,-10.9,24.7
3275.775,-12.8,25.1,-13.7,25.0,-9.3,25.1,-11.1,24.6
3276.775,-13.0,25.1,-13.7,25.0,-9.2,25.1,-10.9,24.6
3277.775,-12.9,25.0,-13.7,25.0,-9.2,25.0,-10.9,24.6
3278.775,-13.0,25.0,-13.8,25.0,-9.3,25.0,-11.0,24.6
3279.775,-12.9,25.0,-13.7,24.9,-9.3,25.0,-11.0,24.6
3280.775,-12.8,25.0,-13.6,24.9,-9.2,25.0,-11.0,24.6
3281.775,-12.9,25.0,-13.7,24.9,-9.2,25.0,-11.0,24.6
3282.775,-13.1,25.0,-13.9,24.9,-9.4,25.0,-11.2,24.6
3283.775,-12.8,25.0,-13.7,24.9,-9.4,25.0,-11.2,24.6
3284.775,-13.1,25.0,-13.9,24.9,-9.4,25.0,-11.1,24.6
3285.775,-13.0,25.0,-13.7,24.9,-9.3,25.0,-11.0,24.6
3286.775,-13.0,25.0,-13.7,24.9,-9.3,25.0,-11.0,24.6
3287.775,-13.0,25.0,-13.9,24.9,-9.4,25.0,-11.2,24.6
3288.775,-13.0,25.0,-13.8,24.9,-9.4,25.0,-11.1,24.5
3289.775,-13.2,25.0,-13.9,24.9,-9.3,25.0,-11.0,24.6
3290.775,-13.2,25.0,-14.0,24.8,-9.4,25.0,-11.1,24.5
3291.775,-13.0,25.0,-13.8,24.9,-9.4,24.9,-11.1,24.6
3292.775,-13.0,25.0,-13.8,24.8,-9.3,24.9,-11.1,24.5
3293.775,-13.0,24.9,-13.7,24.8,-9.3,25.0,-11.0,24.5
3294.775,-13.0,24.9,-13.8,24.8,-9.3,25.0,-11.0,24.5
3295.775,-13.0,24.9,-13.7,24.8,-9.2,24.9,-10.9,24.5
3296.776,-13.2,24.9,-13.9,24.8,-9.4,24.9,-11.1,24.5
3297.776,-13.0,24.9,-13.8,24.8,-9.3,24.9,-11.1,24.5
3298.776,-12.8,24.9,-13.7,24.8,-8.7,24.9,-11.0,24.5
3299.776,-11.1,25.0,-13.7,24.8,-7.3,25.0,-9.8,24.5
3300.776,-10.9,25.0,-13.5,24.8,-7.7,25.0,-9.1,24.6
3301.776,-11.9,24.9,-12.5,24.8,-7.8,24.9,-8.3,24.6
3302.776,-11.1,25.0,-11.6,24.9,-7.9,25.0,-9.9,24.6
3303.776,-11.3,24.9,-12.1,24.8,-7.9,25.0,-10.1,24.5
3304.776,-11.3,25.0,-11.6,24.8,-8.1,24.9,-9.6,24.5
3305.776,-11.9,24.9,-12.0,24.8,-8.5,24.9,-10.1,24.5
3306.776,-5.9,25.0,-5.4,24.9,-4.3,25.0,-4.8,24.6
3307.776,-0.0,25.5,-0.3,25.4,-0.1,25.5,-0.3,25.0
3308.776,0.3,25.8,-0.1,25.6,0.0,25.8,0.3,25.3
3309.776,1.7,25.8,-0.0,25.8,0.2,26.0,1.7,25.3
3310.776,3.0,25.6,0.6,26.0,1.4,26.0,2.8,25.1
3311.776,6.1,25.4,6.0,25.5,4.7,25.4,5.4,24.9
3312.776,8.1,25.2,7.7,25.1,5.6,25.2,7.1,24.8
3313.776,5.6,25.2,6.0,25.1,3.6,25.2,4.8,24.8
3314.776,6.2,25.2,5.2,25.1,3.4,25.2,4.4,24.8
3315.776,12.3,25.0,11.5,24.9,8.5,25.0,10.6,24.7
3316.776,11.5,24.9,10.9,24.9,8.0,25.0,9.5,24.6
3317.776,11.0,24.9,11.2,24.8,7.7,25.0,9.7,24.6
3318.776,10.9,24.9,12.3,24.8,6.9,25.0,9.2,24.6
3319.776,10.9,24.9,12.7,24.8,7.8,25.0,10.5,24.6
3320.777,12.7,24.9,12.3,24.8,7.9,24.9,11.1,24.5
3321.777,12.4,24.9,12.3,24.8,8.9,24.9,11.3,24.5
3322.777,12.4,24.9,12.2,24.8,8.9,24.9,11.3,24.5
3323.777,12.7,24.9,12.4,24.8,8.9,24.9,11.0,24.6
3324.777,12.6,24.9,12.6,24.8,9.2,24.9,11.7,24.5
3325.777,12.1,25.0,12.1,24.9,8.7,25.0,11.2,24.6
3326.777,12.4,25.0,12.2,24.9,8.7,25.0,10.9,24.6
3327.779,12.1,25.0,11.9,24.9,8.5,25.0,10.6,24.6
3328.779,12.2,25.0,12.1,24.9,8.7,25.0,11.0,24.6
3329.779,12.4,25.0,12.3,25.0,8.8,25.1,11.1,24.6
3330.779,12.6,25.0,12.4,25.0,8.9,25.1,11.2,24.6
3331.779,12.5,25.1,12.3,25.0,8.8,25.1,11.1,24.6
3332.779,12.3,25.1,12.0,25.0,8.4,25.1,10.5,24.7
3333.779,12.5,25.1,12.4,25.1,8.9,25.1,11.3,24.7
3334.779,12.3,25.2,12.2,25.1,8.7,25.2,11.1,24.7
3335.779,12.2,25.2,12.1,25.1,8.7,25.2,11.0,24.7
3336.779,12.4,25.2,12.3,25.2,8.8,25.2,11.2,24.7
3337.779,12.7,25.2,12.5,25.2,8.9,25.2,11.2,24.7
3338.779,12.1,25.3,12.2,25.2,8.9,25.3,11.5,24.7
3339.779,12.2,25.3,12.1,25.3,8.7,25.3,11.0,24.8
3340.779,12.8,25.3,12.5,25.3,8.8,25.3,11.0,24.8
3341.779,12.5,25.3,12.4,25.3,8.9,25.4,11.3,24.8
3342.779,12.8,25.4,12.6,25.4,9.0,25.4,11.4,24.8
3343.779,12.6,25.4,12.4,25.4,8.8,25.4,11.2,24.8
3344.779,12.3,25.4,12.2,25.5,8.7,25.5,11.1,24.9
3345.779,12.7,25.4,12.4,25.5,8.7,25.5,11.0,24.9
3346.779,12.2,25.5,12.0,25.5,8.4,25.5,10.7,24.9
3347.779,12.6,25.5,12.3,25.6,8.8,25.6,11.1,24.9
3348.779,12.5,25.5,12.3,25.6,8.8,25.6,11.1,24.9
3349.779,12.5,25.5,12.4,25.6,8.9,25.6,11.4,24.9
3350.779,12.6,25.5,12.4,25.6,8.9,25.7,11.2,24.9
3351.779,13.0,25.6,12.8,25.7,9.3,25.7,11.8,25.0
3352.779,12.4,25.6,12.3,25.7,8.9,25.7,11.3,25.0
3353.779,12.4,25.6,12.3,25.7,8.8,25.8,11.2,25.0
3354.779,12.6,25.6,12.5,25.8,9.0,25.8,11.4,25.0
3355.779,12.4,25.6,12.1,25.8,8.5,25.8,10.7,25.1
3356.779,12.6,25.7,12.4,25.8,8.9,25.8,11.3,25.1
3357.779,12.5,25.7,12.3,25.8,8.8,25.9,11.1,25.1
3358.779,12.8,25.7,12.4,25.9,8.8,25.9,11.1,25.1
3359.779,12.6,25.7,12.4,25.9,8.9,25.9,11.2,25.1
3360.779,12.5,25.7,12.4,25.9,8.9,25.9,11.4,25.1
3361.779,12.8,25.7,12.1,26.0,9.0,26.0,11.4,25.2
3362.779,10.3,25.8,9.9,26.0,7.3,26.0,9.4,25.2
3363.779,1.0,26.0,1.0,26.3,0.6,26.3,1.1,25.4
3364.779,-0.1,26.4,-0.3,26.5,-0.2,26.6,-0.3,25.7
3365.779,-0.9,26.6,-0.1,26.7,-0.2,26.7,-0.9,25.8
3366.779,-2.9,26.3,-0.1,26.8,-0.4,26.8,-2.5,25.7
3367.779,-2.5,26.1,-1.8,26.7,-1.4,26.6,-2.4,25.5
3368.779,-5.0,26.0,-5.5,26.3,-3.9,26.2,-5.4,25.4
3369.779,-8.8,25.8,-8.9,25.9,-5.9,25.9,-7.4,25.2
3370.779,-13.2,25.6,-13.3,25.8,-9.3,25.8,-11.0,25.1
3371.779,-13.0,25.6,-13.9,25.7,-9.3,25.7,-11.1,25.0
3372.779,-13.1,25.5,-13.8,25.6,-9.3,25.7,-10.9,25.0
3373.779,-12.9,25.5,-13.6,25.6,-9.3,25.6,-11.1,25.0
3374.779,-12.9,25.5,-13.8,25.6,-9.4,25.6,-11.2,25.0
3375.779,-13.1,25.4,-13.9,25.5,-9.4,25.6,-11.1,24.9
3376.779,-13.0,25.4,-13.8,25.5,-9.4,25.5,-11.1,24.9
3377.779,-13.0,25.3,-13.8,25.4,-9.3,25.4,-11.0,24.8
3378.779,-12.9,25.3,-13.7,25.3,-9.3,25.4,-11.0,24.8
3379.779,-12.9,25.2,-13.8,25.3,-9.3,25.3,-11.1,24.8
3380.779,-12.7,25.2,-13.7,25.2,-9.3,25.3,-11.1,24.8
3381.779,-12.8,25.2,-13.7,25.2,-9.2,25.2,-11.0,24.7
3382.781,-12.8,25.1,-13.7,25.1,-9.2,25.2,-10.9,24.7
3383.805,-12.7,25.1,-13.6,25.1,-9.3,25.2,-11.1,24.7
3384.805,-12.8,25.1,-13.7,25.1,-9.2,25.2,-11.0,24.7
3385.805,-12.8,25.1,-13.7,25.0,-9.3,25.1,-11.1,24.7
3386.805,-12.8,25.0,-13.7,25.0,-9.2,25.1,-10.9,24.6
3387.805,-12.7,25.0,-13.7,25.0,-9.3,25.1,-11.1,24.6
3388.805,-12.9,25.0,-13.7,25.0,-9.3,25.0,-11.0,24.6
3389.805,-12.9,25.0,-13.8,24.9,-9.3,25.0,-11.0,24.6
3390.805,-12.9,25.0,-13.8,24.9,-9.3,25.0,-11.0,24.6
3391.805,-12.9,25.0,-13.7,24.9,-9.3,25.0,-11.0,24.6
3392.805,-12.7,25.0,-13.6,24.9,-9.1,25.0,-10.9,24.6
3393.805,-12.8,25.0,-13.7,24.9,-9.2,25.0,-11.0,24.6
3394.805,-13.1,24.9,-13.9,24.9,-9.4,25.0,-11.1,24.6
3395.805,-12.7,24.9,-13.7,24.9,-9.4,25.0,-11.2,24.5
3396.805,-13.0,24.9,-13.9,24.9,-9.4,24.9,-11.2,24.5
3397.805,-13.0,24.9,-13.8,24.8,-9.3,24.9,-11.0,24.5
3398.805,-12.9,24.9,-13.7,24.8,-9.3,24.9,-11.0,24.5
3399.805,-13.0,24.9,-13.9,24.8,-9.4,24.9,-11.1,24.5
3400.805,-12.9,24.9,-13.8,24.8,-9.4,24.9,-11.2,24.5
3401.805,-13.1,24.9,-13.9,24.8,-9.3,24.9,-11.0,24.5
3402.805,-13.2,24.9,-13.9,24.8,-9.3,24.9,-11.0,24.5
3403.805,-12.9,24.9,-13.8,24.8,-9.3,24.9,-11.1,24.5
3404.805,-12.9,24.9,-13.8,24.8,-9.4,24.9,-11.2,24.5
3405.805,-13.0,24.9,-13.8,24.8,-9.3,24.9,-10.9,24.5
3406.805,-13.1,24.9,-13.9,24.8,-9.4,24.9,-11.2,24.5
3407.805,-12.9,24.9,-13.7,24.8,-9.3,24.9,-11.0,24.5
3408.805,-13.0,24.9,-13.9,24.8,-9.4,24.9,-11.1,24.5
3409.805,-12.9,24.9,-13.8,24.8,-9.4,24.9,-11.1,24.5
3410.805,-12.9,24.9,-13.7,24.8,-9.2,24.9,-10.9,24.5
3411.805,-12.4,24.9,-13.7,24.8,-7.7,24.9,-10.7,24.5
3412.805,-10.5,24.9,-13.6,24.8,-7.6,24.9,-9.1,24.5
3413.805,-11.1,24.9,-13.7,24.8,-8.2,24.9,-7.9,24.5
3414.805,-11.1,24.9,-11.6,24.8,-7.5,24.9,-9.9,24.5
3415.805,-11.4,24.9,-11.5,24.8,-7.9,24.9,-9.6,24.5
3416.805,-11.2,24.9,-11.8,24.8,-7.9,24.9,-9.9,24.5
3417.805,-11.4,24.9,-11.8,24.8,-8.4,24.9,-10.1,24.5
3418.805,-11.1,24.9,-10.9,24.8,-8.0,24.9,-9.2,24.5
3419.805,-0.1,25.3,-0.2,25.2,-0.2,25.2,-0.2,24.8
3420.805,-0.0,25.7,-0.1,25.5,0.0,25.7,0.3,25.2
3421.805,1.1,25.9,-0.0,25.7,0.1,25.9,1.1,25.3
3422.807,2.9,25.6,0.4,25.9,1.0,26.0,2.3,25.1
3423.807,5.1,25.4,4.4,25.6,3.9,25.5,5.0,24.9
3424.807,7.7,25.2,7.3,25.1,5.2,25.2,6.7,24.7
3425.807,6.1,25.1,5.7,25.1,3.6,25.1,4.9,24.7
3426.807,5.5,25.1,5.2,25.1,3.5,25.2,3.8,24.8
3427.807,11.2,25.0,10.7,24.9,7.7,25.1,9.3,24.7
3428.807,11.5,24.9,10.6,24.8,7.8,24.9,10.1,24.6
3429.807,11.8,24.9,11.5,24.8,8.1,24.9,10.5,24.5
3430.807,11.1,24.9,12.7,24.7,7.8,24.9,9.8,24.5
3431.807,10.2,24.9,12.3,24.7,7.3,24.9,9.9,24.5
3432.807,12.6,24.9,12.4,24.7,7.9,24.9,11.4,24.5
3433.807,12.3,24.9,12.0,24.8,8.7,24.9,10.8,24.5
3434.807,12.7,24.9,12.5,24.8,9.1,24.9,11.5,24.5
3435.807,12.7,24.9,12.5,24.8,9.1,24.9,11.5,24.5
3436.807,12.5,24.9,12.3,24.8,8.9,24.9,11.3,24.5
3437.807,12.2,24.9,12.1,24.8,8.7,24.9,11.1,24.5
3438.807,12.8,24.9,12.3,24.9,8.7,25.0,10.7,24.6
3439.807,11.3,25.0,11.0,24.9,7.6,25.0,9.5,24.6
3440.807,13.2,25.0,12.9,24.9,9.3,25.0,11.7,24.6
3441.807,12.5,25.0,12.3,24.9,8.8,25.0,11.1,24.6
3442.807,12.7,25.0,12.5,24.9,9.0,25.0,11.4,24.6
3443.807,12.9,25.0,12.6,24.9,9.0,25.0,11.3,24.6
3444.807,12.4,25.1,12.3,25.0,8.9,25.1,11.3,24.6
3445.807,12.3,25.1,12.1,25.0,8.7,25.1,11.0,24.6
3446.810,12.3,25.1,12.1,25.1,8.6,25.1,11.0,24.6
3447.810,12.1,25.2,11.9,25.1,8.4,25.1,10.7,24.7
3448.810,12.9,25.2,12.6,25.1,9.1,25.2,11.5,24.7
3449.810,12.5,25.2,12.3,25.2,8.9,25.2,11.3,24.7
3450.810,12.1,25.2,12.0,25.2,8.6,25.2,11.0,24.7
3451.810,12.3,25.3,12.1,25.2,8.6,25.3,10.9,24.7
3452.810,12.7,25.3,12.4,25.3,8.8,25.3,11.1,24.7
3453.810,12.3,25.3,12.1,25.3,8.5,25.3,10.8,24.7
3454.810,12.8,25.3,12.6,25.3,9.0,25.4,11.4,24.8
3455.810,12.6,25.4,12.3,25.4,8.8,25.4,11.1,24.8
3456.810,12.7,25.4,12.4,25.4,8.8,25.4,11.1,24.8
3457.810,13.0,25.4,12.8,25.4,9.3,25.4,11.8,24.8
3458.810,12.5,25.4,12.3,25.5,8.7,25.5,11.1,24.8
3459.810,12.6,25.5,12.3,25.5,8.8,25.5,11.1,24.8
3460.812,12.4,25.5,12.1,25.5,8.5,25.5,10.7,24.9
3461.823,12.2,25.5,12.1,25.6,8.7,25.6,11.1,24.9
3462.823,12.7,25.5,12.6,25.6,9.1,25.6,11.6,24.9
3463.823,12.5,25.5,12.3,25.7,8.8,25.6,11.3,24.9
3464.823,12.6,25.5,12.3,25.7,8.8,25.7,11.2,25.0
3465.823,12.7,25.6,12.4,25.7,8.8,25.7,11.0,25.0
3466.823,12.5,25.6,12.3,25.7,8.9,25.7,11.4,25.0
3467.823,12.7,25.6,12.4,25.7,8.8,25.8,11.1,25.0
3468.823,12.6,25.6,12.4,25.8,8.9,25.8,11.4,25.0
3469.823,12.6,25.6,12.4,25.8,8.8,25.8,11.1,25.0
3470.823,12.6,25.6,12.4,25.8,8.9,25.9,11.2,25.1
3471.823,12.6,25.7,12.5,25.9,9.0,25.9,11.5,25.1
3472.823,12.8,25.7,12.5,25.9,9.0,25.9,11.4,25.1
3473.823,13.0,25.7,12.3,25.9,9.2,25.9,11.6,25.1
3474.823,11.9,25.7,11.4,25.9,8.3,26.0,10.7,25.1
3475.823,2.3,26.0,2.2,26.2,1.3,26.2,2.0,25.4
3476.823,0.7,26.2,0.6,26.4,0.3,26.5,0.5,25.6
3477.823,0.3,26.4,0.3,26.6,0.1,26.7,0.2,25.8
3478.823,0.0,26.6,0.0,26.7,0.0,26.8,0.1,25.9
3479.823,-0.2,26.7,-0.2,26.8,-0.3,26.9,-0.3,26.0
3480.823,-1.4,26.7,-0.0,26.8,-0.2,26.9,-0.7,26.0
3481.823,-3.5,26.2,-0.2,26.9,-0.4,26.9,-2.6,25.7
3482.823,-2.9,26.1,-2.0,26.7,-1.5,26.6,-2.5,25.5
3483.823,-5.3,25.9,-6.0,26.2,-4.2,26.1,-5.7,25.3
3484.823,-7.6,25.7,-7.9,25.9,-5.4,25.9,-7.0,25.1
3485.823,-13.2,25.6,-13.2,25.7,-9.0,25.8,-10.6,25.0
3486.823,-12.7,25.5,-13.9,25.6,-9.3,25.7,-11.1,25.0
3487.823,-12.9,25.5,-13.7,25.6,-9.3,25.6,-11.0,25.0
3488.823,-12.9,25.5,-13.6,25.5,-9.2,25.6,-10.9,24.9
3489.823,-12.9,25.4,-13.8,25.5,-9.4,25.5,-11.1,24.9
3490.823,-13.0,25.4,-13.8,25.5,-9.4,25.5,-11.1,24.9
3491.823,-13.1,25.3,-13.9,25.4,-9.4,25.4,-11.1,24.8
3492.823,-12.9,25.3,-13.8,25.4,-9.3,25.4,-11.1,24.8
3493.823,-12.9,25.2,-13.8,25.3,-9.3,25.3,-11.1,24.8
3494.823,-13.0,25.2,-13.9,25.2,-9.4,25.3,-11.1,24.7
3495.823,-12.8,25.2,-13.7,25.2,-9.3,25.2,-11.0,24.7
3496.823,-13.0,25.1,-13.8,25.2,-9.3,25.2,-11.0,24.7
3497.823,-12.8,25.1,-13.6,25.1,-9.2,25.2,-10.9,24.7
3498.823,-12.8,25.1,-13.7,25.1,-9.3,25.1,-11.0,24.6
3499.823,-12.8,25.0,-13.6,25.0,-9.2,25.1,-10.9,24.6
3500.823,-12.7,25.0,-13.6,25.0,-9.2,25.1,-11.0,24.6
3501.823,-12.9,25.0,-13.7,25.0,-9.2,25.0,-10.9,24.6
3502.823,-12.7,25.0,-13.7,25.0,-9.3,25.0,-11.0,24.6
3503.823,-12.9,25.0,-13.8,24.9,-9.3,25.0,-11.0,24.6
3504.823,-13.0,25.0,-13.8,24.9,-9.3,25.0,-11.0,24.6
3505.823,-12.8,24.9,-13.6,24.9,-9.2,25.0,-10.9,24.5
3506.823,-13.0,24.9,-13.8,24.9,-9.4,25.0,-11.1,24.6
3507.823,-12.8,24.9,-13.7,24.9,-9.2,25.0,-10.9,24.5
3508.823,-12.9,24.9,-13.7,24.9,-9.3,25.0,-11.0,24.5
3509.823,-13.1,24.9,-13.8,24.8,-9.3,24.9,-11.0,24.5
3510.823,-12.8,24.9,-13.7,24.8,-9.3,24.9,-11.1,24.5
3511.823,-12.9,24.9,-13.8,24.8,-9.5,24.9,-11.3,24.5
3512.823,-13.1,24.9,-13.9,24.8,-9.3,24.9,-11.0,24.5
3513.823,-12.8,24.9,-13.6,24.8,-9.2,24.9,-10.9,24.5
3514.823,-13.0,24.9,-13.8,24.8,-9.3,24.9,-11.0,24.5
3515.823,-12.9,24.9,-13.7,24.8,-9.2,24.9,-10.9,24.5
3516.823,-13.1,24.9,-13.9,24.8,-9.4,24.9,-11.1,24.5
3517.823,-13.2,24.9,-13.9,24.8,-9.4,24.9,-11.0,24.5
3518.823,-13.2,24.9,-14.0,24.8,-9.5,24.9,-11.3,24.5
3519.823,-12.9,24.9,-13.7,24.8,-9.2,24.9,-11.0,24.5
3520.823,-13.0,24.9,-13.7,24.8,-9.2,24.9,-10.9,24.5
3521.823,-13.0,24.9,-13.9,24.8,-9.4,24.9,-11.2,24.5
3522.823,-13.0,24.9,-13.8,24.8,-9.3,24.9,-11.0,24.5
3523.823,-13.1,24.9,-13.9,24.8,-9.4,24.9,-11.1,24.4
3524.823,-12.8,24.9,-13.6,24.7,-9.2,24.9,-10.9,24.5
3525.823,-13.1,24.9,-13.8,24.7,-9.3,24.8,-11.0,24.4
3526.823,-12.7,24.9,-13.8,24.7,-8.1,24.9,-11.2,24.4
3527.823,-10.9,24.9,-13.7,24.7,-7.5,24.9,-9.5,24.5
3528.823,-10.8,24.9,-13.8,24.7,-8.2,24.9,-8.1,24.5
3529.823,-11.2,24.9,-11.4,24.8,-7.4,24.9,-9.1,24.5
3530.823,-11.4,24.9,-11.8,24.8,-8.0,24.9,-9.8,24.5
3531.823,-11.3,24.9,-12.0,24.8,-7.9,24.9,-10.2,24.4
3532.823,-11.5,24.9,-11.7,24.8,-8.3,24.9,-10.0,24.5
3533.823,-12.0,24.9,-11.9,24.8,-8.7,24.9,-9.9,24.4
3534.823,-1.8,25.1,-1.5,25.0,-1.2,25.1,-1.5,24.7
3535.823,0.1,25.6,0.0,25.4,0.0,25.5,0.1,25.0
3536.824,0.6,25.8,-0.0,25.6,0.0,25.8,0.3,25.3
3537.824,2.0,25.8,0.0,25.8,0.2,26.0,1.7,25.2
3538.824,3.1,25.5,1.3,25.9,1.9,25.9,1.3,25.1
3539.824,7.0,25.3,6.8,25.4,5.0,25.3,6.1,24.9
3540.826,7.3,25.1,6.9,25.0,5.0,25.1,7.0,24.7
3541.826,5.5,25.1,5.6,25.0,3.2,25.1,4.5,24.7
3542.826,7.8,25.1,6.8,25.0,4.3,25.1,5.6,24.7
3543.826,12.4,24.9,12.1,24.8,8.9,25.0,10.9,24.6
3544.826,11.1,24.9,10.6,24.8,7.8,24.9,9.7,24.5
3545.826,10.9,24.9,11.4,24.8,7.9,24.9,10.0,24.5
3546.826,11.1,24.9,12.7,24.7,7.3,24.9,10.1,24.5
3547.826,11.2,24.9,12.5,24.7,7.4,24.9,10.3,24.5
3548.826,12.8,24.8,12.4,24.7,8.3,24.9,10.8,24.5
3549.826,12.2,24.8,12.1,24.7,8.7,24.8,11.1,24.5
3550.826,12.4,24.8,12.2,24.8,8.9,24.9,11.3,24.5
3551.826,12.6,24.9,12.4,24.8,8.9,24.9,11.2,24.5
3552.826,12.2,24.9,12.1,24.8,8.7,24.9,11.0,24.5
3553.826,12.5,24.9,12.2,24.8,8.6,24.9,10.8,24.5
3554.826,12.5,24.9,12.3,24.8,8.8,24.9,11.1,24.5
3555.826,11.7,24.9,11.6,24.9,8.2,25.0,10.4,24.5
3556.826,12.8,24.9,12.6,24.9,9.1,25.0,11.5,24.5
3557.826,12.6,25.0,12.4,24.9,8.8,25.0,11.1,24.6
3558.826,12.7,25.0,12.4,24.9,8.8,25.0,11.1,24.6
3559.826,12.7,25.0,12.5,24.9,9.1,25.0,11.6,24.6
3560.826,12.3,25.0,12.1,25.0,8.7,25.1,11.0,24.6
3561.826,12.5,25.1,12.3,25.0,8.7,25.1,11.0,24.6
3562.826,12.5,25.1,12.3,25.0,8.7,25.1,11.0,24.6
3563.826,12.3,25.2,12.1,25.1,8.7,25.1,11.0,24.6
3564.826,12.6,25.2,12.4,25.1,8.8,25.2,11.2,24.6
3565.826,12.4,25.2,12.2,25.1,8.7,25.2,11.0,24.7
3566.826,12.4,25.2,12.2,25.2,8.7,25.2,11.1,24.7
3567.826,12.7,25.2,12.4,25.2,8.7,25.2,10.9,24.7
3568.826,12.4,25.3,12.2,25.2,8.8,25.3,11.1,24.7
3569.826,12.3,25.3,12.1,25.3,8.6,25.3,10.8,24.7
3570.826,12.8,25.3,12.5,25.3,9.0,25.3,11.3,24.7
3571.826,12.6,25.3,12.4,25.3,8.8,25.4,11.2,24.8
3572.826,12.8,25.3,12.5,25.4,8.9,25.4,11.3,24.8
3573.826,12.4,25.4,12.3,25.4,8.8,25.4,11.2,24.8
3574.826,12.5,25.4,12.3,25.4,8.8,25.5,11.2,24.8
3575.826,12.5,25.4,12.2,25.5,8.7,25.5,11.1,24.8
3576.826,12.7,25.4,12.4,25.5,8.8,25.5,11.1,24.9
3577.826,12.4,25.4,12.2,25.5,8.8,25.5,11.2,24.9
3578.826,12.4,25.5,12.2,25.6,8.7,25.6,11.1,24.9
3579.826,12.6,25.5,12.4,25.6,8.9,25.6,11.3,24.9
3580.826,12.9,25.5,12.5,25.6,8.9,25.6,11.2,24.9
3581.826,12.5,25.5,12.3,25.7,8.8,25.7,11.2,24.9
3582.826,12.6,25.5,12.4,25.7,8.9,25.7,11.4,25.0
3583.852,12.7,25.6,12.4,25.7,8.8,25.7,11.1,25.0
3584.852,12.6,25.6,12.4,25.7,8.9,25.8,11.2,25.0
3585.852,13.0,25.6,12.6,25.8,8.9,25.8,11.1,25.0
3586.852,12.4,25.6,12.3,25.8,8.9,25.8,11.5,25.0
3587.852,12.6,25.6,12.3,25.8,8.8,25.9,11.2,25.0
3588.852,12.9,25.6,12.7,25.8,9.2,25.9,11.6,25.1
3589.852,12.5,25.7,11.8,25.9,8.9,25.9,11.3,25.1
3590.852,8.1,25.7,7.6,26.0,5.5,26.0,7.2,25.1
3591.852,0.6,26.1,0.5,26.3,0.3,26.3,0.7,25.4
3592.852,-0.1,26.4,-0.2,26.5,-0.2,26.6,-0.3,25.7
3593.852,-1.8,26.4,-0.1,26.6,-0.2,26.7,-1.0,25.8
3594.852,-3.4,26.1,-0.4,26.8,-0.6,26.7,-2.6,25.5
3595.852,-3.1,26.0,-2.5,26.6,-1.8,26.4,-2.8,25.4
3596.852,-5.7,25.8,-6.5,26.0,-4.7,26.0,-6.3,25.2
3597.852,-9.2,25.7,-9.1,25.8,-5.9,25.9,-7.2,25.1
3598.852,-12.9,25.5,-13.2,25.7,-9.3,25.8,-11.1,25.0
3599.852,-12.8,25.5,-14.1,25.6,-9.3,25.7,-11.1,25.0
3600.852,-12.9,25.5,-13.7,25.6,-9.3,25.6,-11.1,24.9
3601.852,-12.9,25.5,-13.7,25.5,-9.3,25.6,-11.0,24.9
3602.852,-13.0,25.4,-13.8,25.5,-9.4,25.5,-11.1,24.9
3603.852,-13.0,25.4,-13.8,25.4,-9.4,25.5,-11.2,24.8
3604.852,-13.1,25.3,-13.9,25.4,-9.4,25.4,-11.1,24.8
3605.852,-13.0,25.3,-13.8,25.3,-9.3,25.4,-11.0,24.8
3606.852,-13.0,25.2,-13.8,25.3,-9.3,25.3,-11.0,24.8
3607.852,-12.9,25.2,-13.7,25.2,-9.2,25.2,-10.9,24.7
3608.852,-12.9,25.1,-13.7,25.2,-9.3,25.2,-11.1,24.7
3609.852,-13.0,25.1,-13.8,25.1,-9.3,25.2,-11.0,24.7
3610.852,-12.8,25.1,-13.6,25.1,-9.2,25.1,-10.9,24.6
3611.852,-12.8,25.0,-13.7,25.0,-9.3,25.1,-11.1,24.6
3612.852,-12.8,25.0,-13.7,25.0,-9.2,25.1,-10.9,24.6
3613.853,-12.8,25.0,-13.7,25.0,-9.3,25.0,-11.1,24.6
3614.853,-12.7,25.0,-13.7,25.0,-9.3,25.0,-11.1,24.6
3615.853,-12.8,25.0,-13.7,24.9,-9.2,25.0,-11.0,24.6
3616.853,-12.9,24.9,-13.6,24.9,-9.1,25.0,-10.7,24.5
3617.853,-13.0,24.9,-13.8,24.9,-9.3,25.0,-11.0,24.5
3618.853,-13.0,24.9,-13.8,24.9,-9.3,24.9,-11.0,24.5
3619.853,-12.9,24.9,-13.8,24.9,-9.3,24.9,-11.0,24.5
3620.855,-12.8,24.9,-13.6,24.8,-9.2,24.9,-10.9,24.5
3621.855,-12.8,24.9,-13.6,24.8,-9.1,24.9,-10.8,24.5
3622.855,-13.1,24.9,-13.8,24.8,-9.3,24.9,-10.9,24.5
3623.855,-12.8,24.9,-13.8,24.8,-9.4,24.9,-11.2,24.5
3624.855,-12.9,24.9,-13.8,24.8,-9.4,24.9,-11.2,24.5
3625.855,-13.1,24.9,-13.9,24.8,-9.3,24.9,-11.0,24.5
3626.855,-12.9,24.9,-13.7,24.8,-9.2,24.9,-10.8,24.5
3627.855,-13.1,24.9,-13.9,24.8,-9.4,24.9,-11.1,24.5
3628.855,-12.9,24.9,-13.9,24.8,-9.5,24.9,-11.2,24.5
3629.855,-13.1,24.9,-13.9,24.8,-9.3,24.9,-11.0,24.5
3630.855,-13.1,24.9,-13.9,24.8,-9.4,24.9,-11.1,24.4
3631.855,-13.1,24.8,-13.9,24.7,-9.3,24.9,-11.0,24.5
3632.855,-13.0,24.8,-13.8,24.7,-9.4,24.9,-11.1,24.4
3633.855,-13.0,24.8,-13.8,24.7,-9.3,24.8,-11.0,24.4
3634.855,-13.1,24.8,-13.9,24.7,-9.4,24.9,-11.1,24.4
3635.855,-12.8,24.8,-13.5,24.7,-9.1,24.9,-10.7,24.4
3636.855,-13.1,24.8,-13.9,24.7,-9.3,24.9,-11.0,24.4
3637.855,-13.1,24.8,-14.0,24.7,-9.5,24.8,-11.3,24.4
3638.855,-12.8,24.8,-13.7,24.7,-9.3,24.8,-11.0,24.4
3639.855,-12.0,24.8,-13.8,24.7,-7.7,24.9,-10.3,24.4
3640.855,-10.6,24.9,-13.7,24.7,-7.5,24.9,-9.5,24.4
3641.855,-11.1,24.9,-13.3,24.7,-7.8,24.9,-7.9,24.5
3642.855,-11.4,24.9,-11.8,24.7,-7.8,24.9,-9.3,24.5
3643.855,-11.3,24.9,-11.4,24.7,-7.9,24.9,-9.3,24.4
3644.855,-11.3,24.9,-11.8,24.7,-8.1,24.8,-10.7,24.4
3645.855,-11.4,24.9,-11.7,24.8,-8.3,24.8,-8.5,24.5
3646.855,-9.6,24.8,-9.2,24.8,-6.8,24.9,-7.9,24.5
3647.855,-0.1,25.3,-0.3,25.2,-0.2,25.3,-0.7,24.8
3648.855,0.0,25.7,-0.0,25.5,0.0,25.6,0.1,25.1
3649.855,1.3,25.8,0.0,25.7,0.1,25.8,0.1,25.3
3650.855,2.8,25.5,0.3,25.8,1.0,25.9,0.2,25.4
3651.855,4.5,25.4,3.8,25.6,3.7,25.4,4.2,25.2
3652.855,7.6,25.1,7.2,25.1,5.0,25.1,6.5,24.8
3653.855,6.6,25.0,6.3,25.0,4.2,25.1,5.5,24.7
3654.855,5.6,25.1,5.9,25.0,3.5,25.1,4.9,24.7
3655.855,9.6,25.0,8.7,24.9,5.8,25.0,6.4,24.7
3656.855,12.8,24.8,11.7,24.7,8.8,24.9,11.0,24.5
3657.855,10.8,24.8,10.7,24.8,7.7,24.9,9.5,24.5
3658.855,10.7,24.8,12.4,24.7,7.7,24.8,11.4,24.5
3659.855,10.6,24.8,12.2,24.7,7.0,24.9,9.1,24.5
3660.855,12.2,24.8,12.3,24.7,7.6,24.9,11.2,24.4
3661.855,12.6,24.8,12.3,24.7,9.0,24.8,11.2,24.4
3662.855,12.4,24.8,12.3,24.7,9.0,24.8,11.5,24.5
3663.856,13.1,24.8,13.0,24.7,9.6,24.8,12.2,24.4
3664.856,12.7,24.8,12.3,24.7,8.7,24.8,10.9,24.5
3665.856,12.6,24.9,12.4,24.8,8.9,24.9,11.3,24.5
3666.856,12.3,24.9,12.0,24.8,8.5,24.9,10.6,24.5
3667.856,12.1,24.9,11.8,24.8,8.3,24.9,10.3,24.5
3668.856,12.3,24.9,12.2,24.8,8.8,24.9,11.3,24.5
3669.856,12.6,24.9,12.4,24.9,9.0,24.9,11.4,24.5
3670.856,12.7,24.9,12.5,24.9,8.9,25.0,11.2,24.5
3671.857,12.6,25.0,12.4,24.9,8.9,25.0,11.2,24.6
3672.857,12.1,25.0,11.9,24.9,8.5,25.0,10.8,24.6
3673.857,12.6,25.0,12.3,25.0,8.6,25.0,10.8,24.6
3674.857,12.4,25.1,12.2,25.0,8.7,25.0,11.1,24.6
3675.857,12.3,25.1,12.1,25.0,8.6,25.1,10.9,24.6
3676.857,12.7,25.1,12.4,25.1,8.9,25.1,11.3,24.6
3677.857,12.6,25.1,12.5,25.1,9.2,25.1,11.8,24.6
3678.857,12.6,25.2,12.4,25.1,8.9,25.1,11.2,24.6
3679.858,12.2,25.2,12.1,25.2,8.6,25.2,11.0,24.7
3680.858,12.5,25.2,12.2,25.2,8.7,25.2,11.0,24.7
3681.858,12.0,25.3,11.8,25.2,8.3,25.3,10.5,24.7
3682.858,12.8,25.3,12.5,25.3,8.8,25.3,11.1,24.7
3683.858,12.8,25.3,12.4,25.3,8.8,25.3,11.1,24.7
3684.858,12.6,25.3,12.3,25.3,8.8,25.3,11.2,24.7
3685.858,12.8,25.3,12.5,25.4,9.0,25.4,11.4,24.8
3686.858,12.3,25.4,12.1,25.4,8.6,25.4,11.0,24.8
3687.858,12.6,25.4,12.3,25.4,8.7,25.4,10.9,24.8
3688.858,12.6,25.4,12.3,25.5,8.8,25.5,11.1,24.8
3689.858,12.6,25.4,12.4,25.5,9.0,25.5,11.4,24.8
3690.858,12.8,25.4,12.7,25.5,9.3,25.5,11.9,24.8
3691.858,12.8,25.4,12.5,25.6,8.9,25.6,11.1,24.9
3692.858,12.6,25.4,12.3,25.6,8.8,25.6,11.2,24.9
3693.858,12.5,25.5,12.3,25.6,8.8,25.7,11.2,24.9
3694.858,12.5,25.5,12.4,25.7,9.0,25.7,11.4,24.9
3695.858,12.7,25.5,12.3,25.7,8.6,25.7,10.8,24.9
3696.858,12.8,25.5,12.5,25.7,8.9,25.7,11.2,25.0
3697.858,12.3,25.6,12.2,25.7,8.7,25.8,11.2,25.0
3698.858,12.6,25.6,12.4,25.8,8.9,25.8,11.3,25.0
3699.858,12.7,25.6,12.5,25.8,8.9,25.8,11.3,25.0
3700.858,12.5,25.6,12.2,25.8,8.6,25.9,10.9,25.0
3701.858,13.4,25.6,12.5,25.8,9.3,25.9,11.6,25.1
3702.858,12.2,25.6,11.7,25.9,8.6,25.9,10.9,25.1
3703.858,2.9,25.9,2.8,26.1,1.9,26.1,3.0,25.2
3704.858,-0.1,26.2,-0.2,26.4,-0.1,26.4,0.0,25.5
3705.858,-0.4,26.4,-0.1,26.6,-0.3,26.6,-0.5,25.7
3706.858,-3.0,26.3,-0.0,26.7,-0.1,26.7,-1.9,25.7
3707.858,-2.8,26.0,-0.8,26.7,-1.0,26.6,-2.3,25.5
3708.858,-3.9,25.9,-3.9,26.4,-2.8,26.3,-3.9,25.4
3709.858,-6.2,25.8,-6.8,25.9,-4.8,25.9,-6.5,25.2
3710.858,-12.6,25.6,-12.4,25.7,-8.3,25.8,-9.6,25.0
3711.858,-12.8,25.5,-13.4,25.6,-9.2,25.7,-11.0,25.0
3712.859,-12.9,25.5,-14.0,25.6,-9.3,25.6,-11.0,24.9
3713.859,-13.0,25.4,-13.7,25.5,-9.3,25.6,-11.0,24.9
3714.859,-12.9,25.4,-13.7,25.5,-9.3,25.5,-11.1,24.9
3715.859,-13.1,25.3,-13.8,25.4,-9.3,25.5,-11.0,24.8
3716.859,-13.0,25.3,-13.9,25.4,-9.4,25.4,-11.2,24.8
3717.859,-12.9,25.3,-13.8,25.3,-9.4,25.4,-11.1,24.7
3718.859,-13.0,25.2,-13.7,25.3,-9.2,25.3,-10.9,24.7
3719.859,-13.0,25.2,-13.8,25.2,-9.4,25.3,-11.1,24.7
3720.859,-12.8,25.1,-13.6,25.2,-9.2,25.2,-11.0,24.7
3721.859,-12.9,25.1,-13.8,25.1,-9.4,25.2,-11.1,24.6
3722.859,-12.9,25.1,-13.7,25.1,-9.2,25.1,-10.9,24.6
3723.859,-12.9,25.0,-13.6,25.0,-9.2,25.1,-10.9,24.6
3724.859,-12.7,25.0,-13.6,25.0,-9.2,25.1,-11.0,24.6
3725.859,-12.9,25.0,-13.7,25.0,-9.3,25.0,-11.0,24.6
3726.859,-12.7,25.0,-13.7,24.9,-9.3,25.0,-11.1,24.5
3727.859,-12.7,24.9,-13.5,24.9,-9.2,25.0,-10.9,24.5
3728.859,-13.0,24.9,-13.8,24.9,-9.3,25.0,-11.0,24.5
3729.859,-13.0,24.9,-13.7,24.9,-9.3,25.0,-11.0,24.5
3730.859,-12.9,24.9,-13.7,24.9,-9.2,24.9,-11.0,24.5
3731.859,-13.0,24.9,-13.8,24.8,-9.3,24.9,-11.1,24.5
3732.859,-12.9,24.9,-13.7,24.8,-9.3,24.9,-11.0,24.5
3733.859,-12.9,24.9,-13.7,24.8,-9.2,24.9,-11.0,24.5
3734.859,-13.0,24.9,-13.8,24.8,-9.3,24.9,-11.0,24.5
3735.859,-12.9,24.9,-13.6,24.8,-9.1,24.9,-10.8,24.5
3736.859,-12.9,24.9,-13.8,24.8,-9.4,24.9,-11.2,24.5
3737.859,-13.1,24.8,-13.9,24.8,-9.4,24.9,-11.1,24.5
3738.859,-13.0,24.8,-13.8,24.8,-9.3,24.8,-11.0,24.5
3739.859,-13.0,24.8,-13.7,24.8,-9.3,24.9,-11.0,24.5
3740.859,-13.0,24.8,-13.8,24.7,-9.3,24.9,-11.0,24.4
3741.859,-13.0,24.8,-13.8,24.8,-9.4,24.9,-11.2,24.4
3742.859,-13.2,24.8,-13.9,24.7,-9.4,24.8,-11.0,24.4
3743.859,-13.2,24.8,-14.0,24.7,-9.4,24.8,-11.1,24.4
3744.859,-12.9,24.8,-13.7,24.7,-9.3,24.8,-11.0,24.4
3745.859,-12.9,24.8,-13.7,24.7,-9.2,24.9,-10.9,24.4
3746.859,-13.0,24.8,-13.9,24.7,-9.4,24.8,-11.2,24.4
3747.859,-13.1,24.8,-13.8,24.7,-9.3,24.8,-11.0,24.4
3748.859,-13.0,24.8,-13.8,24.7,-9.3,24.8,-11.1,24.4
3749.859,-13.0,24.8,-13.7,24.7,-9.2,24.8,-10.9,24.4
3750.859,-12.9,24.8,-13.7,24.7,-9.3,24.8,-11.1,24.4
3751.859,-13.2,24.8,-14.0,24.7,-8.7,24.8,-11.2,24.4
3752.859,-10.8,24.8,-13.8,24.7,-7.5,24.9,-10.0,24.4
3753.859,-10.9,24.9,-13.6,24.7,-7.9,24.8,-8.4,24.4
3754.859,-11.6,24.8,-11.9,24.7,-7.5,24.8,-7.0,24.5
3755.859,-11.1,24.8,-11.5,24.7,-7.9,24.8,-11.0,24.4
3756.859,-11.4,24.8,-12.4,24.7,-7.9,24.8,-9.8,24.4
3757.859,-11.2,24.8,-11.5,24.7,-8.1,24.8,-9.1,24.4
3758.859,-12.0,24.8,-12.1,24.7,-8.7,24.8,-9.5,24.4
3759.859,-3.7,25.0,-3.4,24.9,-2.8,25.0,-4.0,24.5
3760.859,-0.1,25.5,-0.2,25.3,0.0,25.4,-0.2,24.9
3761.859,0.4,25.8,-0.1,25.6,0.1,25.7,0.1,25.2
3762.859,2.5,25.7,0.1,25.7,0.2,25.9,0.2,25.3
3763.859,3.5,25.4,2.2,25.8,2.8,25.6,2.7,25.4
3764.859,7.5,25.1,7.5,25.2,5.5,25.2,6.1,24.9
3765.859,6.9,25.0,6.8,24.9,4.8,25.0,7.7,24.6
3766.859,5.1,25.1,4.8,25.0,3.3,25.1,3.4,24.7
3767.859,7.7,25.1,6.8,24.9,4.1,25.1,5.5,24.7
3768.859,12.1,24.8,11.7,24.7,8.8,24.9,11.3,24.5
3769.859,11.4,24.8,11.3,24.7,8.0,24.8,10.6,24.5
3770.859,10.8,24.8,11.6,24.7,7.6,24.8,9.4,24.5
3771.859,10.8,24.8,12.5,24.7,7.3,24.8,9.7,24.4
3772.859,11.6,24.8,12.4,24.7,7.3,24.8,10.9,24.4
3773.859,12.8,24.8,12.6,24.7,9.0,24.8,11.3,24.4
3774.859,12.6,24.8,12.6,24.7,9.3,24.8,12.0,24.4
3775.859,11.7,24.8,11.6,24.7,8.3,24.8,10.4,24.4
3776.859,12.7,24.8,12.5,24.7,9.0,24.8,11.3,24.4
3777.859,12.6,24.8,12.4,24.7,8.8,24.8,11.1,24.4
3778.860,13.0,24.8,12.7,24.7,9.1,24.8,11.4,24.4
3779.860,12.5,24.8,12.4,24.8,8.9,24.9,11.4,24.5
3780.860,12.0,24.9,11.8,24.8,8.3,24.9,10.5,24.5
3781.860,12.5,24.9,12.4,24.8,9.0,24.9,11.5,24.5
3782.860,12.3,24.9,12.1,24.8,8.6,24.9,10.8,24.5
3783.860,12.8,24.9,12.4,24.9,8.8,25.0,11.0,24.5
3784.860,12.6,25.0,12.3,24.9,8.7,25.0,11.0,24.5
3785.860,12.4,25.0,12.3,24.9,8.8,25.0,11.2,24.6
3786.860,12.4,25.0,12.1,24.9,8.6,25.0,10.9,24.6
3787.860,12.5,25.0,12.3,25.0,8.8,25.0,11.1,24.6
3788.860,12.4,25.1,12.4,25.0,9.0,25.1,11.5,24.6
3789.860,12.1,25.1,11.9,25.0,8.4,25.1,10.6,24.6
3790.860,12.3,25.1,12.2,25.1,8.7,25.1,11.1,24.6
3791.860,12.6,25.1,12.4,25.1,8.8,25.1,11.1,24.6
3792.860,12.8,25.2,12.5,25.2,8.9,25.2,11.2,24.6
3793.860,12.9,25.2,12.8,25.2,9.3,25.2,11.8,24.6
3794.860,12.5,25.2,12.3,25.2,8.8,25.2,11.1,24.7
3795.860,12.6,25.3,12.4,25.3,9.0,25.3,11.3,24.7
3796.860,12.4,25.3,12.1,25.3,8.5,25.3,10.6,24.7
3797.860,12.5,25.3,12.3,25.3,8.7,25.3,11.0,24.7
3798.860,12.4,25.3,12.2,25.4,8.7,25.4,11.1,24.7
3799.860,12.6,25.3,12.3,25.4,8.7,25.4,11.0,24.8
3800.860,12.5,25.4,12.3,25.4,8.8,25.4,11.1,24.8
3801.860,12.9,25.4,12.7,25.5,9.1,25.5,11.6,24.8
3802.860,12.5,25.4,12.4,25.5,9.0,25.5,11.6,24.8
3803.860,12.4,25.4,12.0,25.5,8.4,25.5,10.5,24.9
3804.860,12.5,25.4,12.3,25.6,8.7,25.6,11.0,24.9
3805.860,12.4,25.5,12.3,25.6,8.8,25.6,11.2,24.9
3806.860,12.8,25.5,12.6,25.6,9.1,25.6,11.6,24.9
3807.860,12.9,25.5,12.8,25.6,9.4,25.6,11.9,24.9
3808.860,12.7,25.5,12.5,25.7,9.1,25.7,11.5,24.9
3809.860,12.7,25.5,12.4,25.7,8.9,25.7,11.2,25.0
3810.860,12.4,25.5,12.2,25.7,8.7,25.7,11.1,25.0
3811.860,12.3,25.6,12.1,25.8,8.6,25.8,10.9,25.0
3812.860,12.4,25.6,12.1,25.8,8.5,25.8,10.7,25.0
3813.860,13.0,25.6,12.4,25.8,9.1,25.8,11.5,25.0
3814.860,12.7,25.6,12.1,25.8,8.9,25.9,11.2,25.0
3815.860,5.3,25.7,5.1,26.0,3.7,26.0,5.1,25.2
3816.860,-0.0,26.2,-0.2,26.3,-0.1,26.4,-0.0,25.5
3817.861,-0.5,26.4,-0.1,26.5,-0.2,26.6,-0.5,25.7
3818.861,-3.4,26.2,-0.0,26.6,-0.2,26.6,-2.1,25.6
3819.862,-2.6,26.0,-1.2,26.7,-1.2,26.5,-2.3,25.4
3820.862,-4.4,25.9,-4.6,26.2,-3.3,26.2,-4.5,25.3
3821.862,-6.9,25.7,-7.3,25.9,-5.0,25.9,-6.6,25.1
3822.862,-12.9,25.5,-12.9,25.7,-8.7,25.7,-10.2,25.0
3823.862,-12.7,25.5,-13.7,25.6,-9.3,25.6,-11.1,24.9
3824.862,-13.0,25.4,-13.8,25.5,-9.3,25.6,-11.0,24.9
3825.862,-13.0,25.4,-13.7,25.5,-9.3,25.5,-11.0,24.9
3826.862,-12.9,25.3,-13.7,25.4,-9.4,25.5,-11.2,24.8
3827.862,-13.1,25.3,-13.8,25.4,-9.4,25.4,-11.1,24.8
3828.862,-13.1,25.3,-13.8,25.3,-9.3,25.4,-11.0,24.8
3829.862,-13.0,25.2,-13.8,25.3,-9.4,25.3,-11.1,24.7
3830.862,-12.9,25.2,-13.7,25.2,-9.2,25.3,-11.0,24.7
3831.862,-13.0,25.1,-13.8,25.2,-9.4,25.2,-11.1,24.7
3832.862,-12.8,25.1,-13.6,25.1,-9.3,25.2,-11.0,24.6
3833.862,-12.9,25.0,-13.7,25.1,-9.2,25.1,-10.9,24.6
3834.862,-12.8,25.0,-13.6,25.1,-9.2,25.1,-10.9,24.6
3835.862,-12.8,25.0,-13.7,25.0,-9.3,25.0,-11.1,24.6
3836.862,-12.7,25.0,-13.6,25.0,-9.2,25.0,-11.0,24.6
3837.862,-12.8,24.9,-13.7,24.9,-9.3,25.0,-11.1,24.5
3838.862,-12.9,24.9,-13.7,24.9,-9.2,25.0,-11.0,24.5
3839.862,-12.7,24.9,-13.6,24.9,-9.2,24.9,-11.0,24.5
3840.862,-13.0,24.9,-13.7,24.9,-9.3,24.9,-11.0,24.5
3841.862,-13.0,24.9,-13.8,24.8,-9.3,24.9,-11.0,24.5
3842.862,-12.9,24.9,-13.7,24.8,-9.2,24.9,-11.0,24.5
3843.862,-12.9,24.9,-13.7,24.8,-9.2,24.9,-10.8,24.5
3844.862,-12.8,24.8,-13.7,24.8,-9.2,24.9,-11.0,24.5
3845.862,-12.9,24.8,-13.7,24.8,-9.2,24.8,-11.0,24.4
3846.862,-13.1,24.8,-13.9,24.8,-9.4,24.9,-11.1,24.4
3847.862,-12.9,24.8,-13.8,24.7,-9.4,24.8,-11.1,24.4
3848.862,-12.8,24.8,-13.7,24.7,-9.3,24.9,-11.1,24.4
3849.862,-13.1,24.8,-13.9,24.7,-9.4,24.8,-11.0,24.4
3850.862,-13.0,24.8,-13.7,24.7,-9.3,24.8,-11.0,24.4
3851.862,-13.0,24.8,-13.8,24.7,-9.4,24.8,-11.1,24.4
3852.862,-12.9,24.8,-13.7,24.7,-9.3,24.8,-11.1,24.4
3853.862,-13.0,24.8,-13.7,24.7,-9.1,24.8,-10.8,24.4
3854.862,-13.2,24.8,-13.9,24.7,-9.3,24.8,-11.0,24.4
3855.862,-13.2,24.8,-13.9,24.7,-9.5,24.8,-11.2,24.4
3856.862,-13.1,24.8,-13.9,24.7,-9.5,24.8,-11.3,24.4
3857.862,-12.8,24.8,-13.5,24.7,-9.1,24.8,-10.8,24.4
3858.862,-13.1,24.8,-13.8,24.7,-9.3,24.8,-11.0,24.4
3859.862,-13.0,24.8,-13.7,24.7,-9.3,24.8,-11.0,24.4
3860.862,-13.2,24.8,-13.9,24.7,-9.3,24.8,-11.0,24.4
3861.862,-13.2,24.8,-14.0,24.7,-9.6,24.8,-11.3,24.4
3862.862,-12.8,24.8,-13.5,24.7,-9.0,24.8,-10.7,24.4
3863.862,-12.9,24.8,-13.7,24.7,-8.2,24.8,-10.9,24.4
3864.862,-10.9,24.8,-13.7,24.7,-7.4,24.8,-9.4,24.4
3865.862,-11.2,24.8,-13.8,24.7,-8.1,24.8,-8.5,24.4
3866.862,-11.3,24.8,-11.9,24.7,-7.8,24.8,-9.5,24.4
3867.862,-11.3,24.8,-11.6,24.7,-7.7,24.8,-8.2,24.4
3868.862,-11.4,24.8,-12.3,24.7,-7.9,24.8,-10.0,24.4
3869.862,-11.4,24.8,-11.5,24.7,-8.2,24.8,-9.4,24.4
3870.862,-12.3,24.8,-12.3,24.7,-8.9,24.8,-11.6,24.4
3871.862,-2.7,25.0,-2.4,24.9,-2.0,25.0,-2.1,24.6
3872.862,0.1,25.5,-0.2,25.3,0.0,25.4,0.2,25.0
3873.862,1.1,25.7,-0.1,25.6,0.1,25.7,0.9,25.1
3874.862,2.8,25.5,0.3,25.7,0.9,25.8,2.3,25.0
3875.862,4.4,25.3,3.7,25.5,3.5,25.4,3.8,24.8
3876.862,7.8,25.0,7.5,25.0,5.3,25.0,6.8,24.6
3877.862,6.7,25.0,6.4,24.9,4.3,25.0,5.7,24.6
3878.862,5.6,25.0,5.7,24.9,3.5,25.0,4.3,24.7
3879.864,7.9,24.9,6.8,24.9,4.7,25.0,5.7,24.6
3880.864,12.2,24.8,12.1,24.7,8.8,24.8,10.8,24.5
3881.864,11.8,24.8,11.4,24.7,8.0,24.8,10.2,24.4
3882.864,10.9,24.8,12.2,24.7,7.7,24.8,9.6,24.4
3883.864,11.2,24.7,12.9,24.6,7.8,24.8,10.5,24.4
3884.864,11.8,24.8,12.3,24.6,7.4,24.8,11.1,24.4
3885.864,12.5,24.7,12.2,24.6,8.9,24.8,11.1,24.4
3886.864,11.9,24.8,11.7,24.7,8.3,24.8,10.6,24.4
3887.864,12.9,24.7,12.6,24.7,9.2,24.8,11.4,24.4
3888.864,12.9,24.8,12.7,24.7,9.3,24.8,12.1,24.4
3889.864,12.2,24.8,12.0,24.7,8.5,24.8,11.0,24.4
3890.864,12.6,24.8,12.4,24.7,8.8,24.8,11.1,24.4
3891.864,12.5,24.8,12.2,24.7,8.7,24.8,10.9,24.4
3892.864,11.9,24.9,11.6,24.8,8.2,24.9,10.2,24.5
3893.864,12.9,24.9,12.6,24.8,9.2,24.9,11.6,24.5
3894.864,12.7,24.9,12.4,24.8,8.8,24.9,11.0,24.5
3895.864,12.5,24.9,12.3,24.8,8.7,24.9,11.0,24.5
3896.864,12.7,25.0,12.4,24.9,8.9,24.9,11.3,24.5
3897.864,12.8,25.0,12.5,24.9,9.0,24.9,11.3,24.5
3898.864,12.4,25.0,12.2,24.9,8.7,25.0,11.1,24.5
3899.864,11.9,25.0,11.8,24.9,8.4,25.0,10.7,24.5
3900.864,12.5,25.0,12.2,25.0,8.7,25.1,10.9,24.6
3901.864,12.6,25.1,12.4,25.0,8.9,25.1,11.2,24.6
3902.864,12.5,25.1,12.4,25.1,9.1,25.1,11.7,24.6
3903.864,12.3,25.1,12.1,25.1,8.6,25.1,11.0,24.6
3904.864,12.8,25.1,12.4,25.1,8.8,25.2,11.0,24.6
3905.864,12.6,25.2,12.3,25.2,8.8,25.2,11.1,24.6
3906.864,12.3,25.2,12.0,25.2,8.5,25.2,10.7,24.6
3907.866,12.7,25.2,12.5,25.2,9.0,25.3,11.4,24.6
3908.866,12.7,25.2,12.4,25.3,8.8,25.3,11.0,24.7
3909.866,12.6,25.3,12.3,25.3,8.8,25.3,11.1,24.7
3910.866,12.8,25.3,12.5,25.3,8.9,25.3,11.2,24.7
3911.866,12.4,25.3,12.3,25.4,8.9,25.4,11.3,24.7
3912.866,12.6,25.3,12.3,25.4,8.8,25.4,11.1,24.8
3913.866,12.3,25.4,12.0,25.4,8.5,25.4,10.8,24.8
3914.866,12.4,25.4,12.2,25.5,8.8,25.5,11.2,24.8
3915.866,12.9,25.4,12.6,25.5,9.0,25.5,11.3,24.8
3916.866,12.7,25.4,12.6,25.5,9.1,25.5,11.6,24.8
3917.866,12.5,25.4,12.3,25.6,8.8,25.6,11.2,24.8
3918.866,12.5,25.4,12.3,25.6,8.9,25.6,11.4,24.9
3919.866,12.7,25.5,12.5,25.6,9.0,25.6,11.4,24.9
3920.866,12.7,25.5,12.3,25.6,8.7,25.7,10.8,24.9
3921.866,12.5,25.5,12.2,25.7,8.7,25.7,11.1,24.9
3922.866,12.6,25.5,12.4,25.7,8.8,25.7,11.2,24.9
3923.866,12.5,25.5,12.3,25.7,8.8,25.8,11.2,24.9
3924.866,13.0,25.5,12.8,25.8,9.3,25.8,11.8,25.0
3925.866,13.0,25.5,12.4,25.8,9.3,25.8,11.7,25.0
3926.866,12.3,25.6,11.8,25.8,8.7,25.8,11.0,25.0
3927.867,3.7,25.8,3.6,26.0,2.5,26.0,3.6,25.2
3928.867,-0.1,26.1,-0.2,26.3,-0.1,26.4,-0.1,25.5
3929.867,-0.3,26.4,-0.1,26.5,-0.2,26.5,-0.5,25.7
3930.867,-2.6,26.3,-0.0,26.6,-0.1,26.6,-1.6,25.6
3931.867,-3.2,26.0,-0.8,26.6,-1.0,26.5,-2.7,25.4
3932.867,-4.2,25.9,-4.2,26.3,-3.0,26.2,-4.1,25.3
3933.867,-6.3,25.7,-6.9,25.9,-4.9,25.9,-6.7,25.1
3934.867,-12.3,25.5,-12.1,25.7,-8.1,25.7,-9.6,25.0
3935.867,-12.7,25.4,-13.3,25.6,-9.3,25.6,-11.1,24.9
3936.867,-13.0,25.4,-14.1,25.5,-9.3,25.6,-11.0,24.9
3937.867,-13.0,25.4,-13.7,25.5,-9.3,25.5,-11.0,24.8
3938.867,-12.9,25.3,-13.7,25.4,-9.4,25.5,-11.1,24.8
3939.867,-13.0,25.3,-13.8,25.4,-9.4,25.4,-11.1,24.8
3940.867,-13.1,25.2,-13.9,25.3,-9.5,25.4,-11.2,24.7
3941.867,-13.1,25.2,-13.8,25.3,-9.4,25.3,-11.1,24.7
3942.867,-12.9,25.1,-13.7,25.2,-9.3,25.2,-11.0,24.7
3943.867,-13.1,25.1,-13.8,25.1,-9.3,25.2,-11.0,24.6
3944.867,-12.8,25.1,-13.7,25.1,-9.3,25.1,-11.0,24.6
3945.867,-12.9,25.0,-13.8,25.0,-9.4,25.1,-11.2,24.6
3946.867,-12.9,25.0,-13.6,25.0,-9.2,25.1,-10.8,24.6
3947.867,-12.8,25.0,-13.6,25.0,-9.2,25.0,-11.0,24.5
3948.867,-12.8,24.9,-13.7,24.9,-9.2,25.0,-11.0,24.5
3949.869,-12.8,24.9,-13.7,24.9,-9.3,25.0,-11.0,24.5
3950.869,-12.8,24.9,-13.7,24.9,-9.4,24.9,-11.1,24.5
3951.869,-12.6,24.9,-13.4,24.8,-9.0,24.9,-10.8,24.5
3952.869,-13.0,24.9,-13.8,24.8,-9.3,24.9,-11.0,24.5
3953.869,-13.0,24.8,-13.7,24.8,-9.2,24.9,-10.8,24.4
3954.869,-13.0,24.8,-13.8,24.8,-9.3,24.9,-11.0,24.4
3955.869,-13.0,24.8,-13.9,24.8,-9.4,24.9,-11.1,24.4
3956.869,-12.7,24.8,-13.6,24.8,-9.1,24.8,-10.9,24.4
3957.869,-12.9,24.8,-13.7,24.7,-9.2,24.8,-11.0,24.4
3958.869,-13.1,24.8,-13.9,24.7,-9.4,24.8,-11.1,24.4
3959.869,-13.0,24.8,-13.8,24.7,-9.3,24.8,-11.0,24.4
3960.869,-12.9,24.8,-13.8,24.7,-9.5,24.8,-11.3,24.4
3961.869,-12.9,24.8,-13.7,24.7,-9.2,24.8,-11.0,24.4
3962.869,-13.0,24.8,-13.8,24.7,-9.3,24.8,-10.9,24.4
3963.869,-13.1,24.8,-13.8,24.7,-9.3,24.8,-11.0,24.4
3964.869,-13.1,24.8,-13.9,24.7,-9.5,24.8,-11.2,24.4
3965.869,-12.9,24.8,-13.8,24.7,-9.4,24.8,-11.1,24.4
3966.869,-13.3,24.8,-13.9,24.7,-9.3,24.8,-10.9,24.4
3967.869,-13.2,24.7,-14.0,24.7,-9.5,24.8,-11.2,24.4
3968.869,-13.0,24.8,-13.8,24.7,-9.4,24.8,-11.1,24.4
3969.869,-13.0,24.7,-13.8,24.6,-9.4,24.8,-11.2,24.4
3970.869,-12.9,24.8,-13.6,24.6,-9.2,24.8,-10.9,24.3
3971.869,-13.1,24.7,-13.8,24.6,-9.2,24.7,-10.8,24.4
3972.869,-13.0,24.7,-13.8,24.6,-9.4,24.7,-11.1,24.3
3973.869,-13.0,24.7,-13.8,24.6,-9.4,24.7,-11.1,24.3
3974.869,-13.1,24.7,-14.0,24.6,-9.5,24.7,-11.3,24.3
3975.869,-12.6,24.7,-13.4,24.6,-8.2,24.7,-10.7,24.3
3976.869,-11.0,24.8,-13.7,24.6,-7.3,24.8,-9.5,24.3
3977.869,-11.1,24.8,-13.7,24.6,-7.9,24.8,-8.8,24.4
3978.869,-11.7,24.8,-12.2,24.6,-7.8,24.8,-8.7,24.4
3979.869,-11.3,24.8,-11.6,24.6,-8.1,24.8,-9.7,24.3
3980.869,-11.3,24.8,-12.1,24.6,-7.7,24.8,-9.2,24.4
3981.869,-11.6,24.8,-11.6,24.6,-8.1,24.7,-9.1,24.4
3982.869,-12.0,24.7,-12.1,24.6,-8.7,24.7,-10.5,24.3
3983.869,-4.0,24.9,-3.5,24.8,-2.9,24.9,-3.8,24.5
3984.869,0.0,25.4,-0.2,25.2,0.0,25.4,0.1,24.9
3985.869,0.7,25.7,-0.1,25.5,0.1,25.6,0.2,25.1
3986.869,2.8,25.6,0.1,25.7,0.3,25.8,0.3,25.3
3987.869,3.5,25.3,2.4,25.7,2.9,25.5,2.1,25.2
3988.869,7.7,25.1,7.4,25.1,5.2,25.1,7.1,24.7
3989.869,6.7,25.0,6.0,24.9,4.1,25.0,5.2,24.6
3990.869,5.5,25.0,5.4,24.9,3.4,25.0,4.0,24.6
3991.869,7.8,24.9,6.8,24.9,4.7,25.0,6.1,24.6
3992.869,12.9,24.8,12.4,24.7,9.3,24.8,11.2,24.4
3993.869,11.3,24.7,11.3,24.6,7.7,24.8,10.9,24.4
3994.869,11.0,24.7,11.8,24.6,7.9,24.7,9.9,24.4
3995.869,11.0,24.7,12.4,24.6,7.3,24.8,9.7,24.4
3996.869,11.7,24.7,12.4,24.6,7.3,24.8,10.8,24.4
3997.869,12.2,24.7,11.9,24.6,8.4,24.7,10.6,24.4
3998.869,12.5,24.7,12.4,24.6,9.1,24.7,11.7,24.3
3999.869,12.5,24.7,12.4,24.6,9.2,24.7,11.6,24.3
4000.869,12.6,24.8,12.3,24.6,8.9,24.8,11.1,24.4
4001.869,12.6,24.7,12.3,24.7,8.8,24.8,11.0,24.4
4002.869,12.7,24.8,12.5,24.7,9.0,24.8,11.3,24.4
4003.869,12.1,24.8,11.8,24.7,8.3,24.8,10.5,24.4
4004.869,12.6,24.8,12.3,24.7,8.8,24.8,11.1,24.4
4005.869,12.6,24.8,12.4,24.7,8.8,24.8,11.1,24.4
4006.869,12.6,24.9,12.4,24.8,8.9,24.9,11.1,24.4
4007.869,12.8,24.9,12.6,24.8,9.1,24.9,11.5,24.4
4008.869,12.5,24.9,12.3,24.8,8.9,24.9,11.3,24.5
4009.869,12.4,24.9,12.2,24.8,8.7,24.9,11.1,24.5
4010.869,12.3,24.9,12.1,24.9,8.7,24.9,11.1,24.5
4011.869,12.1,25.0,11.8,24.9,8.2,25.0,10.4,24.5
4012.869,12.7,25.0,12.5,24.9,9.0,25.0,11.4,24.5
4013.869,12.3,25.0,12.2,25.0,8.8,25.0,11.3,24.5
4014.869,12.6,25.1,12.2,25.0,8.7,25.0,10.8,24.6
4015.869,12.3,25.1,12.1,25.0,8.7,25.1,11.1,24.6
4016.869,12.4,25.1,12.2,25.1,8.7,25.1,11.0,24.6
4017.869,12.6,25.2,12.4,25.1,8.9,25.1,11.2,24.6
4018.869,12.7,25.2,12.4,25.2,8.9,25.2,11.3,24.6
4019.869,12.3,25.2,12.0,25.2,8.4,25.2,10.5,24.6
4020.869,12.7,25.2,12.4,25.2,8.8,25.2,11.2,24.6
4021.869,12.5,25.2,12.4,25.3,9.0,25.3,11.5,24.6
4022.869,12.5,25.3,12.2,25.3,8.7,25.3,11.0,24.7
4023.869,12.5,25.3,12.2,25.3,8.8,25.3,11.1,24.7
4024.869,12.7,25.3,12.2,25.4,8.5,25.4,10.6,24.7
4025.869,12.6,25.3,12.3,25.4,8.7,25.4,10.9,24.7
4026.869,12.9,25.3,12.8,25.4,9.3,25.4,11.9,24.7
4027.869,12.7,25.4,12.4,25.5,8.9,25.5,11.2,24.8
4028.869,12.4,25.4,12.2,25.5,8.8,25.5,11.2,24.8
4029.869,12.4,25.4,12.2,25.5,8.8,25.5,11.2,24.8
4030.869,12.5,25.4,12.3,25.6,8.9,25.6,11.3,24.8
4031.869,12.8,25.4,12.5,25.6,9.0,25.6,11.4,24.8
4032.871,12.9,25.5,12.5,25.6,8.9,25.6,11.2,24.8
4033.871,12.3,25.5,12.0,25.6,8.5,25.7,10.7,24.9
4034.871,12.7,25.5,12.6,25.6,9.2,25.7,11.7,24.9
4035.871,12.5,25.5,12.3,25.7,8.8,25.7,11.2,24.9
4036.871,12.6,25.5,12.4,25.7,8.9,25.7,11.3,24.9
4037.871,13.1,25.5,12.4,25.7,9.2,25.8,11.5,24.9
4038.871,12.4,25.6,11.8,25.8,8.7,25.8,11.0,25.0
4039.871,6.4,25.7,6.1,25.9,4.3,25.9,5.8,25.1
4040.871,1.1,26.0,0.9,26.2,0.5,26.2,0.9,25.3
4041.871,-0.1,26.2,-0.3,26.4,-0.2,26.4,-0.2,25.5
4042.871,-0.4,26.4,-0.1,26.5,-0.3,26.6,-0.6,25.7
4043.871,-2.7,26.2,-0.0,26.6,-0.2,26.6,-2.1,25.6
4044.871,-2.5,26.0,-1.0,26.6,-1.1,26.5,-2.2,25.4
4045.871,-3.9,25.9,-4.0,26.2,-2.8,26.1,-4.0,25.2
4046.871,-6.5,25.7,-7.1,25.8,-5.1,25.8,-6.9,25.0
4047.871,-12.9,25.4,-12.6,25.6,-8.5,25.6,-10.0,24.9
4048.873,-12.9,25.4,-13.4,25.6,-9.2,25.6,-11.0,24.9
4049.873,-12.9,25.4,-14.1,25.5,-9.3,25.5,-11.0,24.8
4050.873,-12.9,25.3,-13.7,25.4,-9.3,25.5,-11.1,24.8
4051.873,-13.0,25.3,-13.7,25.4,-9.3,25.4,-11.1,24.8
4052.873,-13.0,25.3,-13.8,25.3,-9.4,25.4,-11.1,24.7
4053.873,-13.0,25.2,-13.8,25.3,-9.3,25.3,-11.0,24.7
4054.874,-13.1,25.2,-13.9,25.2,-9.4,25.3,-11.1,24.7
4055.874,-13.0,25.1,-13.7,25.2,-9.3,25.2,-10.9,24.6
4056.874,-13.0,25.1,-13.8,25.1,-9.4,25.1,-11.1,24.6
4057.874,-12.9,25.0,-13.7,25.1,-9.3,25.1,-11.0,24.6
4058.874,-13.0,25.0,-13.7,25.0,-9.3,25.0,-10.9,24.5
4059.874,-13.0,25.0,-13.7,25.0,-9.2,25.0,-10.9,24.5
4060.874,-12.8,24.9,-13.7,24.9,-9.3,25.0,-11.1,24.5
4061.874,-12.8,24.9,-13.6,24.9,-9.2,25.0,-11.0,24.5
4062.874,-12.8,24.9,-13.6,24.9,-9.2,24.9,-10.9,24.5
4063.874,-12.9,24.9,-13.7,24.8,-9.2,24.9,-11.0,24.5
4064.874,-12.7,24.8,-13.6,24.8,-9.2,24.9,-11.0,24.4
4065.874,-13.0,24.8,-13.8,24.8,-9.4,24.9,-11.1,24.4
4066.874,-13.1,24.8,-13.8,24.8,-9.3,24.9,-10.9,24.4
4067.874,-12.9,24.8,-13.7,24.8,-9.3,24.8,-11.0,24.4
4068.874,-13.0,24.8,-13.8,24.7,-9.3,24.8,-11.0,24.4
4069.874,-13.0,24.8,-13.8,24.7,-9.4,24.8,-11.1,24.4
4070.874,-12.7,24.8,-13.5,24.7,-9.1,24.8,-10.8,24.4
4071.874,-13.0,24.8,-13.7,24.7,-9.1,24.8,-10.8,24.4
4072.874,-12.9,24.8,-13.7,24.7,-9.4,24.8,-11.1,24.4
4073.874,-12.8,24.8,-13.7,24.7,-9.4,24.8,-11.2,24.4
4074.874,-13.2,24.8,-14.0,24.7,-9.5,24.8,-11.1,24.4
4075.874,-12.9,24.8,-13.6,24.7,-9.1,24.8,-10.8,24.4
4076.874,-13.1,24.8,-13.8,24.7,-9.3,24.8,-11.0,24.4
4077.874,-13.0,24.7,-13.8,24.7,-9.4,24.8,-11.2,24.3
4078.874,-13.0,24.7,-13.8,24.7,-9.4,24.7,-11.1,24.3
4079.874,-13.2,24.7,-13.9,24.6,-9.4,24.7,-11.0,24.3
4080.874,-13.2,24.7,-13.8,24.7,-9.3,24.7,-11.0,24.3
4081.874,-13.0,24.7,-13.8,24.6,-9.4,24.7,-11.1,24.3
4082.874,-12.9,24.7,-13.7,24.6,-9.3,24.7,-11.0,24.3
4083.874,-13.1,24.7,-13.8,24.6,-9.4,24.7,-11.1,24.3
4084.874,-12.9,24.7,-13.7,24.6,-9.3,24.7,-11.0,24.3
4085.874,-13.2,24.7,-13.8,24.6,-9.2,24.7,-10.9,24.3
4086.874,-13.1,24.7,-13.9,24.6,-9.4,24.7,-11.1,24.3
4087.874,-12.9,24.7,-13.8,24.6,-9.3,24.7,-11.1,24.3
4088.874,-13.0,24.7,-13.8,24.6,-8.5,24.7,-11.1,24.3
4089.874,-10.7,24.7,-13.8,24.6,-7.5,24.7,-9.5,24.3
4090.874,-11.2,24.7,-13.7,24.6,-7.9,24.8,-8.6,24.4
4091.874,-11.6,24.7,-12.1,24.6,-7.7,24.7,-9.1,24.3
4092.874,-10.9,24.7,-11.1,24.6,-7.6,24.7,-8.5,24.3
4093.874,-11.5,24.7,-12.3,24.6,-7.9,24.7,-9.3,24.4
4094.874,-11.3,24.7,-11.6,24.6,-8.2,24.7,-10.2,24.3
4095.874,-12.1,24.7,-12.1,24.6,-8.7,24.7,-10.4,24.3
4096.874,-4.1,24.9,-3.7,24.8,-2.9,24.9,-3.0,24.5
4097.874,-0.1,25.3,-0.2,25.2,-0.0,25.3,-0.3,24.8
4098.874,0.2,25.6,-0.1,25.5,0.0,25.6,0.1,25.1
4099.874,1.8,25.7,-0.0,25.6,0.1,25.8,0.1,25.2
4100.874,2.6,25.4,0.5,25.7,1.3,25.8,0.6,25.4
4101.874,6.4,25.2,6.0,25.3,4.7,25.2,5.9,24.9
4102.874,8.3,24.9,7.9,24.9,5.8,25.0,7.4,24.6
4103.874,5.7,25.0,5.7,24.9,3.5,25.0,4.9,24.6
4104.874,6.3,24.9,5.5,24.9,3.5,25.0,3.7,24.6
4105.874,11.5,24.8,10.7,24.7,7.7,24.8,9.9,24.5
4106.874,12.0,24.8,11.3,24.7,8.4,24.7,10.0,24.4
4107.874,10.9,24.7,11.3,24.6,7.9,24.7,10.7,24.4
4108.874,11.2,24.7,12.7,24.6,7.3,24.7,10.4,24.3
4109.874,10.3,24.7,11.9,24.6,7.2,24.7,9.4,24.4
4110.874,12.8,24.7,12.4,24.6,7.8,24.8,11.2,24.3
4111.874,12.3,24.7,12.3,24.6,9.0,24.7,11.5,24.3
4112.874,12.6,24.7,12.3,24.6,9.0,24.7,11.3,24.3
4113.874,12.6,24.7,12.3,24.6,8.9,24.7,11.2,24.3
4114.874,12.2,24.7,12.0,24.6,8.5,24.8,10.6,24.4
4115.874,13.4,24.7,13.0,24.7,9.5,24.8,11.9,24.4
4116.874,10.7,24.8,10.7,24.7,7.6,24.8,9.7,24.4
4117.874,13.5,24.8,13.2,24.7,9.6,24.8,12.1,24.4
4118.874,12.6,24.8,12.4,24.7,8.9,24.8,11.3,24.4
4119.874,12.8,24.8,12.5,24.7,9.0,24.8,11.3,24.4
4120.874,12.7,24.8,12.4,24.8,8.9,24.9,11.2,24.4
4121.874,12.7,24.9,12.3,24.8,8.8,24.9,11.0,24.4
4122.874,12.1,24.9,11.9,24.8,8.5,24.9,10.8,24.5
4123.874,12.0,24.9,11.8,24.9,8.3,24.9,10.5,24.5
4124.874,12.5,25.0,12.4,24.9,8.9,24.9,11.4,24.5
4125.874,12.4,25.0,12.2,24.9,8.8,25.0,11.2,24.5
4126.874,12.5,25.0,12.3,24.9,8.8,25.0,11.2,24.5
4127.874,12.5,25.0,12.2,25.0,8.7,25.0,10.9,24.5
4128.874,12.2,25.1,12.0,25.0,8.5,25.1,10.8,24.5
4129.874,12.8,25.1,12.6,25.1,9.2,25.1,11.7,24.5
4130.874,12.5,25.1,12.3,25.1,8.9,25.1,11.2,24.6
4131.874,12.7,25.1,12.5,25.1,9.0,25.1,11.4,24.6
4132.874,12.9,25.2,12.5,25.2,8.9,25.2,11.1,24.6
4133.874,12.5,25.2,12.2,25.2,8.7,25.2,11.0,24.6
4134.874,12.4,25.2,12.2,25.2,8.8,25.2,11.2,24.6
4135.874,12.6,25.2,12.2,25.3,8.7,25.3,11.0,24.7
4136.874,12.2,25.3,11.9,25.3,8.5,25.3,10.8,24.7
4137.874,12.7,25.3,12.3,25.3,8.6,25.3,10.8,24.7
4138.874,12.7,25.3,12.4,25.4,9.0,25.4,11.4,24.7
4139.874,12.7,25.3,12.5,25.4,9.0,25.4,11.4,24.7
4140.874,12.6,25.3,12.3,25.4,8.8,25.4,11.1,24.7
4141.874,12.6,25.4,12.3,25.5,8.9,25.5,11.2,24.8
4142.874,12.5,25.4,12.2,25.5,8.7,25.5,11.1,24.8
4143.874,12.9,25.4,12.8,25.5,9.3,25.5,11.9,24.8
4144.874,12.5,25.4,12.4,25.5,9.0,25.5,11.4,24.8
4145.874,12.3,25.4,12.0,25.6,8.6,25.6,10.9,24.8
4146.874,12.8,25.4,12.4,25.6,8.8,25.6,11.0,24.9
4147.874,12.5,25.5,12.3,25.6,8.8,25.7,11.3,24.9
4148.874,12.7,25.5,12.3,25.7,8.8,25.7,11.0,24.9
4149.874,12.6,25.5,12.3,25.7,8.8,25.7,11.2,24.9
4150.874,13.1,25.5,12.7,25.7,9.0,25.7,11.2,24.9
4151.874,13.1,25.5,12.3,25.7,9.3,25.8,11.7,24.9
4152.874,9.8,25.6,9.4,25.8,6.9,25.8,9.1,25.0
4153.874,0.4,25.9,0.4,26.1,0.3,26.1,0.6,25.2
4154.874,-0.1,26.2,-0.2,26.4,-0.2,26.4,-0.4,25.5
4155.874,-1.7,26.3,-0.1,26.5,-0.2,26.5,-1.1,25.6
4156.874,-3.4,25.9,-0.4,26.6,-0.8,26.5,-2.6,25.4
4157.874,-3.3,25.9,-2.8,26.4,-2.1,26.2,-3.1,25.3
4158.874,-5.7,25.7,-6.3,25.9,-4.5,25.9,-6.2,25.1
4159.874,-11.0,25.5,-10.8,25.7,-7.1,25.7,-8.5,25.0
4160.874,-12.6,25.4,-13.0,25.5,-9.2,25.6,-10.9,24.9
4161.874,-12.9,25.4,-14.1,25.5,-9.3,25.5,-11.1,24.8
4162.874,-13.0,25.3,-13.7,25.4,-9.3,25.5,-11.1,24.8
4163.875,-13.0,25.3,-13.7,25.4,-9.3,25.4,-11.0,24.8
4164.875,-13.0,25.2,-13.8,25.3,-9.4,25.4,-11.2,24.7
4165.877,-13.1,25.2,-13.8,25.3,-9.4,25.3,-11.2,24.7
4166.877,-13.1,25.2,-13.9,25.2,-9.4,25.3,-11.1,24.7
4167.877,-13.0,25.1,-13.7,25.2,-9.3,25.2,-11.0,24.6
4168.877,-12.9,25.1,-13.7,25.1,-9.2,25.2,-10.9,24.6
4169.877,-12.9,25.0,-13.7,25.1,-9.3,25.1,-11.0,24.6
4170.877,-12.8,25.0,-13.7,25.0,-9.3,25.1,-11.1,24.5
4171.877,-12.9,24.9,-13.7,25.0,-9.2,25.0,-10.9,24.5
4172.877,-12.8,24.9,-13.6,24.9,-9.2,25.0,-10.9,24.5
4173.877,-12.8,24.9,-13.6,24.9,-9.1,24.9,-10.8,24.5
4174.877,-12.8,24.9,-13.7,24.9,-9.2,24.9,-11.0,24.4
4175.877,-12.8,24.9,-13.7,24.8,-9.4,24.9,-11.2,24.4
4176.877,-12.7,24.8,-13.6,24.8,-9.2,24.9,-11.0,24.4
4177.877,-12.9,24.8,-13.7,24.8,-9.2,24.9,-11.0,24.4
4178.877,-13.0,24.8,-13.7,24.8,-9.2,24.8,-10.9,24.4
4179.877,-13.0,24.8,-13.8,24.7,-9.3,24.8,-11.0,24.4
4180.877,-13.0,24.8,-13.7,24.7,-9.2,24.8,-10.9,24.4
4181.877,-12.9,24.8,-13.7,24.7,-9.3,24.8,-11.0,24.4
4182.877,-12.6,24.7,-13.4,24.7,-9.1,24.8,-10.8,24.4
4183.877,-13.0,24.8,-13.7,24.7,-9.2,24.8,-10.9,24.3
4184.877,-13.1,24.7,-13.9,24.7,-9.4,24.8,-11.2,24.3
4185.877,-12.8,24.7,-13.7,24.7,-9.4,24.8,-11.2,24.3
4186.877,-13.0,24.7,-13.8,24.7,-9.4,24.8,-11.1,24.3
4187.877,-12.9,24.7,-13.6,24.6,-9.1,24.8,-10.8,24.3
4188.877,-13.1,24.7,-13.8,24.6,-9.3,24.7,-11.0,24.3
4189.877,-13.1,24.7,-13.9,24.6,-9.5,24.7,-11.2,24.3
4190.877,-13.0,24.7,-13.8,24.6,-9.4,24.7,-11.1,24.3
4191.877,-13.1,24.7,-13.8,24.6,-9.3,24.7,-10.9,24.3
4192.877,-13.2,24.7,-13.8,24.6,-9.3,24.7,-11.0,24.3
4193.877,-13.1,24.7,-13.9,24.6,-9.4,24.7,-11.1,24.3
4194.877,-12.9,24.7,-13.8,24.6,-9.5,24.7,-11.3,24.3
4195.877,-13.1,24.7,-13.7,24.6,-9.2,24.7,-10.9,24.3
4196.877,-13.0,24.7,-13.7,24.6,-9.2,24.7,-10.9,24.3
4197.877,-13.0,24.7,-13.7,24.6,-9.3,24.7,-10.9,24.3
4198.877,-13.1,24.7,-13.9,24.6,-9.4,24.7,-11.2,24.3
4199.877,-13.1,24.7,-14.0,24.6,-9.5,24.7,-11.3,24.3
4200.877,-12.9,24.7,-13.7,24.6,-9.2,24.7,-11.0,24.3
4201.877,-11.1,24.7,-13.4,24.6,-7.4,24.7,-9.7,24.3
4202.877,-10.9,24.7,-13.6,24.6,-7.3,24.7,-8.8,24.3
4203.877,-11.7,24.7,-12.9,24.5,-8.0,24.7,-8.5,24.3
4204.877,-11.2,24.7,-11.3,24.6,-7.8,24.7,-10.0,24.3
4205.877,-11.4,24.7,-12.0,24.6,-7.9,24.7,-9.9,24.3
4206.877,-11.0,24.7,-11.3,24.6,-7.9,24.7,-8.3,24.3
4207.877,-11.8,24.7,-12.0,24.6,-8.4,24.7,-9.9,24.3
4208.878,-7.3,24.8,-6.8,24.7,-5.3,24.7,-6.2,24.3
4209.878,0.3,25.2,-0.1,25.1,0.0,25.2,-0.8,24.6
4210.878,0.4,25.6,-0.1,25.4,0.0,25.5,0.1,25.0
4211.878,2.0,25.6,0.0,25.6,0.2,25.7,0.2,25.2
4212.878,3.6,25.3,1.4,25.7,2.2,25.6,1.7,25.2
4213.878,6.6,25.1,6.8,25.2,5.1,25.1,6.6,24.8
4214.878,7.6,24.9,6.9,24.8,4.8,24.9,5.9,24.5
4215.878,5.8,24.9,5.7,24.8,3.6,24.9,4.9,24.6
4216.878,7.8,24.9,6.8,24.8,4.3,25.0,4.7,24.6
4217.878,11.9,24.7,11.8,24.6,8.9,24.8,11.5,24.4
4218.878,10.9,24.7,10.4,24.6,7.5,24.7,10.4,24.4
4219.878,11.0,24.7,11.7,24.6,7.9,24.7,9.9,24.3
4220.878,11.0,24.7,12.5,24.5,7.2,24.7,9.7,24.3
4221.878,11.0,24.7,12.2,24.6,7.1,24.7,9.9,24.3
4222.878,12.7,24.7,12.4,24.6,8.5,24.7,11.1,24.3
4223.878,12.2,24.7,12.1,24.6,8.8,24.7,11.2,24.3
4224.878,12.6,24.7,12.4,24.6,9.0,24.7,11.3,24.3
4225.878,13.0,24.7,12.9,24.6,9.5,24.7,12.1,24.3
4226.878,12.4,24.7,12.1,24.6,8.7,24.7,10.9,24.3
4227.878,12.6,24.7,12.4,24.6,8.8,24.8,11.1,24.4
4228.878,12.3,24.7,12.1,24.7,8.6,24.8,10.8,24.4
4229.878,11.4,24.8,11.1,24.7,7.7,24.8,9.6,24.4
4230.878,12.9,24.8,12.6,24.7,9.1,24.8,11.5,24.4
4231.878,12.6,24.8,12.4,24.7,9.0,24.8,11.3,24.4
4232.878,12.7,24.8,12.4,24.7,8.8,24.9,11.1,24.4
4233.878,12.4,24.9,12.3,24.8,8.9,24.9,11.4,24.4
4234.878,12.5,24.9,12.2,24.8,8.7,24.9,11.0,24.4
4235.878,12.4,24.9,12.1,24.8,8.7,24.9,11.0,24.4
4236.878,12.4,24.9,12.2,24.9,8.7,24.9,11.0,24.5
4237.878,12.3,25.0,12.2,24.9,8.7,25.0,11.1,24.5
4238.878,12.6,25.0,12.3,24.9,8.8,25.0,11.2,24.5
4239.878,12.9,25.0,12.7,25.0,9.3,25.0,11.8,24.5
4240.879,12.1,25.0,12.0,25.0,8.6,25.0,10.9,24.5
4241.879,12.5,25.1,12.3,25.0,8.8,25.1,11.2,24.5
4242.880,12.3,25.1,12.1,25.1,8.6,25.1,10.9,24.6
4243.880,12.7,25.1,12.3,25.1,8.6,25.1,10.7,24.6
4244.880,12.7,25.1,12.4,25.1,8.9,25.2,11.2,24.6
4245.880,12.6,25.2,12.3,25.2,8.8,25.2,11.0,24.6
4246.880,12.6,25.2,12.3,25.2,8.8,25.2,11.1,24.6
4247.880,12.4,25.2,12.2,25.2,8.7,25.3,11.1,24.6
4248.880,12.2,25.3,12.0,25.3,8.7,25.3,11.1,24.6
4249.880,12.7,25.3,12.4,25.3,8.8,25.3,11.1,24.7
4250.880,12.5,25.3,12.3,25.3,8.8,25.4,11.2,24.7
4251.880,12.6,25.3,12.3,25.4,8.9,25.4,11.2,24.7
4252.880,12.6,25.3,12.3,25.4,8.8,25.4,11.2,24.7
4253.880,13.0,25.3,12.8,25.4,9.4,25.5,11.8,24.7
4254.880,12.6,25.4,12.3,25.5,8.8,25.5,11.1,24.8
4255.880,12.5,25.4,12.3,25.5,8.9,25.5,11.2,24.8
4256.880,12.2,25.4,11.9,25.5,8.4,25.6,10.7,24.8
4257.880,12.9,25.4,12.6,25.6,9.0,25.6,11.3,24.8
4258.880,12.7,25.4,12.5,25.6,9.0,25.6,11.4,24.8
4259.880,12.6,25.4,12.4,25.6,8.9,25.6,11.2,24.8
4260.880,12.6,25.5,12.2,25.6,8.7,25.7,10.9,24.9
4261.880,12.7,25.5,12.5,25.6,9.0,25.7,11.5,24.9
4262.880,12.9,25.5,12.6,25.7,9.1,25.7,11.5,24.9
4263.880,13.0,25.5,12.1,25.7,9.0,25.7,11.3,24.9
4264.880,8.0,25.6,7.7,25.8,5.7,25.8,7.5,25.0
4265.880,-0.0,26.0,-0.1,26.1,-0.1,26.2,0.1,25.3
4266.880,-0.2,26.2,-0.2,26.4,-0.2,26.4,-0.4,25.5
4267.880,-2.6,26.2,-0.0,26.5,-0.1,26.5,-1.6,25.5
4268.880,-3.2,25.9,-0.8,26.6,-1.0,26.5,-2.6,25.3
4269.880,-3.9,25.8,-3.9,26.2,-2.8,26.1,-3.9,25.2
4270.880,-6.6,25.6,-7.0,25.8,-5.0,25.8,-6.7,25.0
4271.880,-12.5,25.4,-12.3,25.6,-8.3,25.6,-9.7,24.9
4272.880,-12.7,25.4,-13.3,25.5,-9.2,25.5,-11.0,24.8
4273.880,-13.0,25.3,-14.1,25.4,-9.3,25.5,-10.9,24.8
4274.880,-13.0,25.3,-13.6,25.4,-9.3,25.4,-11.1,24.8
4275.880,-13.0,25.3,-13.7,25.3,-9.3,25.4,-11.1,24.7
4276.880,-13.1,25.2,-13.8,25.3,-9.3,25.3,-11.0,24.7
4277.880,-13.0,25.2,-13.8,25.2,-9.4,25.3,-11.2,24.7
4278.880,-12.9,25.1,-13.8,25.2,-9.4,25.2,-11.2,24.6
4279.880,-13.0,25.1,-13.7,25.1,-9.3,25.2,-10.9,24.6
4280.880,-13.1,25.0,-13.8,25.1,-9.4,25.1,-11.1,24.6
4281.880,-12.9,25.0,-13.7,25.0,-9.3,25.1,-11.1,24.5
4282.880,-13.0,25.0,-13.7,25.0,-9.3,25.0,-11.1,24.5
4283.880,-12.9,24.9,-13.6,25.0,-9.1,25.0,-10.7,24.5
4284.880,-12.8,24.9,-13.6,24.9,-9.2,24.9,-11.0,24.5
4285.880,-12.8,24.9,-13.6,24.9,-9.2,24.9,-11.0,24.4
4286.880,-13.0,24.8,-13.8,24.8,-9.3,24.9,-11.0,24.4
4287.880,-12.8,24.8,-13.7,24.8,-9.3,24.9,-11.0,24.4
4288.880,-12.7,24.8,-13.5,24.8,-9.1,24.9,-10.8,24.4
4289.880,-13.0,24.8,-13.8,24.8,-9.4,24.8,-11.1,24.4
4290.880,-13.0,24.8,-13.8,24.7,-9.3,24.8,-11.0,24.4
4291.880,-13.0,24.8,-13.7,24.7,-9.3,24.8,-11.0,24.4
4292.880,-13.0,24.7,-13.7,24.7,-9.3,24.8,-11.0,24.4
4293.880,-12.8,24.7,-13.6,24.7,-9.2,24.8,-10.9,24.3
4294.880,-12.9,24.7,-13.7,24.7,-9.3,24.8,-11.0,24.3
4295.880,-13.0,24.7,-13.7,24.7,-9.3,24.7,-11.0,24.3
4296.880,-13.1,24.7,-13.8,24.7,-9.3,24.7,-11.0,24.3
4297.880,-12.7,24.7,-13.6,24.7,-9.4,24.7,-11.2,24.3
4298.880,-13.0,24.7,-13.7,24.6,-9.2,24.7,-10.8,24.3
4299.880,-13.0,24.7,-13.7,24.6,-9.3,24.7,-11.0,24.3
4300.880,-13.2,24.7,-13.9,24.6,-9.3,24.7,-11.0,24.3
4301.880,-13.1,24.7,-13.9,24.6,-9.5,24.7,-11.3,24.3
4302.880,-13.0,24.7,-13.7,24.6,-9.3,24.7,-11.0,24.3
4303.880,-13.2,24.7,-13.8,24.6,-9.2,24.7,-10.8,24.3
4304.880,-13.2,24.7,-14.0,24.6,-9.5,24.7,-11.2,24.3
4305.880,-13.1,24.7,-13.8,24.6,-9.3,24.7,-11.0,24.3
4306.880,-13.0,24.7,-13.8,24.6,-9.4,24.7,-11.2,24.3
4307.880,-13.0,24.7,-13.8,24.6,-9.3,24.7,-11.0,24.3
4308.880,-13.1,24.7,-13.8,24.6,-9.4,24.7,-11.1,24.3
4309.880,-13.0,24.7,-13.7,24.6,-9.3,24.7,-11.0,24.3
4310.880,-13.0,24.7,-13.7,24.6,-9.2,24.7,-10.9,24.3
4311.880,-13.0,24.7,-13.8,24.6,-9.3,24.7,-11.0,24.3
4312.880,-12.8,24.7,-13.6,24.6,-8.5,24.7,-11.0,24.3
4313.880,-10.9,24.7,-13.8,24.5,-7.4,24.7,-9.5,24.3
4314.882,-11.3,24.7,-13.7,24.5,-7.9,24.7,-8.9,24.3
4315.882,-11.7,24.7,-12.0,24.6,-7.7,24.7,-9.1,24.3
4316.882,-11.1,24.7,-11.4,24.6,-7.9,24.7,-9.3,24.3
4317.882,-11.3,24.7,-12.3,24.6,-7.9,24.7,-8.8,24.3
4318.882,-11.5,24.7,-11.6,24.6,-8.2,24.7,-9.7,24.3
4319.882,-12.1,24.7,-12.1,24.6,-8.6,24.7,-10.8,24.2
4320.882,-4.2,24.9,-3.8,24.7,-3.1,24.8,-3.3,24.4
4321.882,0.1,25.3,-0.2,25.2,0.0,25.3,-0.1,24.8
4322.882,0.5,25.6,-0.1,25.4,0.1,25.6,0.1,25.1
4323.882,2.2,25.6,0.0,25.6,0.2,25.8,0.1,25.2
4324.882,3.2,25.4,1.7,25.7,2.4,25.6,1.9,25.3
4325.882,7.5,25.0,7.5,25.1,5.2,25.0,7.3,24.7
4326.882,7.2,24.9,6.5,24.8,4.8,24.9,5.6,24.6
4327.882,5.3,24.9,5.3,24.8,3.2,25.0,3.9,24.6
4328.882,7.9,24.9,7.1,24.8,4.7,24.9,6.0,24.6
4329.882,11.2,24.8,10.8,24.6,8.3,24.8,10.6,24.4
4330.882,10.7,24.7,10.6,24.6,7.4,24.7,9.3,24.4
4331.882,11.6,24.7,11.9,24.6,8.1,24.7,10.5,24.3
4332.884,11.4,24.7,12.9,24.5,7.5,24.7,10.6,24.3
4333.884,11.5,24.7,12.5,24.5,7.4,24.7,11.0,24.3
4334.884,12.7,24.7,12.4,24.5,8.9,24.7,11.3,24.3
4335.884,12.2,24.7,12.0,24.6,8.7,24.7,11.1,24.3
4336.884,11.7,24.7,11.6,24.6,8.4,24.7,10.7,24.3
4337.884,13.3,24.7,12.8,24.6,9.1,24.7,11.0,24.3
4338.884,12.4,24.7,12.3,24.6,9.0,24.7,11.4,24.3
4339.884,12.6,24.7,12.3,24.6,8.9,24.7,11.1,24.3
4340.884,12.0,24.7,11.8,24.6,8.3,24.8,10.4,24.3
4341.884,12.9,24.7,12.5,24.6,9.0,24.8,11.2,24.4
4342.884,12.6,24.8,12.4,24.7,9.0,24.8,11.4,24.4
4343.884,12.5,24.8,12.1,24.7,8.6,24.8,10.7,24.4
4344.884,12.6,24.8,12.3,24.8,8.8,24.8,11.1,24.4
4345.884,12.5,24.8,12.2,24.8,8.7,24.9,10.9,24.4
4346.884,12.6,24.8,12.3,24.8,8.8,24.9,11.1,24.4
4347.884,12.5,24.9,12.4,24.8,9.0,24.9,11.5,24.4
4348.884,12.3,24.9,12.1,24.8,8.8,24.9,11.1,24.4
4349.884,12.3,25.0,12.1,24.9,8.7,24.9,11.0,24.5
4350.884,12.1,25.0,11.8,24.9,8.4,25.0,10.6,24.5
4351.884,12.6,25.0,12.3,24.9,8.7,25.0,10.9,24.5
4352.884,12.6,25.0,12.4,25.0,9.1,25.0,11.6,24.5
4353.884,12.4,25.1,12.2,25.0,8.7,25.0,11.1,24.5
4354.884,12.6,25.1,12.3,25.1,8.9,25.1,11.2,24.5
4355.884,12.7,25.1,12.4,25.1,8.9,25.1,11.2,24.5
4356.884,12.5,25.1,12.2,25.1,8.7,25.1,11.0,24.5
4357.884,12.6,25.2,12.2,25.2,8.6,25.2,10.8,24.6
4358.884,12.4,25.2,12.2,25.2,8.7,25.2,11.1,24.6
4359.884,12.6,25.2,12.3,25.2,8.8,25.2,11.1,24.6
4360.884,13.1,25.2,12.6,25.3,8.9,25.3,11.1,24.6
4361.884,12.4,25.2,12.3,25.3,8.8,25.3,11.2,24.6
4362.884,12.6,25.3,12.4,25.3,8.9,25.3,11.3,24.7
4363.884,12.8,25.3,12.5,25.4,9.0,25.4,11.3,24.7
4364.884,12.3,25.3,12.0,25.4,8.6,25.4,10.9,24.7
4365.885,13.0,25.3,12.5,25.4,8.9,25.4,11.1,24.7
4366.885,12.4,25.4,12.4,25.5,9.1,25.4,11.7,24.7
4367.885,12.5,25.4,12.3,25.5,8.9,25.5,11.4,24.8
4368.885,12.9,25.4,12.6,25.5,9.1,25.5,11.4,24.8
4369.885,12.8,25.4,12.5,25.5,9.0,25.5,11.3,24.8
4370.885,12.4,25.4,12.0,25.6,8.5,25.6,10.7,24.8
4371.885,12.6,25.4,12.3,25.6,8.8,25.6,11.1,24.8
4372.885,12.4,25.5,12.2,25.6,8.8,25.6,11.2,24.8
4373.885,12.7,25.5,12.4,25.6,8.9,25.7,11.2,24.9
4374.885,13.1,25.5,12.6,25.7,9.3,25.7,11.7,24.9
4375.885,12.7,25.5,12.1,25.7,9.1,25.7,11.5,24.9
4376.885,7.0,25.6,6.7,25.8,4.8,25.8,6.4,25.0
4377.885,0.4,25.9,0.3,26.1,0.2,26.1,0.5,25.3
4378.885,-0.2,26.2,-0.2,26.4,-0.2,26.4,-0.4,25.5
4379.885,-2.1,26.2,-0.1,26.5,-0.2,26.5,-1.2,25.5
4380.885,-3.3,25.9,-0.6,26.5,-0.9,26.5,-2.7,25.3
4381.885,-3.6,25.8,-3.2,26.3,-2.4,26.2,-3.5,25.2
4382.885,-6.1,25.6,-6.9,25.8,-4.9,25.8,-6.7,25.0
4383.885,-11.0,25.5,-10.8,25.6,-7.2,25.6,-8.5,24.9
4384.885,-12.7,25.4,-13.0,25.5,-9.2,25.5,-11.0,24.8
4385.885,-12.8,25.3,-14.1,25.4,-9.3,25.5,-11.0,24.8
4386.885,-13.0,25.3,-13.7,25.4,-9.4,25.4,-11.1,24.7
4387.885,-13.0,25.3,-13.7,25.3,-9.3,25.4,-11.0,24.7
4388.885,-13.0,25.2,-13.7,25.3,-9.4,25.3,-11.1,24.7
4389.885,-13.0,25.2,-13.7,25.2,-9.3,25.3,-11.0,24.7
4390.885,-13.1,25.1,-13.8,25.2,-9.3,25.2,-11.0,24.6
4391.885,-12.9,25.1,-13.7,25.1,-9.3,25.2,-11.1,24.6
4392.885,-13.0,25.0,-13.8,25.1,-9.4,25.1,-11.1,24.6
4393.885,-12.9,25.0,-13.7,25.0,-9.3,25.1,-11.0,24.5
4394.885,-12.9,25.0,-13.8,24.9,-9.4,25.0,-11.1,24.5
4395.885,-12.9,24.9,-13.6,24.9,-9.2,25.0,-10.9,24.5
4396.885,-12.9,24.9,-13.6,24.9,-9.2,24.9,-10.9,24.4
4397.885,-12.8,24.9,-13.6,24.8,-9.3,24.9,-11.0,24.4
4398.885,-12.8,24.9,-13.7,24.8,-9.3,24.9,-11.0,24.4
4399.885,-12.7,24.8,-13.5,24.8,-9.1,24.9,-10.8,24.4
4400.885,-12.8,24.8,-13.6,24.8,-9.2,24.8,-11.0,24.4
4401.885,-12.9,24.8,-13.7,24.8,-9.2,24.8,-11.0,24.4
4402.885,-13.0,24.8,-13.8,24.7,-9.3,24.8,-11.1,24.4
4403.885,-12.9,24.8,-13.7,24.7,-9.2,24.8,-10.9,24.3
4404.885,-13.0,24.8,-13.7,24.7,-9.2,24.8,-10.8,24.3
4405.887,-12.9,24.7,-13.7,24.7,-9.3,24.8,-11.0,24.3
4406.887,-12.8,24.7,-13.6,24.6,-9.2,24.8,-11.0,24.3
4407.887,-13.1,24.7,-13.8,24.6,-9.3,24.7,-11.0,24.3
4408.887,-13.1,24.7,-13.8,24.6,-9.4,24.7,-11.0,24.3
4409.887,-12.8,24.7,-13.7,24.6,-9.3,24.7,-11.1,24.3
4410.887,-13.1,24.7,-13.9,24.6,-9.4,24.7,-11.1,24.3
4411.887,-13.0,24.7,-13.7,24.6,-9.3,24.7,-11.0,24.3
4412.887,-13.0,24.7,-13.8,24.6,-9.4,24.7,-11.1,24.3
4413.887,-12.9,24.7,-13.7,24.6,-9.4,24.7,-11.1,24.3
4414.887,-13.0,24.7,-13.7,24.6,-9.2,24.7,-10.9,24.3
4415.887,-13.2,24.7,-13.8,24.6,-9.3,24.7,-10.9,24.3
4416.887,-13.2,24.7,-13.9,24.6,-9.4,24.7,-11.2,24.3
4417.887,-13.1,24.7,-13.9,24.6,-9.5,24.7,-11.3,24.3
4418.887,-12.9,24.7,-13.6,24.6,-9.2,24.7,-10.9,24.3
4419.887,-13.1,24.7,-13.7,24.6,-9.2,24.7,-10.8,24.3
4420.887,-13.0,24.7,-13.7,24.5,-9.3,24.7,-11.0,24.3
4421.887,-13.1,24.7,-13.8,24.5,-9.4,24.7,-11.1,24.2
4422.889,-13.2,24.7,-14.0,24.5,-9.5,24.7,-11.3,24.3
4423.889,-12.9,24.7,-13.6,24.5,-9.3,24.7,-11.0,24.2
4424.889,-12.9,24.7,-13.5,24.5,-9.0,24.7,-10.7,24.3
4425.889,-11.3,24.7,-13.7,24.5,-7.7,24.7,-10.0,24.2
4426.889,-10.9,24.7,-13.7,24.5,-7.4,24.7,-9.0,24.3
4427.889,-11.8,24.7,-12.9,24.5,-8.1,24.7,-8.5,24.3
4428.889,-11.1,24.7,-11.2,24.6,-7.6,24.7,-8.7,24.3
4429.889,-11.4,24.7,-12.0,24.6,-7.8,24.7,-8.1,24.3
4430.889,-11.1,24.7,-11.5,24.6,-8.0,24.7,-11.0,24.2
4431.889,-11.9,24.7,-12.1,24.6,-8.6,24.6,-9.3,24.3
4432.889,-6.2,24.7,-5.8,24.6,-4.7,24.7,-5.6,24.3
4433.889,0.1,25.2,-0.3,25.1,-0.0,25.2,-0.4,24.7
4434.890,0.3,25.5,-0.1,25.4,0.1,25.5,0.1,25.0
4435.890,2.0,25.5,0.0,25.6,0.2,25.7,0.1,25.1
4436.890,3.5,25.3,1.6,25.6,2.4,25.5,0.5,25.3
4437.890,7.3,25.0,7.4,25.0,5.3,25.0,7.0,24.8
4438.890,6.9,24.9,6.2,24.8,4.4,24.9,5.5,24.6
4439.890,5.5,24.9,5.3,24.8,3.6,24.9,4.7,24.6
4440.890,7.4,24.9,6.6,24.8,4.3,24.9,5.8,24.5
4441.890,12.0,24.8,11.3,24.6,8.6,24.7,10.6,24.4
4442.890,11.2,24.7,11.0,24.6,7.6,24.7,9.6,24.3
4443.890,11.2,24.7,11.7,24.6,7.8,24.7,10.3,24.3
4444.890,11.0,24.7,12.5,24.5,7.3,24.7,10.2,24.3
4445.890,11.6,24.7,12.5,24.5,7.5,24.7,11.2,24.3
4446.890,12.4,24.6,12.2,24.5,8.7,24.7,11.0,24.3
4447.890,12.2,24.7,12.0,24.5,8.7,24.7,11.1,24.3
4448.890,12.5,24.7,12.2,24.5,8.9,24.7,11.1,24.3
4449.890,13.5,24.7,13.1,24.6,9.6,24.7,11.9,24.3
4450.890,12.2,24.7,12.2,24.6,9.0,24.7,11.6,24.3
4451.890,11.8,24.7,11.6,24.6,8.2,24.7,10.3,24.3
4452.891,12.5,24.7,12.2,24.6,8.7,24.7,10.9,24.3
4453.891,12.4,24.8,12.0,24.7,8.5,24.7,10.6,24.3
4454.891,12.6,24.8,12.4,24.7,8.9,24.8,11.3,24.3
4455.891,12.6,24.8,12.4,24.7,9.0,24.8,11.4,24.3
4456.891,12.7,24.8,12.3,24.7,8.8,24.8,11.0,24.4
4457.891,12.5,24.8,12.3,24.7,8.8,24.8,11.2,24.4
4458.893,12.7,24.9,12.5,24.8,9.0,24.8,11.4,24.4
4459.893,12.4,24.9,12.2,24.8,8.7,24.9,11.0,24.4
4460.893,11.9,24.9,11.7,24.8,8.3,24.9,10.4,24.4
4461.893,12.5,24.9,12.2,24.9,8.7,24.9,10.9,24.5
4462.893,12.5,25.0,12.3,24.9,8.8,25.0,11.2,24.5
4463.893,12.8,25.0,12.6,24.9,9.2,25.0,11.7,24.5
4464.893,11.9,25.0,12.0,25.0,8.8,25.0,11.3,24.5
4465.893,12.5,25.0,12.2,25.0,8.6,25.0,10.8,24.5
4466.893,12.9,25.1,12.5,25.0,8.9,25.1,11.0,24.5
4467.893,12.6,25.1,12.4,25.1,8.9,25.1,11.2,24.5
4468.893,12.7,25.1,12.4,25.1,8.9,25.1,11.3,24.5
4469.893,12.0,25.2,11.7,25.2,8.3,25.2,10.4,24.6
4470.893,12.6,25.2,12.2,25.2,8.6,25.2,10.7,24.6
4471.893,12.7,25.2,12.4,25.2,8.9,25.2,11.3,24.6
4472.893,12.9,25.2,12.5,25.3,8.9,25.2,11.2,24.6
4473.893,12.5,25.2,12.2,25.3,8.8,25.3,11.1,24.6
4474.893,12.2,25.3,12.0,25.3,8.7,25.3,11.0,24.7
4475.893,12.6,25.3,12.3,25.4,8.8,25.4,11.1,24.7
4476.893,12.8,25.3,12.5,25.4,9.0,25.4,11.3,24.7
4477.894,12.7,25.3,12.6,25.4,9.3,25.4,11.9,24.7
4478.894,12.7,25.3,12.4,25.4,8.9,25.4,11.2,24.7
4479.894,12.5,25.3,12.2,25.5,8.7,25.5,11.0,24.8
4480.895,12.9,25.4,12.7,25.5,9.3,25.5,11.8,24.7
4481.895,12.8,25.4,12.5,25.5,9.0,25.5,11.3,24.8
4482.895,12.5,25.4,12.3,25.5,8.8,25.6,11.2,24.8
4483.895,12.3,25.4,11.9,25.6,8.4,25.6,10.5,24.8
4484.895,12.6,25.4,12.3,25.6,8.8,25.6,11.0,24.8
4485.895,12.7,25.4,12.4,25.6,8.9,25.7,11.2,24.9
4486.895,13.0,25.5,12.4,25.6,9.2,25.7,11.7,24.9
4487.895,12.6,25.5,12.0,25.7,9.0,25.7,11.3,24.9
4488.895,5.8,25.6,5.6,25.8,4.1,25.8,5.6,25.0
4489.895,-0.0,26.0,-0.1,26.1,-0.1,26.2,0.0,25.3
4490.895,-0.3,26.3,-0.2,26.4,-0.3,26.4,-0.6,25.5
4491.895,-2.7,26.2,-0.0,26.5,-0.1,26.5,-1.8,25.5
4492.895,-3.0,25.9,-0.9,26.5,-1.2,26.4,-2.6,25.3
4493.895,-4.2,25.8,-4.3,26.2,-3.1,26.0,-4.3,25.1
4494.895,-6.6,25.6,-7.1,25.8,-5.0,25.7,-6.6,25.0
4495.895,-12.8,25.4,-12.6,25.5,-8.5,25.6,-10.0,24.9
4496.895,-12.7,25.3,-13.5,25.5,-9.2,25.5,-10.9,24.8
4497.895,-12.9,25.3,-13.9,25.4,-9.3,25.5,-11.0,24.7
4498.895,-13.0,25.3,-13.6,25.4,-9.3,25.4,-10.9,24.7
4499.895,-12.9,25.2,-13.7,25.3,-9.3,25.4,-11.1,24.7
4500.895,-13.0,25.2,-13.8,25.3,-9.3,25.3,-11.0,24.7
4501.895,-13.0,25.2,-13.8,25.2,-9.4,25.2,-11.1,24.6
4502.895,-13.0,25.1,-13.8,25.2,-9.4,25.2,-11.1,24.6
4503.895,-12.9,25.1,-13.7,25.1,-9.3,25.1,-11.0,24.6
4504.895,-13.0,25.0,-13.8,25.0,-9.4,25.1,-11.1,24.5
4505.895,-12.8,25.0,-13.6,25.0,-9.3,25.0,-11.0,24.5
4506.895,-12.9,24.9,-13.7,25.0,-9.3,25.0,-11.0,24.5
4507.895,-12.9,24.9,-13.6,24.9,-9.1,25.0,-10.8,24.4
4508.895,-12.8,24.9,-13.6,24.9,-9.2,24.9,-11.0,24.4
4509.895,-12.9,24.8,-13.7,24.8,-9.2,24.9,-10.9,24.4
4510.895,-12.9,24.8,-13.7,24.8,-9.3,24.9,-11.0,24.4
4511.895,-12.8,24.8,-13.6,24.8,-9.3,24.8,-11.0,24.4
4512.895,-12.7,24.8,-13.5,24.7,-9.1,24.8,-10.8,24.4
4513.895,-12.9,24.8,-13.8,24.7,-9.3,24.8,-11.1,24.4
4514.897,-13.0,24.7,-13.8,24.7,-9.3,24.8,-11.0,24.3
4515.897,-12.9,24.7,-13.7,24.7,-9.2,24.8,-10.9,24.3
4516.897,-12.9,24.7,-13.8,24.7,-9.3,24.7,-11.1,24.3
4517.897,-12.9,24.7,-13.6,24.7,-9.2,24.7,-10.9,24.3
4518.897,-12.8,24.7,-13.6,24.7,-9.3,24.7,-11.0,24.3
4519.897,-13.0,24.7,-13.7,24.6,-9.2,24.7,-10.9,24.3
4520.897,-13.0,24.7,-13.7,24.6,-9.3,24.7,-11.0,24.3
4521.897,-12.8,24.7,-13.8,24.6,-9.4,24.7,-11.2,24.3
4522.897,-13.1,24.7,-13.8,24.6,-9.3,24.7,-11.0,24.3
4523.897,-13.0,24.7,-13.7,24.6,-9.3,24.7,-11.0,24.3
4524.897,-13.0,24.7,-13.8,24.6,-9.3,24.7,-11.0,24.3
4525.897,-13.0,24.7,-13.8,24.6,-9.4,24.7,-11.1,24.3
4526.897,-13.0,24.7,-13.7,24.6,-9.3,24.7,-11.0,24.3
4527.897,-13.2,24.7,-13.9,24.6,-9.4,24.7,-11.0,24.3
4528.897,-13.1,24.7,-13.9,24.6,-9.5,24.7,-11.2,24.3
4529.897,-13.0,24.7,-13.7,24.6,-9.3,24.7,-11.1,24.3
4530.897,-12.9,24.7,-13.7,24.6,-9.3,24.7,-11.0,24.3
4531.898,-13.0,24.7,-13.8,24.6,-9.3,24.7,-11.1,24.3
4532.898,-13.0,24.7,-13.8,24.6,-9.3,24.7,-11.0,24.2
4533.898,-13.0,24.7,-13.8,24.5,-9.3,24.7,-11.1,24.2
4534.898,-13.2,24.6,-13.9,24.5,-9.4,24.6,-11.0,24.2
4535.898,-12.8,24.7,-13.7,24.5,-9.3,24.6,-11.1,24.2
4536.898,-13.1,24.6,-13.9,24.5,-8.5,24.6,-11.2,24.2
4537.898,-10.6,24.7,-13.4,24.5,-7.2,24.7,-9.2,24.3
4538.898,-11.2,24.7,-13.7,24.5,-7.9,24.7,-8.7,24.3
4539.898,-11.6,24.7,-11.9,24.5,-7.7,24.7,-9.8,24.3
4540.898,-11.2,24.7,-11.6,24.6,-7.9,24.7,-8.7,24.2
4541.898,-11.4,24.7,-12.5,24.5,-8.1,24.6,-10.5,24.2
4542.898,-11.0,24.7,-11.1,24.6,-7.9,24.7,-8.5,24.3
4543.898,-12.1,24.7,-12.1,24.5,-8.7,24.6,-9.8,24.3
4544.898,-3.0,24.9,-2.8,24.7,-2.3,24.8,-3.2,24.4
4545.898,-0.2,25.4,-0.2,25.2,-0.0,25.3,-0.0,24.8
4546.898,0.6,25.6,-0.1,25.4,0.1,25.6,0.2,25.0
4547.898,2.5,25.5,0.1,25.6,0.3,25.7,0.4,25.2
4548.898,3.9,25.3,2.6,25.6,3.2,25.4,3.1,25.1
4549.898,7.8,25.0,7.6,24.9,5.3,24.9,6.4,24.6
4550.898,6.8,24.9,6.8,24.8,4.6,24.9,6.4,24.5
4551.898,5.8,24.9,5.9,24.8,3.5,24.9,4.7,24.5
4552.898,9.6,24.8,8.5,24.8,6.0,24.9,6.7,24.5
4553.898,11.3,24.7,10.4,24.6,7.7,24.7,11.0,24.3
4554.898,10.9,24.7,10.8,24.6,7.6,24.7,9.7,24.3
4555.898,10.9,24.7,12.1,24.5,7.8,24.7,9.6,24.3
4556.898,10.9,24.7,12.1,24.5,7.2,24.7,9.7,24.3
4557.898,11.4,24.7,12.0,24.5,7.0,24.7,10.5,24.3
4558.898,12.7,24.6,12.4,24.5,9.0,24.6,11.3,24.3
4559.900,12.5,24.6,12.3,24.5,9.0,24.6,11.5,24.3
4560.900,12.6,24.6,12.4,24.5,9.1,24.6,11.4,24.3
4561.900,12.7,24.6,12.3,24.5,8.8,24.6,11.0,24.3
4562.900,12.7,24.7,12.4,24.6,8.8,24.7,11.1,24.3
4563.900,13.2,24.7,12.9,24.6,9.4,24.7,11.8,24.3
4564.900,11.4,24.7,11.4,24.6,8.2,24.7,10.6,24.3
4565.900,12.2,24.7,12.0,24.7,8.5,24.8,10.7,24.3
4566.900,13.0,24.8,12.7,24.7,9.2,24.8,11.6,24.3
4567.900,12.6,24.8,12.3,24.7,8.9,24.8,11.2,24.4
4568.900,12.7,24.8,12.4,24.7,8.9,24.8,11.2,24.4
4569.900,12.5,24.8,12.2,24.7,8.8,24.8,11.1,24.4
4570.900,11.8,24.9,11.5,24.8,8.1,24.9,10.2,24.4
4571.900,12.4,24.9,12.1,24.8,8.7,24.9,11.0,24.4
4572.900,12.6,24.9,12.4,24.8,8.9,24.9,11.3,24.4
4573.900,12.4,24.9,12.2,24.8,8.8,24.9,11.1,24.4
4574.902,12.6,25.0,12.3,24.9,8.8,24.9,11.1,24.4
4575.902,12.0,25.0,11.8,24.9,8.5,24.9,10.8,24.4
4576.902,12.3,25.0,12.1,25.0,8.6,25.0,10.9,24.5
4577.902,13.0,25.0,12.8,25.0,9.3,25.0,11.8,24.5
4578.902,12.5,25.0,12.3,25.0,8.9,25.0,11.2,24.5
4579.902,12.7,25.1,12.4,25.1,8.9,25.1,11.2,24.5
4580.902,12.6,25.1,12.4,25.1,8.9,25.1,11.2,24.5
4581.902,12.6,25.1,12.3,25.1,8.7,25.1,11.0,24.5
4582.902,12.5,25.1,12.2,25.2,8.8,25.2,11.1,24.5
4583.902,12.4,25.2,12.2,25.2,8.7,25.2,11.0,24.6
4584.902,12.4,25.2,12.0,25.2,8.5,25.3,10.7,24.6
4585.902,13.0,25.2,12.5,25.3,8.8,25.3,10.8,24.6
4586.902,12.7,25.2,12.5,25.3,9.0,25.3,11.4,24.6
4587.902,12.5,25.3,12.3,25.3,8.9,25.3,11.4,24.6
4588.902,12.3,25.3,12.2,25.4,8.8,25.3,11.3,24.7
4589.902,12.3,25.3,12.0,25.4,8.6,25.4,10.9,24.7
4590.902,12.9,25.3,12.5,25.4,8.9,25.4,11.0,24.7
4591.902,12.6,25.3,12.6,25.4,9.4,25.4,12.1,24.7
4592.902,13.1,25.3,12.7,25.5,9.2,25.5,11.5,24.7
4593.902,12.7,25.4,12.4,25.5,8.9,25.5,11.3,24.7
4594.902,12.6,25.4,12.3,25.5,8.8,25.6,11.1,24.8
4595.902,12.6,25.4,12.3,25.6,8.8,25.6,11.2,24.8
4596.902,12.4,25.4,12.2,25.6,8.8,25.6,11.1,24.8
4597.902,12.4,25.4,12.1,25.6,8.7,25.6,11.1,24.8
4598.902,12.9,25.4,12.0,25.6,8.8,25.7,10.9,24.8
4599.902,12.6,25.4,12.1,25.7,9.0,25.7,11.4,24.8
4600.902,3.7,25.6,3.6,25.8,2.7,25.8,3.8,25.0
4601.902,-0.1,26.0,-0.2,26.2,-0.2,26.2,-0.2,25.4
4602.902,-0.7,26.2,-0.1,26.4,-0.2,26.4,-0.6,25.5
4603.902,-3.5,26.0,-0.1,26.5,-0.2,26.5,-2.3,25.4
4604.902,-2.7,25.8,-1.5,26.4,-1.4,26.3,-2.4,25.2
4605.902,-4.6,25.7,-4.9,26.0,-3.5,26.0,-4.8,25.1
4606.902,-7.3,25.6,-7.6,25.7,-5.3,25.7,-6.9,24.9
4607.902,-13.1,25.4,-13.1,25.5,-8.9,25.5,-10.5,24.8
4608.902,-12.7,25.3,-13.8,25.4,-9.2,25.5,-11.0,24.7
4609.902,-13.0,25.3,-13.7,25.4,-9.3,25.4,-11.0,24.7
4610.902,-12.9,25.2,-13.6,25.3,-9.3,25.4,-11.0,24.7
4611.902,-12.9,25.2,-13.7,25.3,-9.4,25.3,-11.2,24.7
4612.902,-13.1,25.1,-13.8,25.2,-9.3,25.3,-11.0,24.6
4613.903,-13.0,25.1,-13.8,25.2,-9.4,25.2,-11.2,24.6
4614.904,-13.0,25.1,-13.8,25.1,-9.3,25.1,-11.1,24.6
4615.904,-13.0,25.0,-13.8,25.1,-9.3,25.1,-11.0,24.5
4616.904,-12.9,25.0,-13.7,25.0,-9.3,25.0,-11.0,24.5
4617.904,-12.8,24.9,-13.6,25.0,-9.2,25.0,-11.0,24.5
4618.904,-12.9,24.9,-13.7,24.9,-9.3,25.0,-11.0,24.4
4619.904,-12.9,24.9,-13.6,24.9,-9.2,24.9,-10.8,24.4
4620.904,-12.7,24.9,-13.6,24.8,-9.3,24.9,-11.0,24.4
4621.904,-12.8,24.8,-13.6,24.8,-9.1,24.8,-10.8,24.4
4622.904,-12.9,24.8,-13.8,24.8,-9.3,24.8,-11.1,24.4
4623.904,-12.8,24.8,-13.7,24.7,-9.3,24.8,-11.0,24.4
4624.904,-12.7,24.8,-13.5,24.7,-9.2,24.8,-10.9,24.3
4625.904,-12.9,24.8,-13.7,24.7,-9.3,24.8,-11.0,24.3
4626.904,-12.9,24.7,-13.6,24.7,-9.2,24.7,-10.9,24.3
4627.904,-12.9,24.7,-13.7,24.7,-9.2,24.7,-10.9,24.3
4628.904,-13.0,24.7,-13.8,24.6,-9.3,24.7,-11.0,24.3
4629.904,-12.8,24.7,-13.6,24.6,-9.2,24.7,-11.0,24.3
4630.904,-12.8,24.7,-13.6,24.6,-9.2,24.7,-11.0,24.3
4631.904,-13.0,24.7,-13.7,24.6,-9.3,24.7,-11.0,24.3
4632.904,-12.9,24.7,-13.8,24.6,-9.4,24.7,-11.1,24.3
4633.904,-12.8,24.7,-13.7,24.6,-9.3,24.7,-11.2,24.3
4634.904,-13.1,24.7,-13.8,24.6,-9.4,24.7,-11.0,24.3
4635.904,-12.9,24.7,-13.6,24.6,-9.2,24.7,-10.9,24.2
4636.904,-13.1,24.7,-13.9,24.6,-9.4,24.6,-11.1,24.3
4637.904,-12.9,24.7,-13.8,24.5,-9.4,24.7,-11.1,24.2
4638.904,-13.1,24.7,-13.8,24.5,-9.3,24.7,-11.0,24.2
4639.904,-13.1,24.6,-13.9,24.5,-9.4,24.6,-11.1,24.2
4640.904,-13.1,24.6,-13.8,24.5,-9.4,24.6,-11.1,24.2
4641.904,-13.0,24.7,-13.8,24.5,-9.4,24.6,-11.1,24.2
4642.904,-12.9,24.7,-13.6,24.5,-9.2,24.6,-10.9,24.2
4643.904,-13.1,24.6,-13.8,24.5,-9.3,24.6,-11.0,24.2
4644.904,-13.0,24.6,-13.8,24.5,-9.4,24.6,-11.1,24.2
4645.904,-12.9,24.6,-13.7,24.5,-9.2,24.6,-11.0,24.2
4646.904,-13.2,24.6,-13.9,24.5,-9.4,24.6,-11.1,24.2
4647.904,-12.9,24.6,-13.7,24.5,-9.3,24.6,-11.0,24.2
4648.904,-12.9,24.6,-13.7,24.5,-8.1,24.6,-11.0,24.2
4649.904,-10.8,24.7,-13.7,24.5,-7.4,24.6,-9.5,24.2
4650.904,-10.8,24.7,-13.6,24.5,-8.1,24.6,-8.1,24.3
4651.904,-11.4,24.6,-11.8,24.5,-7.7,24.6,-8.5,24.3
4652.904,-11.3,24.6,-11.6,24.5,-7.8,24.6,-9.0,24.2
4653.904,-11.3,24.6,-12.0,24.5,-7.9,24.6,-11.3,24.2
4654.904,-11.3,24.6,-11.5,24.5,-8.3,24.6,-10.4,24.2
4655.904,-11.7,24.6,-11.6,24.5,-8.4,24.6,-9.7,24.2
4656.904,-0.9,24.9,-0.9,24.8,-0.8,24.9,-0.9,24.5
4657.904,-0.1,25.4,-0.1,25.2,0.0,25.3,0.2,24.9
4658.904,0.5,25.6,-0.1,25.4,0.1,25.6,0.7,25.1
4659.904,2.7,25.5,0.2,25.6,0.4,25.7,1.9,24.9
4660.904,3.8,25.2,2.7,25.6,3.3,25.4,4.0,24.7
4661.904,7.9,24.9,7.7,24.9,5.4,24.9,7.1,24.5
4662.904,6.9,24.8,6.7,24.7,4.5,24.8,6.1,24.4
4663.904,5.9,24.9,5.8,24.7,3.5,24.9,4.6,24.5
4664.905,8.7,24.8,8.1,24.7,5.4,24.8,6.4,24.5
4665.905,12.6,24.7,11.5,24.5,8.7,24.7,10.8,24.3
4666.905,10.9,24.6,10.8,24.6,7.6,24.6,9.9,24.3
4667.905,10.7,24.6,11.8,24.5,7.4,24.6,9.0,24.3
4668.905,10.9,24.6,12.5,24.5,7.5,24.6,10.0,24.3
4669.905,11.9,24.6,12.5,24.5,7.8,24.6,11.5,24.2
4670.905,12.6,24.6,12.2,24.5,8.9,24.6,11.0,24.2
4671.905,12.6,24.6,12.3,24.5,8.9,24.6,11.2,24.2
4672.905,12.8,24.6,12.5,24.5,9.1,24.6,11.3,24.2
4673.905,13.0,24.6,13.0,24.5,9.7,24.6,12.3,24.2
4674.907,12.1,24.7,11.9,24.5,8.5,24.7,10.8,24.3
4675.907,12.3,24.7,12.0,24.6,8.7,24.7,10.9,24.3
4676.907,9.4,24.7,9.1,24.6,6.2,24.8,7.7,24.3
4677.907,14.1,24.7,13.6,24.6,10.0,24.7,12.4,24.3
4678.907,12.6,24.7,12.4,24.6,9.0,24.7,11.5,24.3
4679.907,12.7,24.7,12.3,24.6,8.8,24.7,11.1,24.3
4680.908,12.5,24.8,12.3,24.7,8.8,24.8,11.1,24.3
4681.908,12.4,24.8,12.1,24.7,8.6,24.8,10.8,24.3
4682.908,12.6,24.8,12.3,24.7,8.8,24.8,11.2,24.3
4683.908,12.1,24.9,12.0,24.8,8.7,24.8,11.1,24.4
4684.908,12.4,24.9,12.1,24.8,8.7,24.9,11.0,24.4
4685.908,12.6,24.9,12.3,24.8,8.9,24.9,11.2,24.4
4686.908,13.0,24.9,12.6,24.9,9.1,24.9,11.4,24.4
4687.908,12.4,25.0,12.4,24.9,9.1,24.9,11.7,24.4
4688.908,12.3,25.0,12.1,24.9,8.6,25.0,11.0,24.4
4689.908,12.5,25.0,12.2,25.0,8.7,25.0,10.9,24.5
4690.908,12.2,25.0,11.8,25.0,8.4,25.0,10.5,24.5
4691.908,12.7,25.1,12.4,25.0,8.9,25.0,11.3,24.5
4692.908,12.7,25.1,12.4,25.1,8.9,25.1,11.2,24.5
4693.908,12.5,25.1,12.3,25.1,8.8,25.1,11.2,24.5
4694.908,12.9,25.1,12.4,25.1,8.8,25.1,11.0,24.5
4695.908,12.6,25.1,12.2,25.2,8.6,25.2,10.7,24.6
4696.908,12.5,25.2,12.3,25.2,8.8,25.2,11.1,24.6
4697.908,12.5,25.2,12.2,25.2,8.7,25.2,11.0,24.6
4698.908,12.7,25.2,12.4,25.3,8.9,25.3,11.2,24.6
4699.908,12.7,25.2,12.4,25.3,8.9,25.3,11.2,24.6
4700.908,12.8,25.2,12.7,25.3,9.4,25.3,12.0,24.6
4701.908,12.5,25.2,12.3,25.4,8.8,25.4,11.2,24.6
4702.908,12.7,25.3,12.5,25.4,9.1,25.4,11.5,24.7
4703.908,12.1,25.3,11.9,25.4,8.5,25.4,10.8,24.7
4704.908,12.9,25.3,12.5,25.4,8.8,25.5,11.0,24.7
4705.908,12.7,25.3,12.4,25.5,9.0,25.5,11.3,24.7
4706.908,12.5,25.4,12.2,25.5,8.8,25.5,11.1,24.7
4707.908,12.6,25.4,12.3,25.5,8.8,25.5,11.0,24.8
4708.908,12.7,25.4,12.4,25.5,8.9,25.6,11.3,24.8
4709.908,12.5,25.4,12.2,25.6,8.7,25.6,10.9,24.8
4710.908,13.1,25.4,12.4,25.6,9.2,25.6,11.6,24.8
4711.908,12.4,25.4,11.9,25.6,8.8,25.6,11.2,24.8
4712.908,3.5,25.6,3.4,25.8,2.4,25.9,3.4,25.0
4713.908,-0.2,26.0,-0.2,26.1,-0.2,26.2,-0.1,25.3
4714.908,-0.4,26.2,-0.1,26.3,-0.2,26.4,-0.6,25.5
4715.908,-3.3,26.0,-0.0,26.4,-0.2,26.5,-2.2,25.4
4716.908,-2.7,25.8,-1.0,26.5,-1.2,26.4,-2.3,25.2
4717.910,-4.4,25.7,-4.6,26.1,-3.3,26.0,-4.6,25.1
4718.910,-6.5,25.5,-6.9,25.7,-4.8,25.7,-6.5,24.9
4719.910,-13.0,25.3,-12.9,25.5,-8.7,25.5,-10.2,24.8
4720.910,-12.6,25.3,-13.6,25.4,-9.2,25.4,-11.1,24.7
4721.910,-12.9,25.2,-13.9,25.3,-9.3,25.4,-11.0,24.7
4722.910,-13.1,25.2,-13.7,25.3,-9.3,25.3,-11.0,24.7
4723.910,-12.9,25.2,-13.7,25.2,-9.4,25.3,-11.2,24.6
4724.910,-13.0,25.1,-13.8,25.2,-9.3,25.2,-11.1,24.6
4725.910,-13.0,25.1,-13.8,25.1,-9.4,25.2,-11.2,24.6
4726.910,-13.1,25.0,-13.8,25.1,-9.3,25.1,-11.0,24.5
4727.910,-12.9,25.0,-13.7,25.1,-9.3,25.1,-11.0,24.5
4728.910,-12.9,25.0,-13.8,25.0,-9.3,25.0,-11.1,24.5
4729.910,-12.7,24.9,-13.6,24.9,-9.3,25.0,-11.1,24.4
4730.910,-12.9,24.9,-13.7,24.9,-9.3,24.9,-11.1,24.4
4731.910,-12.9,24.9,-13.5,24.9,-9.0,24.9,-10.7,24.4
4732.910,-12.8,24.8,-13.7,24.8,-9.3,24.9,-11.1,24.4
4733.910,-12.8,24.8,-13.6,24.8,-9.2,24.8,-10.9,24.4
4734.910,-12.8,24.8,-13.7,24.8,-9.3,24.8,-11.0,24.3
4735.910,-12.8,24.8,-13.7,24.7,-9.3,24.8,-11.1,24.3
4736.910,-12.7,24.7,-13.5,24.7,-9.1,24.8,-10.9,24.3
4737.910,-12.8,24.7,-13.7,24.7,-9.3,24.7,-11.1,24.3
4738.910,-12.9,24.7,-13.7,24.6,-9.3,24.7,-11.0,24.3
4739.910,-12.9,24.7,-13.7,24.6,-9.3,24.7,-11.0,24.3
4740.910,-12.8,24.7,-13.6,24.6,-9.2,24.7,-11.0,24.3
4741.910,-13.0,24.7,-13.7,24.6,-9.2,24.7,-10.9,24.3
4742.910,-12.8,24.7,-13.7,24.6,-9.3,24.7,-11.1,24.3
4743.910,-13.1,24.7,-13.8,24.6,-9.3,24.7,-11.0,24.3
4744.910,-12.9,24.7,-13.7,24.5,-9.3,24.7,-11.1,24.2
4745.910,-12.7,24.7,-13.6,24.6,-9.3,24.6,-11.1,24.2
4746.910,-13.1,24.6,-13.9,24.5,-9.4,24.6,-11.1,24.2
4747.910,-12.9,24.6,-13.7,24.5,-9.3,24.6,-11.0,24.2
4748.910,-13.1,24.6,-13.8,24.5,-9.4,24.6,-11.1,24.2
4749.912,-13.0,24.6,-13.8,24.5,-9.4,24.6,-11.2,24.2
4750.912,-13.0,24.6,-13.7,24.5,-9.2,24.6,-10.8,24.2
4751.912,-13.2,24.6,-13.9,24.5,-9.4,24.6,-11.1,24.2
4752.912,-13.1,24.6,-13.9,24.5,-9.4,24.6,-11.1,24.2
4753.912,-12.9,24.6,-13.7,24.5,-9.3,24.6,-11.1,24.2
4754.912,-13.0,24.6,-13.7,24.5,-9.3,24.6,-11.0,24.2
4755.912,-13.1,24.6,-13.9,24.5,-9.4,24.6,-11.1,24.2
4756.912,-13.1,24.6,-13.9,24.5,-9.4,24.6,-11.2,24.2
4757.912,-12.9,24.6,-13.7,24.5,-9.3,24.6,-11.1,24.2
4758.912,-12.7,24.6,-13.4,24.5,-9.1,24.6,-10.8,24.2
4759.912,-13.0,24.6,-13.7,24.5,-9.2,24.6,-10.9,24.2
4760.912,-13.0,24.6,-13.8,24.5,-8.4,24.6,-11.0,24.2
4761.912,-10.7,24.6,-13.8,24.5,-7.6,24.6,-9.5,24.2
4762.912,-11.0,24.6,-13.7,24.5,-8.0,24.6,-8.5,24.2
4763.912,-11.3,24.6,-11.5,24.5,-7.5,24.6,-7.9,24.3
4764.912,-11.3,24.6,-11.7,24.5,-7.9,24.6,-9.2,24.2
4765.912,-11.4,24.6,-12.5,24.5,-8.0,24.6,-10.4,24.2
4766.912,-11.3,24.6,-11.5,24.5,-8.2,24.6,-10.5,24.2
4767.912,-12.0,24.6,-12.1,24.5,-8.7,24.6,-9.5,24.2
4768.912,-1.7,24.9,-1.7,24.7,-1.5,24.8,-2.1,24.4
4769.912,-0.1,25.3,-0.1,25.1,0.0,25.3,-0.0,24.8
4770.912,0.6,25.6,-0.0,25.4,0.1,25.5,0.1,25.0
4771.912,2.6,25.4,0.2,25.5,0.4,25.7,0.2,25.2
4772.912,4.4,25.2,3.0,25.5,3.5,25.3,3.6,25.0
4773.913,7.9,24.9,8.0,24.8,5.7,24.9,7.3,24.5
4774.913,6.5,24.8,6.2,24.7,4.2,24.8,5.8,24.4
4775.913,6.0,24.9,5.8,24.8,3.5,24.9,3.7,24.5
4776.913,9.9,24.8,8.8,24.7,6.6,24.8,7.6,24.5
4777.913,12.0,24.6,10.9,24.5,7.9,24.6,9.8,24.3
4778.913,10.3,24.6,10.4,24.5,7.5,24.6,11.1,24.3
4779.913,10.8,24.6,12.1,24.5,7.7,24.6,9.5,24.2
4780.913,10.7,24.6,12.3,24.5,7.3,24.6,10.0,24.3
4781.913,12.3,24.6,12.4,24.4,7.6,24.6,11.2,24.2
4782.913,12.9,24.6,12.5,24.4,9.1,24.6,11.2,24.2
4783.913,12.0,24.6,11.8,24.4,8.7,24.6,11.2,24.2
4784.913,12.4,24.6,12.1,24.5,8.6,24.6,10.7,24.2
4785.913,12.6,24.6,12.4,24.5,8.9,24.6,11.2,24.2
4786.913,12.6,24.6,12.4,24.5,8.9,24.6,11.2,24.2
4787.913,13.1,24.6,12.8,24.5,9.4,24.6,11.9,24.2
4788.913,12.1,24.7,11.9,24.6,8.5,24.7,10.8,24.3
4789.913,12.0,24.7,11.8,24.6,8.4,24.7,10.7,24.3
4790.913,12.4,24.7,12.2,24.6,8.9,24.7,11.4,24.3
4791.913,12.6,24.7,12.1,24.6,8.5,24.7,10.6,24.3
4792.913,12.7,24.7,12.3,24.7,8.8,24.8,11.0,24.3
4793.913,12.5,24.8,12.2,24.7,8.7,24.8,11.0,24.3
4794.913,12.5,24.8,12.2,24.7,8.7,24.8,10.9,24.3
4795.913,12.4,24.8,12.2,24.7,8.8,24.8,11.3,24.3
4796.913,12.4,24.9,12.2,24.8,8.8,24.8,11.3,24.4
4797.913,12.1,24.9,11.9,24.8,8.5,24.8,10.8,24.4
4798.913,12.5,24.9,12.1,24.8,8.6,24.9,10.7,24.4
4799.913,12.3,24.9,12.2,24.9,8.8,24.9,11.2,24.4
4800.913,12.7,25.0,12.4,24.9,8.9,24.9,11.2,24.4
4801.913,12.8,25.0,12.7,24.9,9.4,24.9,12.0,24.4
4802.913,12.7,25.0,12.3,25.0,8.8,25.0,11.0,24.4
4803.913,12.7,25.0,12.4,25.0,9.0,25.0,11.3,24.4
4804.913,12.6,25.1,12.3,25.0,8.9,25.1,11.2,24.5
4805.913,12.5,25.1,12.2,25.1,8.8,25.1,11.1,24.5
4806.913,12.0,25.1,11.7,25.1,8.2,25.1,10.3,24.5
4807.913,12.6,25.1,12.2,25.2,8.7,25.2,10.9,24.5
4808.913,12.6,25.2,12.3,25.2,8.9,25.2,11.2,24.5
4809.913,12.6,25.2,12.3,25.2,8.9,25.2,11.3,24.5
4810.913,13.0,25.2,12.5,25.3,8.8,25.3,11.0,24.6
4811.913,12.4,25.2,12.0,25.3,8.5,25.3,10.7,24.6
4812.913,12.4,25.2,12.2,25.3,8.7,25.3,11.1,24.6
4813.913,12.6,25.2,12.3,25.3,8.8,25.3,11.1,24.6
4814.913,12.9,25.3,12.7,25.3,9.3,25.4,11.8,24.7
4815.913,12.6,25.3,12.4,25.4,9.1,25.4,11.6,24.6
4816.913,12.8,25.3,12.5,25.4,9.1,25.4,11.5,24.7
4817.913,12.6,25.3,12.4,25.4,9.1,25.5,11.6,24.7
4818.913,12.6,25.3,12.3,25.5,8.8,25.5,11.1,24.7
4819.913,12.5,25.3,12.2,25.5,8.8,25.5,11.1,24.7
4820.913,12.5,25.4,12.1,25.6,8.5,25.6,10.7,24.8
4821.913,12.5,25.4,12.2,25.6,8.7,25.6,11.0,24.8
4822.913,13.1,25.4,12.4,25.6,9.3,25.6,11.7,24.8
4823.913,12.5,25.4,11.9,25.6,8.9,25.6,11.3,24.8
4824.913,3.8,25.6,3.7,25.8,2.6,25.8,3.6,25.0
4825.913,0.4,25.9,0.3,26.1,0.2,26.1,0.5,25.2
4826.913,-0.1,26.2,-0.2,26.3,-0.3,26.3,-0.3,25.4
4827.913,-1.5,26.2,-0.0,26.4,-0.2,26.4,-0.8,25.5
4828.913,-3.4,25.9,-0.2,26.5,-0.5,26.5,-2.5,25.3
4829.913,-2.7,25.8,-1.9,26.4,-1.5,26.2,-2.5,25.2
4830.913,-5.4,25.6,-6.1,25.8,-4.4,25.8,-5.9,25.0
4831.913,-8.2,25.5,-8.4,25.6,-5.6,25.6,-7.1,24.9
4832.913,-13.1,25.3,-13.2,25.4,-9.2,25.4,-10.9,24.7
4833.913,-12.7,25.2,-13.9,25.4,-9.3,25.4,-11.1,24.7
4834.913,-12.9,25.2,-13.6,25.3,-9.2,25.4,-10.9,24.7
4835.915,-12.9,25.2,-13.6,25.3,-9.3,25.3,-11.0,24.6
4836.916,-12.9,25.1,-13.7,25.2,-9.4,25.3,-11.2,24.6
4837.916,-13.0,25.1,-13.8,25.2,-9.4,25.2,-11.1,24.6
4838.916,-13.1,25.1,-13.8,25.1,-9.4,25.1,-11.1,24.6
4839.916,-12.9,25.0,-13.7,25.1,-9.3,25.1,-11.1,24.5
4840.916,-13.0,25.0,-13.7,25.0,-9.3,25.0,-11.0,24.5
4841.916,-12.9,24.9,-13.8,25.0,-9.4,25.0,-11.1,24.5
4842.916,-12.8,24.9,-13.6,24.9,-9.2,24.9,-11.0,24.4
4843.916,-12.8,24.9,-13.6,24.9,-9.2,24.9,-10.9,24.4
4844.916,-12.7,24.8,-13.5,24.8,-9.2,24.9,-10.9,24.4
4845.916,-12.8,24.8,-13.6,24.8,-9.3,24.8,-11.0,24.4
4846.916,-12.8,24.8,-13.6,24.7,-9.2,24.8,-11.0,24.3
4847.916,-12.9,24.8,-13.7,24.7,-9.3,24.8,-11.1,24.3
4848.916,-12.7,24.7,-13.5,24.7,-9.2,24.8,-11.0,24.3
4849.916,-12.8,24.7,-13.6,24.7,-9.3,24.7,-11.0,24.3
4850.916,-12.9,24.7,-13.8,24.6,-9.3,24.7,-11.0,24.3
4851.916,-12.8,24.7,-13.7,24.6,-9.2,24.7,-11.0,24.3
4852.916,-12.9,24.7,-13.7,24.6,-9.2,24.7,-10.9,24.3
4853.916,-12.8,24.7,-13.5,24.6,-9.1,24.7,-10.8,24.3
4854.916,-12.8,24.6,-13.6,24.6,-9.2,24.7,-10.9,24.3
4855.916,-12.9,24.7,-13.7,24.6,-9.3,24.6,-11.0,24.2
4856.916,-13.2,24.6,-13.9,24.6,-9.3,24.6,-11.0,24.2
4857.916,-12.8,24.6,-13.8,24.6,-9.5,24.6,-11.3,24.2
4858.916,-12.9,24.6,-13.8,24.5,-9.4,24.6,-11.2,24.2
4859.916,-13.1,24.6,-13.9,24.5,-9.4,24.6,-11.1,24.2
4860.916,-12.9,24.6,-13.6,24.5,-9.1,24.6,-10.8,24.2
4861.916,-13.1,24.6,-13.8,24.5,-9.4,24.6,-11.0,24.2
4862.916,-12.9,24.6,-13.8,24.5,-9.5,24.6,-11.3,24.2
4863.916,-13.1,24.6,-13.8,24.5,-9.3,24.6,-11.0,24.2
4864.917,-13.2,24.6,-13.9,24.5,-9.3,24.6,-11.0,24.2
4865.917,-13.0,24.6,-13.7,24.5,-9.3,24.6,-11.0,24.2
4866.917,-12.9,24.6,-13.8,24.5,-9.4,24.6,-11.2,24.2
4867.917,-13.0,24.6,-13.7,24.5,-9.2,24.6,-10.9,24.2
4868.917,-13.0,24.6,-13.8,24.5,-9.3,24.6,-11.1,24.2
4869.918,-12.9,24.6,-13.6,24.5,-9.2,24.6,-10.9,24.2
4870.918,-13.0,24.6,-13.6,24.5,-9.2,24.6,-10.8,24.2
4871.918,-13.2,24.6,-14.0,24.4,-9.5,24.6,-11.3,24.2
4872.918,-12.9,24.6,-13.8,24.5,-9.4,24.6,-11.1,24.2
4873.918,-12.6,24.6,-13.6,24.4,-7.8,24.6,-10.9,24.2
4874.918,-10.6,24.6,-13.4,24.5,-7.4,24.6,-9.1,24.2
4875.918,-11.0,24.6,-13.7,24.4,-8.2,24.6,-7.1,24.2
4876.919,-11.2,24.6,-11.7,24.5,-7.7,24.6,-9.9,24.2
4877.919,-11.3,24.6,-11.4,24.5,-7.9,24.6,-8.7,24.2
4878.919,-11.3,24.6,-11.8,24.5,-7.9,24.6,-10.2,24.2
4879.919,-11.5,24.6,-11.7,24.5,-8.3,24.6,-10.6,24.2
4880.919,-11.0,24.6,-10.7,24.5,-7.8,24.6,-8.6,24.2
4881.920,-0.1,25.0,-0.2,24.8,-0.2,24.9,-0.9,24.4
4882.920,0.0,25.4,-0.1,25.2,0.0,25.3,0.1,24.8
4883.920,1.4,25.5,-0.0,25.4,0.1,25.6,0.2,25.0
4884.920,2.3,25.3,0.4,25.6,1.0,25.6,0.6,25.2
4885.920,5.3,25.1,4.3,25.3,3.8,25.1,4.4,24.8
4886.920,7.6,24.9,7.4,24.8,5.6,24.8,6.9,24.5
4887.920,6.6,24.8,6.9,24.7,4.1,24.8,6.2,24.4
4888.920,6.0,24.8,5.4,24.7,3.5,24.8,3.5,24.5
4889.920,7.7,24.8,7.3,24.7,4.8,24.8,5.8,24.4
4890.920,12.7,24.6,11.5,24.5,8.7,24.6,10.5,24.3
4891.921,10.9,24.6,10.8,24.5,7.7,24.6,10.9,24.2
4892.921,11.5,24.6,12.9,24.4,8.0,24.6,10.3,24.2
4893.921,10.4,24.6,12.0,24.4,7.2,24.6,9.8,24.2
4894.921,12.3,24.6,12.5,24.4,7.8,24.6,11.4,24.2
4895.921,12.6,24.5,12.3,24.4,9.0,24.6,11.2,24.2
4896.921,12.4,24.6,12.2,24.4,8.9,24.6,11.3,24.2
4897.921,13.3,24.6,13.2,24.5,9.9,24.6,12.5,24.2
4898.921,12.4,24.6,12.4,24.5,9.1,24.6,11.5,24.2
4899.921,12.1,24.6,11.8,24.5,8.4,24.6,10.6,24.2
4900.921,12.3,24.6,11.8,24.5,8.2,24.6,10.1,24.3
4901.922,12.3,24.6,12.1,24.5,8.7,24.6,11.0,24.2
4902.922,12.7,24.6,12.5,24.6,9.0,24.7,11.4,24.3
4903.922,12.4,24.7,12.2,24.6,8.8,24.7,11.2,24.2
4904.922,12.7,24.7,12.4,24.6,8.9,24.7,11.2,24.3
4905.922,12.9,24.7,12.4,24.6,8.8,24.7,11.0,24.3
4906.922,12.3,24.7,12.2,24.7,8.8,24.8,11.2,24.3
4907.922,12.2,24.8,11.9,24.7,8.4,24.8,10.5,24.3
4908.922,12.3,24.8,12.1,24.7,8.7,24.8,11.1,24.3
4909.922,12.4,24.8,12.2,24.7,8.8,24.8,11.1,24.3
4910.922,12.6,24.9,12.3,24.8,8.8,24.8,11.2,24.3
4911.922,12.8,24.9,12.8,24.8,9.5,24.8,12.1,24.3
4912.922,12.2,24.9,11.9,24.9,8.5,24.9,10.7,24.4
4913.924,12.1,24.9,11.8,24.9,8.4,24.9,10.6,24.4
4914.924,12.6,25.0,12.1,24.9,8.5,25.0,10.6,24.4
4915.924,12.5,25.0,12.3,24.9,8.8,25.0,11.2,24.4
4916.924,12.6,25.0,12.4,25.0,9.0,25.0,11.4,24.4
4917.924,12.8,25.0,12.5,25.0,9.0,25.0,11.3,24.4
4918.924,12.5,25.1,12.2,25.1,8.8,25.1,11.1,24.5
4919.924,12.8,25.1,12.4,25.1,8.9,25.1,11.2,24.5
4920.924,12.2,25.1,12.0,25.1,8.6,25.1,10.9,24.5
4921.924,12.5,25.1,12.2,25.2,8.7,25.2,11.0,24.5
4922.924,12.5,25.1,12.2,25.2,8.7,25.2,11.1,24.5
4923.924,13.0,25.2,12.6,25.2,8.9,25.2,11.1,24.6
4924.924,13.0,25.2,12.6,25.2,9.1,25.3,11.4,24.6
4925.924,12.7,25.2,12.6,25.3,9.3,25.3,11.9,24.6
4926.924,12.4,25.2,12.1,25.3,8.7,25.3,11.0,24.6
4927.924,12.1,25.2,11.8,25.4,8.4,25.4,10.7,24.6
4928.924,12.7,25.3,12.3,25.4,8.8,25.4,11.2,24.6
4929.924,12.8,25.3,12.5,25.4,9.1,25.4,11.5,24.7
4930.924,12.7,25.3,12.4,25.4,8.9,25.4,11.3,24.7
4931.924,12.6,25.3,12.3,25.4,8.8,25.5,11.1,24.7
4932.924,12.8,25.3,12.4,25.5,8.9,25.5,11.2,24.7
4933.924,12.8,25.3,12.5,25.5,9.0,25.5,11.4,24.7
4934.924,12.5,25.4,12.2,25.5,8.8,25.5,11.3,24.8
4935.924,12.8,25.4,12.1,25.5,9.1,25.6,11.5,24.8
4936.924,12.3,25.4,11.6,25.6,8.4,25.6,10.6,24.8
4937.924,2.8,25.6,2.7,25.8,1.8,25.8,2.6,25.0
4938.924,-0.2,26.0,-0.2,26.1,-0.2,26.2,-0.1,25.3
4939.924,-0.4,26.2,-0.1,26.3,-0.3,26.3,-0.5,25.5
4940.924,-2.8,26.1,-0.0,26.4,-0.1,26.4,-1.7,25.4
4941.924,-2.9,25.8,-0.9,26.4,-1.1,26.3,-2.4,25.2
4942.924,-4.0,25.7,-4.1,26.0,-2.9,26.0,-4.0,25.1
4943.924,-5.9,25.5,-6.4,25.7,-4.6,25.7,-6.3,24.9
4944.924,-12.3,25.3,-12.0,25.4,-8.0,25.5,-9.3,24.8
4945.924,-12.6,25.3,-13.1,25.3,-9.2,25.4,-11.0,24.7
4946.924,-13.0,25.2,-14.1,25.3,-9.3,25.3,-11.0,24.6
4947.924,-13.0,25.2,-13.6,25.2,-9.3,25.3,-11.1,24.6
4948.924,-13.0,25.1,-13.7,25.2,-9.3,25.2,-11.0,24.6
4949.924,-13.0,25.1,-13.7,25.1,-9.4,25.2,-11.1,24.6
4950.924,-13.0,25.1,-13.8,25.1,-9.4,25.1,-11.1,24.5
4951.925,-13.0,25.0,-13.8,25.0,-9.4,25.1,-11.2,24.5
4952.925,-12.9,25.0,-13.7,25.0,-9.3,25.0,-11.0,24.4
4953.925,-13.1,24.9,-13.8,24.9,-9.3,25.0,-11.0,24.4
4954.925,-12.6,24.9,-13.5,24.9,-9.2,24.9,-11.0,24.4
4955.925,-12.8,24.8,-13.6,24.8,-9.3,24.9,-11.0,24.4
4956.925,-12.9,24.8,-13.6,24.8,-9.2,24.9,-10.8,24.4
4957.925,-12.8,24.8,-13.5,24.8,-9.2,24.8,-10.9,24.3
4958.925,-12.8,24.8,-13.6,24.7,-9.2,24.8,-11.0,24.3
4959.925,-12.8,24.7,-13.6,24.7,-9.3,24.8,-11.0,24.3
4960.925,-12.7,24.7,-13.6,24.7,-9.3,24.7,-11.1,24.3
4961.925,-12.7,24.7,-13.5,24.6,-9.2,24.7,-11.0,24.3
4962.925,-12.9,24.7,-13.7,24.6,-9.2,24.7,-11.0,24.3
4963.925,-13.0,24.7,-13.8,24.6,-9.3,24.7,-11.0,24.2
4964.925,-12.8,24.6,-13.6,24.6,-9.2,24.7,-10.9,24.2
4965.925,-12.9,24.6,-13.7,24.6,-9.2,24.7,-10.9,24.2
4966.925,-12.8,24.6,-13.6,24.5,-9.3,24.6,-11.1,24.2
4967.925,-12.8,24.6,-13.6,24.5,-9.2,24.6,-10.9,24.2
4968.925,-13.0,24.6,-13.8,24.5,-9.3,24.6,-11.0,24.2
4969.925,-12.8,24.6,-13.6,24.5,-9.3,24.6,-11.0,24.2
4970.925,-12.8,24.6,-13.7,24.5,-9.4,24.6,-11.2,24.2
4971.925,-13.1,24.6,-13.8,24.5,-9.4,24.6,-11.1,24.2
4972.925,-13.0,24.6,-13.7,24.5,-9.3,24.6,-10.9,24.2
4973.925,-13.0,24.6,-13.8,24.5,-9.3,24.6,-11.0,24.2
4974.926,-13.0,24.6,-13.8,24.5,-9.4,24.6,-11.2,24.2
4975.926,-13.0,24.6,-13.8,24.5,-9.4,24.6,-11.1,24.2
4976.926,-13.2,24.6,-13.9,24.5,-9.4,24.6,-11.1,24.2
4977.926,-13.2,24.6,-14.0,24.5,-9.5,24.6,-11.2,24.2
4978.926,-13.0,24.6,-13.7,24.4,-9.3,24.6,-11.1,24.1
4979.926,-12.8,24.6,-13.6,24.4,-9.3,24.6,-11.1,24.1
4980.926,-13.1,24.6,-13.8,24.4,-9.3,24.6,-11.0,24.1
4981.926,-13.1,24.6,-13.8,24.4,-9.4,24.5,-11.1,24.1
4982.926,-13.0,24.6,-13.6,24.5,-9.1,24.6,-10.7,24.1
4983.926,-13.2,24.6,-13.9,24.4,-9.4,24.5,-11.1,24.1
4984.926,-12.9,24.6,-13.7,24.4,-9.3,24.5,-11.1,24.1
4985.926,-12.9,24.6,-13.7,24.4,-8.8,24.5,-11.0,24.1
4986.926,-10.7,24.6,-13.6,24.4,-7.4,24.6,-9.7,24.1
4987.926,-11.1,24.6,-13.6,24.4,-7.6,24.6,-8.4,24.2
4988.926,-11.6,24.6,-12.0,24.4,-7.7,24.6,-8.6,24.2
4989.926,-11.0,24.6,-11.4,24.4,-7.9,24.6,-9.1,24.2
4990.926,-11.5,24.6,-12.2,24.4,-7.9,24.5,-8.7,24.2
4991.926,-11.1,24.6,-11.5,24.4,-8.2,24.5,-10.9,24.1
4992.926,-12.0,24.6,-12.0,24.4,-8.5,24.5,-10.4,24.1
4993.926,-3.9,24.7,-3.6,24.6,-3.0,24.7,-3.1,24.3
4994.926,-0.0,25.2,-0.3,25.0,-0.1,25.2,0.0,24.7
4995.926,0.5,25.5,-0.0,25.3,0.1,25.5,0.2,24.9
4996.926,2.6,25.4,0.2,25.5,0.5,25.6,0.3,25.1
4997.926,3.7,25.2,2.5,25.5,3.0,25.2,2.7,25.0
4998.926,7.3,24.9,7.2,24.8,5.1,24.9,7.9,24.5
4999.926,6.7,24.8,6.4,24.7,4.3,24.8,5.9,24.4
5000.926,5.8,24.8,5.5,24.7,3.6,24.8,3.9,24.4
5001.926,7.4,24.8,6.7,24.7,4.4,24.8,5.5,24.4
5002.926,12.8,24.6,12.3,24.5,9.0,24.6,10.9,24.3
5003.926,11.1,24.6,11.1,24.5,7.9,24.6,10.5,24.2
5004.926,10.5,24.6,11.4,24.4,7.4,24.6,9.4,24.2
5005.926,10.4,24.6,11.9,24.4,6.8,24.6,9.0,24.2
5006.926,12.1,24.6,12.6,24.4,7.3,24.6,10.8,24.2
5007.926,13.0,24.5,12.8,24.4,9.4,24.5,11.9,24.2
5008.926,12.3,24.5,12.1,24.4,8.8,24.5,11.2,24.2
5009.926,12.4,24.6,12.2,24.5,8.8,24.6,11.0,24.2
5010.926,12.4,24.6,12.2,24.5,8.8,24.6,11.0,24.2
5011.926,12.7,24.6,12.3,24.5,8.8,24.6,10.9,24.2
5012.926,12.5,24.6,12.2,24.5,8.8,24.6,11.1,24.2
5013.926,12.5,24.6,12.2,24.5,8.7,24.6,11.0,24.2
5014.926,12.8,24.6,12.8,24.5,9.5,24.6,12.1,24.2
5015.926,11.1,24.7,11.0,24.6,7.8,24.7,10.0,24.2
5016.926,13.2,24.7,12.9,24.6,9.5,24.7,11.9,24.3
5017.926,12.5,24.7,12.3,24.6,8.8,24.7,11.1,24.3
5018.926,12.4,24.7,12.1,24.6,8.6,24.7,10.8,24.3
5019.926,12.2,24.8,11.8,24.7,8.3,24.7,10.5,24.3
5020.926,12.5,24.8,12.2,24.7,8.7,24.8,11.0,24.3
5021.928,12.4,24.8,12.1,24.7,8.7,24.8,11.0,24.3
5022.928,12.6,24.8,12.3,24.8,8.9,24.8,11.2,24.3
5023.928,12.5,24.9,12.4,24.8,9.1,24.8,11.6,24.3
5024.928,12.2,24.9,11.9,24.8,8.5,24.8,10.6,24.3
5025.928,12.5,24.9,12.1,24.9,8.6,24.9,10.8,24.4
5026.928,12.6,24.9,12.3,24.9,8.8,24.9,11.0,24.4
5027.928,12.9,24.9,12.6,24.9,9.1,24.9,11.5,24.4
5028.928,12.8,25.0,12.6,24.9,9.2,25.0,11.7,24.4
5029.928,12.6,25.0,12.4,25.0,9.0,25.0,11.4,24.4
5030.928,12.8,25.0,12.4,25.0,8.8,25.0,11.0,24.4
5031.928,12.4,25.1,12.2,25.1,8.7,25.1,11.0,24.5
5032.928,12.5,25.1,12.1,25.1,8.6,25.1,10.8,24.5
5033.928,12.1,25.1,11.8,25.1,8.4,25.2,10.5,24.5
5034.928,12.4,25.1,12.1,25.2,8.7,25.2,11.0,24.5
5035.928,12.5,25.1,12.3,25.2,8.9,25.2,11.2,24.5
5036.928,12.8,25.1,12.6,25.2,9.2,25.2,11.7,24.5
5037.928,12.7,25.2,12.3,25.2,8.8,25.3,11.1,24.6
5038.928,12.4,25.2,12.0,25.3,8.5,25.3,10.8,24.6
5039.928,12.6,25.2,12.2,25.3,8.8,25.3,11.0,24.6
5040.928,12.6,25.2,12.4,25.3,8.9,25.4,11.4,24.6
5041.928,12.9,25.3,12.9,25.4,9.5,25.4,12.2,24.6
5042.928,12.8,25.3,12.4,25.4,8.9,25.4,11.2,24.6
5043.928,12.8,25.3,12.4,25.4,8.8,25.5,11.1,24.7
5044.928,12.6,25.3,12.4,25.4,9.0,25.5,11.4,24.7
5045.928,12.7,25.3,12.4,25.5,9.0,25.5,11.4,24.7
5046.928,12.5,25.3,12.2,25.5,8.6,25.5,10.9,24.7
5047.930,12.3,25.3,11.6,25.5,8.4,25.6,10.6,24.8
5048.930,12.6,25.4,12.0,25.6,8.9,25.6,11.2,24.8
5049.930,5.7,25.5,5.5,25.7,3.8,25.7,5.2,24.9
5050.930,0.5,25.8,0.3,26.0,0.2,26.0,0.5,25.2
5051.930,-0.1,26.1,-0.2,26.2,-0.2,26.3,-0.3,25.4
